"FREQ","Frequency","CURR_DENOM","Currency denomination","BORROWERS_CTY","Borrowers' country","BORROWERS_SECTOR","Borrowers sector","LENDERS_SECTOR","Lenders sector","L_POS_TYPE","Position type","L_INSTR","Type of instruments","UNIT_MEASURE","Unit of measure","Time Period","1977-Q4","1978-Q1","1978-Q2","1978-Q3","1978-Q4","1979-Q1","1979-Q2","1979-Q3","1979-Q4","1980-Q1","1980-Q2","1980-Q3","1980-Q4","1981-Q1","1981-Q2","1981-Q3","1981-Q4","1982-Q1","1982-Q2","1982-Q3","1982-Q4","1983-Q1","1983-Q2","1983-Q3","1983-Q4","1984-Q1","1984-Q2","1984-Q3","1984-Q4","1985-Q1","1985-Q2","1985-Q3","1985-Q4","1986-Q1","1986-Q2","1986-Q3","1986-Q4","1987-Q1","1987-Q2","1987-Q3","1987-Q4","1988-Q1","1988-Q2","1988-Q3","1988-Q4","1989-Q1","1989-Q2","1989-Q3","1989-Q4","1990-Q1","1990-Q2","1990-Q3","1990-Q4","1991-Q1","1991-Q2","1991-Q3","1991-Q4","1992-Q1","1992-Q2","1992-Q3","1992-Q4","1993-Q1","1993-Q2","1993-Q3","1993-Q4","1994-Q1","1994-Q2","1994-Q3","1994-Q4","1995-Q1","1995-Q2","1995-Q3","1995-Q4","1996-Q1","1996-Q2","1996-Q3","1996-Q4","1997-Q1","1997-Q2","1997-Q3","1997-Q4","1998-Q1","1998-Q2","1998-Q3","1998-Q4","1999-Q1","1999-Q2","1999-Q3","1999-Q4","2000-Q1","2000-Q2","2000-Q3","2000-Q4","2001-Q1","2001-Q2","2001-Q3","2001-Q4","2002-Q1","2002-Q2","2002-Q3","2002-Q4","2003-Q1","2003-Q2","2003-Q3","2003-Q4","2004-Q1","2004-Q2","2004-Q3","2004-Q4","2005-Q1","2005-Q2","2005-Q3","2005-Q4","2006-Q1","2006-Q2","2006-Q3","2006-Q4","2007-Q1","2007-Q2","2007-Q3","2007-Q4","2008-Q1","2008-Q2","2008-Q3","2008-Q4","2009-Q1","2009-Q2","2009-Q3","2009-Q4","2010-Q1","2010-Q2","2010-Q3","2010-Q4","2011-Q1","2011-Q2","2011-Q3","2011-Q4","2012-Q1","2012-Q2","2012-Q3","2012-Q4","2013-Q1","2013-Q2","2013-Q3","2013-Q4","2014-Q1","2014-Q2","2014-Q3","2014-Q4","2015-Q1","2015-Q2","2015-Q3","2015-Q4","2016-Q1","2016-Q2","2016-Q3","2016-Q4","2017-Q1","2017-Q2","2017-Q3","2017-Q4","2018-Q1","2018-Q2","2018-Q3","2018-Q4","2019-Q1","2019-Q2","2019-Q3"
"Q","Quarterly","EUR","Euro","3C","Developing Europe","N","Non-banks, total","A","All sectors","I","Cross-border & Local in FCY","B","Credit (loans & debt securities)","771","Year-on-year changes, in per cent","Q:EUR:3C:N:A:I:B:771","","","","","","","","","","","","","","","","","","","","","","","","","","","","","","","","","","","","","","","","","","","","","","","","","","","","","","","","","","","","","","","","","","","","","","","","","","","","","","","","","","","","","","","","","","14.136","14.217","13.075","15.639","7.418","7.577","1.712","3.819","7.477","5.024","12.435","4.645","9.182","7.993","10.932","17.313","12.611","15.863","11.684","11.41","15.843","20.129","19.828","22.542","25.03","19.186","20.743","24.56","21.496","23.693","29.059","23.598","23.483","27.631","24.783","24.009","17.886","9.72","4.365","1.371","2.088","1.972","3.903","1.481","4.248","2.371","0.887","-0.42","-1.979","-2.603","-0.472","2.284","0.183","2.519","1.136","0.526","2.504","2.055","0.383","0.019","1.53","4.048","6.753","4.382","5.908","4.211","4.719","9.536","7.249","10.266","7.79","9.067","11.607","7.634","9.652","5.462","2.625","3.619","5.426"
"Q","Quarterly","EUR","Euro","3C","Developing Europe","N","Non-banks, total","A","All sectors","I","Cross-border & Local in FCY","B","Credit (loans & debt securities)","EUR","Euro","Q:EUR:3C:N:A:I:B:EUR","","","","","","","","","","","","","","","","","","","","","","","","","","","","","","","","","","","","","","","","","","","","","","","","","","","","","","","","","","","","","","","","","","","","","","","","","","","","","","","","","","","","","","","","","","59736.319","62479.896","63203.624","66549.068","64500.008","67820.177","64885.832","69382.882","69562.604","71759.2","73482.395","73067.539","76670.329","77717.336","81719.167","85936.554","86317.835","90051.029","91312.458","95840.653","100091.156","111853.227","113129.367","121317.922","129236.316","133261.433","136546.044","151034.253","159694.664","167684.796","179275.586","190020.372","197240.285","218100.396","227958.884","244305.284","241082.413","243497.077","241470.354","247043.457","245594.49","248081.255","251590.379","250616.902","255843.412","253467.548","253043.324","249085.413","250297.812","246219.441","251201.285","254575.165","250548.92","252280.506","253963.664","260833.211","261771.814","266413.818","263661.338","261442.749","266387.217","273801.176","277060.92","283745.927","293279.404","296625.968","302766.763","310322.418","313843.745","326394.914","325517.471","338144.417","350031.98","351091.879","356855.937","356463.408","359222.101","363699.095","375512.632"
"Q","Quarterly","EUR","Euro","3P","All countries excluding residents","N","Non-banks, total","A","All sectors","I","Cross-border & Local in FCY","B","Credit (loans & debt securities)","771","Year-on-year changes, in per cent","Q:EUR:3P:N:A:I:B:771","","","","","","","","","","","","","","","","","","","","","","","","","","","","","","","","","","","","","","","","","","","","","","","","","","","","","","","","","","","","","","","","","","","","","","","","","","","","","","","","","","","","","","","","","","16.544","15.818","15.681","22.784","26.04","26.095","23.175","19.495","8.242","12.628","11.998","10.818","16.031","12.35","8.464","10.037","9.039","6.056","8.96","7.248","6.642","11.174","9.401","9.21","9.169","8.133","10.023","13.984","15.742","18.26","16.678","18.117","17.519","9.127","8.175","0.829","-6.377","-2.976","-4.796","-4.547","0.232","-0.497","0.889","0.587","0.151","-0.197","0.853","1.295","0.717","1.029","0.594","-0.613","0.01","-0.86","-0.362","2.502","2.058","4.227","5.58","5.52","10.454","8.265","6.71","6.477","3.506","5.925","5.144","5.913","8.992","9.353","10.414","10.541","6.558","5.411","7.448","7.75","7.224","8.931","8.513"
"Q","Quarterly","EUR","Euro","3P","All countries excluding residents","N","Non-banks, total","A","All sectors","I","Cross-border & Local in FCY","B","Credit (loans & debt securities)","EUR","Euro","Q:EUR:3P:N:A:I:B:EUR","","","","","","","","","","","","","","","","","","","","","","","","","","","","","","","","","","","","","","","","","","","","","","","","","","","","","","","","","","","","","","","","","","","","","","","","","","","","","","","","","","","","","","","","","","854699.519","871564.58","921432.62","964094.04","1071269.781","1093252.293","1129510.755","1155172.662","1163123.544","1235400.434","1268811.135","1281175.553","1352698.916","1390340.584","1378300.208","1413077.468","1473919.503","1473996","1501681.753","1513859.753","1572761.08","1643805.071","1649342.961","1653033.238","1716733.483","1772682.043","1808093.7","1886629.268","1991820.443","2101439.698","2114799.153","2231541.397","2341445.966","2288277.844","2282109.04","2249568.576","2191615.106","2224618.295","2167011.968","2137116.032","2187026.871","2202521.722","2186221.211","2143606.471","2182974.29","2192610.325","2198963.357","2167910.49","2193728.211","2302874.427","2299462.964","2244970.806","2286423.435","2263858.622","2275305.142","2289270.467","2317702.212","2366968.376","2405901.065","2361208.217","2507784.16","2507226.376","2511368.005","2534402.238","2616007.348","2676500.024","2661931.672","2659482.306","2829283.593","2904112.399","2931320.562","2961066.923","3072839.953","3121609.179","3195516.01","3219327.105","3280609.008","3384197.601","3452635.25"
"Q","Quarterly","EUR","Euro","3P","All countries excluding residents","N","Non-banks, total","A","All sectors","I","Cross-border & Local in FCY","D","Debt securities","771","Year-on-year changes, in per cent","Q:EUR:3P:N:A:I:D:771","","","","","","","","","","","","","","","","","","","","","","","","","","","","","","","","","","","","","","","","","","","","","","","","","","","","","","","","","","","","","","","","","","","","","","","","","","","","","","","","","","","","","","","","","","34.157","27.444","23.563","23.52","23.624","26.223","19.406","19.114","17.481","16.455","18.575","14.121","12.742","12.375","12.743","12.634","9.192","7.147","7.197","6.615","9.046","7.233","5.936","6.841","5.776","6.5","7.542","9.755","11.386","14.546","8.769","5.254","1.772","-0.416","2.918","3.114","4.885","7.126","6.351","4.64","3.56","-1.53","-2.299","-3.509","-3.469","-2.261","-0.493","0.791","3.309","2.243","2.821","4.192","1.652","3.061","3.181","5.336","5.165","6.085","7.395","6.779","10.105","11.277","9.739","10.485","10.311","9.039","7.175","6.355","5.344","6.804","8.83","9.012","7.185","5.08","6.271","5.611","6.065","7.148","6.648"
"Q","Quarterly","EUR","Euro","3P","All countries excluding residents","N","Non-banks, total","A","All sectors","I","Cross-border & Local in FCY","D","Debt securities","EUR","Euro","Q:EUR:3P:N:A:I:D:EUR","","","","","","","","","","","","","","","","","","","","","","","","","","","","","","","","","","","","","","","","","","","","","","","","","","","","","","","","","","","","","","","","","","","","","","","","","","","","","","","","","","","","","","","","","","458335.186","474620.71","504254.976","532062.86","565992.544","598674.824","602092.683","633506.949","665279.06","697643.299","714003.87","723209.305","750227.533","784068.666","804833.911","814631.817","819312.728","840173.029","863110.134","868852.213","893658.754","901184.961","914500.97","928103.974","945062.666","959575.008","983418.353","1018765.855","1052868.077","1099509.47","1070070.547","1072444.426","1071507.441","1095047.679","1101014.805","1105824.747","1124176.201","1172987.662","1171103.132","1157179.675","1163800.709","1154488.824","1143696.558","1115956.53","1123056.994","1128383.156","1138002.244","1124795.48","1160123.711","1153661.754","1170003.082","1171888.086","1179320.292","1188979.288","1207480.752","1234701.865","1240631.679","1261651.6","1296590.828","1318198.455","1365931.685","1403889.483","1423280.645","1456547.07","1506420.181","1530441.712","1525034.368","1548690.663","1586755.42","1634288.533","1659516.744","1688528.926","1700109.399","1717356.442","1763354.278","1771964.68","1792657.281","1828608.238","1870379.31"
"Q","Quarterly","EUR","Euro","3P","All countries excluding residents","N","Non-banks, total","B","Banks, total","I","Cross-border & Local in FCY","G","Loans and deposits","771","Year-on-year changes, in per cent","Q:EUR:3P:N:B:I:G:771","","","","","","","","","","","","","","","","","","","","","","","","","","","","","","","","","","","","","","","","","","","","","","","","","","","","","","","","","","","","","","","","","","","","","","","","","","","","","","","","","","","","","","","","","","1.176","4.417","7.394","21.9","28.904","25.961","27.79","19.968","-2.078","8.016","4.512","6.807","20.423","12.326","2.982","6.687","8.838","4.628","11.417","8.093","3.633","16.396","14.095","12.421","13.657","10.146","13.147","19.397","21.072","22.631","26.078","33.184","35.179","19.604","13.559","-1.294","-15.896","-12.219","-15.152","-13.432","-3.256","0.689","4.635","5.42","4.278","2.084","2.334","1.842","-2.037","-0.258","-1.664","-5.427","-1.567","-4.798","-4.054","-0.655","-1.297","2.167","3.525","4.043","11.016","4.807","3.076","1.408","-4.633","1.946","2.478","5.317","14.059","12.862","12.614","12.697","5.741","5.788","8.969","10.573","8.657","11.105","10.802"
"Q","Quarterly","EUR","Euro","3P","All countries excluding residents","N","Non-banks, total","B","Banks, total","I","Cross-border & Local in FCY","G","Loans and deposits","EUR","Euro","Q:EUR:3P:N:B:I:G:EUR","","","","","","","","","","","","","","","","","","","","","","","","","","","","","","","","","","","","","","","","","","","","","","","","","","","","","","","","","","","","","","","","","","","","","","","","","","","","","","","","","","","","","","","","","","396364.333","396943.87","417177.645","432031.181","505277.237","494577.468","527418.072","521665.713","497844.484","537757.135","554807.265","557966.247","602471.383","606271.918","573466.297","598445.651","654606.775","633822.971","638571.618","645007.54","679102.325","742620.11","734841.991","724929.263","771670.818","813107.035","824675.347","867863.413","938952.366","1001930.228","1044728.606","1159096.971","1269938.525","1193230.165","1181094.235","1143743.83","1067438.905","1051630.632","995908.836","979936.357","1023226.162","1048032.899","1042524.653","1027649.942","1059917.296","1064227.169","1060961.114","1043115.01","1033604.5","1149212.674","1129459.883","1073082.72","1107103.143","1074879.334","1067824.389","1054568.602","1077070.534","1105316.776","1109310.237","1043009.763","1141852.475","1103336.893","1088087.36","1077855.169","1109587.167","1146058.312","1136897.304","1110791.643","1242528.173","1269823.866","1271803.818","1272537.997","1372730.555","1404252.737","1432161.732","1447362.425","1487951.727","1555589.363","1582255.94"
"Q","Quarterly","EUR","Euro","3P","All countries excluding residents","P","Non-financial sectors","A","All sectors","I","Cross-border & Local in FCY","D","Debt securities","771","Year-on-year changes, in per cent","Q:EUR:3P:P:A:I:D:771","","","","","","","","","","","","","","","","","","","","","","","","","","","","","","","","","","","","","","","","","","","","","","","","","","","","","","","","","","","","","","","","","","","","","","","","","","","","","","","","","","","","","","","","","","19.07","17.036","17.666","13.195","12.649","14.494","6.357","7.645","5.127","2.891","5.237","1.615","2.156","3.106","6.802","5.544","2.907","1.294","0.444","4.218","8.029","7.398","5.204","4.79","4.403","2.328","4.103","5.268","2.995","8.362","7.054","6.224","5.807","4.566","4.703","3.76","6.35","13.994","14.746","13.387","15.223","5.855","5.119","4.933","4.024","6.288","9.618","8.765","13.494","11.814","12.02","15.754","10.351","10.107","9.06","11.598","10.725","12.187","12.155","10.376","11.93","13.639","12.213","12.962","14.539","13.275","11.589","10.783","9.001","10.097","11.532","10.726","8.892","6.047","7.589","7.318","7.272","7.611","6.904"
"Q","Quarterly","EUR","Euro","3P","All countries excluding residents","P","Non-financial sectors","A","All sectors","I","Cross-border & Local in FCY","D","Debt securities","EUR","Euro","Q:EUR:3P:P:A:I:D:EUR","","","","","","","","","","","","","","","","","","","","","","","","","","","","","","","","","","","","","","","","","","","","","","","","","","","","","","","","","","","","","","","","","","","","","","","","","","","","","","","","","","","","","","","","","","269471.613","275169.604","288202.038","292045.035","302978.414","314625.811","306286.69","314094.605","318568.294","323935.368","322467.006","319309.526","325617.246","334011.424","344284.98","336925.305","334965.318","338235.359","345870.436","351301.313","362024.442","363280.169","363852.755","367953.647","377763.67","371732.763","378808.712","387413.662","389268.71","402968.107","405716.93","411721.215","411900.529","421470.576","424871.988","427292.486","438227.43","480227.56","487254.668","484175.179","504487.584","508010.33","511881.915","507687.903","524540.187","539948.124","561064.074","552092.171","595218.937","603657.876","628412.538","639072.954","656863.183","664678.511","685518.63","713369.65","727577.747","745898.509","768754.803","787296.736","814381.557","847553.139","862862.457","889349.674","932374.292","959730.048","962495.463","984881.11","1016164.043","1056541.12","1073339.341","1090680.677","1106088.351","1120335.126","1154632.841","1159385.576","1175807.438","1194278.979","1224284.659"
"Q","Quarterly","EUR","Euro","4T","Developing countries","N","Non-banks, total","A","All sectors","I","Cross-border & Local in FCY","B","Credit (loans & debt securities)","771","Year-on-year changes, in per cent","Q:EUR:4T:N:A:I:B:771","","","","","","","","","","","","","","","","","","","","","","","","","","","","","","","","","","","","","","","","","","","","","","","","","","","","","","","","","","","","","","","","","","","","","","","","","","","","","","","","","","","","","","","","","","15.306","16.795","16.516","13.726","7.448","7.908","1.248","3.342","5.756","-1.001","4.173","1.673","2.071","4.185","2.197","4.943","4.361","5.688","4.25","2.925","7.35","6.602","7.219","12.48","10.792","12.634","15.012","15.999","13.718","16.945","19.714","18.667","18.148","18.362","16.356","12.615","9.007","3.395","1.384","0.707","3.134","5.009","7.419","6.962","8.996","7.547","5.594","3.943","1.32","-0.057","-1.333","-1.284","0.807","3.313","3.801","5.487","4.649","7.706","8.485","8.174","8.012","7.946","7.872","5.816","8.716","8.212","10.066","13.178","12.961","11.211","10.186","13.043","11.434","10.635","12.776","9.873","9.602","11.048","8.874"
"Q","Quarterly","EUR","Euro","4T","Developing countries","N","Non-banks, total","A","All sectors","I","Cross-border & Local in FCY","B","Credit (loans & debt securities)","EUR","Euro","Q:EUR:4T:N:A:I:B:EUR","","","","","","","","","","","","","","","","","","","","","","","","","","","","","","","","","","","","","","","","","","","","","","","","","","","","","","","","","","","","","","","","","","","","","","","","","","","","","","","","","","","","","","","","","","180388.081","187947.009","195346.903","195418.177","194415.307","203685.321","198729.125","202321.064","205852.031","202217.936","207565.805","206269.115","211176.66","211224.159","212628.381","216955.215","220239.775","223107.061","221603.695","223307.669","236574.004","241225.948","241424.437","252781.806","264268.676","270015.94","275419.992","293437.738","302964.561","318658.146","332743.15","351447.871","358175.642","371970.632","381806.673","394767.523","389317.174","389081.455","381208.188","387153.153","391126.63","395684.721","407673.587","410767.396","422614.428","424336.01","428973.291","426494.417","428136.595","426704.479","425826.568","424058.405","434261.506","433563.54","435080.757","441466.412","448031.924","471915.649","476454.949","450263.01","456854.556","477195.147","480605.623","491575.084","512283.179","532351.583","546529.822","555776.094","578441.71","591838.487","603737.17","630501.668","648859.037","659194.05","683459.289","695293.89","711239.17","731922.701","743398.626"
"Q","Quarterly","EUR","Euro","4T","Developing countries","N","Non-banks, total","A","All sectors","I","Cross-border & Local in FCY","D","Debt securities","771","Year-on-year changes, in per cent","Q:EUR:4T:N:A:I:D:771","","","","","","","","","","","","","","","","","","","","","","","","","","","","","","","","","","","","","","","","","","","","","","","","","","","","","","","","","","","","","","","","","","","","","","","","","","","","","","","","","","","","","","","","","","49.513","46.952","38.586","26.324","20.636","13.857","8.705","9.644","4.501","3.099","2.077","0.467","0.885","1.152","3.911","4.657","3.846","3.923","2.865","7.238","12","8.621","7.04","4.148","5.12","4.55","6.184","7.313","3.12","8.577","8.508","5.576","-0.604","0.313","0.359","0","2.728","0.82","1.327","4.984","7.854","9.537","11.095","10.053","6.227","4.386","2.898","-0.071","3.879","1.774","3.733","11.926","4.99","4.769","6.592","5.191","10.749","17.151","15.782","9.435","12.199","12.412","11.425","12.395","16.436","12.387","9.318","11.996","7.046","6.293","8.387","9.843","10.966","10.061","8.784","7.062","3.742","10.166","16.382"
"Q","Quarterly","EUR","Euro","4T","Developing countries","N","Non-banks, total","A","All sectors","I","Cross-border & Local in FCY","D","Debt securities","EUR","Euro","Q:EUR:4T:N:A:I:D:EUR","","","","","","","","","","","","","","","","","","","","","","","","","","","","","","","","","","","","","","","","","","","","","","","","","","","","","","","","","","","","","","","","","","","","","","","","","","","","","","","","","","","","","","","","","","64532.306","70282.906","72837.328","72803.576","77651.288","79947.787","79183.572","79815.556","81201.973","82602.868","80966.834","80323.097","82045.452","83536.521","84072.013","84015.442","85152.951","86780.51","86508.982","90224.552","95531.595","94227.538","92552.635","93776.978","100210.329","98552.359","98311.568","100744.183","103471.065","107110.3","106784.711","106404.535","102844.955","107471.647","107191.545","106423.545","105681.892","108327.979","108601.27","111736.675","113954.878","118544.181","120521.083","122837.709","120965.546","123786.413","124041.609","122736.988","125647.927","125958.169","128647.089","137403.031","131922.553","131990.953","137196.59","144609.783","146219.816","154732.319","158780.362","158175.877","164022.453","173818.302","176976.217","177745.308","190788.969","195212.828","193326.456","198905.419","204123.983","207466.703","209533.546","218622.392","226572.257","228314.288","227866.82","233884.91","234964.871","251438.784","264474.463"
"Q","Quarterly","EUR","Euro","4T","Developing countries","N","Non-banks, total","B","Banks, total","I","Cross-border & Local in FCY","G","Loans and deposits","771","Year-on-year changes, in per cent","Q:EUR:4T:N:B:I:G:771","","","","","","","","","","","","","","","","","","","","","","","","","","","","","","","","","","","","","","","","","","","","","","","","","","","","","","","","","","","","","","","","","","","","","","","","","","","","","","","","","","","","","","","","","","2.293","4.037","6.426","7.325","0.133","4.37","-3.165","-0.401","6.592","-3.65","5.557","2.454","2.839","6.285","1.105","5.123","4.687","6.841","5.155","0.197","4.418","5.319","7.309","18.013","14.543","17.812","20.528","21.111","20.199","21.742","25.886","25.417","27.876","27.5","23.942","18.144","11.586","4.462","1.423","-0.89","1.34","3.19","5.959","5.711","10.158","8.904","6.733","5.656","0.293","-0.813","-3.387","-6.581","-0.92","2.703","2.554","5.541","1.907","3.574","5.137","7.56","5.881","5.561","5.837","2.251","4.484","5.86","10.43","13.846","16.472","14.059","11.172","14.826","11.692","10.942","14.88","11.352","12.745","11.516","5.119"
"Q","Quarterly","EUR","Euro","4T","Developing countries","N","Non-banks, total","B","Banks, total","I","Cross-border & Local in FCY","G","Loans and deposits","EUR","Euro","Q:EUR:4T:N:B:I:G:EUR","","","","","","","","","","","","","","","","","","","","","","","","","","","","","","","","","","","","","","","","","","","","","","","","","","","","","","","","","","","","","","","","","","","","","","","","","","","","","","","","","","","","","","","","","","115855.774","117664.104","122509.574","122614.602","116764.019","123737.534","119545.553","122505.507","124650.057","119615.067","126598.971","125946.018","129131.208","127687.638","128556.368","132939.773","135086.825","136326.55","135094.712","133083.117","141042.409","146998.409","148871.802","159004.829","164058.347","171463.582","177108.424","192693.555","199493.496","211547.846","225958.439","245043.336","255330.687","264498.985","274615.128","288343.978","283635.281","280753.476","272606.918","275416.478","277171.752","277140.54","287152.503","287929.687","301648.882","300549.598","304931.682","303757.429","302488.668","300746.31","297179.479","286655.373","302338.952","301572.586","297884.167","296856.63","301812.107","317183.33","317674.588","292087.133","292832.102","303376.845","303629.405","313829.776","321494.21","337138.754","353203.366","356870.676","374317.727","384371.784","394203.624","411879.277","422286.78","430879.762","455592.469","461408.979","476274.299","480483.916","478924.164"
"Q","Quarterly","EUR","Euro","4T","Developing countries","P","Non-financial sectors","A","All sectors","I","Cross-border & Local in FCY","D","Debt securities","771","Year-on-year changes, in per cent","Q:EUR:4T:P:A:I:D:771","","","","","","","","","","","","","","","","","","","","","","","","","","","","","","","","","","","","","","","","","","","","","","","","","","","","","","","","","","","","","","","","","","","","","","","","","","","","","","","","","","","","","","","","","","50.236","47.578","39.079","26.504","20.843","14.092","8.895","9.838","4.589","2.276","1.379","-0.23","0.138","1.228","3.947","4.332","3.582","3.701","2.576","6.694","11.528","7.736","6.095","3.409","4.442","3.589","5.316","5.582","0.946","6.62","6.5","4.847","-1.132","-0.088","-0.418","-0.599","2.432","1.688","2.553","6.142","9.015","10.115","12.037","11.338","7.154","3.923","2.136","-0.827","3.074","1.887","4.041","10.329","3.501","3.205","4.755","5.223","10.373","16.709","15.61","8.802","11.61","12.161","11.117","11.831","16.454","13.084","9.738","12.91","7.136","5.709","8.035","8.956","10.923","10.001","8.362","7.675","4.506","11.295","17.879"
"Q","Quarterly","EUR","Euro","4T","Developing countries","P","Non-financial sectors","A","All sectors","I","Cross-border & Local in FCY","D","Debt securities","EUR","Euro","Q:EUR:4T:P:A:I:D:EUR","","","","","","","","","","","","","","","","","","","","","","","","","","","","","","","","","","","","","","","","","","","","","","","","","","","","","","","","","","","","","","","","","","","","","","","","","","","","","","","","","","","","","","","","","","64139.459","69890.048","72444.485","72410.728","77309.587","79664.619","78894.307","79525.074","80912.722","81650.283","80116.165","79472.858","81144.752","82635.052","83216.562","82860.386","83997.494","85653.947","85382.132","88547.627","93854.659","92250.632","90544.82","91366.671","97800.02","95592.113","95386.177","96556.919","98838.567","102011.796","101680.859","101280.93","97720.956","101944.056","101268.689","100683.046","100118.83","103632.802","103840.889","106874.739","109115.95","114001.738","116211.087","118860.176","116833.396","118497.215","118701.431","117844.591","120389.805","120698.943","123463.005","130034.276","124608.172","124591.902","129396.929","136895.097","137634.635","145500.163","149518.827","148859.666","153536.531","163028.771","166146.483","166385.689","178608.896","184223.294","182186.16","187703.094","191248.204","194709.149","196816.861","204655.587","212212.537","214159.838","213204.583","220188.494","221678.894","238263.237","250597.868"
"Q","Quarterly","EUR","Euro","4U","Developing Latin America and Caribbean","N","Non-banks, total","A","All sectors","I","Cross-border & Local in FCY","B","Credit (loans & debt securities)","771","Year-on-year changes, in per cent","Q:EUR:4U:N:A:I:B:771","","","","","","","","","","","","","","","","","","","","","","","","","","","","","","","","","","","","","","","","","","","","","","","","","","","","","","","","","","","","","","","","","","","","","","","","","","","","","","","","","","","","","","","","","","35.61","35.039","34.512","22.644","17.995","11.817","2.078","2.184","-3.012","-5.622","-4.739","-4.574","-6.709","-4.598","-6.852","-6.095","-6.339","-7.756","-5.662","-3.025","1.613","-6.086","-6.936","-9.618","-11.148","-2.945","-1.944","-1.761","-4.381","-3.377","-1.317","-1.413","-3.994","-6.015","-7.009","-8.955","-8.767","-10.113","-9.415","-4.804","-4.666","2.739","9.003","7.013","10.927","6.579","-0.768","5.285","6.656","5.069","6.389","1.008","2.102","4.055","8.273","11.79","10.242","20.184","16.26","12.097","16.045","24.451","22.945","25.214","38.824","16.641","18.789","21.885","11.929","11.955","11.407","7.562","5.217","8.962","7.566","6.778","3.387","7.254","7.415"
"Q","Quarterly","EUR","Euro","4U","Developing Latin America and Caribbean","N","Non-banks, total","A","All sectors","I","Cross-border & Local in FCY","B","Credit (loans & debt securities)","EUR","Euro","Q:EUR:4U:N:A:I:B:EUR","","","","","","","","","","","","","","","","","","","","","","","","","","","","","","","","","","","","","","","","","","","","","","","","","","","","","","","","","","","","","","","","","","","","","","","","","","","","","","","","","","","","","","","","","","53801.951","57187.378","61013.232","59958.807","63304.327","63743.065","62147.171","61186.487","61360.311","60161.135","59183.643","58462.692","57390.391","57511.245","55239.909","54970.433","53674.4","52974.969","52047.997","53272.718","54573.95","49743.433","48427.135","48081.777","48430.075","48017.284","47222.918","47001.492","46086.686","46405.339","46610.154","46342.08","44491.85","44047.021","43773.218","42622.933","40802.892","39629.188","39156.077","40060.819","38384.294","40265.453","42785.297","42388.395","42099.287","42333.546","41885.935","44605.533","44872.202","44263.771","44319.277","44831.596","45591.156","46016.529","47991.802","51154.54","50834.236","55934.201","56378.677","55799.303","57929.418","68578.732","68312.14","70072.505","80597.696","79930.812","81091.299","85240.207","90521.134","89782.92","90641.831","92135.954","95253.326","97905.924","97571.211","98422.252","98538.717","105013.903","104797.958"
"Q","Quarterly","EUR","Euro","4W","Developing Africa and Middle East","N","Non-banks, total","A","All sectors","I","Cross-border & Local in FCY","B","Credit (loans & debt securities)","771","Year-on-year changes, in per cent","Q:EUR:4W:N:A:I:B:771","","","","","","","","","","","","","","","","","","","","","","","","","","","","","","","","","","","","","","","","","","","","","","","","","","","","","","","","","","","","","","","","","","","","","","","","","","","","","","","","","","","","","","","","","","9.784","16.977","13.386","8.343","-2.287","4.975","1.115","3.337","16.308","-2.35","10.866","7.937","4.829","8.205","-1.411","4.3","8.941","11.82","9.004","-7.883","0.872","-4.42","-4.043","21.217","4.106","13.463","18.041","13.94","12.724","24.278","22.136","30","28.307","12.175","9.359","-3.327","-1.936","-0.722","7.289","6.877","13.936","18.429","14.847","17.566","11.89","7.998","6.373","0.588","-2.806","-0.713","0.128","-2.624","1.455","-2.352","-5.782","-12.409","-9.956","-6.785","-2.026","10.595","7.852","4.334","1.58","5.204","1.792","3.118","3.347","5.672","8.572","11.145","12.576","11.411","9.693","12.977","22.405","21.862","26.115","25.468","20.436"
"Q","Quarterly","EUR","Euro","4W","Developing Africa and Middle East","N","Non-banks, total","A","All sectors","I","Cross-border & Local in FCY","B","Credit (loans & debt securities)","EUR","Euro","Q:EUR:4W:N:A:I:B:EUR","","","","","","","","","","","","","","","","","","","","","","","","","","","","","","","","","","","","","","","","","","","","","","","","","","","","","","","","","","","","","","","","","","","","","","","","","","","","","","","","","","","","","","","","","","38775.755","40449.692","41014.42","39943.337","37963.864","42568.141","41580.06","41432.842","44178.082","41583.501","46112.528","44722.662","46342.306","45035.026","45488.786","46694.47","50578.419","50440.772","49683.764","43082.29","51061.852","48176.334","47733.761","50221.346","51457.848","53004.829","54527.663","57663.19","58034.287","65905.08","66630.061","74978.261","74465.479","64646.337","63716.766","63529.563","64072.974","64397.416","64923.857","64337.676","69179.711","69423.297","71713.142","72741.976","74359.356","75000.142","76319.327","73203.786","72132.865","74035.056","75961.585","70850.333","72904.695","72141.593","71680.514","62357.833","65961.638","67708.768","70435.536","68911.262","71138.269","70598.039","71518.026","74498.915","74367.058","74796.417","75945.636","78719.028","80832.914","83206.504","85567.755","87752.684","91144.762","96644.844","107684.304","109999.269","114960.806","121277.069","129695.147"
"Q","Quarterly","EUR","Euro","4Y","Developing Asia and Pacific","N","Non-banks, total","A","All sectors","I","Cross-border & Local in FCY","B","Credit (loans & debt securities)","771","Year-on-year changes, in per cent","Q:EUR:4Y:N:A:I:B:771","","","","","","","","","","","","","","","","","","","","","","","","","","","","","","","","","","","","","","","","","","","","","","","","","","","","","","","","","","","","","","","","","","","","","","","","","","","","","","","","","","","","","","","","","","-3.603","-4.978","-0.419","1.396","0.804","4.915","-1.213","4.597","7.267","-2.923","-4.486","-1.073","-0.479","7.243","4.276","-2.724","-3.131","-3.812","-4.936","6.463","4.069","6.944","12.144","6.873","13.676","12.584","15.78","13.474","11.419","8.218","8.361","6.408","7.396","18.015","16.412","11.303","3.968","-8.186","-11.214","-6.863","1.068","4.915","15.96","25.711","32.391","41.596","39.203","32.39","19.732","8.894","-11.729","-15.403","1.463","12.659","25.481","48.974","27.205","39.487","50.589","34.813","24.74","10.623","4.396","-4.571","0.859","22.105","31.811","28.703","45.486","13.999","15.295","35.39","18.332","20.565","18.983","16.012","23.212","25.014","9.924"
"Q","Quarterly","EUR","Euro","4Y","Developing Asia and Pacific","N","Non-banks, total","A","All sectors","I","Cross-border & Local in FCY","B","Credit (loans & debt securities)","EUR","Euro","Q:EUR:4Y:N:A:I:B:EUR","","","","","","","","","","","","","","","","","","","","","","","","","","","","","","","","","","","","","","","","","","","","","","","","","","","","","","","","","","","","","","","","","","","","","","","","","","","","","","","","","","","","","","","","","","28074.056","27830.043","30115.625","28966.965","28647.107","29553.938","30116.062","30318.853","30751.033","28714.098","28787.239","30016.222","30773.635","30960.552","30180.52","29353.758","29669.123","29640.291","28559.475","31112.008","30847.046","31452.954","32134.174","33160.761","35144.438","35732.394","37123.367","37738.803","39148.925","38662.932","40227.349","40107.157","41978.028","45176.878","46357.805","44309.743","43358.895","41557.774","35657.9","35711.201","37968.135","37914.716","41584.769","45020.122","50312.373","53534.774","57724.705","59599.686","60833.717","62186.21","54344.421","53801.31","65216.735","63124.912","61444.778","67120.829","69464.235","81858.863","85979.399","64109.696","61399.652","64217.2","63714.536","63257.737","64039.022","80998.387","86726.123","81494.441","93243.916","92454.149","102010.113","112468.613","112428.969","113551.403","121347.836","130408.96","138517.546","141932.633","133392.89"
"Q","Quarterly","EUR","Euro","5C","Euro area","G","General government","A","All sectors","A","All","B","Credit (loans & debt securities)","771","Year-on-year changes, in per cent","Q:EUR:5C:G:A:A:B:771","","","","","","","","","","","","","","","","","","","","","","","","","","","","","","","","","","","","","","","","","","","","","","","","","","","","","","","","","","","","","","","","","","","","","","","","","","","","","","","","","","","","","","","","","","-1.021","0.03","1.523","1.845","1.711","1.818","2.821","3.224","2.735","3.833","5.275","5.097","7.507","8.331","5.451","3.588","4.428","2.576","4.211","6.316","4.631","7.552","6.059","4.751","2.412","-1.285","0.004","-0.323","0.799","0.935","0.108","0.545","2.117","1.612","3.157","10.984","12.93","17.465","18.535","10.959","9.664","8.56","7.059","8.17","5.638","4.972","4.838","3.59","7.106","8.307","8.973","13.347","10.764","9.053","6.057","3.334","5.051","6.641","8.457","8.731","8.345","1.736","1.906","0.602","0.729","5.931","4.325","2.098","-1.396","-2.091","-1.904","-0.011","1.319","0.049","-0.226","0.034","1.302","4.176","7.099"
"Q","Quarterly","EUR","Euro","5C","Euro area","G","General government","A","All sectors","A","All","B","Credit (loans & debt securities)","EUR","Euro","Q:EUR:5C:G:A:A:B:EUR","","","","","","","","","","","","","","","","","","","","","","","","","","","","","","","","","","","","","","","","","","","","","","","","","","","","","","","","","","","","","","","","","","","","","","","","","","","","","","","","","","","","","","","","","","4965462.75","4986952.5","4996872.88","4995876.75","5050431.13","5077619.63","5137844.5","5156967.63","5188548.13","5272240.5","5408887.88","5419815.75","5578049.88","5711494.5","5703744.63","5614275.5","5825026.25","5858605.25","5943944","5968893.88","6094768","6301062.25","6304067.75","6252478.25","6241756.75","6220118.75","6304344.75","6232252","6291639","6278278.5","6311133.38","6266228.63","6424818","6379506.88","6510364.13","6954480.13","7255538.13","7493710.63","7717061.13","7716590.5","7956678.25","8135190.13","8261818.75","8347059.13","8405273.75","8539645.5","8661539.75","8646693.38","9002574.88","9248993.38","9438737","9800731","9971603.25","10086300.5","10010467","10127502.75","10475298","10756165.75","10857039.75","11011712.5","11349469.25","10942934.75","11063992.75","11077985.75","11432200.25","11592000.25","11542537","11310393.25","11272612","11349604.75","11322757","11309150.25","11421304.5","11355193.25","11297172.75","11312961.25","11569965.25","11829427","12099105.5"
"Q","Quarterly","EUR","Euro","5C","Euro area","P","Non-financial sectors","A","All sectors","A","All","B","Credit (loans & debt securities)","771","Year-on-year changes, in per cent","Q:EUR:5C:P:A:A:B:771","","","","","","","","","","","","","","","","","","","","","","","","","","","","","","","","","","","","","","","","","","","","","","","","","","","","","","","","","","","","","","","","","","","","","","","","","","","","","","","","","","","","","","","","","","5.113","5.081","6.102","6.257","6.034","6.083","6.011","6.087","6.072","6.332","6.435","5.613","6.062","6.336","5.128","4.329","4.722","4.199","5.124","6.125","5.853","7.275","6.643","6.027","6.016","4.695","4.761","4.739","4.487","4.541","4.647","5.935","6.411","5.756","6.558","7.551","7.766","8.245","7.26","4.667","4.066","4.3","4.133","4.631","3.48","3.191","3.508","3.918","5.748","5.999","5.91","5.407","3.817","2.6","1.477","0.531","2.124","3.163","4.047","5.364","7.43","4.246","4.451","3.222","0.917","3.776","2.883","2.078","1.005","0.102","0.214","1.116","1.632","2.058","2.293","2.071","2.357","3.389","4.842"
"Q","Quarterly","EUR","Euro","5C","Euro area","P","Non-financial sectors","A","All sectors","A","All","B","Credit (loans & debt securities)","EUR","Euro","Q:EUR:5C:P:A:A:B:EUR","","","","","","","","","","","","","","","","","","","","","","","","","","","","","","","","","","","","","","","","","","","","","","","","","","","","","","","","","","","","","","","","","","","","","","","","","","","","","","","","","","","","","","","","","","12592601.068","12765058.753","12919841.558","13226561.348","13348142.992","13504137.18","13747603.238","14016945.643","14145288.469","14441295.66","14667475.487","14888463.166","15105161.25","15419670.768","15492649.987","15602630.824","15876195.646","16094417.875","16326102.285","16605727.974","16832721.735","17239679.144","17369772.043","17520791.802","17789959.149","18072238.135","18217909.387","18397994.432","18637145.343","18929066.067","19135359.057","19572381.739","19946877.235","20128996.529","20399891.015","21001336.25","21365098.721","21680481.558","21873543.509","21986153.331","22216591.408","22451581.543","22675332.951","22888671.685","22997555.418","23294463.834","23444102.901","23747129.183","24255234.291","24589307.38","24810636.651","25087204.91","25183006.902","25294937.647","25240877.154","25281729.062","25792143.531","26125317.829","26194727.686","26522106.521","27427862.193","27015123.292","27242392.941","27193995.031","27723074.611","28015891.965","28003392.705","27749536.893","27942036.032","28100966.901","28151649.407","28241819.516","28592298.883","28718546.924","28780118.634","28772854.02","29154715.358","29667498.548","30100411.856"
"Q","Quarterly","EUR","Euro","AR","Argentina","N","Non-banks, total","A","All sectors","I","Cross-border & Local in FCY","B","Credit (loans & debt securities)","771","Year-on-year changes, in per cent","Q:EUR:AR:N:A:I:B:771","","","","","","","","","","","","","","","","","","","","","","","","","","","","","","","","","","","","","","","","","","","","","","","","","","","","","","","","","","","","","","","","","","","","","","","","","","","","","","","","","","","","","","","","","","39.471","39.973","37.525","26.841","17.52","2.992","-5.104","-5.685","-5.561","-3.639","-3.22","-2.576","-2.318","-2.577","-0.887","-0.731","-1.124","-1.133","-1.992","-1.627","-1.302","-20.778","-20.339","-20.271","-20.567","-2.241","-3.092","-3.121","-3.016","-1.477","-1.32","-1.68","-7.095","-8.306","-7.277","-8.048","-2.41","-4.002","-4.277","-4.074","-4.215","-1.282","-2.195","-2.508","-2.565","-3.694","-3.184","-2.04","-1.936","-0.627","0.244","-0.12","-0.254","-0.214","-0.856","-0.708","-0.221","0.049","0.287","0.909","0.535","-0.407","-0.528","-0.866","-1.091","0.16","-0.299","15.38","16.127","15.871","19.84","18.557","17.839","17.741","15.619","0.506","0.836","0.894","-0.055"
"Q","Quarterly","EUR","Euro","AR","Argentina","N","Non-banks, total","A","All sectors","I","Cross-border & Local in FCY","B","Credit (loans & debt securities)","EUR","Euro","Q:EUR:AR:N:A:I:B:EUR","","","","","","","","","","","","","","","","","","","","","","","","","","","","","","","","","","","","","","","","","","","","","","","","","","","","","","","","","","","","","","","","","","","","","","","","","","","","","","","","","","","","","","","","","","24815.842","27592.768","29341.285","29167.862","29091.197","28338.723","27777.761","27516.727","27483.525","27316.721","26882.685","26808.673","26848.657","26614.337","26645.536","26614.707","26547.639","26313.859","26117.317","26182.837","26201.917","20613.519","20571.103","20638.103","20576.622","20148.89","19933.326","19994.083","19960.377","19855.506","19673.982","19661.315","18540.735","18205.128","18241.053","18072.081","18089.921","17471.518","17399.042","17282.257","17272.483","17196.064","17022.07","16849.567","16831.481","16558.369","16477.713","16506.585","16504.566","16453.206","16515.862","16483.971","16460.67","16417.228","16375.171","16385.425","16443.919","16444.505","16439.11","16472.082","16468.658","16313.48","16289.698","16334.869","16294.02","16346.367","16248.588","18758.209","18830.126","18848.64","19387.726","22283.326","22225.628","22241.07","22452.31","22397.553","22423.843","22438.544","22439.799"
"Q","Quarterly","EUR","Euro","BR","Brazil","N","Non-banks, total","A","All sectors","I","Cross-border & Local in FCY","B","Credit (loans & debt securities)","771","Year-on-year changes, in per cent","Q:EUR:BR:N:A:I:B:771","","","","","","","","","","","","","","","","","","","","","","","","","","","","","","","","","","","","","","","","","","","","","","","","","","","","","","","","","","","","","","","","","","","","","","","","","","","","","","","","","","","","","","","","","","49.257","45.073","38.342","23.295","26.855","28.633","18.633","6.126","-4.888","-6.502","-11.494","-10.227","-13.784","-12.864","-4.9","-5.168","-1.128","-2.779","-3.379","-1.651","4.539","6.913","-10.176","-10.768","-11.656","-11.591","0.787","-4.064","-14.055","-11.176","-8.98","-12.094","0.663","-5.745","-0.705","-2.659","-12.728","-17.534","-25.303","-16.181","-11.822","2.189","23.595","33.366","24.052","32.173","-1.293","4.785","20.508","-2.019","7.276","2.86","0.702","7.399","21.213","10.947","5.76","28.61","16.412","18.122","15.814","13.836","13.373","7.483","11.382","-9.829","-4.921","-2.358","-5.927","-0.979","0.03","-6.271","-0.448","-1.535","-0.155","10.261","12.443","34.147","29.42"
"Q","Quarterly","EUR","Euro","BR","Brazil","N","Non-banks, total","A","All sectors","I","Cross-border & Local in FCY","B","Credit (loans & debt securities)","EUR","Euro","Q:EUR:BR:N:A:I:B:EUR","","","","","","","","","","","","","","","","","","","","","","","","","","","","","","","","","","","","","","","","","","","","","","","","","","","","","","","","","","","","","","","","","","","","","","","","","","","","","","","","","","","","","","","","","","9170.648","9072.905","9749.837","10538.461","11494.071","11518.584","11471.677","11142.147","10921.645","10788.651","10170.564","10234.717","9643.556","9610.856","9888.104","9714.814","9534.472","9343.682","9565.659","9565.664","9979.619","10169.175","8736.161","8654.385","8936.749","8963.494","8778.59","8300.1","7680.408","7961.672","7990.1","7295.975","7730.824","7504.691","7933.869","7084.56","6730.375","6173.578","5894.19","5921.719","5922.858","6277.017","7270.374","7712.409","7169.78","8119.743","7023.634","8082.484","8640.966","7913.172","7486.198","8258.27","8642.861","8475.035","9075.652","9553.044","9381.376","11189.93","10825.208","11010.097","10769.594","12687.733","12225.049","11877.191","12039.359","11440.78","11624.259","11597.357","11323.813","11326.693","11623.946","10866.671","11267.194","11153.077","11607.413","11983.352","12676.096","14961.28","15022.834"
"Q","Quarterly","EUR","Euro","CL","Chile","N","Non-banks, total","A","All sectors","I","Cross-border & Local in FCY","B","Credit (loans & debt securities)","771","Year-on-year changes, in per cent","Q:EUR:CL:N:A:I:B:771","","","","","","","","","","","","","","","","","","","","","","","","","","","","","","","","","","","","","","","","","","","","","","","","","","","","","","","","","","","","","","","","","","","","","","","","","","","","","","","","","","","","","","","","","","74.057","54.189","29.904","36.116","24.296","17.787","-9.567","-17.099","-27.854","10.449","30.913","68.054","104.415","32.927","38.759","16.4","-1.746","-0.392","-12.826","-10.914","-1.406","-0.821","-18.058","-14.477","-17.656","-1.004","30.861","22.725","23.772","-4.073","-6.687","-0.948","10.734","24.362","27.297","18.339","-0.366","-22.231","-18.626","-25.667","-22.631","-6.241","8.623","23.14","52.184","47.947","28.836","30.934","1.109","-0.99","17.041","-3.121","33.2","27.445","-7.525","-19.004","-40.346","-26.478","14.134","102.286","121.397","215.257","126.018","71.213","117.257","30.772","30.763","13.847","-10.525","8.67","10.628","22.611","39.755","19.337","18.41","16.651","1.297","3.03","18.569"
"Q","Quarterly","EUR","Euro","CL","Chile","N","Non-banks, total","A","All sectors","I","Cross-border & Local in FCY","B","Credit (loans & debt securities)","EUR","Euro","Q:EUR:CL:N:A:I:B:EUR","","","","","","","","","","","","","","","","","","","","","","","","","","","","","","","","","","","","","","","","","","","","","","","","","","","","","","","","","","","","","","","","","","","","","","","","","","","","","","","","","","","","","","","","","","766.32","806.977","881.117","939.395","946.112","944.068","791.413","778.699","682.599","1055.382","1048.683","1446.945","1547.35","1536.982","1594.192","1689.305","1521.83","1532.484","1391.201","1506.307","1500.311","1519.001","1139.309","1269.855","1217.819","1482.741","1470.004","1558.084","1507.056","1422.501","1371.809","1543.37","1668.904","1769.342","1746.602","1820.679","1657.588","1372.55","1363.751","1303.013","1234.522","1236.203","1479.321","1445.16","1692.176","1649.49","1718.933","1892.059","1715.61","1639.164","2019.534","1839.819","2287.277","2089.038","1855.61","1484.568","1042.538","1173.572","1608.366","2188.778","2193.634","3471.751","3453.709","3700.174","4717.926","4551.942","4528.213","4223.859","4220.54","4931.734","4993.76","5162.763","5874.406","5881.072","5909.288","6018.365","5953.84","6058.935","6985.319"
"Q","Quarterly","EUR","Euro","CN","China","N","Non-banks, total","A","All sectors","I","Cross-border & Local in FCY","B","Credit (loans & debt securities)","771","Year-on-year changes, in per cent","Q:EUR:CN:N:A:I:B:771","","","","","","","","","","","","","","","","","","","","","","","","","","","","","","","","","","","","","","","","","","","","","","","","","","","","","","","","","","","","","","","","","","","","","","","","","","","","","","","","","","","","","","","","","","-8.677","27.477","14.988","4.097","6.812","-5.26","5.72","14.014","32.711","-7.736","-13.947","-11.49","-23.925","-7.694","2.573","6.777","18.104","9.881","4.924","44.987","19.576","45.912","33.184","-8.851","1.286","-12.826","-1.917","-13.927","-0.794","-10.779","-6.615","2.96","-5.625","15.338","5.55","0.641","-1.485","-7.794","-6.071","7.511","16.394","14.3","20.073","19.629","23.033","56.275","72.698","72.253","57.287","61.494","30.265","15.755","55.195","46.082","29.5","87.501","38.123","42.074","67.377","62.559","48.649","45.576","37.951","5.395","2.945","17.709","20.658","10.01","48.343","23.66","38.768","81.691","42.707","21.74","22.48","3.015","15.05","20.68","12.741"
"Q","Quarterly","EUR","Euro","CN","China","N","Non-banks, total","A","All sectors","I","Cross-border & Local in FCY","B","Credit (loans & debt securities)","EUR","Euro","Q:EUR:CN:N:A:I:B:EUR","","","","","","","","","","","","","","","","","","","","","","","","","","","","","","","","","","","","","","","","","","","","","","","","","","","","","","","","","","","","","","","","","","","","","","","","","","","","","","","","","","","","","","","","","","2840.917","3743.344","3386.993","3054.33","3034.411","3543.382","3578.027","3480.279","4024.723","3268.779","3078.401","3079.923","3076.09","3031.771","3172.645","3312.772","3699.677","3392.588","3390.304","4914.806","4456.362","5006.609","4556.562","4487.228","4521.198","4354.477","4468.781","3861.649","4484.766","3884.442","4172.598","3975.901","4232.451","4480.741","4404.555","3954.408","4120.527","4082.558","2632.102","2737.647","3088.455","3004.617","3160.721","3275.148","3799.442","4695.441","5458.444","5641.32","6962.789","9294.631","8714.663","8002.757","11365.354","9957.459","8282.17","8528.017","8922.69","10962.406","10734.577","12810.229","12255.571","14744.247","13682.825","13499.889","12621.431","17363.381","16518.212","14858.856","18722.987","21488.288","22939.5","27027.705","26738.362","26171.763","28108.476","27845.084","30779.828","31583.016","31693.148"
"Q","Quarterly","EUR","Euro","ID","Indonesia","N","Non-banks, total","A","All sectors","I","Cross-border & Local in FCY","B","Credit (loans & debt securities)","771","Year-on-year changes, in per cent","Q:EUR:ID:N:A:I:B:771","","","","","","","","","","","","","","","","","","","","","","","","","","","","","","","","","","","","","","","","","","","","","","","","","","","","","","","","","","","","","","","","","","","","","","","","","","","","","","","","","","","","","","","","","","-19.16","-16.842","0.376","-8.633","3.388","2.603","-1.781","4.102","2.185","3.781","-1.326","-1.565","1.062","-1.078","-2.687","-1.474","-8.224","-8.262","-6.596","-9.382","-4.821","1.607","-0.171","-1.162","0.083","-2.116","-0.432","0.462","-1.606","-7.067","-8.165","-8.34","-7.327","-5.678","-2.016","-3.21","-2.965","-3.023","-8.236","-10.736","-10.538","-12.71","-1.972","-1.054","-0.399","1.391","-9.749","10.235","-4.523","-18.426","-23.791","-40.385","-20.38","-11.027","5.765","16.461","3.583","21.563","78.795","89.573","80.838","51.145","37.127","28.697","25.91","166.591","69.131","70.595","78.177","-8.391","20.938","16.548","19.524","27.888","7.719","26.211","21.366","17.669","18.543"
"Q","Quarterly","EUR","Euro","ID","Indonesia","N","Non-banks, total","A","All sectors","I","Cross-border & Local in FCY","B","Credit (loans & debt securities)","EUR","Euro","Q:EUR:ID:N:A:I:B:EUR","","","","","","","","","","","","","","","","","","","","","","","","","","","","","","","","","","","","","","","","","","","","","","","","","","","","","","","","","","","","","","","","","","","","","","","","","","","","","","","","","","","","","","","","","","5845.331","5747.378","6314.882","5980.706","6042.551","5896","6202.118","6226.099","6175.118","6119.26","6119.683","6128.787","6274.764","6086.321","5987.661","6071.522","5636.709","5465.196","5474.479","5385.357","5365.087","5433.39","5337.811","5176.904","5222.41","5286.739","5292.33","5200.446","5138.409","4913.218","4860.222","4766.648","4761.34","4633.658","4761.552","4612.77","4619.607","4493.333","3555.177","3350.903","3363.033","3194.408","3488.385","3318.406","3352.676","3238.784","3148.291","3658.136","4276.453","3531.332","3206.434","2913.856","3405.153","3140.775","3384.051","3382.422","3508.852","3798.266","5996.632","6341.499","6287.897","5688.183","8215.42","8181.966","7937.08","15188.022","13880.976","13944.511","14127.621","13914.479","16814.943","16278.237","16906.079","17787.682","18075.973","20496.902","20480.176","20918.529","21416.444"
"Q","Quarterly","EUR","Euro","IN","India","N","Non-banks, total","A","All sectors","I","Cross-border & Local in FCY","B","Credit (loans & debt securities)","771","Year-on-year changes, in per cent","Q:EUR:IN:N:A:I:B:771","","","","","","","","","","","","","","","","","","","","","","","","","","","","","","","","","","","","","","","","","","","","","","","","","","","","","","","","","","","","","","","","","","","","","","","","","","","","","","","","","","","","","","","","","","-3.475","-7.764","-5.011","-4.371","-2.629","-0.32","-2.911","-3.862","-3.544","-3.988","-6.93","-5.598","-7.074","-6.738","-3.776","-6.759","-6.436","-7.148","-10.236","-5.381","-9.55","-4.462","4.169","-1.485","16.539","17.45","10.875","14.412","2.194","2.756","4.608","4.984","5.885","2.064","8.677","11.263","12.041","10.527","4.629","4.118","9.929","10.948","17.903","16.954","3.029","5.534","6.457","56.145","37.207","8.026","-8.753","-44.816","-19.708","-4.985","9.802","17.719","2.477","13.13","19.829","29.624","22.381","4.094","-6.107","-5.763","-1.555","5.09","6.261","6.83","21.878","26.693","29.181","23.008","11.891","11.354","16.497","16.634","14.203","23.042","21.336"
"Q","Quarterly","EUR","Euro","IN","India","N","Non-banks, total","A","All sectors","I","Cross-border & Local in FCY","B","Credit (loans & debt securities)","EUR","Euro","Q:EUR:IN:N:A:I:B:EUR","","","","","","","","","","","","","","","","","","","","","","","","","","","","","","","","","","","","","","","","","","","","","","","","","","","","","","","","","","","","","","","","","","","","","","","","","","","","","","","","","","","","","","","","","","4167.311","4003.909","4066.168","4048.395","4049.879","3983.338","3940.53","3892.021","3906.59","3824.538","3667.347","3674.221","3633.048","3569.533","3531.493","3428.494","3472.016","3385.411","3238.106","3313.445","3140.369","3237.705","3367.956","3238.317","3631.755","3769.523","3710.987","3705.773","3711.287","3874.095","3882.731","3891.084","3929.991","3856.006","4114.65","4221.181","4293.423","4261.273","2432.819","2484.229","2667.714","2684.33","2881.742","2895.564","2739.338","2810.631","3043.731","4521.564","5245.321","4416.534","4039.408","3627.717","4387.305","4190.215","4429.066","4344.287","4574.252","4827.457","5390.934","5807.096","5772.44","5238.195","5290.285","6106.202","6340.719","6075.934","6205.078","6523.597","7735.115","7704.908","8022.126","8030.94","8650.063","8579.542","9346.386","9367.443","9884.147","10556.124","11340.395"
"Q","Quarterly","EUR","Euro","KR","South Korea","N","Non-banks, total","A","All sectors","I","Cross-border & Local in FCY","B","Credit (loans & debt securities)","771","Year-on-year changes, in per cent","Q:EUR:KR:N:A:I:B:771","","","","","","","","","","","","","","","","","","","","","","","","","","","","","","","","","","","","","","","","","","","","","","","","","","","","","","","","","","","","","","","","","","","","","","","","","","","","","","","","","","","","","","","","","","2.229","-6.01","-24.411","-23.751","-13.557","-9.387","-16.601","-39.16","-22.418","-29.342","-37.873","-6.637","-28.578","-21.499","-9.771","38.282","66.422","71.131","4.705","35.225","17.135","35.752","168.099","116.937","126.382","88.534","78.022","37.183","30.007","51.717","37.667","17.503","19.704","31.97","36.882","25.808","25.328","1.366","-5.14","-6.863","-2.084","-5.918","-7.837","-9.683","-11.861","-8.656","-4.051","2.846","-10.314","-8.977","-11.707","-12.308","3.858","1.585","7.787","18.695","17.352","30.777","33.473","24.694","20.51","14.295","7.292","-4.095","-5.656","-11.661","-14.807","-7.69","-4.01","-4.34","5.717","8.927","-0.31","14.085","7.503","10.91","39.781","32.485","25.255"
"Q","Quarterly","EUR","Euro","KR","South Korea","N","Non-banks, total","A","All sectors","I","Cross-border & Local in FCY","B","Credit (loans & debt securities)","EUR","Euro","Q:EUR:KR:N:A:I:B:EUR","","","","","","","","","","","","","","","","","","","","","","","","","","","","","","","","","","","","","","","","","","","","","","","","","","","","","","","","","","","","","","","","","","","","","","","","","","","","","","","","","","","","","","","","","","1119.024","1041.041","1097.087","986.405","967.046","943.082","914.801","600.234","750.4","666.414","568.378","560.345","535.916","523.144","512.826","781.348","964.082","967.742","580.465","1119.498","1655.378","1925.934","2308.318","3635.497","3782.513","3664.948","4099.037","4981.396","4912.021","5552.582","5640.673","5854.391","5880.485","7335.188","7721.143","7294.872","7299.913","7360.05","7250.208","6794.972","7148.29","6925.925","6683.627","6137.726","6301.281","6326.166","6412.621","6312.572","5319.74","5425.341","5334.227","5215.159","5529.505","5508.066","5748.844","6089.416","6384.156","7095.964","7555.001","7515.128","7614.109","8019.838","8016.316","7207.131","7182.964","7084.751","6829.843","6653.363","6895.61","6777.411","7219.456","7246.548","6870.882","7709.797","7739.51","8009.588","9574.697","10205.075","9686.107"
"Q","Quarterly","EUR","Euro","MX","Mexico","N","Non-banks, total","A","All sectors","I","Cross-border & Local in FCY","B","Credit (loans & debt securities)","771","Year-on-year changes, in per cent","Q:EUR:MX:N:A:I:B:771","","","","","","","","","","","","","","","","","","","","","","","","","","","","","","","","","","","","","","","","","","","","","","","","","","","","","","","","","","","","","","","","","","","","","","","","","","","","","","","","","","","","","","","","","","31.744","22.849","19.77","1.753","-5.364","-6.91","-14.85","-2.368","-6.714","-10.862","-6.11","-7.351","-15.516","-3.949","-22.238","-21.475","-19.19","-25.973","-18.302","-14.739","-9.223","3.421","20.175","14.534","11.927","1.776","-3.686","-1.144","-2.821","-4.43","-4.677","-5.276","-5.639","-5.529","-6.483","-6.325","-12.964","-12.146","-0.985","14.915","1.16","26.534","33.908","7.01","32.86","5.047","-5.144","17.117","16.422","24.988","28.361","10.1","11.476","8.455","22.03","44.469","43.682","62.372","42.684","21.171","42.176","53.542","49.711","50.974","60.315","28.853","31.351","33.815","21.156","14.221","10.839","5.128","-3.295","5.569","3.611","6.129","1.037","4.056","4.224"
"Q","Quarterly","EUR","Euro","MX","Mexico","N","Non-banks, total","A","All sectors","I","Cross-border & Local in FCY","B","Credit (loans & debt securities)","EUR","Euro","Q:EUR:MX:N:A:I:B:EUR","","","","","","","","","","","","","","","","","","","","","","","","","","","","","","","","","","","","","","","","","","","","","","","","","","","","","","","","","","","","","","","","","","","","","","","","","","","","","","","","","","","","","","","","","","12825.135","12855.849","13003.672","11336.45","12112.182","11942.398","11050.028","11068.564","11299.171","10644.687","10374.165","10254.642","9556.573","10235.174","8076.285","8061.86","7723.446","7578.023","6599.11","6873.94","7010.888","7837.492","7931.592","7881.636","7855.75","7984.985","7646.069","7795.824","7638.765","7636.26","7292.916","7384.395","7206.883","7231.567","6837.124","6923.16","6278.771","6343.162","6758.785","7956.762","6350.059","8119.322","9155.67","8574.627","8498.981","8491.272","8649.966","10016.348","9866.493","10579.986","11050.288","11006.402","10979.448","11458.15","13508.876","16746.075","16615.538","19593.09","20259.625","20369.95","23712.951","30413.337","30661.163","30969.633","38231.196","39133.426","40218.658","41368.607","46739.241","45109.382","44981.706","43896.043","45207.254","47653.158","46640.971","46627.368","45705.695","49595.132","48623.205"
"Q","Quarterly","EUR","Euro","MY","Malaysia","N","Non-banks, total","A","All sectors","I","Cross-border & Local in FCY","B","Credit (loans & debt securities)","771","Year-on-year changes, in per cent","Q:EUR:MY:N:A:I:B:771","","","","","","","","","","","","","","","","","","","","","","","","","","","","","","","","","","","","","","","","","","","","","","","","","","","","","","","","","","","","","","","","","","","","","","","","","","","","","","","","","","","","","","","","","","21.816","32.606","43.024","576.494","495.043","567.809","361.845","19.496","17.908","84.548","80.045","76.424","66.611","2.072","-1.399","-2.861","-2.192","-3.736","-3.199","-2.473","-0.998","-5.312","-2.846","-39.253","-41.914","-37.841","-43.388","-6.888","-8.681","-5.483","-5.341","-1.95","7.401","5.427","18.295","8.234","13.293","-51.294","-56.548","-58.656","-58.248","-6.077","20.686","14.523","25.012","23.181","-6.282","80.65","9.113","-8.773","-9.875","-51.41","-17.104","3.39","30.517","38.876","13.29","35.034","18.271","27.653","36.328","-9.558","-3.962","-11.89","-28.584","-11.56","-18.793","-8.245","16.718","12.549","15.139","6.807","27.633","29.949","54.435","56.996","16.212","24.411","16.733"
"Q","Quarterly","EUR","Euro","MY","Malaysia","N","Non-banks, total","A","All sectors","I","Cross-border & Local in FCY","B","Credit (loans & debt securities)","EUR","Euro","Q:EUR:MY:N:A:I:B:EUR","","","","","","","","","","","","","","","","","","","","","","","","","","","","","","","","","","","","","","","","","","","","","","","","","","","","","","","","","","","","","","","","","","","","","","","","","","","","","","","","","","","","","","","","","","163.301","152.789","229.321","913.307","976.047","1024.961","1064.003","1091.406","1150.954","1896.229","1920.286","1930.257","1923.276","1936.404","1894.287","1875.932","2056.998","2038.403","2005.288","2000.652","2036.465","1930.119","2009.468","1243.385","1210.218","1227.47","1128.373","1157.743","1105.213","1160.271","1068.124","1135.161","1186.952","1218.872","1259.067","1224.162","1339.821","594.3","547.686","506.766","560.135","567.985","672.619","590.488","712.347","699.511","630.251","1066.602","461.469","386.698","344.14","314.101","390.471","399.298","449.103","444.456","450.785","550.234","541.462","561.537","608.468","492.627","514.815","494.926","434.489","435.69","418.097","454.045","507.058","490.327","481.285","484.991","646.885","637.188","743.374","761.462","752.177","792.708","867.745"
"Q","Quarterly","EUR","Euro","RU","Russia","N","Non-banks, total","A","All sectors","I","Cross-border & Local in FCY","B","Credit (loans & debt securities)","771","Year-on-year changes, in per cent","Q:EUR:RU:N:A:I:B:771","","","","","","","","","","","","","","","","","","","","","","","","","","","","","","","","","","","","","","","","","","","","","","","","","","","","","","","","","","","","","","","","","","","","","","","","","","","","","","","","","","","","","","","","","","2.064","-0.091","-0.893","-2.351","-0.771","-13.63","-12.788","16.825","13.761","29.734","29.335","-2.63","0.193","-8.658","-9.106","-12.566","-32.238","-21.927","-22.574","-18.675","-14.065","-17.565","-9.603","-2.456","15.23","2.871","-15.414","10.686","17.391","60.573","88.845","42.482","44.879","32.306","22.204","36.884","21.714","5.34","10.155","-2.465","1.545","-1.016","3.23","-3.5","-1.557","10.311","6.007","0.765","-0.719","-4.122","10.748","19.753","19.819","27.274","10.349","3.935","6.691","6.157","-5.848","1.678","-0.833","-8.332","-2.413","-8.846","-4.368","-5.592","-0.103","2.32","-2.196","2.944","2.474","2.917","2.663","-1.464","1.432","4.655","4.931","8.729","11.756"
"Q","Quarterly","EUR","Euro","RU","Russia","N","Non-banks, total","A","All sectors","I","Cross-border & Local in FCY","B","Credit (loans & debt securities)","EUR","Euro","Q:EUR:RU:N:A:I:B:EUR","","","","","","","","","","","","","","","","","","","","","","","","","","","","","","","","","","","","","","","","","","","","","","","","","","","","","","","","","","","","","","","","","","","","","","","","","","","","","","","","","","","","","","","","","","5291.649","5257.452","5226.63","5100.748","5247.068","4537.075","4554.914","5955.808","5966.358","5883.716","5888.298","5799.18","5991.643","5386.982","5364.703","5082.544","4070.091","4215.901","4163.886","4166.441","3517.132","5026.441","5443.314","5844.118","5842.762","5184.061","4616.558","6493.954","6866.39","8336.181","8730.619","9254.987","9953.56","11018.446","10658.689","12946.149","12380.194","11874.137","12011.088","12629.457","12572.621","12445.605","13129.548","12839.996","13040.474","13660.621","13849.25","12938.826","12945.022","12983.689","15238.714","15388.63","15406.589","16457.732","16729.614","15895.558","16336.776","17466.033","15726.988","16080.909","16119.079","15930.323","15271.193","32154.872","34343.438","35009.652","36407.922","35300.702","40061.027","40630.274","39878.153","40825.689","42878.401","43717.986","47192.34","50230.629","53317.739","54760.418","58320.245"
"Q","Quarterly","EUR","Euro","SA","Saudi Arabia","N","Non-banks, total","A","All sectors","I","Cross-border & Local in FCY","B","Credit (loans & debt securities)","771","Year-on-year changes, in per cent","Q:EUR:SA:N:A:I:B:771","","","","","","","","","","","","","","","","","","","","","","","","","","","","","","","","","","","","","","","","","","","","","","","","","","","","","","","","","","","","","","","","","","","","","","","","","","","","","","","","","","","","","","","","","","30.97","32.548","34.439","19.63","-4.763","-13.419","-4.811","-28.799","-1.918","358.595","18.506","33.555","22.29","-64","16.407","36.953","22.175","-3.552","13.476","152.61","-17.392","80.542","88.937","-58.766","69.226","-26.867","-38.105","63.835","30.35","70.201","211.443","322.115","314.116","235.477","105.67","14.52","-10.326","-9.116","-7.458","-30.729","-14.326","-27.346","-53.423","-50.641","52.998","52.043","384.421","397.683","82.639","71.181","-22.476","-35.208","-52.598","-34.493","-36.654","-55.592","-34.465","-38.76","-32.177","9.94","-24.301","-55.338","-62.695","-49.689","-33.539","13.246","9.955","14.059","-5.552","-1.977","78.912","83.391","52.475","9.429","-34.694","-47.477","4.476","29.881","256.944"
"Q","Quarterly","EUR","Euro","SA","Saudi Arabia","N","Non-banks, total","A","All sectors","I","Cross-border & Local in FCY","B","Credit (loans & debt securities)","EUR","Euro","Q:EUR:SA:N:A:I:B:EUR","","","","","","","","","","","","","","","","","","","","","","","","","","","","","","","","","","","","","","","","","","","","","","","","","","","","","","","","","","","","","","","","","","","","","","","","","","","","","","","","","","","","","","","","","","347.538","356.857","347.975","369.697","327.206","305.413","327.465","263.25","320.964","1401.495","388.439","351.878","393.779","505.808","453.13","482.998","480.225","487.038","513.358","1217.304","396.5","882.409","974.059","497.6","665.091","637.146","594.795","815.488","867.29","1084.833","1853.528","3444.051","3593.297","3206.892","3358.258","3468.918","2834.281","2910.655","3103.781","2403.32","2429.723","2145.632","1466.865","1203.427","3767.273","3260.233","7100.873","5986.111","6923.931","5737.188","5658.875","3985.43","3351.346","3756.988","3625.528","1794.852","2227.505","2333.35","2464.702","1973.859","1686.143","1041.865","919.289","992.587","1120.326","1179.823","1010.878","1132.525","1055.058","1152.915","1802.598","2069.659","1607.554","1261.508","1177.243","1087.038","1680.246","1638.349","4201.254"
"Q","Quarterly","EUR","Euro","TR","Turkey","N","Non-banks, total","A","All sectors","I","Cross-border & Local in FCY","B","Credit (loans & debt securities)","771","Year-on-year changes, in per cent","Q:EUR:TR:N:A:I:B:771","","","","","","","","","","","","","","","","","","","","","","","","","","","","","","","","","","","","","","","","","","","","","","","","","","","","","","","","","","","","","","","","","","","","","","","","","","","","","","","","","","","","","","","","","","30.416","36.434","28.294","13.344","9.675","-0.377","2.911","6.394","3.97","8.084","4.86","-2.132","-1.315","-3.806","-2.752","2.174","-3.259","-3.666","0.673","4.426","5.666","2.605","2.022","4.407","16.747","17.953","16.955","15.294","16.135","15.89","20.987","14.589","4.326","9.32","6.267","3.344","4.161","-3.118","-6.75","-3.396","-5.252","-0.69","3.868","8.144","11.171","12.95","9.09","6.153","4.752","-5.459","-0.172","-0.248","2.894","16.054","13.325","13.838","16.679","13.615","12.987","13.988","12.655","15.972","14.035","13.396","10.903","7.107","7.588","5.905","1.644","2.371","0.115","4.97","8.472","6.456","7.525","1.973","5.872","3.568","2.269"
"Q","Quarterly","EUR","Euro","TR","Turkey","N","Non-banks, total","A","All sectors","I","Cross-border & Local in FCY","B","Credit (loans & debt securities)","EUR","Euro","Q:EUR:TR:N:A:I:B:EUR","","","","","","","","","","","","","","","","","","","","","","","","","","","","","","","","","","","","","","","","","","","","","","","","","","","","","","","","","","","","","","","","","","","","","","","","","","","","","","","","","","","","","","","","","","15439.31","17128.843","16680.444","19572.858","19420.298","19677.365","19763.448","19756.887","19491.078","20135.559","19622.327","18880.547","19110.132","19520.065","19302.252","19370.651","18665.758","19109.109","19671.365","20726.105","19957.509","20051.071","20902.714","23181.965","24861.003","24995.912","25827.676","27768.849","29274.48","29606.136","31735.895","32136.064","30134.254","35331.641","38036.456","36619.821","36509.286","35617.263","34799.476","34978.531","34511.649","37398.444","39335.959","40390.337","40346.523","41457.397","41239.875","44508.061","45083.746","42753.581","44839.673","42344.28","43851.982","45083.386","46874.428","52574.697","55030.078","60449.991","56578.064","60112.333","62872.22","67979.113","69694.871","76338.33","78729.571","81514.957","89124.356","93482.047","86634.071","92572.15","89486.966","98419.621","97924.09","100444.013","107038.611","110315.875","118523.909","114794.474","113498.683"
"Q","Quarterly","EUR","Euro","TW","Chinese Taipei","N","Non-banks, total","A","All sectors","I","Cross-border & Local in FCY","B","Credit (loans & debt securities)","771","Year-on-year changes, in per cent","Q:EUR:TW:N:A:I:B:771","","","","","","","","","","","","","","","","","","","","","","","","","","","","","","","","","","","","","","","","","","","","","","","","","","","","","","","","","","","","","","","","","","","","","","","","","","","","","","","","","","","","","","","","","","-69.895","-64.647","27.401","136.526","-2.061","53.7","-48.361","-42.83","55.587","29.148","21.842","28.718","14.203","1.006","-0.326","-2.579","-0.202","1.127","5.242","8.736","3.372","-12.095","-13.426","-24.104","-1.383","21.925","63.377","51.574","13.101","17.119","-26.961","-23.587","-9.975","-20.335","38.382","9.505","-3.501","5.651","-15.357","-2.068","18.4","20.055","87.456","46.767","30.396","40.307","-14.729","41.971","-1.439","1.486","-22.333","-34.64","4.88","17.125","55.965","63.036","45.888","-9.291","-26.327","-25.272","-10.552","5.097","42.229","25.539","0.925","4.167","-14.937","-25.252","-6.102","-3.45","7.574","32.152","26.317","-4.565","-1.426","8.206","-5.554","30.615","5.657"
"Q","Quarterly","EUR","Euro","TW","Chinese Taipei","N","Non-banks, total","A","All sectors","I","Cross-border & Local in FCY","B","Credit (loans & debt securities)","EUR","Euro","Q:EUR:TW:N:A:I:B:EUR","","","","","","","","","","","","","","","","","","","","","","","","","","","","","","","","","","","","","","","","","","","","","","","","","","","","","","","","","","","","","","","","","","","","","","","","","","","","","","","","","","","","","","","","","","19.889","17.791","51.341","775.933","305.694","429.229","416.176","443.668","475.715","554.383","507.1","571.206","544.315","560.939","506.338","557.427","595.577","621.961","584.278","664.451","615.577","546.647","500.731","497.6","598.995","657.598","815.177","753.985","677.312","770.12","595.273","576.046","609.634","613.465","823.658","630.843","588.346","648.07","697.241","617.838","696.644","779.859","1310.068","908.558","910.143","1093.894","1116.825","1289.97","806.184","1127.633","880.783","856.077","955.258","1318.185","1367.663","1302.315","1300.443","1117.431","944.216","1066.12","1274.569","1286.772","1471.564","1338.667","1286.305","1340.464","1251.889","1000.726","1207.97","1294.177","1346.467","1322.206","1524.775","1234.958","1327.248","1430.662","1440.751","1613.314","1402.704"
"Q","Quarterly","EUR","Euro","ZA","South Africa","N","Non-banks, total","A","All sectors","I","Cross-border & Local in FCY","B","Credit (loans & debt securities)","771","Year-on-year changes, in per cent","Q:EUR:ZA:N:A:I:B:771","","","","","","","","","","","","","","","","","","","","","","","","","","","","","","","","","","","","","","","","","","","","","","","","","","","","","","","","","","","","","","","","","","","","","","","","","","","","","","","","","","","","","","","","","","37.919","30.73","37.813","31.564","35.862","34.117","37.283","30.649","30.983","7.011","10.528","12.723","12.93","40.704","39.379","30.249","30.398","-1.17","-3.72","-4.175","-5.47","-6.988","1.778","4.401","24.195","29.654","17.977","24.664","5.004","71.518","72.848","62.767","59.09","-20.885","-27.387","-24.532","-22.665","-9.111","-1.351","-2.016","-2.175","-1.94","3.769","4.748","16.685","19.334","16.538","16.315","6.793","3.98","-4.445","-5.581","-10.284","-34.412","-32.184","-32.646","-26.311","-11.535","-0.952","2.039","-5.311","13.525","3.309","3.25","10.605","9.005","15.744","16.467","4.076","2.938","-8.324","-8.358","-10.112","-14.908","-12.475","-14.252","-5.872","-12.943","-8.602"
"Q","Quarterly","EUR","Euro","ZA","South Africa","N","Non-banks, total","A","All sectors","I","Cross-border & Local in FCY","B","Credit (loans & debt securities)","EUR","Euro","Q:EUR:ZA:N:A:I:B:EUR","","","","","","","","","","","","","","","","","","","","","","","","","","","","","","","","","","","","","","","","","","","","","","","","","","","","","","","","","","","","","","","","","","","","","","","","","","","","","","","","","","","","","","","","","","1888.97","2493.49","2448.171","2547.715","2542.454","3340.424","3357.479","3329.098","3330.948","3574.922","3711.025","3757.656","3768.463","5046.617","5189.345","4904.21","4920.707","4986.692","4995.712","4699.025","4651.835","4655.936","5107.761","4916.29","5795.985","6066.921","6051.493","6169.283","6119.855","10410.425","10464.351","10045.072","9738.117","8233.553","7596.425","7594.127","7545.109","7498.899","7532.722","7465.729","7408.517","7389.289","7832.164","7835.205","8655.837","8818.888","9130.446","9116.52","9254.22","9171.186","8720.771","8602.481","8285.531","6000.905","5899.331","5749.432","6069.057","5283.712","5805.069","5903.167","5776.885","6028.81","6039.943","6261.749","6564.346","6753.069","7184.231","7292.401","6829.983","6949.15","6583.231","6682.668","6138.402","5915.623","5764.8","5747.077","5796.843","5163.581","5283.112"
"Q","Quarterly","JPY","Japanese Yen","3C","Developing Europe","N","Non-banks, total","A","All sectors","I","Cross-border & Local in FCY","B","Credit (loans & debt securities)","771","Year-on-year changes, in per cent","Q:JPY:3C:N:A:I:B:771","","","","","","","","","","","","","","","","","","","","","","","","","","","","","","","","","","","","","","","","","","","","","","","","","","","","","","","","","","","","","","","","","","","","","","","","","","","","","","","","","","","","","","","","","","-8.276","-1.417","17.365","5.331","39.752","20.685","9.367","-12.404","-18.545","-7.85","-11.753","2.622","1.854","-5.665","0.677","-14.769","-18.729","1.512","-15.57","-2.507","2.727","6.844","41.545","61.158","88.628","35.114","14.37","12.807","2.916","22.771","7.023","9.379","29.772","24.844","56.004","33.74","8.877","-27.001","-33.399","-27.86","-26.765","4.233","-2.947","-12.375","9.261","9.742","25.971","30.175","11.825","6.456","-2.214","3.572","-7.607","-1.589","0.37","1.383","5.869","4.813","31.226","19.604","18.181","21.076","-2.498","0.103","-0.87","-2.149","-0.752","-1.699","-1.271","-3.69","-5.17","0.595","3.82","9.686","11.257","0.614","-1.083","-5.243","-6.538"
"Q","Quarterly","JPY","Japanese Yen","3C","Developing Europe","N","Non-banks, total","A","All sectors","I","Cross-border & Local in FCY","B","Credit (loans & debt securities)","JPY","Japanese Yen","Q:JPY:3C:N:A:I:B:JPY","","","","","","","","","","","","","","","","","","","","","","","","","","","","","","","","","","","","","","","","","","","","","","","","","","","","","","","","","","","","","","","","","","","","","","","","","","","","","","","","","","","","","","","","","","533725.714","570689.971","653469.536","712044.38","728582.648","672747.197","698960.617","555282.063","537665.711","561187.638","558343.084","569392.672","552119.004","533631.418","566814.669","489333.311","439408.625","535412.445","472837.623","471376.908","455147.904","511905.674","599401.657","679097.564","767319.017","690571.919","683898.962","765917.189","789207.805","847618.666","731682.722","838105.397","1027117.15","1036347.815","1117596.569","986379.899","982018.172","680340.7","669661.969","712252.246","720092.256","709427.338","650140.406","623635.394","807162.075","799317.704","817205.788","810140.189","880206.103","828684.154","800738.126","839591.787","810801.07","814146.148","800346.951","846417.995","853829.573","848532.066","1054050.85","1043472.328","1040122.199","1059346.2","1052595.267","1048349.233","1034833.951","1040349.479","1048469.22","1030551.984","1021765.084","1002023.743","994324.136","1035996.722","1059114.043","1099681.824","1106855.923","1043628.382","1049807.995","1041975.195","1034441.56"
"Q","Quarterly","JPY","Japanese Yen","3P","All countries excluding residents","N","Non-banks, total","A","All sectors","I","Cross-border & Local in FCY","B","Credit (loans & debt securities)","771","Year-on-year changes, in per cent","Q:JPY:3P:N:A:I:B:771","","","","","","","","","","","","","","","","","","","","","","","","","","","","","","","","","","","","","","","","","","","","","","","","","","","","","","","","","","","","","","","","","","","","","","","","","","","","","","","","","","","","","","","","","","1.9","10.342","9.963","6.045","2.143","-4.286","3.771","5.057","1.279","-2.322","-9.302","-9.89","-5.068","-5.449","-5.164","-5.889","-7.296","-2.819","-3.364","-2.347","0.025","-4.733","-4.106","2.579","-2.071","1.349","0.453","-0.675","7.695","9.465","16.604","17.326","22.109","14.63","14.552","3.535","-7.61","-3.626","-11.161","-9.005","-5.275","-3.599","1.836","5.333","6.201","3.779","2.634","-1.675","-3.721","-1.651","-2.049","-1.636","-1.816","-9.194","-11.052","-3.081","-4.256","1.209","-0.216","-8.002","-6.238","-3.83","-4.566","-3.24","-6.814","-6.546","-7.239","-6.945","0.272","2.599","3.279","5.172","2.721","0.696","8.294","10.452","12.796","8.062","1.221"
"Q","Quarterly","JPY","Japanese Yen","3P","All countries excluding residents","N","Non-banks, total","A","All sectors","I","Cross-border & Local in FCY","B","Credit (loans & debt securities)","JPY","Japanese Yen","Q:JPY:3P:N:A:I:B:JPY","","","","","","","","","","","","","","","","","","","","","","","","","","","","","","","","","","","","","","","","","","","","","","","","","","","","","","","","","","","","","","","","","","","","","","","","","","","","","","","","","","","","","","","","","","48535301.793","52469683.504","52407853.013","51627499.697","50811501.427","51286764.658","55010200.325","55058542.182","51813586.87","49704267.415","49950252.645","48901846.041","48392328.296","47069392.287","46671021.048","45459562.312","43858598.269","44914987.943","44944120.193","43881905.486","44638423.216","43710097.409","44090750.548","46769012.133","44561462.84","44512444.413","44552907.149","46299663.338","47768623.298","49076716.333","51472229.443","53702178.26","56313602.459","54713002.775","58073817.67","53239615.884","52010618.965","51640219.624","49843602.682","48709271.473","48776350.493","49046514.787","50040492.165","50034287.913","50608095.288","49939337.483","50338921.928","48529837.728","48339326.907","48529956.741","49084113.861","48712058.325","49109074.526","46683891.166","46338588.518","49436597.792","47121281.192","46447705.131","46810215.743","47174814.539","46759527.509","47568356.934","46380389.206","45660803.659","43593710.116","44460771.233","43069925.66","42379920.262","43584091.479","45485785.98","44314644.891","44590555.436","44701248.051","45824660.422","48007739.211","49214596.724","50531376.701","49523539.658","48600083.506"
"Q","Quarterly","JPY","Japanese Yen","3P","All countries excluding residents","N","Non-banks, total","A","All sectors","I","Cross-border & Local in FCY","D","Debt securities","771","Year-on-year changes, in per cent","Q:JPY:3P:N:A:I:D:771","","","","","","","","","","","","","","","","","","","","","","","","","","","","","","","","","","","","","","","","","","","","","","","","","","","","","","","","","","","","","","","","","","","","","","","","","","","","","","","","","","","","","","","","","","-2.761","8.105","9.56","11.968","10.3","1.344","3.544","4.199","-1.776","-3.996","-8.629","-9.751","-4.394","-5.547","-5.888","-5.435","-4.768","-0.763","1.262","-0.743","-0.167","-5.217","-7","-4.454","-5.004","-1.333","0.187","1.239","3.302","5.223","4.492","2.063","0.668","0.05","1.64","2.06","0.151","-1.631","-3.509","-4.903","-4.11","-5.222","-3.266","-0.65","0.03","0.264","-0.581","-3.212","-3.755","-4.234","-4.412","-2.491","-7.075","-11.36","-13.199","-12.591","-10.566","-6.01","-3.184","-8.028","-6.042","-7.508","-8.809","-8.084","-7.357","-3.957","-4.448","-4.272","-4.072","-3.67","-0.003","4.074","3.517","4.153","2.104","3.792","7.086","5.869","8.077"
"Q","Quarterly","JPY","Japanese Yen","3P","All countries excluding residents","N","Non-banks, total","A","All sectors","I","Cross-border & Local in FCY","D","Debt securities","JPY","Japanese Yen","Q:JPY:3P:N:A:I:D:JPY","","","","","","","","","","","","","","","","","","","","","","","","","","","","","","","","","","","","","","","","","","","","","","","","","","","","","","","","","","","","","","","","","","","","","","","","","","","","","","","","","","","","","","","","","","31504704.213","34737936.686","35093170.355","35179876.141","34741596.876","35188969.203","36332853.688","36641798.709","34113276.401","33775269.798","33182906.405","33068018.956","32618909.406","31906340.82","31234777.991","31276067.914","31064525.183","31669955.647","31632510.767","31052579.973","31024111.517","30024948.971","29423970.444","29669939.343","29468399.073","29626414.055","29483615.75","30046945.126","30448889.562","31177360.104","30815029.206","30667609.383","30662222.307","31200478.939","31327241.039","31266093.205","30666074.498","30650637.406","30182201.987","29728263.935","29410951.956","29051734.408","29203581.474","29554823.003","29453020.503","29165111.483","28878281.292","28434046.987","28159631.033","27744156.757","27601046.111","27722035.29","26161865.829","24585672.966","23951183.012","24223568.181","23388968.14","23101826.504","23184660.096","22281705.371","21979181.718","21372144.173","21146482.959","20473066.557","20359075.238","20520762.472","20240459.966","19633970.494","19560310.337","19799858.14","20231485.272","20432786.988","20203872.624","20618173.497","20650470.611","21172525.608","21684956.711","21831924.168","22323922.145"
"Q","Quarterly","JPY","Japanese Yen","3P","All countries excluding residents","N","Non-banks, total","B","Banks, total","I","Cross-border & Local in FCY","G","Loans and deposits","771","Year-on-year changes, in per cent","Q:JPY:3P:N:B:I:G:771","","","","","","","","","","","","","","","","","","","","","","","","","","","","","","","","","","","","","","","","","","","","","","","","","","","","","","","","","","","","","","","","","","","","","","","","","","","","","","","","","","","","","","","","","","11.698","14.971","10.78","-5.06","-12.704","-15.118","3.836","6.682","7.804","1.319","-10.524","-10.079","-6.258","-5.214","-3.71","-7.034","-12.857","-7.554","-12.76","-5.891","0.461","-3.599","2.414","17.94","4.531","7.372","1.122","-3.993","16.314","17.828","40.231","45.424","59.879","39.791","33.577","5.056","-16.997","-6.492","-20.36","-14.81","-7.008","-1.226","9.57","14.711","15.741","8.942","7.23","0.492","-3.732","1.871","1.014","-0.591","5.257","-6.59","-8.91","8.948","2.75","9.272","2.891","-8.061","-6.538","-0.777","-0.623","1.097","-6.329","-8.656","-9.575","-9.114","4.105","8.02","6.198","6.119","2.073","-1.971","13.487","16.084","17.504","9.855","-3.956"
"Q","Quarterly","JPY","Japanese Yen","3P","All countries excluding residents","N","Non-banks, total","B","Banks, total","I","Cross-border & Local in FCY","G","Loans and deposits","JPY","Japanese Yen","Q:JPY:3P:N:B:I:G:JPY","","","","","","","","","","","","","","","","","","","","","","","","","","","","","","","","","","","","","","","","","","","","","","","","","","","","","","","","","","","","","","","","","","","","","","","","","","","","","","","","","","","","","","","","","","17030597.58","17731746.818","17314682.658","16447623.556","16069904.552","16097795.454","18677346.637","18416743.472","17700310.469","15928997.617","16767346.24","15833827.085","15773418.89","15163051.467","15436243.056","14183494.398","12794073.086","13245032.296","13311609.426","12829325.513","13614311.699","13685148.438","14666780.104","17099072.79","15093063.767","14886030.358","15069291.399","16252718.212","17319733.737","17899356.23","20657200.237","23034568.877","25651380.152","23512523.836","26746576.631","21973522.678","21344544.467","20989582.218","19661400.695","18981007.538","19365398.536","19994780.379","20836910.692","20479464.909","21155074.785","20774226.001","21460640.635","20095790.741","20179695.874","20785799.985","21483067.75","20990023.035","22947208.697","22098218.2","22387405.506","25213029.611","23732313.052","23345878.627","23625555.647","24893109.168","24780345.791","26196212.761","25233906.247","25187737.101","23234634.878","23940008.762","22829465.695","22745949.767","24023781.143","25685927.84","24083159.619","24157768.448","24497375.427","25206486.925","27357268.6","28042071.116","28846419.99","27691615.49","26276161.362"
"Q","Quarterly","JPY","Japanese Yen","3P","All countries excluding residents","P","Non-financial sectors","A","All sectors","I","Cross-border & Local in FCY","D","Debt securities","771","Year-on-year changes, in per cent","Q:JPY:3P:P:A:I:D:771","","","","","","","","","","","","","","","","","","","","","","","","","","","","","","","","","","","","","","","","","","","","","","","","","","","","","","","","","","","","","","","","","","","","","","","","","","","","","","","","","","","","","","","","","","-13.1","-0.838","9.082","14.089","14.57","2.609","1.066","-3.549","-9.637","-10.907","-14.734","-13.507","-8.781","-8.705","-11.722","-11.457","-10.84","-8.036","-5.359","-9.847","-7.416","-12.119","-12.204","-7.056","-8.839","-5.323","-6.514","-7.671","-7.472","-4.14","-3.853","-1.181","-2.294","-3.07","1.464","-0.066","-0.543","-1.947","-3.28","-2.161","-0.214","0.78","0.857","1.385","3.317","0.473","0.239","-2.309","-2.165","-0.653","-1.921","-1.075","-5.046","-7.533","-8.344","-7.833","-7.344","-5.443","-3.598","-9.801","-9.677","-13.217","-13.807","-11.333","-10.128","-3.968","-3.088","-2.226","1.187","-5.555","0.392","2.777","2.773","12.656","8.059","6.391","7.899","5.336","6.777"
"Q","Quarterly","JPY","Japanese Yen","3P","All countries excluding residents","P","Non-financial sectors","A","All sectors","I","Cross-border & Local in FCY","D","Debt securities","JPY","Japanese Yen","Q:JPY:3P:P:A:I:D:JPY","","","","","","","","","","","","","","","","","","","","","","","","","","","","","","","","","","","","","","","","","","","","","","","","","","","","","","","","","","","","","","","","","","","","","","","","","","","","","","","","","","","","","","","","","","15103921.908","16635538.736","17284149.575","17630345.699","17296895.653","17059848.856","17464437.249","17000115.559","15628751.138","15205132.862","14892468.284","14707946.064","14259784.032","13880245.833","13146854.05","13022379.111","12714157.969","12764792.948","12440967.27","11738865.976","11771584.263","11220515.427","10923660.95","10911862.444","10730438.797","10621661.704","10212030.686","10073404.903","9925871.048","10178525.859","9816294.18","9953178.391","9702420.44","9870197.066","9962049.095","9947885.935","9645756.731","9674153.884","9637723.126","9737298.215","9638643.371","9762976.917","9732137.952","9892888.328","9992856.476","9842738.562","9711774.033","9611923.731","9703674.179","9705131.369","9526679.563","9507650.001","9210162.986","8970499.193","8726306.418","8755693.994","8528290.22","8477390.47","8413843.949","7903645.682","7709010.624","7366611.368","7258695.129","7014285.58","6937031.597","7076250.083","7077007.386","6890795.092","7048993.295","6713941.78","7096991.298","7081468.84","7229554.856","7562584.019","7664209.105","7530453.143","7850121.726","8000274.22","8222597.566"
"Q","Quarterly","JPY","Japanese Yen","4T","Developing countries","N","Non-banks, total","A","All sectors","I","Cross-border & Local in FCY","B","Credit (loans & debt securities)","771","Year-on-year changes, in per cent","Q:JPY:4T:N:A:I:B:771","","","","","","","","","","","","","","","","","","","","","","","","","","","","","","","","","","","","","","","","","","","","","","","","","","","","","","","","","","","","","","","","","","","","","","","","","","","","","","","","","","","","","","","","","","-2.067","0.836","-0.965","-4.921","-2.752","-5.991","-1.801","-2.911","-3.353","-2.359","-6.135","-4.115","-5.468","-4.48","-11.057","-14.88","-17.878","-19.152","-17.708","-8.779","-6.149","-12.227","-4.825","-4.349","2.165","11.188","17.161","15.644","16.627","8.947","3.708","-1.285","4.228","13.605","15.581","19.988","3.127","-6.444","-9.741","-10.679","-4.42","5.986","9.704","12.111","17.606","16.282","19.343","10.789","4.519","6.099","2.362","3.974","2.424","-4.652","-5.758","7.294","7.852","10.772","11.57","-21.748","-18.858","-14.212","-21.492","-2.161","-17.403","-16.195","-9.269","-5.05","12.809","17.222","7.31","5.262","1.585","0.524","11.966","8.732","23.426","14.432","5.914"
"Q","Quarterly","JPY","Japanese Yen","4T","Developing countries","N","Non-banks, total","A","All sectors","I","Cross-border & Local in FCY","B","Credit (loans & debt securities)","JPY","Japanese Yen","Q:JPY:4T:N:A:I:B:JPY","","","","","","","","","","","","","","","","","","","","","","","","","","","","","","","","","","","","","","","","","","","","","","","","","","","","","","","","","","","","","","","","","","","","","","","","","","","","","","","","","","","","","","","","","","6042038.487","6205879.165","6152824.181","6036757.916","6130242.964","6042139.548","6162449.116","6040829.254","6013700.958","5842168.84","5812440.483","5667382.957","5546789.813","5612686.159","5053780.68","4689829.28","4178170.703","4205786.502","3958047.208","4031512.687","4544220.077","4285028.559","4386281.643","4613795.235","4784770.567","4809626.519","5180463.463","5344218.131","5580841.809","5323296.191","5343746.988","5198398.334","5547309.869","5823318.881","6030922.789","5830346.542","5693049.506","5266409.957","5160407.535","5243508.189","5352803.721","5451094.585","5534199.193","5659582.93","6088022.255","6170229.736","6408183.843","6137615.97","6319826.124","6488688.147","6590835.234","6675260.085","6879328.774","6801421.631","6848893.329","7635798.275","7537852.801","7413819.715","7906835.473","7684275.679","7935087.065","8334749.297","7789847.861","7515419.071","6551692.469","6979879.93","7103805.546","7171217.172","7427442.959","8226365.625","7619003.375","7546438.292","7526112.638","8262480.108","8522724.477","8202189.738","9341891.042","9491847.91","9064579.637"
"Q","Quarterly","JPY","Japanese Yen","4T","Developing countries","N","Non-banks, total","A","All sectors","I","Cross-border & Local in FCY","D","Debt securities","771","Year-on-year changes, in per cent","Q:JPY:4T:N:A:I:D:771","","","","","","","","","","","","","","","","","","","","","","","","","","","","","","","","","","","","","","","","","","","","","","","","","","","","","","","","","","","","","","","","","","","","","","","","","","","","","","","","","","","","","","","","","","-7.553","0.865","10.866","11.79","16.463","8.405","9.397","6.708","4.383","-2.744","-11.123","-10.547","-11.161","-8.541","-17.56","-22.391","-24.522","-22.055","-17.269","-13.956","-6.17","-20.386","-15.696","-9.454","-11.125","2.542","5.018","3.845","5.035","3.606","-5.848","-7.517","-9.29","-7.145","-0.401","0.656","1.361","-8.794","-4.012","4.749","6.247","17.157","6.591","5.484","13.795","18.067","27.437","8.636","1.714","0.714","1.378","10.962","4.526","-0.525","1.236","3.432","6.63","10.192","16.408","6.146","6.594","4.672","-1.021","1.707","-0.226","12.536","7.371","10.459","10.194","4.857","7.077","4.928","9.153","13.043","17.167","12.809","19.469","12.604","14.301"
"Q","Quarterly","JPY","Japanese Yen","4T","Developing countries","N","Non-banks, total","A","All sectors","I","Cross-border & Local in FCY","D","Debt securities","JPY","Japanese Yen","Q:JPY:4T:N:A:I:D:JPY","","","","","","","","","","","","","","","","","","","","","","","","","","","","","","","","","","","","","","","","","","","","","","","","","","","","","","","","","","","","","","","","","","","","","","","","","","","","","","","","","","","","","","","","","","2500050.006","2712812.941","2860221.166","2925042.291","2908766.735","2936625.491","3131275.792","3123898.972","3040000.818","2860498.91","2783000.634","2794824.382","2701225.016","2616223.378","2294637.268","2168380.966","2038051.234","2043052.55","1901781.313","1869051.731","1916051.448","1627024.671","1602840.559","1691339.964","1700290.21","1665656.257","1681606.834","1755383.657","1785735.609","1726102.511","1583882.423","1624882.583","1622175.073","1604174.09","1578174.608","1632341.598","1639581.148","1459080.775","1512079.922","1709880.551","1751007.775","1718308.368","1619008.855","1824008.493","2027177.143","2063067.282","2046082.973","1951673.076","2011771.823","2027273.663","2076193.615","2164392.447","2098392.667","2013392.634","2096893.537","2231892.936","2231892.611","2212892.149","2441053.022","2374653.576","2384652.085","2321652.602","2417627.497","2404628.16","2368928.021","2598927.039","2623076.809","2691578.184","2645237.314","2764348.79","2802947.552","2823647.95","2880888.37","3122146.872","3280849.273","3183039.043","3483037.528","3552139.154","3791537.508"
"Q","Quarterly","JPY","Japanese Yen","4T","Developing countries","N","Non-banks, total","B","Banks, total","I","Cross-border & Local in FCY","G","Loans and deposits","771","Year-on-year changes, in per cent","Q:JPY:4T:N:B:I:G:771","","","","","","","","","","","","","","","","","","","","","","","","","","","","","","","","","","","","","","","","","","","","","","","","","","","","","","","","","","","","","","","","","","","","","","","","","","","","","","","","","","","","","","","","","","2.027","0.62","-9.49","-17.001","-16.182","-16.99","-11.241","-11.738","-10.49","-2.315","-1.377","2.726","0.39","-0.577","-5.049","-7.623","-11.601","-16.719","-18.085","-4.001","-6.305","-6.211","2.903","-2.097","11.733","16.387","24.073","22.502","23.044","11.777","8.223","1.682","10.589","23.836","22.557","28.908","3.718","-5.646","-11.906","-16.726","-8.964","1.582","11.003","15.209","19.219","15.271","16.055","11.853","5.944","8.751","2.773","0.672","1.294","-6.665","-8.901","9.107","8.4","11.033","9.4","-33.041","-29.593","-23.29","-30.583","-3.891","-24.755","-27.254","-16.721","-12.362","14.315","24.641","7.445","5.465","-2.601","-5.812","8.939","6.295","25.88","15.539","0.585"
"Q","Quarterly","JPY","Japanese Yen","4T","Developing countries","N","Non-banks, total","B","Banks, total","I","Cross-border & Local in FCY","G","Loans and deposits","JPY","Japanese Yen","Q:JPY:4T:N:B:I:G:JPY","","","","","","","","","","","","","","","","","","","","","","","","","","","","","","","","","","","","","","","","","","","","","","","","","","","","","","","","","","","","","","","","","","","","","","","","","","","","","","","","","","","","","","","","","","3541988.481","3493066.223","3292603.015","3111715.625","3221476.229","3105514.057","3031173.324","2916930.283","2973700.14","2981669.93","3029439.849","2872558.575","2845564.797","2996462.781","2759143.412","2521448.313","2140119.469","2162733.951","2056265.895","2162460.956","2628168.629","2658003.888","2783441.084","2922455.271","3084480.357","3143970.262","3498856.63","3588834.474","3795106.2","3597193.679","3759864.565","3573515.751","3925134.796","4219144.79","4452748.181","4198004.944","4053468.358","3807329.181","3648327.613","3533627.638","3601795.945","3732786.217","3915190.338","3835574.437","4060845.112","4107162.455","4362100.87","4185942.895","4308054.301","4461414.485","4514641.619","4510867.638","4780936.108","4788028.997","4751999.792","5403905.339","5305960.19","5200927.566","5465782.451","5309622.104","5550434.98","6013096.695","5372220.363","5110790.911","4182764.448","4380952.892","4480728.737","4479638.988","4782205.645","5462016.835","4816055.823","4722790.342","4645224.268","5140333.236","5241875.203","5019150.696","5858853.514","5939708.756","5273042.128"
"Q","Quarterly","JPY","Japanese Yen","4T","Developing countries","P","Non-financial sectors","A","All sectors","I","Cross-border & Local in FCY","D","Debt securities","771","Year-on-year changes, in per cent","Q:JPY:4T:P:A:I:D:771","","","","","","","","","","","","","","","","","","","","","","","","","","","","","","","","","","","","","","","","","","","","","","","","","","","","","","","","","","","","","","","","","","","","","","","","","","","","","","","","","","","","","","","","","","-6.333","2.703","15.639","15.918","21.494","12.044","12.158","9.868","6.715","0.818","-8.671","-11.103","-11.301","-10.194","-19.886","-23.136","-24.836","-22.225","-17.045","-15.19","-10.084","-25.229","-23.43","-15.443","-19.161","-6.535","0.077","-0.575","6.465","6.38","-9.157","-11.201","-14.019","-11.451","2.281","3.534","2.722","-5.806","-2.632","10.174","19.016","29.203","19.175","12.08","17.083","21.158","28.163","9.61","3.845","3.422","3.94","13.957","5.094","0.062","1.768","3.224","6.454","10.088","17.428","8.256","8.734","5.881","-0.596","1.434","-0.574","12.547","7.602","11.324","11.063","5.435","7.312","5.788","9.963","13.947","17.378","12.234","19.29","12.275","14.812"
"Q","Quarterly","JPY","Japanese Yen","4T","Developing countries","P","Non-financial sectors","A","All sectors","I","Cross-border & Local in FCY","D","Debt securities","JPY","Japanese Yen","Q:JPY:4T:P:A:I:D:JPY","","","","","","","","","","","","","","","","","","","","","","","","","","","","","","","","","","","","","","","","","","","","","","","","","","","","","","","","","","","","","","","","","","","","","","","","","","","","","","","","","","","","","","","","","","2213687.937","2426450.884","2623859.102","2700680.223","2686606.671","2714465.446","2945115.739","2969738.968","2870840.767","2741338.951","2689840.609","2639914.41","2546314.952","2461313.408","2154727.221","2028471.03","1913141.279","1918142.514","1790871.351","1723141.748","1723141.498","1434114.704","1369930.471","1455429.962","1391380.163","1338746.328","1370696.794","1447473.593","1480985.725","1424352.59","1245132.538","1286132.662","1274664.993","1261664.22","1273664.625","1327831.43","1305831.057","1185330.761","1238330.063","1464130.572","1563257.799","1540558.33","1483258.784","1658258.449","1861427.213","1897317.339","1880332.976","1787923.069","1881921.899","1910423.625","1956343.58","2036542.48","1973642.686","1908642.653","1986243.509","2096242.94","2096242.635","2096242.193","2333303.021","2274903.551","2284902.123","2224902.618","2320877.517","2308878.153","2273178.02","2503177.074","2537326.848","2605828.178","2559487.336","2678488.766","2717087.565","2756087.951","2808186.338","3049286.898","3185989.237","3090989.012","3390987.541","3460089.124","3699487.52"
"Q","Quarterly","JPY","Japanese Yen","4U","Developing Latin America and Caribbean","N","Non-banks, total","A","All sectors","I","Cross-border & Local in FCY","B","Credit (loans & debt securities)","771","Year-on-year changes, in per cent","Q:JPY:4U:N:A:I:B:771","","","","","","","","","","","","","","","","","","","","","","","","","","","","","","","","","","","","","","","","","","","","","","","","","","","","","","","","","","","","","","","","","","","","","","","","","","","","","","","","","","","","","","","","","","10.09","12.671","24.761","22.192","17.495","12.862","15.97","13.807","9.071","-5.685","-12.179","-14.9","-17.619","-12.48","-23.437","-27.286","-26.403","-24.582","-19.296","-15.586","-13.459","-41.428","-40.302","-40.902","-43.336","-42.123","-36.095","-31.009","-2.037","15.025","34.141","45.607","14.875","43.736","18.409","-6.416","-24.655","-17.133","-22.97","0.92","18.644","5.996","13.806","15.272","27.362","40.926","51.162","27.321","13.324","14.161","5.833","0.334","7.05","-3.946","1.38","3.926","-0.336","-4.196","-3.016","-3.326","-5.071","-2.213","-9.292","-11.355","-11.683","5.169","4.946","6.29","7.69","-13.287","-10.863","-7.984","-7.288","15.738","12.634","14.85","16.83","-0.366","19.052"
"Q","Quarterly","JPY","Japanese Yen","4U","Developing Latin America and Caribbean","N","Non-banks, total","A","All sectors","I","Cross-border & Local in FCY","B","Credit (loans & debt securities)","JPY","Japanese Yen","Q:JPY:4U:N:A:I:B:JPY","","","","","","","","","","","","","","","","","","","","","","","","","","","","","","","","","","","","","","","","","","","","","","","","","","","","","","","","","","","","","","","","","","","","","","","","","","","","","","","","","","","","","","","","","","1905023.107","2085843.459","2156594.196","2233938.01","2228363.995","2342588.89","2492796.433","2522072.348","2422646.826","2203634.556","2180447.079","2156451.55","2006457.101","1939008.177","1678397.194","1568974.195","1457430.526","1443266.568","1336854.505","1307170.644","1263217.58","863259.144","818157.648","787082.355","728185.387","492524.682","513411.579","536514.771","704427.79","566161.285","688326.702","780844.377","835393.352","838308.89","839522.721","742915.612","618605.852","684270.444","636995.158","747461.078","733231.432","724441.312","724081.585","859204.04","931221.988","1017836.943","1091187.175","1093315.403","1056350.388","1123529.12","1116662.115","1060887.869","1124468.868","1111444.628","1164648.277","1206650.612","1189042.883","1129820.847","1198282.203","970839.196","940980.665","920342.88","906572.663","860012.313","830499.714","967354.581","993337.182","954404.58","933823.525","876301.133","885432.213","878193.866","863821.126","1011144.943","994286.86","1005569.828","1008349.982","1007453.269","1184190.549"
"Q","Quarterly","JPY","Japanese Yen","4W","Developing Africa and Middle East","N","Non-banks, total","A","All sectors","I","Cross-border & Local in FCY","B","Credit (loans & debt securities)","771","Year-on-year changes, in per cent","Q:JPY:4W:N:A:I:B:771","","","","","","","","","","","","","","","","","","","","","","","","","","","","","","","","","","","","","","","","","","","","","","","","","","","","","","","","","","","","","","","","","","","","","","","","","","","","","","","","","","","","","","","","","","30.028","27.584","-1.189","-16.33","-19.297","-12.688","3.57","8.953","17.418","34.459","8.636","13.697","8.555","-8.74","-1.68","3","9.92","4.369","0.737","-3.405","-5.873","2.203","10.383","-1.653","-2.942","-7.574","-11.049","1.285","29.112","35.612","28.756","42.014","26.19","17.148","19.717","16.242","-8.983","-11.132","-4.314","-17.545","1.703","23.881","24.944","30.546","17.053","2.978","-2.976","-3.698","-3.627","-6.647","13.894","7.965","2.673","0.555","-17.819","-13.863","-6.832","-1.925","-8.012","-5.87","-14.751","6.238","8.916","11.188","2.22","-16.187","-7.086","-13.718","6.385","13.954","-5.504","-2.313","0.389","-11.036","-6.392","-3.717","1.993","18.755","18.892"
"Q","Quarterly","JPY","Japanese Yen","4W","Developing Africa and Middle East","N","Non-banks, total","A","All sectors","I","Cross-border & Local in FCY","B","Credit (loans & debt securities)","JPY","Japanese Yen","Q:JPY:4W:N:A:I:B:JPY","","","","","","","","","","","","","","","","","","","","","","","","","","","","","","","","","","","","","","","","","","","","","","","","","","","","","","","","","","","","","","","","","","","","","","","","","","","","","","","","","","","","","","","","","","393618.444","382290.741","380072.491","361498.482","363915.518","375703.169","425056.847","430902.092","442225.491","492783.599","467354.006","462806.625","450406.35","453728.068","434593.213","448527.995","457645.594","447578.528","439294.53","421401.765","438340.636","463095.367","493303.934","457544.571","456850.312","440079.43","453114.155","467263.734","590639.328","629920.815","569665.034","627295.074","639841.773","648240.674","633224.497","609287.781","585796.731","532842.23","527925.35","513689.499","567851.09","616109.288","619569.054","597750.703","595436.048","580634.1","558749.761","551068.296","569377.146","536487.157","645140.136","651333.013","655463.092","647031.075","639868.225","659652.834","657219.834","647261.891","646594.418","689364.43","629877.919","784744.141","754258.86","768662.43","645592.693","659370.738","702556.721","663306.421","687229.185","751909.617","664397.241","646205.312","686120.314","666684.413","619824.097","622343.796","701464.579","791828.369","737188.651"
"Q","Quarterly","JPY","Japanese Yen","4Y","Developing Asia and Pacific","N","Non-banks, total","A","All sectors","I","Cross-border & Local in FCY","B","Credit (loans & debt securities)","771","Year-on-year changes, in per cent","Q:JPY:4Y:N:A:I:B:771","","","","","","","","","","","","","","","","","","","","","","","","","","","","","","","","","","","","","","","","","","","","","","","","","","","","","","","","","","","","","","","","","","","","","","","","","","","","","","","","","","","","","","","","","","-7.04","-4.528","-8.374","-12.451","-9.002","-12.121","-10.845","-9.273","-9.456","-4.394","-1.582","0.73","-0.312","0.859","-6.603","-10.085","-15.822","-20.326","-17.911","-7.999","-4.036","-1.797","2.348","3.839","12.252","22.989","34.636","28.157","22.234","6.066","0.945","-7.724","-3.028","5.943","6.332","17.114","6.458","-1.927","-5.927","-11.604","-6.75","0.466","6.307","11.277","13.354","11.859","14.087","6.429","2.173","5.515","0.374","3.531","3.823","-5.183","-6.596","10.145","9.354","14.203","12.093","-34.404","-29.01","-25.969","-31.701","-2.69","-23.976","-22.405","-13.91","-6.372","18.608","29.894","16.527","10.234","3.015","-1.947","14.385","10.959","32.847","20.582","4.679"
"Q","Quarterly","JPY","Japanese Yen","4Y","Developing Asia and Pacific","N","Non-banks, total","A","All sectors","I","Cross-border & Local in FCY","B","Credit (loans & debt securities)","JPY","Japanese Yen","Q:JPY:4Y:N:A:I:B:JPY","","","","","","","","","","","","","","","","","","","","","","","","","","","","","","","","","","","","","","","","","","","","","","","","","","","","","","","","","","","","","","","","","","","","","","","","","","","","","","","","","","","","","","","","","","3757963.763","3778456.357","3626002.854","3427577.06","3509033.816","3388987.941","3258198.906","3182094.778","3221903.878","3219739.707","3227047.111","3145468.029","3144568.456","3259381.358","2954797.534","2764157.597","2356904.717","2326721.347","2220654.653","2312778.487","2861943.078","2882155.479","2876185.317","3099056.133","3268699.652","3571986.883","3894380.227","3976993.758","3997719.187","3834000.524","3917948.992","3630273.776","3738994.173","3945475.04","4087839.895","4042942.938","3968455.379","3776034.431","3699652.917","3594588.446","3662820.931","3731194.897","3864058.531","3883590.211","4033663.419","4069920.849","4277985.568","4040689.521","4107844.041","4268662.564","4313523.736","4390927.368","4559294.846","4485787.139","4479107.7","5140071.75","5026555.892","4984615.115","5184861.905","4980599.725","5324106.282","5570316.076","5076421.069","4838395.094","4040766.112","4312805.131","4359442.423","4522954.187","4784625.164","5596131.133","5074849.784","4986042.392","4917057.155","5484968.928","5801757.596","5530647.732","6582268.486","6650591.078","6108758.877"
"Q","Quarterly","JPY","Japanese Yen","AR","Argentina","N","Non-banks, total","A","All sectors","I","Cross-border & Local in FCY","B","Credit (loans & debt securities)","771","Year-on-year changes, in per cent","Q:JPY:AR:N:A:I:B:771","","","","","","","","","","","","","","","","","","","","","","","","","","","","","","","","","","","","","","","","","","","","","","","","","","","","","","","","","","","","","","","","","","","","","","","","","","","","","","","","","","","","","","","","","","1.74","10.093","9.082","10.936","3.422","-10.015","-9.059","-14.328","-14.121","-16.121","-12.244","-7.057","-6.389","-6.172","-5.988","-8.51","-3.766","-2.659","0.819","3.811","0.128","-91.405","-91.847","-92.261","-92.079","-6.761","-6.573","-3.291","4.729","11.067","19.516","20.124","11.422","10.202","8.256","-13.215","-1.616","-12.166","-13.746","-0.853","-13.553","-8.361","-13.972","-9.663","-7.709","-4.896","0.517","2.052","1.9","-1.305","-1.008","-2.347","-3.139","-4.489","-5.736","-3.706","-3.256","-0.206","-3.637","-19.05","-20.358","-18.627","-16.423","0.598","1.365","1.107","-4.033","-11.991","0.872","-6.543","0.406","5.84","-7.107","-5.378","5.347","-0.279","6.75","13.737","-4.341"
"Q","Quarterly","JPY","Japanese Yen","AR","Argentina","N","Non-banks, total","A","All sectors","I","Cross-border & Local in FCY","B","Credit (loans & debt securities)","JPY","Japanese Yen","Q:JPY:AR:N:A:I:B:JPY","","","","","","","","","","","","","","","","","","","","","","","","","","","","","","","","","","","","","","","","","","","","","","","","","","","","","","","","","","","","","","","","","","","","","","","","","","","","","","","","","","","","","","","","","","454057.359","527283.173","490676.104","491213.637","464646.646","469324.964","441045.718","420953.873","399054.453","393681.518","387081.998","391248.283","373560.531","369388.296","363908.635","357954.705","359389.842","359463.907","366782.906","371486.411","359847.576","30885.912","29894.597","28620.246","28377.727","28679.404","27814.781","27678.051","29718.699","31853.76","33244.438","33249.129","33114.962","35103.49","35987.893","28845.773","32572.725","30827.028","31035.515","28602.741","28158.373","28515.404","26950.382","26081.9","26231.869","27118.233","27088.592","26616.195","26740.224","26721.37","26772.249","25951.14","25850.086","25523.203","25277.463","25526.862","25546.208","26018.673","24843.431","20521.071","20204.711","21026.448","20620.177","20644.405","20481.258","21259.11","19789.079","18170.107","20661.287","19868.925","19869.399","19230.748","19150.496","18801.009","20932.155","19176.093","20486.02","21381.221","20021.441"
"Q","Quarterly","JPY","Japanese Yen","BR","Brazil","N","Non-banks, total","A","All sectors","I","Cross-border & Local in FCY","B","Credit (loans & debt securities)","771","Year-on-year changes, in per cent","Q:JPY:BR:N:A:I:B:771","","","","","","","","","","","","","","","","","","","","","","","","","","","","","","","","","","","","","","","","","","","","","","","","","","","","","","","","","","","","","","","","","","","","","","","","","","","","","","","","","","","","","","","","","","-15.717","10.691","26.087","47.838","58.045","42.414","148.365","125.531","140.81","90.665","7.952","-7.511","-16.189","-17.889","-57.045","-56.104","-53.75","-43.738","4.183","-4.155","-3.322","-20.323","-17.938","-16.49","-37.812","-42.936","-34.262","-23.122","53.592","-22.922","27.475","34.832","-7.515","106.046","-0.195","-26.468","-32.126","-35.43","-21.159","-30.344","-18.323","-18.608","-31.629","-11.726","-9.469","7.861","-2.585","-6.911","-12.675","-16.722","-11.527","-19.585","-15.814","-6.983","-7.773","23.207","23.153","9.946","29.36","19.153","12.9","3.968","0.052","-40.396","-44.367","-42.512","-44.604","-22.589","4.703","-50.807","-40.476","-41.805","-59.342","-3.934","-0.547","9.018","53.553","97.187","228.575"
"Q","Quarterly","JPY","Japanese Yen","BR","Brazil","N","Non-banks, total","A","All sectors","I","Cross-border & Local in FCY","B","Credit (loans & debt securities)","JPY","Japanese Yen","Q:JPY:BR:N:A:I:B:JPY","","","","","","","","","","","","","","","","","","","","","","","","","","","","","","","","","","","","","","","","","","","","","","","","","","","","","","","","","","","","","","","","","","","","","","","","","","","","","","","","","","","","","","","","","","178929.825","248765.171","239148.952","292493.029","279397.363","347671.52","586408.227","655346.957","672931.717","666737.763","632909.047","647400.852","602516.909","584866.568","290443.626","284245.673","278873.338","329314.124","302826.404","272667.981","269640.595","290101.049","274756.582","249382.133","183661.644","164035.794","178970.212","191769.47","282113.213","126345.114","228040.228","258469.82","260844.37","260424.505","227630.385","190841.574","177761.617","168836.227","180184.234","132919.661","145185.247","137417.11","123192.27","115138.783","128976.07","145423.045","117756.261","107177.375","112687.513","121200.764","104249.763","86274.693","94903.276","112775.037","96247.141","149451.335","164344.47","174331.45","174933.993","136098.163","141805.753","138154.155","133409.197","80901.509","78680.8","79422.205","73905.968","62633.26","82389.845","39028.088","43941.268","36405.997","33384.645","37484.987","43692.185","39677.605","51356.692","73897.444","143538.289"
"Q","Quarterly","JPY","Japanese Yen","CL","Chile","N","Non-banks, total","A","All sectors","I","Cross-border & Local in FCY","B","Credit (loans & debt securities)","771","Year-on-year changes, in per cent","Q:JPY:CL:N:A:I:B:771","","","","","","","","","","","","","","","","","","","","","","","","","","","","","","","","","","","","","","","","","","","","","","","","","","","","","","","","","","","","","","","","","","","","","","","","","","","","","","","","","","","","","","","","","","3.836","-3.756","60.592","113.332","56.012","56.983","21.97","0.733","23.547","31.37","52.561","10.967","-8.955","-11.008","-6.099","-0.732","4.677","-0.496","0.93","-6.467","-3.967","14.924","57.697","57.579","42.207","-75.091","-81.107","-71.629","-59.097","139.729","125.665","66.596","41.035","25.297","24.71","19.4","10.257","-5.203","6.543","-10.209","-20.728","-21.913","-38.077","-35.052","39.51","60.442","91.895","78.68","-12.055","-39.779","-39.927","-48.225","-28.728","-20.904","-27.171","-64.484","-79.163","-69.341","-78.421","-44.76","-38.787","-40.551","-37.804","-61.181","-65.333","-83.312","-78.051","-70.979","-53.333","24.838","13.758","38.86","-5.268","-38.326","-24.893","281.965","896.26","952.694","963.35"
"Q","Quarterly","JPY","Japanese Yen","CL","Chile","N","Non-banks, total","A","All sectors","I","Cross-border & Local in FCY","B","Credit (loans & debt securities)","JPY","Japanese Yen","Q:JPY:CL:N:A:I:B:JPY","","","","","","","","","","","","","","","","","","","","","","","","","","","","","","","","","","","","","","","","","","","","","","","","","","","","","","","","","","","","","","","","","","","","","","","","","","","","","","","","","","","","","","","","","","43731.53","43149.548","46143.127","76067.772","67457.13","66974.577","55638.303","76424.284","83282.682","87924.18","84837.071","87655.377","78492.148","80995.591","82462.094","87146.239","81952.957","80387.683","83016.066","81302.722","78702.756","92386.934","131022.721","128220.82","112015.747","23158.573","24890.003","36581.26","46069.062","55522.755","56173.794","60948.237","64990.282","69578.736","70064.332","72781.832","71656.61","65962.138","74651.59","65350.626","56803.494","51509.252","46228.337","40575.037","75746.537","78985.304","84781.433","72484.121","67037.129","47880.766","51270.378","37803.688","47810.331","37881.982","37421.822","14007.019","9155.452","10675.323","7408.636","6965.204","5728.259","6487.433","4709.881","2703.989","1986.522","1083.074","1034.234","785.166","927.348","1352.726","1177.109","1090.729","876.899","834.365","884.125","4168.703","8759.37","8786.766","9405.193"
"Q","Quarterly","JPY","Japanese Yen","CN","China","N","Non-banks, total","A","All sectors","I","Cross-border & Local in FCY","B","Credit (loans & debt securities)","771","Year-on-year changes, in per cent","Q:JPY:CN:N:A:I:B:771","","","","","","","","","","","","","","","","","","","","","","","","","","","","","","","","","","","","","","","","","","","","","","","","","","","","","","","","","","","","","","","","","","","","","","","","","","","","","","","","","","","","","","","","","","-21.019","-17.954","-16.015","-7.276","-7.342","-7.403","-13.886","-24.974","-24.46","-24.293","-17.146","-21.452","-22.103","-20.908","-24.46","-9.506","-7.899","-8.757","-32.576","-32.109","-41.148","-41.437","-45.947","-43.936","-37.967","-37.91","-26.833","-26.245","-21.812","-15.484","-13.231","-8.968","4.515","3.575","35.766","26.923","0.98","-15.461","-14.146","-14.982","7.928","42.809","83.356","61.697","57.97","58.892","44.083","84.98","193.57","237.691","250.571","177.803","57.245","40.867","35.847","104.63","93.855","88.433","64.374","-1.228","23.567","0.853","-13.121","-10.553","-51.547","-50.622","-43.527","-12.079","43.162","69.947","44.822","7.44","5.885","1.833","25.702","22.274","27.15","7.217","-7.171"
"Q","Quarterly","JPY","Japanese Yen","CN","China","N","Non-banks, total","A","All sectors","I","Cross-border & Local in FCY","B","Credit (loans & debt securities)","JPY","Japanese Yen","Q:JPY:CN:N:A:I:B:JPY","","","","","","","","","","","","","","","","","","","","","","","","","","","","","","","","","","","","","","","","","","","","","","","","","","","","","","","","","","","","","","","","","","","","","","","","","","","","","","","","","","","","","","","","","","266412.646","266370.312","246309.253","246251.076","246136.516","245893.307","212161.08","184988.417","186117.185","186010.861","175783.318","145060.414","144717.447","147181.121","132417.418","130837.007","132702.603","133874.446","89336.905","88586.792","78149.269","78481.917","48391.745","50166.259","48842.922","48871.697","35588.466","37128.244","38256.374","41919.65","30439.681","32925.368","37250.415","41103.959","40056.072","38080.081","37377.199","33206.486","32043.942","32807.904","39605.724","45855.419","56425.599","49542.902","58524.416","68803.446","77101.193","88719.857","171363.431","230951.384","271001.062","271775.307","310066.384","396599.082","452151.022","657947.073","644840.803","760721.379","828206.154","830564.106","1034246.064","1012354.475","878722.447","742941.932","501291.691","500058.578","496421.943","648608.09","712508.669","843876.19","713925.205","697176.976","751934.524","858041.672","895995.004","851081.979","957898.165","919901.927","831680.147"
"Q","Quarterly","JPY","Japanese Yen","ID","Indonesia","N","Non-banks, total","A","All sectors","I","Cross-border & Local in FCY","B","Credit (loans & debt securities)","771","Year-on-year changes, in per cent","Q:JPY:ID:N:A:I:B:771","","","","","","","","","","","","","","","","","","","","","","","","","","","","","","","","","","","","","","","","","","","","","","","","","","","","","","","","","","","","","","","","","","","","","","","","","","","","","","","","","","","","","","","","","","-8.141","-4.939","-25.425","13.281","25.3","24.444","24.756","1.786","-14.157","-16.697","-7.063","-8.602","-12.52","9.239","4.534","-18.669","-11.012","-16.708","-19.413","22.598","16.42","3.892","0.885","14.344","3.281","-0.976","16.731","-1.495","7.851","3.612","2.392","-3.05","-0.91","5.451","3.176","-3.675","4.633","-6.775","0.227","2.185","4.651","28.384","32.143","56.719","54.94","38.841","25.678","15.743","8.163","17.802","17.053","17.088","16.516","12.664","16.373","45.606","41.545","38.999","32.837","-0.34","11.323","20.343","22.441","21.347","-4.868","1.758","0.038","3.532","23.997","29.756","8.428","4.609","-4.102","-5.639","14.169","13.069","27.46","20.399","9.99"
"Q","Quarterly","JPY","Japanese Yen","ID","Indonesia","N","Non-banks, total","A","All sectors","I","Cross-border & Local in FCY","B","Credit (loans & debt securities)","JPY","Japanese Yen","Q:JPY:ID:N:A:I:B:JPY","","","","","","","","","","","","","","","","","","","","","","","","","","","","","","","","","","","","","","","","","","","","","","","","","","","","","","","","","","","","","","","","","","","","","","","","","","","","","","","","","","","","","","","","","","271402.725","271421.568","246363.604","288575.565","340414.116","338115.456","307652.481","294087.332","292231.541","281665.467","285945.835","268778.191","256107.312","308239.898","299450.151","218988.339","166398.779","187462.334","176201.876","196028.756","193713.432","194743.681","175715.272","221590.068","197792.512","190656.963","205136.092","218295.99","213335.195","197537.624","210046.159","211638.271","211392.587","208313.878","216715.502","205293.711","222756.448","195585.408","220196.793","211178.629","234653.067","252739.635","290963.402","337799.748","371081.598","358177.07","373249.127","390976.83","492840.651","519853.35","538298.821","562049.317","574177.067","583623.062","624328.899","817786.41","812145.961","810650.432","828600.224","702936.177","779793.312","841471.262","876551.307","854455.508","743192.901","855868.514","875024.427","882757.546","919516.742","1110848.353","949096.438","923764.207","880152.199","1048887.81","1084213.98","1045076.414","1124890.81","1262166.69","1191971.897"
"Q","Quarterly","JPY","Japanese Yen","IN","India","N","Non-banks, total","A","All sectors","I","Cross-border & Local in FCY","B","Credit (loans & debt securities)","771","Year-on-year changes, in per cent","Q:JPY:IN:N:A:I:B:771","","","","","","","","","","","","","","","","","","","","","","","","","","","","","","","","","","","","","","","","","","","","","","","","","","","","","","","","","","","","","","","","","","","","","","","","","","","","","","","","","","","","","","","","","","-31.63","-35.164","-27.356","-30.793","-22.012","-9.292","9.093","-4.76","14.821","8.121","21.722","15.25","27.781","42.417","27.17","25.029","0.147","-28.25","-35.388","-8.216","7.247","28.911","63.556","48.867","99.98","161.122","132.68","120.76","79.722","33.815","39.666","43.901","45.753","45.219","32.437","26.618","6.444","-7.55","-17.525","-23.438","-25.141","-9.427","-2.378","-8.067","-12.637","-20.655","-23.406","-15.279","-12.187","-7.735","-4.795","-22.667","-14.06","-12.793","-10.384","40.896","29.691","14.739","10.468","-22.983","-7.786","10.38","-2.285","10.266","-21.103","-25.591","-12.19","-9.638","11.584","22.327","-12.038","-18.279","-29.418","-22.576","14.593","2.728","42.535","3.679","-7.353"
"Q","Quarterly","JPY","Japanese Yen","IN","India","N","Non-banks, total","A","All sectors","I","Cross-border & Local in FCY","B","Credit (loans & debt securities)","JPY","Japanese Yen","Q:JPY:IN:N:A:I:B:JPY","","","","","","","","","","","","","","","","","","","","","","","","","","","","","","","","","","","","","","","","","","","","","","","","","","","","","","","","","","","","","","","","","","","","","","","","","","","","","","","","","","","","","","","","","","72095.14","70933.647","62390.707","66875.292","55921.71","63992.407","67697.249","64123.115","64216.377","69201.781","82409.687","73896.211","82049.194","98540.63","104790.972","92385.706","114567.948","98578.392","94401.758","118211.902","122778.061","125991.212","151150.905","171598.205","239620.833","323885.904","350738.954","379341.218","431320.368","433715.549","490153.754","546232.852","628929.158","703796.783","725282.933","808004.083","781899.739","680397.72","625523.168","618631.457","585534.21","617683.78","612061.909","554824.184","498891.019","477052.304","456335.725","470097.525","538247.978","570712.539","563312.151","471532.853","488351.389","497864.042","505493.425","663449.846","632430.878","570421.01","557043.958","506806.201","578497.237","631815.8","546201.118","566401.982","462676.933","471091.045","480603.302","511883.511","516258.276","576324.161","422840.83","418411.553","363669.288","446121.05","484383.086","429643.468","519246.312","462475.254","448712.97"
"Q","Quarterly","JPY","Japanese Yen","JP","Japan","G","General government","A","All sectors","A","All","B","Credit (loans & debt securities)","771","Year-on-year changes, in per cent","Q:JPY:JP:G:A:A:B:771","","","","","","","","","","","","","","","","","","","","","","","","","","","","","","","","","","","","","","","","","","","","","","","","","","","","","","","","","","","","","","","","","","","","","","","","","","","","","","","","","","","","","","","","","","9.567","7.957","6.691","7.608","10.549","10.801","9.233","7.317","3.73","3.829","4.836","4.767","6.623","5.865","4.74","6.011","6.937","6.095","7.442","7.119","5.452","6.084","4.81","4.066","0.959","-1.099","0.809","0.332","0.817","0.104","-0.183","0.444","2.004","2.174","1.355","2.365","0.192","3.262","4.051","3.378","4.877","6.256","6.74","6.005","5.232","4.513","5.399","4.93","4.931","4.378","3.664","4.003","4.897","3.199","3.092","3.448","3.115","4.213","3.402","3.416","3.943","2.658","2.532","1.431","2.859","5.04","4.249","3.338","0.393","-1.768","-0.703","0.881","1.28","1.172","0.058","0.99","2.209","2.922","3.724"
"Q","Quarterly","JPY","Japanese Yen","JP","Japan","G","General government","A","All sectors","A","All","B","Credit (loans & debt securities)","JPY","Japanese Yen","Q:JPY:JP:G:A:A:B:JPY","","","","","","","","","","","","","","","","","","","","","","","","","","","","","","","","","","","","","","","","","","","","","","","","","","","","","","","","","","","","","","","","","","","","","","","","","","","","","","","","","","","","","","","","","","629000000","644221200","644764900","660977700","695352100","713800500","704292900","709338700","721292100","741131300","738353000","743153500","769066800","784601300","773351600","787821000","822419000","832419600","830901800","843909800","867257400","883065600","870869300","878225600","875574300","873362500","877915700","881145000","882723600","874269800","876311200","885057900","900415000","893279200","888186000","905991400","902146800","922415000","924169400","936597000","946141500","980121200","986455500","992838600","995645800","1024352600","1039710800","1041781900","1044744900","1069202600","1077801700","1083484500","1095902000","1103403100","1111130600","1120843200","1130042600","1149889500","1148936300","1159128200","1174599000","1180454200","1178028700","1175720400","1208178300","1239951000","1228088700","1214968500","1212930000","1218030500","1219453500","1225674700","1228455000","1232307400","1220161100","1237811800","1255592100","1268318300","1265599400"
"Q","Quarterly","JPY","Japanese Yen","JP","Japan","P","Non-financial sectors","A","All sectors","A","All","B","Credit (loans & debt securities)","771","Year-on-year changes, in per cent","Q:JPY:JP:P:A:A:B:771","","","","","","","","","","","","","","","","","","","","","","","","","","","","","","","","","","","","","","","","","","","","","","","","","","","","","","","","","","","","","","","","","","","","","","","","","","","","","","","","","","","","","","","","","","2.579","1.822","1.601","1.178","2.664","3.098","2.277","1.524","-0.196","0.128","-0.083","0.375","0.887","0.052","-0.301","0.1","0.822","0.789","1.716","1.676","1.818","1.996","1.977","1.828","0.063","-0.376","0.475","0.041","0.419","-0.479","-0.431","0.034","0.47","1.393","0.572","1.584","0.213","1.423","1.645","0.353","1.361","2.116","2.345","1.894","1.489","1.204","1.905","1.808","2.105","1.471","1.273","1.758","2.3","1.943","2.058","2.273","2.084","2.534","1.916","2.043","2.358","1.476","1.402","0.757","1.749","3.555","3.2","2.869","1.263","-0.192","0.369","1.219","1.151","1.507","1.014","1.47","2.705","2.882","3.33"
"Q","Quarterly","JPY","Japanese Yen","JP","Japan","P","Non-financial sectors","A","All sectors","A","All","B","Credit (loans & debt securities)","JPY","Japanese Yen","Q:JPY:JP:P:A:A:B:JPY","","","","","","","","","","","","","","","","","","","","","","","","","","","","","","","","","","","","","","","","","","","","","","","","","","","","","","","","","","","","","","","","","","","","","","","","","","","","","","","","","","","","","","","","","","1614281706.736","1613174294.944","1613623552.447","1625307088.081","1654142821.865","1660632274.956","1648489250.947","1648069121.153","1650058893.366","1662675639.363","1646406534.086","1654983267.099","1665174329.408","1662543114.971","1641763756.752","1656978788.386","1679384506.339","1675990684.884","1668963311.258","1684261368.539","1709264532.646","1709155610.997","1702036209.32","1714066934.892","1709689180.841","1702510201.245","1709470914.788","1714279673.291","1716523730.467","1693209493.212","1701963434.406","1715234574.162","1725545066.131","1717565160.18","1712278159.496","1744155921.883","1729418811.356","1743119425.323","1741807798.503","1749932890.992","1753485552.346","1781332915.43","1783733576.912","1784904637.681","1780995870.619","1803614056.375","1818568667.173","1817641482.601","1819792679.598","1832087262.066","1843455576.899","1849355731.352","1859109216.176","1863013566.212","1876526011.924","1887186424.616","1895919135.17","1909910334.357","1910127631.806","1921561314.92","1936344192.451","1932437151.592","1933835865.572","1936278833.896","1972598130.101","2008040334.06","2002395267.799","1992669754.987","1997682008.56","2000486608.004","2005157434.028","2017861658.476","2022087594.57","2030931177.294","2025138171.646","2049031489.435","2075546711.986","2090952559.475","2095393794.121"
"Q","Quarterly","JPY","Japanese Yen","KR","South Korea","N","Non-banks, total","A","All sectors","I","Cross-border & Local in FCY","B","Credit (loans & debt securities)","771","Year-on-year changes, in per cent","Q:JPY:KR:N:A:I:B:771","","","","","","","","","","","","","","","","","","","","","","","","","","","","","","","","","","","","","","","","","","","","","","","","","","","","","","","","","","","","","","","","","","","","","","","","","","","","","","","","","","","","","","","","","","-4.906","-2.236","20.183","13.66","9.933","6.83","-2.388","1.461","7.278","5.077","6.691","0.038","-2.983","0.981","-16.359","-14.201","-17.033","-21.995","-12.452","-3.859","14.047","16.617","20.74","24.184","15.041","34.704","43.137","34.081","25.785","3.907","-4.354","-16.235","-14.632","-2.499","0.932","12.635","11.095","-0.952","-6.542","-8.622","-9.652","-9.663","-7.436","-7.887","-5.494","-5.019","-1.383","-3.258","-5.318","-1.761","-7.865","-2.87","-4.699","-12.437","-18.193","-10.775","-9.683","-8.772","-6.943","-31.217","-29.903","-34.089","-33.021","-23.941","-26.874","-17.124","-7.976","0.691","2.879","6.52","-1.162","-4.604","-11.632","-1.242","10.592","10.875","48.009","26.296","16.394"
"Q","Quarterly","JPY","Japanese Yen","KR","South Korea","N","Non-banks, total","A","All sectors","I","Cross-border & Local in FCY","B","Credit (loans & debt securities)","JPY","Japanese Yen","Q:JPY:KR:N:A:I:B:JPY","","","","","","","","","","","","","","","","","","","","","","","","","","","","","","","","","","","","","","","","","","","","","","","","","","","","","","","","","","","","","","","","","","","","","","","","","","","","","","","","","","","","","","","","","","477113.819","492638.44","560226.585","546156.072","518468.22","519935.894","539998.642","545705.345","555773.093","545905.676","575537.524","546128.811","539555.166","551205.272","481440.566","468141.841","471550.159","452764.711","447154.141","477385.09","1844003.709","1812470.869","1844904.025","2025637.104","2125260.245","2445269.482","2637229.511","2713748.828","2672724.659","2540943.644","2522927.743","2273322.833","2282138.328","2478006.962","2546559.188","2554385.577","2527701.028","2447017.99","2372370.71","2332580.223","2283210.009","2210163.398","2195973.831","2151872.001","2161169.189","2102064.985","2140086.618","2054055.844","1930621.091","1953109.981","1889583.813","1911695.03","1842828.341","1709044.221","1544777.75","1544825.307","1508001.869","1412711.745","1302602.784","992315.675","987217.335","869496.39","814707.862","742867.433","710552.431","709342.286","737999.363","747114.127","730115.676","754691.628","728575.504","712752.35","643809.8","745156.255","805410.372","790038.99","953833.456","940192.047","937100.326"
"Q","Quarterly","JPY","Japanese Yen","MX","Mexico","N","Non-banks, total","A","All sectors","I","Cross-border & Local in FCY","B","Credit (loans & debt securities)","771","Year-on-year changes, in per cent","Q:JPY:MX:N:A:I:B:771","","","","","","","","","","","","","","","","","","","","","","","","","","","","","","","","","","","","","","","","","","","","","","","","","","","","","","","","","","","","","","","","","","","","","","","","","","","","","","","","","","","","","","","","","","-3.148","3.398","25.23","19.514","22.071","6.037","-6.16","-2.42","-2.201","-23.11","-27.12","-36.088","-37.394","-19.613","-13.804","-17.188","-34.124","-34.341","-50.887","-44.03","-26.047","-48.013","-29.009","-25.14","-20.323","-78.112","-68.123","-69.868","-58.762","116.712","32.491","58.113","55","53.597","152.069","152.201","-9.007","90.749","-44.327","43.319","156.623","21.646","156.55","48.623","80.102","71.788","83.233","10.557","-6.078","26.706","22.926","17.219","19.815","-5.335","18.251","17.97","18.989","11.429","4.942","1.057","-2.959","-2.941","-13.315","-7.372","-6.377","27.671","24.759","19.764","20.278","-8.473","-6.307","-4.496","-4.448","20.461","15.52","17.498","19.658","-7.022","10.597"
"Q","Quarterly","JPY","Japanese Yen","MX","Mexico","N","Non-banks, total","A","All sectors","I","Cross-border & Local in FCY","B","Credit (loans & debt securities)","JPY","Japanese Yen","Q:JPY:MX:N:A:I:B:JPY","","","","","","","","","","","","","","","","","","","","","","","","","","","","","","","","","","","","","","","","","","","","","","","","","","","","","","","","","","","","","","","","","","","","","","","","","","","","","","","","","","","","","","","","","","494247.606","556466.78","623856.387","605872.7","591913.136","579769.545","576017.287","583774.762","578873.762","445716.87","419751.303","373047.367","362473.424","358407.019","361909.493","309024.086","238639.346","235183.286","177635.125","172863.169","176483.385","114068.497","117990.204","123430.619","134122.459","25680.794","38573.607","37415.361","55637.252","55646.139","51098.544","59155.642","86288.782","85521.663","128872.083","149279.798","78457.581","162987.84","71697.75","213224.638","200824.16","197342.443","183067.916","318132.813","363080.595","341101.21","337509.823","351649.446","340650.282","430872.85","413613.595","411035.296","407369.445","407892.935","488289.703","513682.584","513494.014","481488.336","542261.888","599144.587","575124.1","539097.982","543741.721","554689.847","538188.001","687700.651","720281.938","705369.806","687303.3","668861.438","674830.794","673630.513","655282.693","802646.739","776602.317","788501.01","782827.488","746309.761","859378.177"
"Q","Quarterly","JPY","Japanese Yen","MY","Malaysia","N","Non-banks, total","A","All sectors","I","Cross-border & Local in FCY","B","Credit (loans & debt securities)","771","Year-on-year changes, in per cent","Q:JPY:MY:N:A:I:B:771","","","","","","","","","","","","","","","","","","","","","","","","","","","","","","","","","","","","","","","","","","","","","","","","","","","","","","","","","","","","","","","","","","","","","","","","","","","","","","","","","","","","","","","","","","1.48","-1.823","-3.475","-2.186","0.78","1.287","5.64","4.422","7.118","-10.287","-6.821","-18.12","-32.982","-12.206","-20.915","-40.63","-45.861","-51.529","-56.678","-35.04","-15.061","-11.631","-2.686","18.037","-4.667","-26.556","-17.815","-24.23","-23.481","-3.879","-7.545","-6.393","22.244","22.853","17.326","-14.741","-28.77","-41.114","-47.343","-33.901","-24.41","2.361","21.249","-16.452","13.574","2.024","3.174","60.499","42.654","43.616","38.94","8.833","-31.756","-19.862","-5.543","74.666","129.379","119.657","85.636","0.144","26.1","21.73","2.007","11.946","-25.494","-27.531","-5.893","19.903","38.304","50.606","1.672","-18.04","-10.238","-4.001","41.18","32.581","215.993","139.897","113.072"
"Q","Quarterly","JPY","Japanese Yen","MY","Malaysia","N","Non-banks, total","A","All sectors","I","Cross-border & Local in FCY","B","Credit (loans & debt securities)","JPY","Japanese Yen","Q:JPY:MY:N:A:I:B:JPY","","","","","","","","","","","","","","","","","","","","","","","","","","","","","","","","","","","","","","","","","","","","","","","","","","","","","","","","","","","","","","","","","","","","","","","","","","","","","","","","","","","","","","","","","","284417.55","286887.845","281437.2","286850.748","282847.862","286738.548","293384.97","295345.406","302979.493","257224.874","273346.461","241795.798","203024.664","225811.034","216164.164","143543.679","191321.488","190520.994","163005.772","162323.452","162507.362","168362.773","171415.196","207053.066","167425.752","133679.236","140938.075","156951.832","128168.685","128505.032","130317.362","146941.825","156710.453","157798.266","152824.734","125178.254","111509.296","92891.911","80447.408","82737.13","84294.989","95169.99","97628.422","69178.51","95802.902","97076.559","100704.569","111019.249","54471.065","56913.423","57119.037","49338.504","38096.84","45642.611","53843.439","86166.271","87335.217","100187.118","100158.673","84182.223","107816.613","119407.458","100031.62","94593.25","80370.293","86567.637","94171.27","113424.17","111144.011","130385.524","95767.75","92988.263","99578.661","125144.957","135160.831","123235.438","352773.376","335966.742","322284.703"
"Q","Quarterly","JPY","Japanese Yen","RU","Russia","N","Non-banks, total","A","All sectors","I","Cross-border & Local in FCY","B","Credit (loans & debt securities)","771","Year-on-year changes, in per cent","Q:JPY:RU:N:A:I:B:771","","","","","","","","","","","","","","","","","","","","","","","","","","","","","","","","","","","","","","","","","","","","","","","","","","","","","","","","","","","","","","","","","","","","","","","","","","","","","","","","","","","","","","","","","","-17.878","-34.684","-60.933","-20.348","-42.523","-52.166","50.657","-75.685","-9.859","108.94","-9.996","51.063","123.889","-39.499","49.437","136.598","146.245","353.092","64.243","132.84","-42.87","-12.816","60.243","21.597","54.26","-6.897","-4.476","1.153","57.701","103.308","89.641","785.262","3330.713","3505.451","2865.869","393.194","-10.526","-84.207","-83.666","-81.023","-81.676","2.588","3.67","-58.209","-59.077","-56.755","-53.848","1.493","2.933","-11.187","-16.833","-54.024","-48.125","-28.757","-29.032","45.024","34.472","2.646","-20.901","-41.44","-45.646","-38.872","-36.472","-23.776","-2.368","59.897","103.489","-40.04","0.804","-62.34","-67.652","18.538","-54.872","2.109","29.646","5.116","6.446","-22.218","-36.165"
"Q","Quarterly","JPY","Japanese Yen","RU","Russia","N","Non-banks, total","A","All sectors","I","Cross-border & Local in FCY","B","Credit (loans & debt securities)","JPY","Japanese Yen","Q:JPY:RU:N:A:I:B:JPY","","","","","","","","","","","","","","","","","","","","","","","","","","","","","","","","","","","","","","","","","","","","","","","","","","","","","","","","","","","","","","","","","","","","","","","","","","","","","","","","","","","","","","","","","","1856.527","1578.642","866.538","1608.684","877.695","621.286","1074.56","392.591","794.429","1303.458","970.954","593.068","1897.091","841.201","1547.546","1496.991","4674.123","3812.424","2542.436","3485.867","2669.7","3323.271","4073.245","4238.705","4118.226","3095.453","3892.749","4289.659","6496.919","6292.579","7382.182","38262.059","224923.421","228736.2","220724.842","187497.926","199683.636","35915.284","35843.313","35621.294","36629.968","36844.682","37158.636","14880.224","14983.741","15925.754","17140.761","15100.859","14707.412","14755.779","14872.463","7257.209","8360.937","10532.324","8974.411","8952.366","9562.218","9193.617","7113.384","3911.438","3878.926","4194.423","3372.599","2981.611","3786.671","6704.929","6860.986","1788.779","3820.097","2525.895","2220.229","2119.431","1719.278","2577.811","2876.722","2226.062","1832.799","2004.694","1836.041"
"Q","Quarterly","JPY","Japanese Yen","SA","Saudi Arabia","N","Non-banks, total","A","All sectors","I","Cross-border & Local in FCY","B","Credit (loans & debt securities)","771","Year-on-year changes, in per cent","Q:JPY:SA:N:A:I:B:771","","","","","","","","","","","","","","","","","","","","","","","","","","","","","","","","","","","","","","","","","","","","","","","","","","","","","","","","","","","","","","","","","","","","","","","","","","","","","","","","","","","","","","","","","","23.981","30.28","-16.354","-29.127","12.909","-4.805","24.463","44.488","53.724","36.014","10.301","-4.178","-21.845","-9.726","-3.671","-14.946","-1.714","-18.058","-19.794","25.441","-29.681","9.272","28.171","-10.489","9.493","-34.482","-32.73","-19.022","11.786","126.107","118.718","62.408","55.308","10.796","-9.604","7.028","-11.938","-27.463","-29.01","-21.872","-20.094","-8.492","-8.85","-24.322","-18.923","-27.421","-29.539","-5.726","-10.878","-11.635","-5.066","13.453","-30.421","-28.658","-35.073","-46.742","5.257","17.043","33.959","-12.519","-19.755","-14.31","-15.917","18.635","38.9","27.532","28.165","17.4","-21.41","2.533","-13.242","-7.904","-51.368","-68.271","-69.129","-65.22","-5.525","19.521","27.413"
"Q","Quarterly","JPY","Japanese Yen","SA","Saudi Arabia","N","Non-banks, total","A","All sectors","I","Cross-border & Local in FCY","B","Credit (loans & debt securities)","JPY","Japanese Yen","Q:JPY:SA:N:A:I:B:JPY","","","","","","","","","","","","","","","","","","","","","","","","","","","","","","","","","","","","","","","","","","","","","","","","","","","","","","","","","","","","","","","","","","","","","","","","","","","","","","","","","","","","","","","","","","37027.404","42202.363","38885.875","33322.74","41251.665","39638.015","47758.2","48157.768","63421.947","53915.771","52674.233","46140.652","49561.508","48669.458","50737.401","39242.539","48299.271","39540.283","40347.356","48802.138","33958.584","43202.523","51707.585","43682.208","37181.698","28317.661","34798.82","35389.688","41580.282","64036.244","76128.756","57475.084","64592.179","63454.962","61542.995","55016.902","50859.437","46020.096","43681.026","42981.671","40640.658","42111.695","39814.675","32525.08","32947.674","30564.578","28055.506","30666.359","34053.896","31349.687","30914.125","40365.294","23725.725","22373.288","19550.478","21053.396","24436.884","25624.973","26320.366","16211.074","17259.805","19328.95","19481.294","19233.714","23972.403","24646.79","24964.193","22577.367","18856.153","25300.037","21684.442","20817.297","9151.355","8027.972","6694.478","7240.939","8666.859","9595.338","8529.35"
"Q","Quarterly","JPY","Japanese Yen","TR","Turkey","N","Non-banks, total","A","All sectors","I","Cross-border & Local in FCY","B","Credit (loans & debt securities)","771","Year-on-year changes, in per cent","Q:JPY:TR:N:A:I:B:771","","","","","","","","","","","","","","","","","","","","","","","","","","","","","","","","","","","","","","","","","","","","","","","","","","","","","","","","","","","","","","","","","","","","","","","","","","","","","","","","","","","","","","","","","","-23.995","-22.935","-0.311","10.082","31.496","9.429","-5.076","-24.21","-31.243","-25.785","-25.228","-14.674","-16.72","-22.401","-21.216","-43.326","-42.534","-38.316","-64.578","-49.535","-53.943","-43.106","17.727","4.206","-0.878","-24.116","-25.117","-32.139","-12.276","-1.339","-13.237","22.014","3.713","21.661","13.25","-14.235","-17.619","-37.759","-41.836","-37.218","-24.973","-18.929","-7.704","-12.564","467.663","497.945","496.563","560.406","46.205","47.115","42.489","41.84","5.207","8.206","7.377","9","1.889","-1.365","61.224","58.169","61.214","67.129","0.506","0.738","-1.847","-3.283","-1.815","0.392","2.309","3.698","1.355","23.484","23.353","23.247","26.637","1.506","2.114","-0.366","-1.813"
"Q","Quarterly","JPY","Japanese Yen","TR","Turkey","N","Non-banks, total","A","All sectors","I","Cross-border & Local in FCY","B","Credit (loans & debt securities)","JPY","Japanese Yen","Q:JPY:TR:N:A:I:B:JPY","","","","","","","","","","","","","","","","","","","","","","","","","","","","","","","","","","","","","","","","","","","","","","","","","","","","","","","","","","","","","","","","","","","","","","","","","","","","","","","","","","","","","","","","","","362189.118","368515.059","428257.343","470384.818","473429.529","400886.047","404473.667","355693.484","325634.658","297591.777","302507.25","303485.631","272008.998","231643.623","239068.738","172522.684","156197.31","142773.469","84614.969","86996.649","71937.037","81228.773","99611.398","89004.748","70009.842","60533.299","73254.464","60412.7","61425.416","59717.808","63555.977","73720.478","63696.448","55008.378","54494.481","47856.547","39721.614","34227.446","31686.646","30040.953","29803.149","27660.734","29153.005","26182.689","189602.763","185951.987","195526.606","194403.903","280010.188","276493.986","281597.282","278708.909","294442.415","298848.386","302049.48","303734.792","300284.808","295044.155","494480.225","524572.696","528611.367","538447.558","534910.8","528449.643","518861.325","520778.522","525206.144","530523.09","530920.345","540127.262","532411.643","654470.786","652752.52","664911.377","673436.312","664304.766","667975.847","662469.401","661218.439"
"Q","Quarterly","JPY","Japanese Yen","TW","Chinese Taipei","N","Non-banks, total","A","All sectors","I","Cross-border & Local in FCY","B","Credit (loans & debt securities)","771","Year-on-year changes, in per cent","Q:JPY:TW:N:A:I:B:771","","","","","","","","","","","","","","","","","","","","","","","","","","","","","","","","","","","","","","","","","","","","","","","","","","","","","","","","","","","","","","","","","","","","","","","","","","","","","","","","","","","","","","","","","","9.274","1.33","-2.683","-13.981","-18.298","-9.665","0.584","-7.633","-0.23","-8.969","-10.315","-0.408","-1.852","6.329","5.279","17.25","6.125","-6.534","-13.711","-12.387","-20.668","-15.43","-9.864","-20.361","-0.174","9.888","27.529","30.814","45.173","14.422","21.183","7.208","-14.277","-0.46","-4.438","-0.511","-10.073","-17.504","-34.107","-30.244","-16.649","8.17","13.743","8.354","14.812","5.509","21.373","30.869","0.052","-13.039","-7.591","-18.97","11.531","19.975","1.518","31.331","19.869","12.496","2.275","-8.12","-13.388","-7.896","2.319","-6.782","-12.56","-6.079","-8.707","-10.643","22.336","12.736","3.047","14.997","-1.003","5.049","8.147","-4.141","-7.11","-10.393","-10.836"
"Q","Quarterly","JPY","Japanese Yen","TW","Chinese Taipei","N","Non-banks, total","A","All sectors","I","Cross-border & Local in FCY","B","Credit (loans & debt securities)","JPY","Japanese Yen","Q:JPY:TW:N:A:I:B:JPY","","","","","","","","","","","","","","","","","","","","","","","","","","","","","","","","","","","","","","","","","","","","","","","","","","","","","","","","","","","","","","","","","","","","","","","","","","","","","","","","","","","","","","","","","","59922.112","57965.666","55060.928","352047.234","336745.614","360171.368","380954.517","324085.994","336097.579","327997.482","341775.667","322747.334","329856.732","348737.693","359804.445","378524.766","371540.844","345950.246","329521.827","351867.516","294734.88","292558.624","295762.86","279048.066","292982.364","320092.749","377124.834","364978.504","425252.88","366203.415","457003.229","391233.902","364463.113","364470.1","436587.055","389106.358","327629.395","300568.752","287596.594","271385.343","273086.536","325102.285","327096.716","294026.723","313499.6","342966.738","396927.762","384723.41","286959.669","295443.006","363383.057","308938.957","346589.218","354716.275","369370.284","366534.601","375281.398","360279.189","340881.811","310173.628","299432.682","305694.713","321311.157","290439.827","263025.361","288416.133","294665.837","259550.688","321785.331","325168.956","303671.856","297580.476","316910.495","340517.378","327380.433","285202.133","294952.884","306090.823","292825.626"
"Q","Quarterly","JPY","Japanese Yen","ZA","South Africa","N","Non-banks, total","A","All sectors","I","Cross-border & Local in FCY","B","Credit (loans & debt securities)","771","Year-on-year changes, in per cent","Q:JPY:ZA:N:A:I:B:771","","","","","","","","","","","","","","","","","","","","","","","","","","","","","","","","","","","","","","","","","","","","","","","","","","","","","","","","","","","","","","","","","","","","","","","","","","","","","","","","","","","","","","","","","","1.539","-1.499","-21.811","-30.044","-28.35","-16.34","41.552","51.826","46.142","28.945","-2.322","0.546","-1.962","-3.093","-3.705","-5.273","-0.258","-29.321","-30.072","-28.372","-30.666","-2.766","-2.399","-1.189","1.203","-0.187","0.101","-0.25","-1.391","7.416","-58.178","-59.724","-61.136","-63.609","-8.252","-6.308","2.962","7.474","34.255","34.031","28.747","22.268","2.748","4.081","3.418","5.696","0.713","3.302","0.987","-3.771","-2.691","-7.594","1.93","-1.347","-6.859","-7.155","-14.615","-13.733","-9.137","-13.067","-12.369","-6.204","-5.339","-1.562","-1.404","-4.623","-6.237","-2.366","-3.323","-1.492","0.704","0.681","-1.038","2.594","1.731","-2.149","0.579","-4.572","7.349"
"Q","Quarterly","JPY","Japanese Yen","ZA","South Africa","N","Non-banks, total","A","All sectors","I","Cross-border & Local in FCY","B","Credit (loans & debt securities)","JPY","Japanese Yen","Q:JPY:ZA:N:A:I:B:JPY","","","","","","","","","","","","","","","","","","","","","","","","","","","","","","","","","","","","","","","","","","","","","","","","","","","","","","","","","","","","","","","","","","","","","","","","","","","","","","","","","","","","","","","","","","144802.987","142885.493","112764.046","100394.249","101957.797","117466.226","158177.375","152770.252","150257.989","152751.225","154516.613","153604.062","147311.011","148025.699","148791.674","145504.486","145684.233","103724.753","103154.313","103328.304","100999.14","97865.059","97920.233","99301.603","99413.102","97910.582","98021.434","99055.966","98032.52","105176.196","40957.917","39859.267","38061.589","38235.408","37574.521","37976.108","39856.488","41792.651","51571.967","51167.315","51581.587","51366.151","52989.243","53255.44","53344.822","54290.786","53366.777","55013.218","54390.439","54506.736","54180.026","53039.636","57286.216","53767.983","50493.877","49036.487","48702.274","46185.137","45652.54","34760.505","34923.434","35448.557","35362.826","34332.524","34433.305","33809.701","33157.406","33520.432","33289.378","33305.703","33390.808","33748.601","32872.185","34167.167","33966.501","33130.653","33242.12","32713.047","36583.696"
"Q","Quarterly","TO1","All currencies","2A","Other developing Europe","N","Non-banks, total","B","Banks, total","N","Cross-border","A","All instruments","770","Percentage of GDP","Q:TO1:2A:N:B:N:A:770","","","","","","","","","","","","","","","","","","","","","","","","","","","","","","","","","","","","","","","","","","","","","","","","","","","","","","","","","","","","","","","","","","","","","","","","","","","","","","","","","","","","","","","","","","8.819","8.419","8.199","8.133","8.433","8.122","8.648","8.588","8.138","8.428","8.098","7.712","7.351","6.846","6.796","6.627","6.746","6.692","6.412","6.13","5.898","5.928","5.877","6.582","6.684","6.811","6.68","6.803","7.132","7.822","8.142","8.066","8.298","7.865","7.697","8.367","8.855","8.228","8.185","7.854","7.229","6.694","6.482","6.192","6.033","5.997","6.41","6.066","5.469","5.7","5.581","5.456","5.745","5.859","5.836","5.753","5.671","5.495","5.774","6.621","6.389","6.333","6.852","7.789","7.561","7.73","7.737","7.396","7.123","7.242","7.111","7.112","7.176","7.334","7.555","7.397","7.476","7.195","7.192"
"Q","Quarterly","TO1","All currencies","2A","Other developing Europe","N","Non-banks, total","B","Banks, total","N","Cross-border","A","All instruments","771","Year-on-year changes, in per cent","Q:TO1:2A:N:B:N:A:771","","","","","","","","","","","","","","","","","","","","","","","","","","","","","","","","","","","","","","","","","","","","","","","","","","","","","","","","","","","","","","","","","","","","","","","","","","","","","","","","","","","","","","","","","","2.767","6.048","10.432","8.952","5.791","2.912","-3.947","-0.627","3.405","8.119","6.285","5.524","7.008","6.982","11.797","12.521","18.141","14.406","9.519","12.592","5.287","8.493","14.061","24.871","34.592","33.431","27.033","18.382","21.035","41.431","56.915","54.03","48.337","26.661","13.921","2.114","-5.005","-10.849","-13.154","-8.896","-8.334","-10.367","-7.644","-7.068","-4.135","6.114","6.699","7.999","2.636","1.734","3.169","3.655","20.482","14.315","11.625","6.385","-8.094","-6.115","-5.19","-6.434","-6.52","-8.298","-10.997","-6.358","-3.331","1.008","4.426","2.751","3.146","-0.392","-0.543","3.407","2.239","1.056","1.296","0.886","4.325","5.287","7.767"
"Q","Quarterly","TO1","All currencies","2A","Other developing Europe","S","Non-financial private sector","B","Banks, total","A","All","B","Credit (loans & debt securities)","770","Percentage of GDP","Q:TO1:2A:S:B:A:B:770","","","","","","","","","","","","","","","","","","","","","","","","","","","","","","","","","","","","","","","","","","","","","","","","","","","","","","","","","","","","","","","","","","","","","","","","","","","","","","","","","","","","","","","","","","33.356","32.118","31.709","31.485","31.843","31.847","32.672","31.939","30.734","31.577","31.121","31.255","31.917","30.896","31.632","32.116","32.08","33.259","33.287","34.219","33.275","34.087","34.957","36.836","37.186","37.911","38.281","39.848","40.645","42.971","44.843","45.428","46.192","46.297","46.343","47.848","50.046","50.86","52.182","51.487","49.697","49.244","49.147","48.877","48.071","48.139","48.895","48.561","47.695","49.089","49.521","50.084","51.042","52.876","53.968","54.476","55.242","55.541","57.094","60.917","61.371","61.817","64.136","65.849","65.819","65.44","65.583","64.671","63.516","64.134","63.39","63.018","62.644","62.669","62.789","60.8","61.15","60.827","61.337"
"Q","Quarterly","TO1","All currencies","2A","Other developing Europe","S","Non-financial private sector","B","Banks, total","A","All","B","Credit (loans & debt securities)","771","Year-on-year changes, in per cent","Q:TO1:2A:S:B:A:B:771","","","","","","","","","","","","","","","","","","","","","","","","","","","","","","","","","","","","","","","","","","","","","","","","","","","","","","","","","","","","","","","","","","","","","","","","","","","","","","","","","","","","","","","","","","17.545","22.081","27.899","28.166","25.14","21.86","17.431","16.5","16.944","16.595","14.193","11.681","15.083","21.437","26.582","28.897","32.338","30.735","27.666","33.851","28.696","30.693","34.484","34.917","39.272","37.315","36.112","32.554","32.928","38.427","42.925","41.617","43.572","38.929","32.236","23.391","14.796","5.209","0.763","0.407","1.32","5.36","8.42","11.665","14.403","16.777","18.342","18.891","17.931","17.893","16.835","16.484","18.382","17.709","17.301","15.022","13.478","11.072","10.632","13.35","11.362","9.895","8.716","6.764","6.846","6.464","5.158","3.362","3.819","5.087","5.597","6.129","5.82","5.427","5.208","4.347","6.57","6.282","7.216"
"Q","Quarterly","TO1","All currencies","2A","Other developing Europe","S","Non-financial private sector","B","Banks, total","R","Local","B","Credit (loans & debt securities)","770","Percentage of GDP","Q:TO1:2A:S:B:R:B:770","","","","","","","","","","","","","","","","","","","","","","","","","","","","","","","","","","","","","","","","","","","","","","","","","","","","","","","","","","","","","","","","","","","","","","","","","","","","","","","","","","","","","","","","","","24.537","23.699","23.509","23.352","23.41","23.725","24.024","23.351","22.596","23.149","23.023","23.543","24.566","24.051","24.836","25.49","25.334","26.568","26.875","28.089","27.377","28.159","29.08","30.254","30.502","31.1","31.601","33.045","33.513","35.149","36.701","37.363","37.894","38.431","38.647","39.48","41.191","42.631","43.998","43.633","42.468","42.55","42.664","42.685","42.038","42.142","42.485","42.495","42.227","43.389","43.94","44.627","45.297","47.017","48.132","48.722","49.571","50.046","51.32","54.296","54.982","55.484","57.284","58.061","58.257","57.711","57.845","57.275","56.393","56.892","56.279","55.906","55.468","55.335","55.235","53.403","53.674","53.632","54.145"
"Q","Quarterly","TO1","All currencies","2A","Other developing Europe","S","Non-financial private sector","B","Banks, total","R","Local","B","Credit (loans & debt securities)","771","Year-on-year changes, in per cent","Q:TO1:2A:S:B:R:B:771","","","","","","","","","","","","","","","","","","","","","","","","","","","","","","","","","","","","","","","","","","","","","","","","","","","","","","","","","","","","","","","","","","","","","","","","","","","","","","","","","","","","","","","","","","31.459","35.535","42.303","41.982","38.025","31.899","26.981","23.548","20.9","16.84","15.749","12.391","17.296","31.141","35.753","38.837","40.58","38.884","36.856","41.437","37.016","38.426","40.301","38.097","40.523","38.27","38.316","36.194","36.099","37.252","39.275","38.79","42.192","40.678","36.511","28.173","19.531","9.54","4.071","3.427","4.578","9.923","13.131","16.608","18.545","19.059","21.529","21.571","21.06","21.521","19.165","18.654","19.564","19.179","19.394","17.106","16.879","13.288","12.944","18.042","15.832","14.616","13.46","8.985","8.482","7.425","5.202","3.43","4.011","5.885","6.614","6.656","6.265","6.045","5.713","4.769","6.606","6.135","7.081"
"Q","Quarterly","TO1","All currencies","2R","Residual developed countries","N","Non-banks, total","B","Banks, total","N","Cross-border","A","All instruments","770","Percentage of GDP","Q:TO1:2R:N:B:N:A:770","","","","","","","","","","","","","","","","","","","","","","","","","","","","","","","","","","","","","","","","","","","","","","","","","","","","","","","","","","","","","","","","","","","","","","","","","","","","","","","","","","","","","","","","","","6.852","6.82","6.979","6.935","7.641","7.629","7.606","7.878","8.016","7.785","8.147","8.079","9.007","9.313","9.144","9.2","10.032","10.404","11.105","11.379","11.921","12.236","12.22","12.303","13.266","13.554","14.127","15.012","15.886","16.909","16.378","16.629","17.208","16.776","16.337","15.751","15.653","15.638","15.461","15.107","15.173","14.253","14.466","13.722","14.49","14.69","14.759","14.473","14.116","14.005","14.006","14.243","14.788","14.925","15.179","15.473","15.418","15.23","16.269","16.412","17.221","16.604","17.091","16.944","17.388","17.523","18.291","18.351","18.171","17.936","17.89","17.712","18.151","19.007","18.907","18.574","19.984","20.314","21.879"
"Q","Quarterly","TO1","All currencies","2R","Residual developed countries","N","Non-banks, total","B","Banks, total","N","Cross-border","A","All instruments","771","Year-on-year changes, in per cent","Q:TO1:2R:N:B:N:A:771","","","","","","","","","","","","","","","","","","","","","","","","","","","","","","","","","","","","","","","","","","","","","","","","","","","","","","","","","","","","","","","","","","","","","","","","","","","","","","","","","","","","","","","","","","-5.794","-5.98","-7.702","-12.688","-8.377","-4.367","-8.22","6.097","3.543","2.033","9.658","4.053","18.113","23.455","22.819","22.19","15.232","14.272","19.762","30.097","20.887","19.812","11.819","5.819","12.719","2.987","11.583","18.112","15.332","28.296","20.309","16.169","15.678","2.429","-0.113","-16.71","-24.478","-17.091","-17.051","-7.982","0.456","-6.642","-0.686","6.782","7.83","11.098","14.069","18.63","15.986","13.674","7.591","-1.244","1.295","-0.743","-1.915","4.057","1.582","6.579","12.758","14.16","18.331","16.039","10.9","6.105","7.354","9.383","14.243","11.964","5.075","0.94","0.068","1.732","7.71","16.021","6.993","3.363","6.037","3.308","15.764"
"Q","Quarterly","TO1","All currencies","2R","Residual developed countries","S","Non-financial private sector","B","Banks, total","A","All","B","Credit (loans & debt securities)","770","Percentage of GDP","Q:TO1:2R:S:B:A:B:770","","","","","","","","","","","","","","","","","","","","","","","","","","","","","","","","","","","","","","","","","","","","","","","","","","","","","","","","","","","","","","","","","","","","","","","","","","","","","","","","","","","","","","","","","","105.251","104.51","104.614","104.818","105.082","104.025","104.268","105.152","104.094","103.478","103.572","104.666","104.055","104.16","104.133","104.684","104.696","104.949","105.119","106.465","106.954","106.894","108.455","109.236","110.05","110.624","112.466","114.671","115.941","117.181","117.721","119.484","120.507","120.834","119.389","119.837","120.567","123.456","124.282","125.044","126.64","123.688","123.287","121.753","121.953","121.952","121.893","123.14","123.094","122.053","122.462","123.821","125.055","124.666","125.236","126.047","124.971","124.608","125.907","126.484","127.35","126.094","126.626","127.553","128.528","128.694","130.89","131.816","131.704","131.237","131.087","131.204","131.091","132.649","133.167","132.88","134.551","134.968","136.488"
"Q","Quarterly","TO1","All currencies","2R","Residual developed countries","S","Non-financial private sector","B","Banks, total","A","All","B","Credit (loans & debt securities)","771","Year-on-year changes, in per cent","Q:TO1:2R:S:B:A:B:771","","","","","","","","","","","","","","","","","","","","","","","","","","","","","","","","","","","","","","","","","","","","","","","","","","","","","","","","","","","","","","","","","","","","","","","","","","","","","","","","","","","","","","","","","","2.72","2.243","2.668","2.919","3.497","3.089","2.192","2.432","0.647","0.492","1.002","1.436","2.188","3.743","3.484","3.344","4.507","4.208","4.785","5.949","5.894","5.78","7.248","6.256","6.767","7.385","7.63","8.974","9.284","10.363","9.435","8.793","7.159","5.785","2.933","-0.591","-2.305","-1.075","-0.481","1.163","4.308","1.222","2.217","2.315","1.253","2.179","1.798","4.102","4.217","3.899","4.457","2.375","2.27","2.097","2.465","3.028","2.822","4.042","3.973","3.978","4.711","3.57","2.738","2.71","2.857","3.63","5.033","4.389","4.334","4.094","3.45","4.069","3.689","4.693","4.151","3.23","4.692","4.012","4.939"
"Q","Quarterly","TO1","All currencies","2R","Residual developed countries","S","Non-financial private sector","B","Banks, total","R","Local","B","Credit (loans & debt securities)","770","Percentage of GDP","Q:TO1:2R:S:B:R:B:770","","","","","","","","","","","","","","","","","","","","","","","","","","","","","","","","","","","","","","","","","","","","","","","","","","","","","","","","","","","","","","","","","","","","","","","","","","","","","","","","","","","","","","","","","","98.4","97.691","97.635","97.883","97.44","96.396","96.662","97.274","96.078","95.693","95.425","96.587","95.048","94.847","94.988","95.484","94.663","94.545","94.014","95.086","95.033","94.658","96.235","96.933","96.784","97.07","98.339","99.659","100.054","100.272","101.343","102.855","103.299","104.058","103.052","104.085","104.914","107.819","108.821","109.936","111.467","109.435","108.821","108.031","107.463","107.262","107.134","108.668","108.978","108.047","108.456","109.578","110.267","109.742","110.057","110.574","109.554","109.379","109.637","110.071","110.129","109.49","109.534","110.609","111.139","111.171","112.599","113.466","113.534","113.301","113.196","113.492","112.94","113.642","114.26","114.306","114.567","114.654","114.609"
"Q","Quarterly","TO1","All currencies","2R","Residual developed countries","S","Non-financial private sector","B","Banks, total","R","Local","B","Credit (loans & debt securities)","771","Year-on-year changes, in per cent","Q:TO1:2R:S:B:R:B:771","","","","","","","","","","","","","","","","","","","","","","","","","","","","","","","","","","","","","","","","","","","","","","","","","","","","","","","","","","","","","","","","","","","","","","","","","","","","","","","","","","","","","","","","","","3.051","2.609","2.999","3.301","3.313","2.73","2.046","1.946","0.599","0.656","0.85","1.418","1.354","2.44","2.444","2.143","3.283","3.214","3.14","3.886","4.433","4.133","6.439","6.183","6.328","7.388","6.982","7.425","7.788","7.793","7.625","7.407","6.24","6.22","3.316","0.033","-0.933","-0.088","0.052","2.051","4.878","2","2.724","2.301","0.559","0.889","0.772","3.346","4.084","3.871","4.485","2.663","2.246","2.412","2.855","3.218","3.217","4.194","3.71","2.935","3.089","2.468","1.981","2.788","2.803","2.782","3.776","3.36","3.801","4.097","3.629","3.901","3.471","3.951","4.078","3.267","3.833","3.144","2.674"
"Q","Quarterly","TO1","All currencies","4U","Developing Latin America and Caribbean","N","Non-banks, total","B","Banks, total","N","Cross-border","A","All instruments","770","Percentage of GDP","Q:TO1:4U:N:B:N:A:770","","","","","","","","","","","","","","","","","","","","","","","","","","","","","","","","","","","","","","","","","","","","","","","","","","","","","","","","","","","","","","","","","","","","","","","","","","","","","","","","","","","","","","","","","","7.92","7.935","7.796","7.735","7.938","8.386","8.486","7.858","8.824","9.811","10.523","10.135","9.66","8.669","8.641","8.461","8.622","8.471","7.396","6.878","6.57","5.751","5.341","5.544","5.677","6.268","6.12","6.254","6.305","6.238","6.135","6.084","6.218","5.979","6.712","7.363","7.16","6.532","6.744","6.489","6.611","6.703","6.636","6.52","6.371","6.155","6.896","6.75","6.58","6.704","6.472","6.605","6.362","6.398","6.454","6.58","6.426","6.173","6.468","6.784","7.683","7.557","8.455","8.871","8.155","7.915","7.78","7.504","6.662","6.774","6.89","7.021","6.915","7.356","7.679","7.456","7.562","7.567","7.799"
"Q","Quarterly","TO1","All currencies","4U","Developing Latin America and Caribbean","N","Non-banks, total","B","Banks, total","N","Cross-border","A","All instruments","771","Year-on-year changes, in per cent","Q:TO1:4U:N:B:N:A:771","","","","","","","","","","","","","","","","","","","","","","","","","","","","","","","","","","","","","","","","","","","","","","","","","","","","","","","","","","","","","","","","","","","","","","","","","","","","","","","","","","","","","","","","","","-8.84","-8.084","-2.118","-5.114","1.854","10.098","1.393","4.704","7.274","-0.886","2.696","1.705","-4.721","-3.763","-2.705","-3.996","3.566","1.067","-4.234","-4.498","-12.291","-11.736","-6.434","-0.354","12.074","25.692","29.405","29.944","27.162","22.943","19.793","18.225","18.429","16.873","21.204","5.671","-1.79","-3.937","1.134","13.224","23.742","27.534","22.719","25.133","20.047","15.318","9.735","5.288","6.203","1.168","0.366","2.184","-0.231","-1.086","-1.901","-4.137","-4.967","-0.89","0.368","1.583","5.601","5.264","3.25","2.453","-4.279","-2.432","-2.26","-4.165","-3.684","-5.195","3.268","5.317","9.235","3.574","-1.065","-0.464","0.307","7.549","2.714"
"Q","Quarterly","TO1","All currencies","4U","Developing Latin America and Caribbean","S","Non-financial private sector","B","Banks, total","A","All","B","Credit (loans & debt securities)","770","Percentage of GDP","Q:TO1:4U:S:B:A:B:770","","","","","","","","","","","","","","","","","","","","","","","","","","","","","","","","","","","","","","","","","","","","","","","","","","","","","","","","","","","","","","","","","","","","","","","","","","","","","","","","","","","","","","","","","","30.68","31.019","29.99","30.025","29.635","28.713","28.671","28.105","28.883","29.447","29.204","29.175","28.673","27.857","28.029","28.303","27.803","27.685","27.17","27.164","27.02","26.729","26.981","28.059","28.713","29.98","30.329","31.525","32.158","32.966","34.711","36.334","37.081","37.488","38.291","40.256","40.005","40.578","42.235","42.893","42.113","42.698","44.503","45.808","45.963","46.72","47.957","49.241","48.944","49.382","49.55","51.024","50.689","50.738","51.358","51.962","52.2","52.375","51.956","52.653","51.446","52.069","50.967","53.307","52.888","53.777","52.92","52.66","50.23","49.048","50.279","50.669","49.779","50.102","50.958","51.758","51.65","51.864","52.691"
"Q","Quarterly","TO1","All currencies","4U","Developing Latin America and Caribbean","S","Non-financial private sector","B","Banks, total","A","All","B","Credit (loans & debt securities)","771","Year-on-year changes, in per cent","Q:TO1:4U:S:B:A:B:771","","","","","","","","","","","","","","","","","","","","","","","","","","","","","","","","","","","","","","","","","","","","","","","","","","","","","","","","","","","","","","","","","","","","","","","","","","","","","","","","","","","","","","","","","","-5.563","-2.714","-0.68","-1.408","4.121","1.057","-0.334","-1.23","-0.789","0.201","0.894","3.314","2.933","3.191","2.124","3.279","5.458","5.901","6.865","8.097","7.998","9.177","9.713","5.978","8.705","13.532","17.112","25.613","25.909","25.543","28.435","28.149","28.273","27.985","23.715","16.262","9.807","6.1","5.541","8.569","13.222","15.647","20.43","23.928","25.065","25.934","21.928","19.575","18.508","16.138","14.842","14.843","13.273","12.306","12.078","10.8","9.508","10.436","9.756","9.295","9.981","9.407","9.544","8.252","6.321","6.042","5.157","4.151","4.807","5.342","9.405","9.324","11.233","9.06","6.728","8.089","7.544","9.47","7.43"
"Q","Quarterly","TO1","All currencies","4U","Developing Latin America and Caribbean","S","Non-financial private sector","B","Banks, total","R","Local","B","Credit (loans & debt securities)","770","Percentage of GDP","Q:TO1:4U:S:B:R:B:770","","","","","","","","","","","","","","","","","","","","","","","","","","","","","","","","","","","","","","","","","","","","","","","","","","","","","","","","","","","","","","","","","","","","","","","","","","","","","","","","","","","","","","","","","","22.76","23.085","22.194","22.29","21.697","20.327","20.185","20.247","20.059","19.636","18.68","19.039","19.012","19.188","19.388","19.842","19.181","19.215","19.774","20.285","20.451","20.978","21.64","22.515","23.036","23.712","24.209","25.271","25.853","26.728","28.575","30.25","30.864","31.51","31.579","32.894","32.845","34.046","35.491","36.404","35.502","35.995","37.867","39.288","39.592","40.565","41.061","42.491","42.364","42.678","43.078","44.419","44.327","44.34","44.904","45.382","45.774","46.202","45.489","45.87","43.763","44.512","42.511","44.436","44.733","45.862","45.14","45.156","43.568","42.274","43.389","43.648","42.864","42.745","43.279","44.302","44.088","44.297","44.892"
"Q","Quarterly","TO1","All currencies","4U","Developing Latin America and Caribbean","S","Non-financial private sector","B","Banks, total","R","Local","B","Credit (loans & debt securities)","771","Year-on-year changes, in per cent","Q:TO1:4U:S:B:R:B:771","","","","","","","","","","","","","","","","","","","","","","","","","","","","","","","","","","","","","","","","","","","","","","","","","","","","","","","","","","","","","","","","","","","","","","","","","","","","","","","","","","","","","","","","","","-4.54","-1.361","-0.664","-0.774","3.649","-2.731","-1.351","-3.803","-4.901","-0.859","-0.732","3.752","7.058","5.941","3.734","5.825","4.496","8.105","12.351","14.512","19.111","20.518","18.453","7.21","8.008","9.466","12.39","27.01","27.198","28.061","30.645","29.934","29.96","29.638","24.809","19.589","14.027","9.832","7.647","8.706","11.813","14.849","20.481","23.404","25.797","26.999","24.428","23.111","21.511","20.115","18.413","17.784","16.608","15.638","15.315","14.292","12.772","12.416","11.402","10.455","10.537","10.358","11.184","10.685","9.428","8.424","6.992","6.263","7.924","8.437","11.685","11.275","11.972","11.906","10.117","10.874","9.988","10.053","9.157"
"Q","Quarterly","TO1","All currencies","4Y","Developing Asia and Pacific","N","Non-banks, total","B","Banks, total","N","Cross-border","A","All instruments","770","Percentage of GDP","Q:TO1:4Y:N:B:N:A:770","","","","","","","","","","","","","","","","","","","","","","","","","","","","","","","","","","","","","","","","","","","","","","","","","","","","","","","","","","","","","","","","","","","","","","","","","","","","","","","","","","","","","","","","","","4.368","4.402","4.362","4.087","4.286","4.179","4.134","4.043","3.943","3.8","3.921","3.283","3.205","3.295","3.276","3.298","3.629","3.362","3.4","3.44","3.501","3.665","3.649","3.642","3.748","3.866","3.803","4.039","3.913","4.21","4.321","4.8","4.763","4.732","4.392","3.848","3.614","3.637","3.717","3.748","3.772","3.769","3.987","3.991","4.176","4.324","4.298","4.081","4.185","4.206","4.244","4.231","4.472","4.579","4.782","4.869","5.087","5.398","5.398","5.305","5.322","5.473","5.401","5.721","5.5","5.627","5.494","5.609","5.614","5.694","5.689","5.585","5.581","5.56","5.561","5.481","5.525","5.627","5.69"
"Q","Quarterly","TO1","All currencies","4Y","Developing Asia and Pacific","N","Non-banks, total","B","Banks, total","N","Cross-border","A","All instruments","771","Year-on-year changes, in per cent","Q:TO1:4Y:N:B:N:A:771","","","","","","","","","","","","","","","","","","","","","","","","","","","","","","","","","","","","","","","","","","","","","","","","","","","","","","","","","","","","","","","","","","","","","","","","","","","","","","","","","","","","","","","","","","-12.109","-9.719","-3.3","-9.611","-4.061","1.781","-4.313","2.927","1.83","1.776","10.576","-12.859","-11.072","-16.547","-18.527","2.826","12.52","3.993","11.561","23.121","11.463","31.279","26.628","26.905","23.481","21.858","22.094","24.77","32.696","47.397","57.85","68.342","54.976","36.088","17.205","-13.931","-21.867","-23.434","-13.548","10.335","33.868","34.618","46.403","41.187","41.9","58.056","41.06","39.779","33.042","19.832","20.897","22.669","28.365","31.666","33.876","36.668","26.531","29.144","24.181","16.248","12.095","5.955","0.045","-6.582","-13.735","-13.288","-11.182","-3.951","6.121","6.599","12.469","14.04","14.155","7.962","5.237","2.44","5.848","11.376","9.829"
"Q","Quarterly","TO1","All currencies","4Y","Developing Asia and Pacific","S","Non-financial private sector","B","Banks, total","A","All","B","Credit (loans & debt securities)","770","Percentage of GDP","Q:TO1:4Y:S:B:A:B:770","","","","","","","","","","","","","","","","","","","","","","","","","","","","","","","","","","","","","","","","","","","","","","","","","","","","","","","","","","","","","","","","","","","","","","","","","","","","","","","","","","","","","","","","","","99.555","97.751","97.649","97.963","93.6","94.021","93.546","93.285","97.705","98.155","99.445","99.827","101.135","102.818","103.518","102.371","103.787","102.296","100.876","99.62","99.033","98.037","98.167","96.947","98.277","99.369","99.177","98.29","99.588","99.646","99.739","98.347","99.475","99.283","98.735","98.075","105.791","109.691","111.59","110.897","111.414","111.814","111.718","111.402","111.261","111.132","111.283","112.049","113.533","115.397","115.957","116.894","119.162","121.524","123.859","123.678","125.065","126.665","127.303","128.348","131.239","133.237","135.121","137.271","138.641","139.332","139.034","138.762","138.754","139.126","139.594","138.771","141.369","141.432","142.998","142.136","145.339","145.517","147.081"
"Q","Quarterly","TO1","All currencies","4Y","Developing Asia and Pacific","S","Non-financial private sector","B","Banks, total","A","All","B","Credit (loans & debt securities)","771","Year-on-year changes, in per cent","Q:TO1:4Y:S:B:A:B:771","","","","","","","","","","","","","","","","","","","","","","","","","","","","","","","","","","","","","","","","","","","","","","","","","","","","","","","","","","","","","","","","","","","","","","","","","","","","","","","","","","","","","","","","","","2.533","4.266","5.15","7.088","3.851","5.503","4.73","3.433","12.681","13.68","15.748","17.636","14.533","15.016","14.16","13.042","13.95","11.391","11.241","12.725","10.803","11.824","12.8","11.425","14.428","15.747","16.063","17.052","17.002","17.698","18.65","19.007","18.569","17.67","16.313","13.91","17.539","19.774","20.446","22.568","18.814","17.618","17.741","19.157","17.268","16.797","15.505","14.921","15.498","15.189","15.099","14.488","14.379","14.061","14.336","13.483","12.838","12.663","11.57","11.806","11.717","11.608","11.957","12.633","11.759","10.846","10.472","8.793","9.001","8.858","9.536","9.871","10.565","10.484","10.907","11.198","11.453","11.322","10.694"
"Q","Quarterly","TO1","All currencies","4Y","Developing Asia and Pacific","S","Non-financial private sector","B","Banks, total","R","Local","B","Credit (loans & debt securities)","770","Percentage of GDP","Q:TO1:4Y:S:B:R:B:770","","","","","","","","","","","","","","","","","","","","","","","","","","","","","","","","","","","","","","","","","","","","","","","","","","","","","","","","","","","","","","","","","","","","","","","","","","","","","","","","","","","","","","","","","","95.187","93.349","93.287","93.876","89.313","89.841","89.412","89.242","93.762","94.355","95.524","96.544","97.93","99.523","100.242","99.072","100.159","98.934","97.476","96.179","95.532","94.373","94.518","93.305","94.529","95.503","95.374","94.251","95.675","95.436","95.417","93.547","94.712","94.551","94.343","94.227","102.177","106.055","107.873","107.149","107.642","108.045","107.731","107.412","107.085","106.808","106.985","107.968","109.348","111.19","111.713","112.662","114.691","116.945","119.077","118.808","119.978","121.267","121.905","123.043","125.917","127.764","129.72","131.55","133.141","133.706","133.54","133.152","133.14","133.432","133.906","133.186","135.788","135.872","137.437","136.655","139.814","139.89","141.391"
"Q","Quarterly","TO1","All currencies","4Y","Developing Asia and Pacific","S","Non-financial private sector","B","Banks, total","R","Local","B","Credit (loans & debt securities)","771","Year-on-year changes, in per cent","Q:TO1:4Y:S:B:R:B:771","","","","","","","","","","","","","","","","","","","","","","","","","","","","","","","","","","","","","","","","","","","","","","","","","","","","","","","","","","","","","","","","","","","","","","","","","","","","","","","","","","","","","","","","","","3.125","5.468","5.899","8.722","5.147","6.801","6.282","4.164","13.555","14.568","16.615","19.244","16.376","16.543","15.563","13.857","14.212","12.258","12.055","13.153","11.399","11.724","12.769","11.269","13.965","15.247","15.436","16.266","16.556","16.971","17.853","17.92","17.673","17.304","16.615","15.447","19.226","21.479","21.357","22.586","18.291","17.08","17.019","18.546","16.703","15.989","15.251","14.92","15.556","15.589","15.262","14.417","14.261","13.852","14.246","13.263","12.831","12.385","11.188","11.688","11.597","11.765","12.42","13.386","12.672","11.762","11.272","9.344","9.324","9.035","9.522","9.659","10.368","10.599","11.295","11.662","11.793","11.46","10.748"
"Q","Quarterly","TO1","All currencies","5C","Euro area","N","Non-banks, total","B","Banks, total","N","Cross-border","A","All instruments","770","Percentage of GDP","Q:TO1:5C:N:B:N:A:770","","","","","","","","","","","","","","","","","","","","","","","","","","","","","","","","","","","","","","","","","","","","","","","","","","","","","","","","","","","","","","","","","","","","","","","","","","","","","","","","","","","","","","","","","","15.892","15.965","16.702","16.495","17.156","17.438","17.399","18.006","18.562","18.246","18.795","18.526","19.215","19.697","20.075","19.436","21.266","21.406","21.207","21.12","22.083","23.609","23.745","25.174","26.072","25.878","24.37","24.401","25.455","25.775","26.02","25.886","26.05","26.109","26.544","26.535","27.379","27.634","27.771","26.685","26.76","26.562","26.146","25.533","25.266","25.145","24.897","23.942","23.446","24.019","23.82","23.724","24.25","23.611","23.175","22.235","21.98","22.658","22.958","23.393","25.317","23.696","23.274","23.036","23.496","23.143","22.818","22.286","22.197","21.246","20.415","19.551","20.74","20.909","20.964","20.745","22.083","22.116","22.505"
"Q","Quarterly","TO1","All currencies","5C","Euro area","N","Non-banks, total","B","Banks, total","N","Cross-border","A","All instruments","771","Year-on-year changes, in per cent","Q:TO1:5C:N:B:N:A:771","","","","","","","","","","","","","","","","","","","","","","","","","","","","","","","","","","","","","","","","","","","","","","","","","","","","","","","","","","","","","","","","","","","","","","","","","","","","","","","","","","","","","","","","","","18.345","15.477","17.767","14.705","14.957","12.929","9.744","11.844","9.588","7.978","11.647","6.874","8.204","12.943","10.682","8.421","12.959","9.077","6.345","10.204","7.204","11.468","12.202","18.093","17.465","12.194","13.123","7.908","8.755","10.199","9.268","7.926","5.168","4.742","5.065","5.157","4.74","4.61","2.987","-2.056","-2.826","-5.099","-4.933","-1.885","-1.921","-0.429","-4.988","-6.803","-8.012","-8.341","-4.389","0.555","2.394","0.601","-1.821","-5.64","-6.629","-2.515","0.354","7.249","14.148","3.052","3.507","-1.896","-3.829","1.322","-1.333","-1.706","-4.843","-5.475","-7.104","-7.779","-5.351","-1.857","2.462","2.957","6.329","6.446","6.336"
"Q","Quarterly","TO1","All currencies","5C","Euro area","S","Non-financial private sector","B","Banks, total","A","All","B","Credit (loans & debt securities)","770","Percentage of GDP","Q:TO1:5C:S:B:A:B:770","","","","","","","","","","","","","","","","","","","","","","","","","","","","","","","","","","","","","","","","","","","","","","","","","","","","","","","","","","","","","","","","","","","","","","","","","","","","","","","","","","","","","","","","","","96.05","96.499","98.161","98.416","99.721","100.108","99.972","100.742","101.279","101.111","101.624","101.616","102.445","103.469","103.947","103.683","105.446","106.299","106.397","106.875","108.331","111.987","112.824","115.409","117.445","118.724","117.836","118.618","120.04","121.578","122.486","123.419","124.168","124.782","125.964","126.388","127.972","129.171","129.939","129.131","128.956","129.397","128.334","127.268","126.883","126.802","126.102","124.027","123.125","123.83","122.945","121.664","121.661","120.262","118.988","117.131","116.107","115.755","115.204","114.413","116.081","113.871","112.598","111.669","111.862","111.187","110.371","109.817","109.845","108.407","106.842","105.536","106.469","106.349","106.319","105.799","107.13","107.341","107.56"
"Q","Quarterly","TO1","All currencies","5C","Euro area","S","Non-financial private sector","B","Banks, total","A","All","B","Credit (loans & debt securities)","771","Year-on-year changes, in per cent","Q:TO1:5C:S:B:A:B:771","","","","","","","","","","","","","","","","","","","","","","","","","","","","","","","","","","","","","","","","","","","","","","","","","","","","","","","","","","","","","","","","","","","","","","","","","","","","","","","","","","","","","","","","","","11.9","10.177","10.886","9.944","9.54","8.75","7.607","6.708","5.418","5.4","5.296","5.044","5.558","6.195","6.053","5.674","6.516","6.421","6.343","7.416","6.82","8.135","8.484","9.612","10.672","9.939","10.263","9.426","8.979","8.811","9.054","8.966","8.442","7.274","6.293","4.473","2.61","1.388","0.339","-1.029","-1.016","-0.434","0.178","1.263","2.368","2.61","1.458","0.276","-0.968","-1.457","-1.393","-0.685","-0.518","-1.449","-1.703","-2.161","-2.297","-1.466","-0.961","0.063","1.493","0.29","0.58","0.317","0.136","1.004","0.812","1.03","0.7","0.692","0.409","0.509","0.955","1.498","2.45","2.434","2.928","3.49","3.48"
"Q","Quarterly","TO1","All currencies","5C","Euro area","S","Non-financial private sector","B","Banks, total","R","Local","B","Credit (loans & debt securities)","770","Percentage of GDP","Q:TO1:5C:S:B:R:B:770","","","","","","","","","","","","","","","","","","","","","","","","","","","","","","","","","","","","","","","","","","","","","","","","","","","","","","","","","","","","","","","","","","","","","","","","","","","","","","","","","","","","","","","","","","80.158","80.534","81.46","81.922","82.566","82.67","82.572","82.735","82.717","82.865","82.828","83.09","83.229","83.772","83.872","84.247","84.18","84.893","85.19","85.755","86.248","88.377","89.079","90.235","91.373","92.846","93.466","94.218","94.585","95.804","96.465","97.533","98.118","98.673","99.42","99.853","100.593","101.537","102.168","102.447","102.196","102.834","102.188","101.735","101.617","101.657","101.205","100.085","99.68","99.811","99.125","97.94","97.411","96.651","95.813","94.896","94.126","93.097","92.245","91.02","90.765","90.175","89.324","88.633","88.366","88.043","87.553","87.531","87.649","87.161","86.427","85.984","85.729","85.44","85.354","85.054","85.047","85.224","85.055"
"Q","Quarterly","TO1","All currencies","5C","Euro area","S","Non-financial private sector","B","Banks, total","R","Local","B","Credit (loans & debt securities)","771","Year-on-year changes, in per cent","Q:TO1:5C:S:B:R:B:771","","","","","","","","","","","","","","","","","","","","","","","","","","","","","","","","","","","","","","","","","","","","","","","","","","","","","","","","","","","","","","","","","","","","","","","","","","","","","","","","","","","","","","","","","","10.402","9.349","10.314","9.588","9.258","8.384","7.299","6.2","4.848","4.912","4.461","4.616","4.911","5.047","5.129","5.213","5.43","5.927","6.377","6.757","6.82","7.562","7.826","8.321","9.518","9.583","9.819","9.623","8.87","8.488","8.629","8.879","8.799","7.52","6.602","4.288","2.198","0.752","-0.474","-0.808","-0.375","0.855","1.577","2.208","3.331","3.192","2.673","1.508","0.37","-0.265","-0.792","-0.718","-1.05","-1.678","-1.548","-1.255","-0.997","-1.181","-1.181","-1.457","-1.269","-0.432","0.037","0.707","1.144","1.054","1.108","1.562","1.885","2.121","2.184","2.26","2.131","1.996","2.339","1.976","1.88","2.444","2.285"
"Q","Quarterly","TO1","All currencies","5J","All countries","A","All sectors","B","Banks, total","I","Cross-border & Local in FCY","A","All instruments","770","Percentage of GDP","Q:TO1:5J:A:B:I:A:770","","","","","","","","","","","","","14.601","14.907","14.776","15.603","16.766","17.172","17.157","18.028","18.655","18.841","18.353","18.676","22.425","22.929","22.651","22.212","22.374","22.948","22.635","23.86","25.379","25.457","25.412","26.861","27.489","28.104","28.223","28.741","30.617","29.966","28.497","28.993","29.091","29.732","28.692","30.285","32.415","31.625","30.723","31.995","32.205","30.318","28.917","29.479","30.925","29.409","29.825","31.447","29.527","29.488","28.909","29.737","29.782","29.907","29.618","29.952","29.903","31.535","31.465","30.178","29.99","29.778","29.4","29.796","30.087","30.37","31.258","31.57","33.136","32.85","33.592","35.067","34.579","33.559","32.993","34.163","33.677","34.452","34.563","33.936","35.61","37.089","36.294","37.501","38.604","38.413","40.983","40.673","42.653","44.124","45.395","44.469","46.319","48.263","47.256","46.641","48.946","49.956","49.749","49.913","49.673","52.711","54.442","54.281","56.256","59.653","60.576","62.145","63.366","67.029","63.527","59.48","54.424","52.163","54.119","55.392","55.068","53.23","50.664","53.297","50.851","51.489","50.535","49.578","45.975","46.661","44.222","44.643","44.072","43.107","42.461","42.46","42.583","43.257","43.487","42.143","40.992","41.013","41.051","41.293","41.998","43.216","43.562","43.222","41.38","41.93","42.055","42.029","41.839","42.803","41.079","40.094","39.473","40.663","41.205","41.153"
"Q","Quarterly","TO1","All currencies","5J","All countries","A","All sectors","B","Banks, total","I","Cross-border & Local in FCY","A","All instruments","771","Year-on-year changes, in per cent","Q:TO1:5J:A:B:I:A:771","","","","","22.441","21.594","25.008","27.262","23.506","30.211","27.141","22.773","24.538","23.333","22.346","24.202","22.058","21.569","18.368","17.928","12.224","10.051","8.028","5.542","6.825","6.867","9.463","6.737","6.557","7.483","5.661","8.52","10.465","9.905","12.809","18.007","19.713","20.448","23.24","20.317","17.915","16.747","13.28","13.614","10.287","14.352","12.334","11.952","14.986","11.373","11.906","11.478","11.004","7.089","4.514","-0.48","-1.583","-1.517","-0.118","3.678","1.783","2.184","1.474","0.474","3.253","3.513","4.124","3.235","3.174","6.421","9.789","9.558","7.549","5.778","4.309","5.021","6.972","10.08","12.13","11.972","14.872","10.336","10.05","9.186","2.393","3.501","1.395","1.367","3.83","7.691","9.266","10.159","12.785","14.97","11.949","9.467","7.545","1.354","3.902","4.531","5.335","8.598","11.299","9.982","9.96","13.899","11.143","12.892","13.457","11.644","15.166","16.913","15.946","17.115","14.678","15.153","17.032","19.059","20.996","21.304","20.618","15.032","7.625","4.79","-4.256","-10.595","-9.468","-10.692","-6.376","-1.639","-0.463","2.85","2.82","2.46","2.288","2.208","0.317","-0.691","-2.061","-4.229","-2.32","-2.522","-2.065","-3.958","-2.81","-1.525","1.103","4.478","4.132","5.477","0.995","-0.774","-3.081","-4.444","0.205","0.125","1.764","1.775","-0.537","0.117","1.485","1.709","2.031","1.31","1.012","3.283","4.936","7.699"
"Q","Quarterly","TO1","All currencies","5J","All countries","A","All sectors","B","Banks, total","I","Cross-border & Local in FCY","A","All instruments","USD","US Dollar","Q:TO1:5J:A:B:I:A:USD","841867","861694","892659","972722","1074865","1068646","1144614","1257327","1342549","1369250","1478901","1532910","1628916","1672866","1667905","1771460","1914539","1952105","1941542","2030890","2091929","2126758","2085197","2135770","2581135","2662297","2652863","2623834","2665569","2764879","2757685","2939091","3160426","3311663","3446985","3792737","4034250","4280311","4454832","4695988","5172202","5220319","5114811","5356706","5528390","5723985","5594855","5980647","6481829","6602540","6685021","7243639","7574995","7194811","6923043","7119648","7533686","7226045","7390397","7858202","7440060","7480909","7383630","7645949","7708543","7886357","7953779","8189004","8320701","9027054","9258680","9121296","9304280","9302431","9247560","9436073","9593108","9677799","9954892","10048430","10541032","10438080","10661715","11116916","10949908","10720325","10631545","11103660","11039565","11386279","11516149","11398641","12056876","12534604","12243349","12627214","12974458","13019143","14006032","14015295","14818105","15799079","16737528","16869573","18064202","19414307","19588791","19905811","21489972","22391090","22754052","23286394","23629743","25597670","26977942","27436129","28992356","31730637","33224401","35113979","36852925","39924504","38730717","37098989","34709706","32831853","33610697","33939145.5","33280816","32920304","32047183","34463840","33598732","34952160","35218886","35449699","33704992","34368554","32724994.729","33190314.803","32917205.894","32428595.106","32171383.839","32398719.227","32721706.095","33467314.562","33873543.074","33048402.146","32360631.105","31950493.426","31552698.354","31308608.289","31405749.085","32429243.759","32802973.892","32659851.59","31375614.314","32258395.92","32821209.756","33266879.802","33580927.373","34854124.979","33929500.131","33583435.306","33524288.831","34704699.43","35338885.484","35466183.496"
"Q","Quarterly","TO1","All currencies","5J","All countries","B","Banks, total","B","Banks, total","I","Cross-border & Local in FCY","A","All instruments","770","Percentage of GDP","Q:TO1:5J:B:B:I:A:770","","","","","","","","","","","","","10.473","10.758","10.612","11.223","11.964","12.312","12.125","12.835","13.187","13.369","12.884","13.154","15.29","15.653","15.519","15.132","15.291","15.802","15.45","16.41","17.554","17.604","17.567","18.926","19.617","19.925","20.023","20.619","21.993","21.483","20.406","21.021","20.898","21.455","20.484","21.75","23.519","22.736","21.808","22.768","22.951","21.382","20.064","20.454","21.499","20.33","20.452","21.652","20.215","20.121","19.541","20.267","20.243","20.383","20.254","20.647","20.779","21.973","21.779","20.903","20.464","20.222","19.732","19.997","19.985","20.225","20.818","20.921","22.287","21.953","22.318","23.428","22.992","22.038","21.241","22.096","21.768","22.386","22.314","21.882","23.101","24.059","23.285","24.004","24.655","24.445","25.915","25.415","26.958","27.804","28.693","27.639","29.003","30.288","29.746","28.975","30.367","30.868","30.871","31.007","30.691","32.613","33.625","33.701","34.562","37.19","37.476","38.435","39.259","41.603","39.256","36.663","33.873","32.182","33.238","33.944","33.955","32.756","31.474","32.943","31.202","31.439","30.579","30.707","28.307","28.562","25.324","25.299","24.823","23.917","23.645","23.378","23.473","23.816","23.801","23.004","22.449","22.124","22.07","21.965","21.947","22.202","22.457","22.01","21.328","21.473","21.46","21.344","21.302","21.335","20.687","19.938","19.571","19.879","20.037","19.852"
"Q","Quarterly","TO1","All currencies","5J","All countries","B","Banks, total","B","Banks, total","I","Cross-border & Local in FCY","A","All instruments","771","Year-on-year changes, in per cent","Q:TO1:5J:B:B:I:A:771","","","","","20.217","20.502","25.418","27.586","24.385","32.809","26.836","21.198","24.106","23.502","23.428","25.581","20.486","19.964","15.935","16.087","11.003","8.785","7.163","4.259","6.063","5.957","10.002","6.232","6.597","8.185","5.184","9.797","12.654","11.196","15.069","21.629","23.689","23.674","26.678","22.601","18.692","17.947","14.201","14.654","10.02","14.877","11.99","10.949","15.091","10.152","10.226","9.292","9.223","5.013","2.102","-2.913","-4.243","-3.567","-1.411","2.618","0.42","0.679","-0.303","-0.731","2.649","3.54","5.663","4.75","5.206","8.448","10.75","10.209","7.101","5.01","3.239","3.424","4.56","8.419","11.371","10.783","16.734","11.034","10.485","10.613","1.583","2.157","-1.321","-1.666","0.894","6.332","9.287","9.773","13.393","15.099","11.449","8.856","5.155","-1.053","2.046","1.672","4.85","7.636","11.261","9.437","8.741","13.214","10.469","12.622","12.267","10.11","13.989","16.757","15.311","17.459","14.225","14.815","15.941","19.037","20.016","20.597","21.43","14.564","7.519","4.557","-3.361","-10.727","-9.725","-11.103","-7.424","-2.131","0.272","3.326","2.28","1.456","-0.184","2.777","0.704","-0.312","-1.807","-7.21","-6.285","-7.057","-5.367","-7.064","-3.92","-1.34","0.405","4.089","1.813","1.512","-2.72","-4.799","-6.675","-8.231","-2.855","-3.197","0.088","1.353","-1.893","-0.693","-0.169","-1.67","0.17","-1.077","-1.602","1.425","1.411","4.703"
"Q","Quarterly","TO1","All currencies","5J","All countries","B","Banks, total","B","Banks, total","I","Cross-border & Local in FCY","A","All instruments","USD","US Dollar","Q:TO1:5J:B:B:I:A:USD","535710","537402","554058","613121","767924","753163","812764","901841","965013","984029","1046837","1084986","1168366","1207244","1197874","1274213","1366218","1399636","1372172","1445844","1478755","1509103","1463889","1504226","1759847","1817442","1817509","1787516","1821773","1903919","1882279","2021414","2185996","2290069","2382777","2672392","2878902","3034539","3160575","3368844","3715240","3742456","3662443","3883878","3971427","4130380","3994308","4295213","4702942","4746746","4745146","5154602","5398311","5074236","4803695","4939867","5237412","4995187","5067857","5410613","5093636","5104433","4990808","5211056","5239547","5374933","5439035","5645056","5781847","6289972","6408495","6317882","6348779","6317200","6206427","6332912","6372133","6444962","6629991","6659030","7089766","6975676","7083372","7427306","7280766","7039946","6844584","7181542","7135755","7398621","7434896","7350076","7821593","8131112","7854990","8082371","8286486","8285037","8856403","8757595","9365427","9955496","10579278","10484871","11311152","12183851","12330572","12366122","13332773","13835766","14119655","14466178","14599859","15837690","16662272","17034316","17811717","19781958","20554581","21717089","22832887","24780023","23933681","22867054","21602902","20255844","20642514","20797786.5","20520644","20257712","19909015","21302132","20616461","21341822","21311087","21956349","20752417","21038023","18739721.273","18808760.111","18540634.571","17992393.561","17915335.02","17838526.107","18037097.591","18425902.015","18539444.691","18039763.44","17722046.752","17235223.387","16963143.113","16653778.708","16411814.489","16660863.398","16910253.514","16631508.179","16171499.096","16519818.74","16748168.47","16894517.92","17097495.376","17372903.647","17086466.523","16700640.977","16621538.549","16966103.206","17184189.96","17108921.885"
"Q","Quarterly","TO1","All currencies","5J","All countries","N","Non-banks, total","B","Banks, total","I","Cross-border & Local in FCY","A","All instruments","770","Percentage of GDP","Q:TO1:5J:N:B:I:A:770","","","","","","","","","","","","","4.128","4.149","4.164","4.38","4.802","4.86","5.031","5.193","5.468","5.472","5.468","5.522","7.12","7.276","7.133","7.08","7.082","7.146","7.185","7.45","7.825","7.853","7.846","7.934","7.872","8.18","8.2","8.123","8.625","8.483","8.092","7.972","8.193","8.278","8.208","8.535","8.896","8.889","8.915","9.227","9.254","8.936","8.852","9.025","9.426","9.079","9.373","9.795","9.312","9.368","9.369","9.47","9.537","9.522","9.362","9.303","9.121","9.558","9.684","9.274","9.525","9.555","9.667","9.797","10.101","10.145","10.44","10.648","10.838","10.879","11.258","11.604","11.406","11.37","11.582","11.891","11.72","11.881","12.027","11.823","12.307","12.818","12.796","13.305","13.742","13.764","14.788","14.984","15.414","16.039","16.428","16.555","17.109","17.76","17.308","17.464","18.395","18.903","18.706","18.852","18.928","20.039","20.757","20.523","21.632","22.397","23.027","23.629","24.03","25.318","24.167","22.695","20.415","19.871","20.784","21.347","21.02","20.384","19.085","20.25","19.598","19.958","19.859","18.749","17.56","17.955","17.575","18.01","18.118","18.083","17.762","17.901","17.907","18.032","18.221","17.762","17.698","17.999","18.183","18.508","19.22","20.13","20.203","20.299","19.273","19.584","19.734","19.822","19.649","20.202","19.625","19.413","19.144","19.999","20.315","20.381"
"Q","Quarterly","TO1","All currencies","5J","All countries","N","Non-banks, total","B","Banks, total","I","Cross-border & Local in FCY","A","All instruments","771","Year-on-year changes, in per cent","Q:TO1:5J:N:B:I:A:771","","","","","21.895","21.204","21.471","23.103","21.312","24.011","27.885","26.765","25.647","22.902","19.74","20.87","26.106","25.727","24.619","22.669","15.282","13.258","10.125","8.715","8.669","9.377","8.536","8.121","6.711","5.956","6.692","5.792","5.762","7.068","7.959","10.118","10.802","13.214","15.544","14.875","15.979","13.825","11.033","10.962","10.973","13.018","13.215","14.605","14.729","14.617","16.3","17.237","15.691","12.392","10.402","5.489","5.02","3.394","2.818","6.084","4.886","5.553","5.35","3.11","4.545","3.433","0.919","0.011","-1.202","2.058","7.727","8.115","8.591","7.508","6.515","8.482","12.132","13.611","13.694","14.401","11.189","8.857","9.11","6.171","3.702","6.18","6.53","7.379","9.611","10.012","8.821","10.364","11.507","14.481","12.898","10.963","12.074","5.949","6.962","9.196","5.833","9.952","11.605","11.076","12.292","15.213","12.385","13.419","15.679","14.491","17.456","17.469","17.106","16.632","15.432","15.697","18.783","19.058","22.543","22.353","19.265","15.63","7.646","4.937","-6.033","-10.51","-9.116","-10.013","-4.495","-0.78","-1.727","2.055","3.909","4.078","6.387","1.168","-0.644","-1.425","-2.502","0.644","3.577","4.067","2.637","0.118","-0.836","-1.403","1.817","4.709","5.973","9.239","5.417","4.167","1.656","0.584","3.658","3.784","3.865","2.907","1.848","1.983","3.701","3.341","4.157","3.988","3.99","7.48","8.264","9.949"
"Q","Quarterly","TO1","All currencies","5J","All countries","N","Non-banks, total","B","Banks, total","I","Cross-border & Local in FCY","A","All instruments","USD","US Dollar","Q:TO1:5J:N:B:I:A:USD","213797","225694","235311","251188","306941","315483","331850","355486","377536","385221","432064","447924","460550","465622","470031","497247","548321","552469","569370","585046","613174","617655","621308","631544","819445","844855","835354","836318","843796","860960","875406","917677","974430","1021594","1064208","1120345","1155348","1245772","1294257","1327144","1456962","1477863","1452368","1472828","1556963","1593605","1600547","1685434","1778887","1855794","1939875","2089037","2176684","2120575","2119348","2179781","2296274","2230858","2322540","2447589","2346424","2376476","2392822","2434893","2468550","2510932","2514232","2543394","2537903","2736150","2849642","2802890","2955041","2984757","3040640","3102768","3220604","3232797","3324825","3389091","3447538","3456937","3573212","3678764","3611798","3632222","3731986","3864886","3841749","3926524","4007329","3971212","4167113","4332088","4316657","4480019","4618457","4665030","5053681","5163162","5354836","5742773","6057189","6280335","6672480","7144053","7174624","7453565","8076427","8472876","8555851","8795102","9004098","9731130","10285702","10373072","11148535","11913546","12629932","13351395","13975418","15080414","14733951","14155238","13020029","12506924","12908319","13079311","12703305","12606467","12071923","13094312","12949123","13548170","13840495","13406179","12873785","13225354","13005593.879","13389533.966","13532212.131","13603183.705","13457896.184","13659314.764","13760465.321","13951328.056","14192705.231","13928475.689","13971787.649","14021727.646","13976073.816","14032704.031","14372273.331","15105311.388","15213467.205","15338784.525","14613747.791","15066890.037","15400885.623","15689444.8","15770419.819","16450403.396","16209071.702","16261045.93","16258649.404","17068161.316","17423012.147","17564837.251"
"Q","Quarterly","TO1","All currencies","5J","All countries","N","Non-banks, total","B","Banks, total","N","Cross-border","A","All instruments","770","Percentage of GDP","Q:TO1:5J:N:B:N:A:770","","","","","","","","","","","","","","","","","","","","","","","","","","","","","","","","","","","","","","","","","","","","","","","","","","","","","","","","","","","","","","","","","","","","","","","","","","","","","","","","","","","","","","","","","","9.146","9.207","9.295","9.435","10.145","10.096","10.219","10.49","10.649","10.871","11.241","11.263","11.758","12.097","12.175","12.23","13.068","13.04","13.145","13.295","13.979","14.237","14.354","14.656","15.374","15.716","15.63","16.096","16.826","17.362","17.378","17.278","17.619","16.931","16.846","16.093","16.129","16.168","16.171","15.478","15.316","14.704","14.977","14.359","14.592","14.46","14.252","13.681","13.415","13.346","13.36","13.352","13.338","13.199","13.154","13.002","13.045","13.018","13.126","13.227","13.618","13.161","13.384","13.431","13.768","13.699","13.738","13.294","13.255","13.151","13.069","12.85","13.231","13.2","13.221","13.066","13.639","13.68","14.058"
"Q","Quarterly","TO1","All currencies","5J","All countries","N","Non-banks, total","B","Banks, total","N","Cross-border","A","All instruments","771","Year-on-year changes, in per cent","Q:TO1:5J:N:B:N:A:771","","","","","","","","","","","","","","","","","","","","","","","","","","","","","","","","","","","","","","","","","","","","","","","","","","","","","","","","","","","","","","","","","","","","","","","","","","","","","","","","","","","","","","","","","","3.875","2.827","5.218","4.117","10.707","10.606","6.771","11.479","5.186","5.876","11.135","5.792","10.773","12.94","11.561","12.869","15.161","10.618","11.671","16.514","13.236","17.489","16.863","17.239","17.068","14.814","17.483","19.005","20.048","26.483","24.834","22.822","18.468","8.506","5.044","-8.402","-13.107","-10.347","-9.822","-1.49","6.421","4.672","9.502","12.208","11.998","16.357","10.368","10.837","8.191","4.417","6.144","6","7.987","7.403","5.226","5.792","3.232","6.458","8.451","8.112","9.617","5.081","2.931","-0.35","-1.799","0.892","1.715","2.027","2.23","1.425","3.346","5.751","7.359","6.056","3.695","2.586","5.136","7.753","9.699"
"Q","Quarterly","TO1","All currencies","5J","All countries","S","Non-financial private sector","B","Banks, total","A","All","B","Credit (loans & debt securities)","770","Percentage of GDP","Q:TO1:5J:S:B:A:B:770","","","","","","","","","","","","","","","","","","","","","","","","","","","","","","","","","","","","","","","","","","","","","","","","","","","","","","","","","","","","","","","","","","","","","","","","","","","","","","","","","","","","","","","","","","80.511","80.292","80.013","80.233","79.862","79.46","80.234","80.051","80.242","81.683","82.374","83.156","83.574","84.228","84.851","85.433","85.967","85.956","85.896","86.96","87.289","87.477","88.213","88.713","89.905","91.465","91.795","92.915","94.009","95.144","96.321","96.936","98.349","97.483","96.994","97.406","98.626","100.253","101.035","100.047","100.133","98.796","99.228","98.118","97.85","97.652","97.685","97.421","96.841","97.108","97.32","97.561","97.447","97.771","98.408","98.317","98.354","98.521","98.652","99.219","100.172","100.173","100.919","101.967","103.019","103.102","103.449","102.472","102.438","102.624","102.766","102.864","103.928","103.834","104.097","103.87","105.503","105.473","106.114"
"Q","Quarterly","TO1","All currencies","5J","All countries","S","Non-financial private sector","B","Banks, total","A","All","B","Credit (loans & debt securities)","771","Year-on-year changes, in per cent","Q:TO1:5J:S:B:A:B:771","","","","","","","","","","","","","","","","","","","","","","","","","","","","","","","","","","","","","","","","","","","","","","","","","","","","","","","","","","","","","","","","","","","","","","","","","","","","","","","","","","","","","","","","","","7.271","7.784","8.376","8.082","8.04","6.52","5.161","4.618","3.762","3.947","5.1","5.566","6.484","7.92","7.464","7.331","8.483","7.923","8.204","9.525","9.532","10.563","11.817","11.187","11.945","12.226","12.489","13.405","13.224","13.911","14.172","13.695","13.088","11.027","8.892","4.857","2.794","2.484","1.38","2.195","4.034","3.964","5.718","7.23","6.167","6.83","5.641","6.201","6.243","5.993","6.465","6.143","5.982","5.428","5.033","4.583","4.771","5.478","5.652","6.084","6.675","5.956","6.015","6.099","5.957","6.218","6.073","5.04","4.729","4.675","5.028","5.719","6.049","5.848","5.748","5.845","6.491","6.74","6.738"
"Q","Quarterly","TO1","All currencies","5J","All countries","S","Non-financial private sector","B","Banks, total","R","Local","B","Credit (loans & debt securities)","770","Percentage of GDP","Q:TO1:5J:S:B:R:B:770","","","","","","","","","","","","","","","","","","","","","","","","","","","","","","","","","","","","","","","","","","","","","","","","","","","","","","","","","","","","","","","","","","","","","","","","","","","","","","","","","","","","","","","","","","71.365","71.084","70.717","70.798","69.717","69.364","70.016","69.561","69.593","70.812","71.133","71.893","71.816","72.131","72.676","73.203","72.9","72.916","72.751","73.665","73.31","73.24","73.86","74.056","74.531","75.749","76.165","76.819","77.182","77.782","78.944","79.659","80.729","80.552","80.148","81.313","82.497","84.084","84.864","84.569","84.817","84.092","84.25","83.759","83.258","83.192","83.434","83.74","83.426","83.761","83.96","84.208","84.109","84.572","85.254","85.315","85.309","85.503","85.526","85.992","86.554","87.011","87.535","88.536","89.251","89.403","89.711","89.178","89.184","89.473","89.697","90.014","90.698","90.634","90.876","90.803","91.864","91.794","92.057"
"Q","Quarterly","TO1","All currencies","5J","All countries","S","Non-financial private sector","B","Banks, total","R","Local","B","Credit (loans & debt securities)","771","Year-on-year changes, in per cent","Q:TO1:5J:S:B:R:B:771","","","","","","","","","","","","","","","","","","","","","","","","","","","","","","","","","","","","","","","","","","","","","","","","","","","","","","","","","","","","","","","","","","","","","","","","","","","","","","","","","","","","","","","","","","7.575","8.578","8.873","8.416","7.319","5.55","4.47","3.581","3.44","3.455","4.325","5.14","5.949","7.356","7.017","6.991","7.437","7.755","8.246","9.341","9.6","10.228","11.297","10.222","11.217","11.369","11.302","12.254","11.797","11.901","12.594","12.84","12.981","12.171","10.061","7.067","5.177","3.973","2.41","2.404","4.023","4.357","5.9","7.085","5.749","6.148","6.033","6.87","7.227","7.275","6.951","6.414","6.343","5.904","6.082","5.738","5.912","6.138","5.873","6.111","6.326","6.27","6.454","6.868","6.731","6.399","6.146","5.259","5.238","5.241","5.513","5.764","5.937","6.019","6.148","6.174","6.427","6.258","5.951"
"Q","Quarterly","TO1","All currencies","6E","EU developing countries","N","Non-banks, total","B","Banks, total","N","Cross-border","A","All instruments","770","Percentage of GDP","Q:TO1:6E:N:B:N:A:770","","","","","","","","","","","","","","","","","","","","","","","","","","","","","","","","","","","","","","","","","","","","","","","","","","","","","","","","","","","","","","","","","","","","","","","","","","","","","","","","","","","","","","","","","","5.903","6.317","6.401","6.653","6.837","6.311","6.953","6.807","7.081","7.192","7.703","7.732","8.892","9.12","9.791","9.99","10.504","10.563","10.134","9.587","10.898","13.383","13.655","13.497","14.571","14.606","14.001","13.898","14.524","14.457","14.406","14.156","14.119","14.256","14.949","16.346","17.535","16.373","15.993","15.734","15.579","16.02","15.433","13.589","13.303","13.071","13.54","13.18","12.359","12.568","12.231","12.122","12.09","11.77","11.587","11.141","10.747","10.443","10.152","9.895","9.783","9.704","9.361","9.347","9.178","9.219","9.005","8.901","8.727","8.65","8.27","8.157","8.183","8.272","7.803","7.734","7.884","7.854","8.102"
"Q","Quarterly","TO1","All currencies","6E","EU developing countries","N","Non-banks, total","B","Banks, total","N","Cross-border","A","All instruments","771","Year-on-year changes, in per cent","Q:TO1:6E:N:B:N:A:771","","","","","","","","","","","","","","","","","","","","","","","","","","","","","","","","","","","","","","","","","","","","","","","","","","","","","","","","","","","","","","","","","","","","","","","","","","","","","","","","","","","","","","","","","","4.439","15.365","15.033","22.059","33.492","20.563","21.741","18.608","14.948","20.213","23.839","17.393","21.844","23.01","23.157","25.538","22.279","25.749","19.087","17.779","25.973","28.475","35.517","33.085","27.441","18.052","12.392","18.369","15.536","18.168","20.699","19.025","17.456","24.186","20.888","10.326","2.149","-4.786","-3.119","0.421","6.303","-1.098","2.064","-3.545","-3.925","2.016","-7.856","-4.648","-5.07","-6.48","-0.565","3.038","-1.992","-4.69","-5.16","-8.466","-8.633","-6.374","-10.286","-10.923","-7.793","-6.871","-5.301","-2.65","-2.128","-4.115","-1.463","-2.808","-1.344","4.555","0.681","5.97","6.454","1.227","1.366","-1.438","-0.732","3.58","7.66"
"Q","Quarterly","TO1","All currencies","6E","EU developing countries","S","Non-financial private sector","B","Banks, total","A","All","B","Credit (loans & debt securities)","770","Percentage of GDP","Q:TO1:6E:S:B:A:B:770","","","","","","","","","","","","","","","","","","","","","","","","","","","","","","","","","","","","","","","","","","","","","","","","","","","","","","","","","","","","","","","","","","","","","","","","","","","","","","","","","","","","","","","","","","33.563","35.185","35.137","35.094","35.171","34.283","34.504","33.56","33.258","33.51","34.41","33.953","35.836","36.264","37.577","38.012","38.788","38.782","38.539","37.694","39.426","42.5","43.395","44.043","45.796","47.278","47.891","48.642","50.059","51.563","53.4","54.169","55.572","56.749","59.685","64.498","67.708","65.477","64.906","64.261","63.821","66.029","64.971","63.503","62.423","63.138","65.125","64.751","62.689","62.974","62.279","61.947","62.201","62.055","62.149","61.144","60.679","60.571","60.371","59.804","59.6","60.001","59.814","58.899","58.848","59.183","59.219","59.013","58.686","58.59","58.005","57.098","57.038","57.727","57.363","56.904","56.897","56.706","57.321"
"Q","Quarterly","TO1","All currencies","6E","EU developing countries","S","Non-financial private sector","B","Banks, total","A","All","B","Credit (loans & debt securities)","771","Year-on-year changes, in per cent","Q:TO1:6E:S:B:A:B:771","","","","","","","","","","","","","","","","","","","","","","","","","","","","","","","","","","","","","","","","","","","","","","","","","","","","","","","","","","","","","","","","","","","","","","","","","","","","","","","","","","","","","","","","","","11.711","17.499","14.487","14.591","16.462","9.089","8.13","4.526","1.977","2.461","5.393","5.832","10.19","10.819","12.043","15.332","14.49","15.282","13.265","12.201","14.125","16.089","18.652","19.7","19.755","19.378","19.107","22.21","22.149","23.832","26.495","26.292","27.08","26.958","24.91","23.29","18.887","11","6.874","2.438","0.594","3.215","3.845","3.767","3.65","4.702","5.375","6.381","5.123","2.86","0.903","0.138","0.762","0","0.745","0.285","0.541","1.551","1.195","1.521","2.057","2.735","3.074","3.045","3.269","2.585","2.837","3.198","3.349","4.157","3.958","4.395","4.76","4.881","5.163","5.698","5.748","5.682","6.696"
"Q","Quarterly","TO1","All currencies","6E","EU developing countries","S","Non-financial private sector","B","Banks, total","R","Local","B","Credit (loans & debt securities)","770","Percentage of GDP","Q:TO1:6E:S:B:R:B:770","","","","","","","","","","","","","","","","","","","","","","","","","","","","","","","","","","","","","","","","","","","","","","","","","","","","","","","","","","","","","","","","","","","","","","","","","","","","","","","","","","","","","","","","","","27.66","28.868","28.737","28.441","28.334","27.971","27.552","26.753","26.177","26.318","26.707","26.222","26.943","27.144","27.786","28.022","28.285","28.219","28.405","28.107","28.528","29.117","29.74","30.546","31.225","32.672","33.89","34.744","35.534","37.107","38.994","40.012","41.453","42.493","44.736","48.152","50.174","49.104","48.913","48.527","48.242","50.008","49.538","49.914","49.12","50.068","51.585","51.571","50.33","50.406","50.048","49.825","50.11","50.284","50.562","50.003","49.932","50.127","50.219","49.908","49.817","50.296","50.453","49.553","49.67","49.964","50.214","50.112","49.959","49.94","49.735","48.941","48.855","49.455","49.56","49.17","49.012","48.851","49.219"
"Q","Quarterly","TO1","All currencies","6E","EU developing countries","S","Non-financial private sector","B","Banks, total","R","Local","B","Credit (loans & debt securities)","771","Year-on-year changes, in per cent","Q:TO1:6E:S:B:R:B:771","","","","","","","","","","","","","","","","","","","","","","","","","","","","","","","","","","","","","","","","","","","","","","","","","","","","","","","","","","","","","","","","","","","","","","","","","","","","","","","","","","","","","","","","","","13.874","19.054","15.489","13.933","14.291","6.983","5.587","2.479","-0.226","0.402","2.725","3.534","7.637","7.805","8.737","12.533","11.971","11.647","11.228","10.014","10.279","12.243","13.422","16.086","17.155","20.006","22.096","23.285","24.515","25.328","27.369","27.777","28.875","25.904","25.298","29.064","27.579","19.829","12.558","3.804","-1.129","5.103","5.11","7.101","7.061","5.703","10.119","10.065","8.654","6.189","1.533","-0.385","1.595","1.167","2.26","2.339","2.608","3.373","3.859","4.418","4.21","4.709","4.688","4.057","4.337","3.931","3.733","4.555","4.421","4.327","4.612","4.163","4.585","5.904","6.314","7.333","7.333","6.121","6.818"
"Q","Quarterly","TO1","All currencies","US","United States","N","Non-banks, total","B","Banks, total","N","Cross-border","A","All instruments","770","Percentage of GDP","Q:TO1:US:N:B:N:A:770","","","","","","","","","","","","","","","","","","","","","","","","","","","","","","","","","","","","","","","","","","","","","","","","","","","","","","","","","","","","","","","","","","","","","","","","","","","","","","","","","","","","","","","","","","8.483","8.594","8.628","8.948","9.999","9.875","9.932","10.332","10.277","10.793","11.145","11.557","11.763","12.296","12.471","12.87","13.635","13.175","13.314","13.642","15.07","15.002","15.588","15.559","16.459","17.092","17.891","18.689","19.813","20.757","21.058","20.619","21.083","19.395","19.64","16.959","16.762","17.118","17.185","16.535","17.048","16.787","17.656","17.224","17.63","17.336","16.569","16.222","16.297","15.819","16.312","16.267","15.645","15.11","14.679","14.529","14.827","14.482","14.279","14.097","14.381","13.81","13.951","13.944","14.834","14.719","14.786","13.867","14.339","14.359","14.669","14.787","15.241","14.29","14.163","14.356","14.955","14.748","14.796"
"Q","Quarterly","TO1","All currencies","US","United States","N","Non-banks, total","B","Banks, total","N","Cross-border","A","All instruments","771","Year-on-year changes, in per cent","Q:TO1:US:N:B:N:A:771","","","","","","","","","","","","","","","","","","","","","","","","","","","","","","","","","","","","","","","","","","","","","","","","","","","","","","","","","","","","","","","","","","","","","","","","","","","","","","","","","","","","","","","","","","9.855","6.987","11.455","15.386","27.557","23.207","20.661","19.294","4.226","8.88","13.012","12.21","15.49","16.364","14.046","13.573","18.738","11.238","11.423","11.112","16.656","20.654","24.369","22.968","15.346","18.815","20.375","24.615","26.445","27.565","21.621","13.963","8.686","-4.623","-3.81","-16.232","-18.802","-12.102","-15.286","-4.847","0.21","-0.454","5.76","9.39","7.955","7.158","-2.62","-2.82","-3.628","-4.863","3.137","4.068","-0.473","-1.028","-7.836","-8.315","-3.115","-1.545","2.614","2.22","3.308","1.053","2.446","2.421","4.82","8.328","7.236","4.569","2.294","2.857","4.509","9.728","9.438","4.371","2.232","3.009","4.388","8.41","9.421"
"Q","Quarterly","TO1","All currencies","US","United States","S","Non-financial private sector","B","Banks, total","A","All","B","Credit (loans & debt securities)","770","Percentage of GDP","Q:TO1:US:S:B:A:B:770","","","","","","","","","","","","","","","","","","","","","","","","","","","","","","","","","","","","","","","","","","","","","","","","","","","","","","","","","","","","","","","","","","","","","","","","","","","","","","","","","","","","","","","","","","56.161","57.03","57.369","57.742","58.468","58.316","58.319","58.936","58.239","58.436","59.546","60.34","60.85","61.889","62.19","62.696","63.363","63.468","64.034","65.138","66.625","67.457","68.803","68.924","70.153","71.384","72.631","73.794","74.679","76.302","77.606","77.94","78.907","77.029","77.298","74.986","73.945","73.535","72.378","70.494","72.399","70.914","70.978","69.559","68.424","67.564","66.798","66.67","65.718","65.282","65.578","65.886","64.335","63.771","63.259","63.24","63.287","63.332","63.038","63.221","63.247","63.075","63.548","64.326","65.403","65.995","66.252","65.466","65.403","65.732","65.992","66.377","66.26","65.327","64.941","65.544","65.713","65.748","65.762"
"Q","Quarterly","TO1","All currencies","US","United States","S","Non-financial private sector","B","Banks, total","A","All","B","Credit (loans & debt securities)","771","Year-on-year changes, in per cent","Q:TO1:US:S:B:A:B:771","","","","","","","","","","","","","","","","","","","","","","","","","","","","","","","","","","","","","","","","","","","","","","","","","","","","","","","","","","","","","","","","","","","","","","","","","","","","","","","","","","","","","","","","","","10.984","12.386","12.343","11.083","10.777","7.746","5.896","5.366","2.158","2.316","4.674","5.234","7.635","9.569","8.323","8.272","9.201","8.482","9.259","10.356","11.952","13.179","14.573","13.197","12.013","12.224","11.845","12.893","12.124","12.198","11.549","10.117","9.568","4.358","2.734","-2.044","-5.373","-5.268","-8.58","-7.816","-3.032","-2.52","0.848","2.68","-1.521","-0.9","-2.319","-0.759","-0.115","0.564","2.459","2.88","1.634","1.175","-0.466","-0.742","1.582","3.006","4.29","4.603","5.199","4.666","5.359","5.713","6.447","7.262","6.57","5.038","3.693","3.503","3.832","5.437","5.543","4.362","3.847","4.253","4.682","5.56","5.757"
"Q","Quarterly","TO1","All currencies","US","United States","S","Non-financial private sector","B","Banks, total","R","Local","B","Credit (loans & debt securities)","770","Percentage of GDP","Q:TO1:US:S:B:R:B:770","","","","","","","","","","","","","","","","","","","","","","","","","","","","","","","","","","","","","","","","","","","","","","","","","","","","","","","","","","","","","","","","","","","","","","","","","","","","","","","","","","","","","","","","","","47.678","48.436","48.741","48.793","48.47","48.441","48.387","48.604","47.962","47.644","48.401","48.783","49.087","49.593","49.72","49.826","49.728","50.293","50.72","51.496","51.555","52.455","53.215","53.365","53.694","54.292","54.74","55.104","54.866","55.545","56.548","57.321","57.824","57.634","57.658","58.027","57.184","56.417","55.193","53.959","55.351","54.127","53.322","52.336","50.794","50.229","50.23","50.449","49.421","49.463","49.266","49.619","48.69","48.661","48.579","48.711","48.46","48.85","48.759","49.123","48.866","49.265","49.598","50.382","50.569","51.276","51.465","51.599","51.064","51.374","51.323","51.59","51.019","51.037","50.778","51.189","50.758","50.999","50.966"
"Q","Quarterly","TO1","All currencies","US","United States","S","Non-financial private sector","B","Banks, total","R","Local","B","Credit (loans & debt securities)","771","Year-on-year changes, in per cent","Q:TO1:US:S:B:R:B:771","","","","","","","","","","","","","","","","","","","","","","","","","","","","","","","","","","","","","","","","","","","","","","","","","","","","","","","","","","","","","","","","","","","","","","","","","","","","","","","","","","","","","","","","","","11.186","13.401","12.504","10.325","7.824","5.027","3.288","2.813","1.729","0.962","2.948","3.733","5.939","8.021","6.992","7.011","6.882","7.797","8.717","10.166","10.633","11.193","11.974","10.612","11.049","10.332","9.313","9.421","7.725","7.376","8.244","8.822","9.894","7.761","5.191","3.059","-0.521","-2.998","-6.298","-8.679","-3.985","-3.145","-0.665","0.638","-4.427","-3.397","-2.214","-0.066","1.11","2.437","2.239","2.497","2.331","1.881","1.967","1.733","3.086","4.423","4.794","5.306","5.778","5.719","6.202","6.643","6.91","6.956","6.375","5.171","4.128","3.707","3.663","4.28","4.436","4.366","4.313","4.614","4.782","4.763","4.736"
"Q","Quarterly","USD","US Dollar","3C","Developing Europe","N","Non-banks, total","A","All sectors","I","Cross-border & Local in FCY","B","Credit (loans & debt securities)","771","Year-on-year changes, in per cent","Q:USD:3C:N:A:I:B:771","","","","","","","","","","","","","","","","","","","","","","","","","","","","","","","","","","","","","","","","","","","","","","","","","","","","","","","","","","","","","","","","","","","","","","","","","","","","","","","","","","","","","","","","","","-3.552","1.781","22.752","26.397","28.36","23.369","3.213","-0.614","0.843","2.171","3.538","6.595","11.161","15.262","18.426","18.679","17.71","16.766","10.751","13.818","13.12","13.134","15.496","23.783","24.203","25.335","21.434","10.6","12.529","22.448","38.597","42.975","40.652","33.771","22.708","4.106","-4.471","-10.805","-17.187","-11.901","-7.871","-6.594","3.662","4.477","7.048","8.538","3.626","8.281","4.945","6.714","9.058","8.446","21.242","21.472","20.882","20.994","7.501","2.066","-1.411","-5.073","-7.034","-6.125","-8.133","-11.095","-7.91","-7.456","-5.997","-4.751","-6.271","-7.81","-6.924","-4.901","-5.682","-8.521","-9.589","-12.272","-11.068","-9.29","-7.745"
"Q","Quarterly","USD","US Dollar","3C","Developing Europe","N","Non-banks, total","A","All sectors","I","Cross-border & Local in FCY","B","Credit (loans & debt securities)","USD","US Dollar","Q:USD:3C:N:A:I:B:USD","","","","","","","","","","","","","","","","","","","","","","","","","","","","","","","","","","","","","","","","","","","","","","","","","","","","","","","","","","","","","","","","","","","","","","","","","","","","","","","","","","","","","","","","","","86490.399","87855.268","105971.388","108884.922","109394.679","106799.921","107780.729","106791.264","108823.501","107641.324","110083.275","113835.001","120867.493","123964.754","130257.395","134989.906","145688.253","148259.861","147760.361","157361.524","165465.642","168466.496","171442.488","196634.06","206842.633","207954.72","204995.07","213122.647","227917.047","254656.536","284138.217","304829.403","321193.023","335770.837","343657.373","318327.316","307302.524","304905.806","289767.763","280474.454","283251.867","283284.237","298746.803","291222.213","301230.351","307249.537","309581.979","314686.339","315483.624","326734.134","336200.053","340772.666","381931.597","396981.484","405896.773","426656.234","424794.483","427965.845","423293.453","414040.557","403780.937","402165.848","389265.226","528013.245","533371.776","533991.345","525013.454","503017.478","499954.408","492319.147","488695.974","478337.324","471572.345","450392.68","441857.358","419936.335","419680.372","408844.885","407930.965"
"Q","Quarterly","USD","US Dollar","3P","All countries excluding residents","N","Non-banks, total","A","All sectors","I","Cross-border & Local in FCY","B","Credit (loans & debt securities)","771","Year-on-year changes, in per cent","Q:USD:3P:N:A:I:B:771","","","","","","","","","","","","","","","","","","","","","","","","","","","","","","","","","","","","","","","","","","","","","","","","","","","","","","","","","","","","","","","","","","","","","","","","","","","","","","","","","","","","","","","","","","2.567","2.657","4.546","6.945","8.957","9.251","5.75","3.982","1.011","0.006","3.217","1.259","6.145","8.449","10.006","13.826","13.414","12.442","10.777","12.468","10.017","10.234","11.689","10.427","13.793","15.146","14.546","19.365","19.184","24.349","24.232","19.786","18.247","13.278","11.66","1.553","-2.164","-3.831","-3.354","5.04","6.041","4.723","8.118","9.118","11.293","14.746","11.749","8.375","7.574","6.407","6.332","10.312","11.509","11.317","10.126","8.044","7.242","7.189","8.295","7.701","7.449","7.954","6.08","3.793","2.414","2.942","4.439","5.551","6.549","5.397","5.904","7.101","6.375","5.749","3.597","2.829","3.516","3.841","5.104"
"Q","Quarterly","USD","US Dollar","3P","All countries excluding residents","N","Non-banks, total","A","All sectors","I","Cross-border & Local in FCY","B","Credit (loans & debt securities)","USD","US Dollar","Q:USD:3P:N:A:I:B:USD","","","","","","","","","","","","","","","","","","","","","","","","","","","","","","","","","","","","","","","","","","","","","","","","","","","","","","","","","","","","","","","","","","","","","","","","","","","","","","","","","","","","","","","","","","2337704.784","2353740.003","2398789.795","2494566.798","2582708.798","2607478.854","2572263.703","2612766.321","2619625.738","2618435.163","2666020.776","2644608.232","2794779.601","2853911.455","2947517.769","3021175.628","3182177.8","3222630.515","3279038.379","3407683.084","3508818.977","3563086.675","3680840.564","3800788.555","4039358.277","4200256.9","4307636.072","4617169.478","4881761.671","5228521.063","5357128.274","5537226.405","5907801.072","6030220.846","6090130.747","5796634.275","5853740.166","5903693.817","5996609.256","6121916.362","6494986.806","6467847.918","6776864.286","6991361.044","7238479.16","7435024.892","7615736.857","7600850.897","7732823.359","7711968.371","7864644.348","8148831.387","8465335.032","8588074.546","8665007.194","8833732.117","9107432.459","9239059.472","9418935.642","9388188.679","9657818.638","9838024.25","9853736.571","9927807.464","10077207.201","10314400.919","10481137.234","10478090.291","10737491.906","10871476.734","11106235.489","11207125.86","11406181.951","11479233.064","11482356.739","11523785.942","11806260.857","11920404.732","12064804.342"
"Q","Quarterly","USD","US Dollar","3P","All countries excluding residents","N","Non-banks, total","A","All sectors","I","Cross-border & Local in FCY","D","Debt securities","771","Year-on-year changes, in per cent","Q:USD:3P:N:A:I:D:771","","","","","","","","","","","","","","","","","","","","","","","","","","","","","","","","","","","","","","","","","","","","","","","","","","","","","","","","","","","","","","","","","","","","","","","","","","","","","","","","","","","","","","","","","","8.718","6.795","11.758","13.748","13.247","12.829","7.728","5.862","5.269","5.183","5.767","5.358","5.808","6.795","8.552","11.965","12.354","12.498","11.063","9.702","8.74","7.322","6.839","8.275","10.057","11.49","14.98","17.463","18.63","22.218","19.296","13.867","8.088","5.848","5.563","5.002","9.589","9.752","11.783","14.982","12.564","9.612","8.672","7.793","8.488","9.395","8.534","8.276","9.093","10.756","10.528","12.97","12.631","12.902","13.239","10.498","9.567","7.931","7.867","7.863","8.592","8.866","7.299","5.785","4.52","5.46","7.624","8.928","10.321","9.661","10.252","10.817","9.768","8.819","5.935","3.914","3.432","3.002","4.248"
"Q","Quarterly","USD","US Dollar","3P","All countries excluding residents","N","Non-banks, total","A","All sectors","I","Cross-border & Local in FCY","D","Debt securities","USD","US Dollar","Q:USD:3P:N:A:I:D:USD","","","","","","","","","","","","","","","","","","","","","","","","","","","","","","","","","","","","","","","","","","","","","","","","","","","","","","","","","","","","","","","","","","","","","","","","","","","","","","","","","","","","","","","","","","1087899.11","1106918.785","1170228.089","1197005.628","1232008.887","1248925.236","1260663.991","1267178.456","1296925.499","1313654.152","1333371.802","1335079.075","1372256.506","1402923.059","1447406.505","1494823.815","1541779.084","1578262.812","1607533.686","1639853.346","1676531.744","1693830.726","1717468.016","1775545.473","1845147.07","1888456.714","1974743.817","2085615.344","2188893.722","2308028.598","2355783.062","2374822.675","2365935.189","2442994.507","2486837.781","2493609.018","2592796.393","2681238.048","2779872.165","2867205.307","2918566.386","2938955.345","3020944.099","3090640.399","3166298.318","3215073.106","3278763.664","3346436.279","3454204.235","3560878.087","3623953.85","3780761.138","3890800.967","4020607.014","4104060.507","4177671.788","4263038.763","4339490.948","4426932.497","4506142.514","4629317.86","4724242.406","4750071.977","4766823.672","4838585.817","4982168.704","5112197.645","5192428.981","5337989.569","5463513.618","5636303.769","5754119.718","5859405.019","5945358.691","5970792.049","5979311.92","6060524.011","6123860.793","6224441.123"
"Q","Quarterly","USD","US Dollar","3P","All countries excluding residents","N","Non-banks, total","B","Banks, total","I","Cross-border & Local in FCY","G","Loans and deposits","771","Year-on-year changes, in per cent","Q:USD:3P:N:B:I:G:771","","","","","","","","","","","","","","","","","","","","","","","","","","","","","","","","","","","","","","","","","","","","","","","","","","","","","","","","","","","","","","","","","","","","","","","","","","","","","","","","","","","","","","","","","","-2.278","-0.765","-1.51","1.209","5.207","6.07","3.923","2.247","-2.85","-4.72","0.799","-2.614","6.461","10.099","11.446","15.728","14.431","12.391","10.505","15.172","11.216","13.027","16.342","12.419","17.182","18.43","14.22","21.048","19.646","26.085","28.404","24.663","26.496","19.162","16.477","-0.865","-10.022","-12.967","-13.634","-2.428","0.856","0.737","7.579","10.174","13.581","19.196","14.328","8.466","6.408","3.091","3.145","8.176","10.618","9.957","7.465","5.92","5.259","6.533","8.677","7.557","6.449","7.145","4.987","1.956","0.475","0.637","1.53","2.431","3.064","1.413","1.764","3.452","3.022","2.645","1.183","1.684","3.605","4.741","6.031"
"Q","Quarterly","USD","US Dollar","3P","All countries excluding residents","N","Non-banks, total","B","Banks, total","I","Cross-border & Local in FCY","G","Loans and deposits","USD","US Dollar","Q:USD:3P:N:B:I:G:USD","","","","","","","","","","","","","","","","","","","","","","","","","","","","","","","","","","","","","","","","","","","","","","","","","","","","","","","","","","","","","","","","","","","","","","","","","","","","","","","","","","","","","","","","","","1249805.674","1246821.219","1228561.706","1297561.171","1350699.911","1358553.618","1311599.712","1345587.865","1322700.239","1304781.011","1332648.975","1309529.157","1422523.096","1450988.396","1500111.264","1526351.812","1640398.717","1644367.702","1671504.693","1767829.738","1832287.233","1869255.949","1963372.548","2025243.082","2194211.207","2311800.185","2332892.255","2531554.134","2692867.949","2920492.465","3001345.212","3162403.73","3541865.883","3587226.339","3603292.967","3303025.257","3260943.773","3222455.77","3216737.091","3254711.055","3576420.42","3528892.573","3755920.187","3900720.646","4072180.842","4219951.786","4336973.193","4254414.618","4278619.124","4151090.284","4240690.498","4368070.249","4574534.065","4567467.532","4560946.688","4656060.329","4844393.696","4899568.524","4992003.145","4882046.165","5028500.777","5113781.843","5103664.594","5160983.792","5238621.384","5332232.215","5368939.589","5285661.31","5399502.337","5407963.117","5469931.72","5453006.142","5546776.931","5533874.373","5511564.69","5544474.021","5745736.846","5796543.94","5840363.219"
"Q","Quarterly","USD","US Dollar","3P","All countries excluding residents","P","Non-financial sectors","A","All sectors","I","Cross-border & Local in FCY","D","Debt securities","771","Year-on-year changes, in per cent","Q:USD:3P:P:A:I:D:771","","","","","","","","","","","","","","","","","","","","","","","","","","","","","","","","","","","","","","","","","","","","","","","","","","","","","","","","","","","","","","","","","","","","","","","","","","","","","","","","","","","","","","","","","","8.807","6.491","11.311","12.337","10.742","10.271","5.307","3.826","3.717","3.372","3.2","2.597","1.26","1.805","3.233","4.969","6.539","6.976","4.671","4.736","3.822","1.843","2.385","1.761","2.579","2.336","3.544","3.117","3.451","6.35","5.863","4.885","3.626","3.885","5.395","5.754","8.723","11.188","12.911","17.55","16.8","14.223","13.68","12.615","13.734","13.618","12.906","12.634","12.26","13.861","13.321","15.011","14.514","13.887","13.948","11.805","10.061","8.712","9.002","8.975","8.893","7.979","6.144","4.014","4.248","5.879","5.885","8.722","8.998","8.265","10.148","8.965","7.934","7.406","4.023","2.822","2.323","1.894","3.903"
"Q","Quarterly","USD","US Dollar","3P","All countries excluding residents","P","Non-financial sectors","A","All sectors","I","Cross-border & Local in FCY","D","Debt securities","USD","US Dollar","Q:USD:3P:P:A:I:D:USD","","","","","","","","","","","","","","","","","","","","","","","","","","","","","","","","","","","","","","","","","","","","","","","","","","","","","","","","","","","","","","","","","","","","","","","","","","","","","","","","","","","","","","","","","","786921.166","797497.753","839999.263","853957.429","871451.944","879405.566","884580.133","886626.429","903841.242","909057.008","912883.578","909648.523","915230.064","925469.386","942400.5","954851.908","975077.079","990030.134","986423.686","1000075.621","1012343.484","1008274.46","1009946.344","1017690.218","1038448.21","1031828.056","1045735.363","1049410.711","1074285.585","1097347.238","1107048.451","1100677.591","1113237.957","1139978.195","1166768.447","1164013.334","1210344.576","1267513.772","1317406.342","1368291.918","1413679.047","1447791.913","1497622.232","1540900.189","1607829.397","1644954.397","1690909.568","1735571.435","1804948.898","1872960.861","1916159.466","1996092.14","2066919.102","2133066.328","2183426.299","2231724.493","2274862.512","2318908.72","2379970.032","2432024.045","2477172.309","2503937.658","2526183.883","2529647.314","2582410.047","2651145.256","2674861.433","2750274.618","2814781.072","2870253.967","2946309.509","2996826.783","3038095.379","3082833.959","3064838.814","3081383.865","3108666.689","3141215.296","3184468.807"
"Q","Quarterly","USD","US Dollar","4T","Developing countries","N","Non-banks, total","A","All sectors","I","Cross-border & Local in FCY","B","Credit (loans & debt securities)","771","Year-on-year changes, in per cent","Q:USD:4T:N:A:I:B:771","","","","","","","","","","","","","","","","","","","","","","","","","","","","","","","","","","","","","","","","","","","","","","","","","","","","","","","","","","","","","","","","","","","","","","","","","","","","","","","","","","","","","","","","","","-2.645","-3.212","2.148","1.955","2.955","3.805","-0.61","-1.047","-1.415","-1.111","2.041","-1.099","-0.462","-1.354","-1.385","3.781","6.797","9.527","8.346","10.062","8.384","6.598","9.957","10.763","11.857","12.997","11.031","11.141","11.485","18.477","21.212","22.906","26.516","24.868","21.487","5.857","-3.18","-8.611","-8.728","2.355","6.323","8.381","11.687","12.126","14.524","16.627","14.413","12.469","12.076","9.703","9.83","11.027","13.407","14.956","13.3","11.985","10.537","8.56","7.666","6.248","2.742","3.571","1.847","-0.957","-1.937","-2.031","-0.684","3.106","5","4.376","6.848","7.788","8.451","7.497","4.417","2.108","1.178","1.656","3.055"
"Q","Quarterly","USD","US Dollar","4T","Developing countries","N","Non-banks, total","A","All sectors","I","Cross-border & Local in FCY","B","Credit (loans & debt securities)","USD","US Dollar","Q:USD:4T:N:A:I:B:USD","","","","","","","","","","","","","","","","","","","","","","","","","","","","","","","","","","","","","","","","","","","","","","","","","","","","","","","","","","","","","","","","","","","","","","","","","","","","","","","","","","","","","","","","","","794135.921","785668.591","810057.498","814927.442","824532.826","822478.857","811951.515","810357.319","806696.178","807170.092","822233.578","800202.707","814338.838","807515.724","822330.271","835952.583","891104.403","906260.293","912932.394","941697.709","967975.462","969655.791","1012722.522","1072886.429","1112756.259","1114803.992","1138255.53","1184454.477","1230614.801","1321398.562","1380344.044","1458328.552","1569368.698","1648484.19","1675401.692","1549933.31","1517730.195","1518263.764","1542615.902","1590117.022","1816937.951","1852383.124","1937526.122","2021217.734","2097722.13","2178318.191","2236317.389","2273015.419","2342052.992","2363983.332","2428559.477","2496859.893","2637655.337","2717622.487","2750784.6","2809263.492","2929051.007","2972724.397","2985168.487","2974591.154","2999354.27","3060235.507","3021906.671","3229617.781","3224253.591","3285763.617","3289226.77","3329396.803","3384843.275","3428901.501","3517751.742","3579885.689","3662525.976","3677507.302","3660734.157","3656204.6","3705996.492","3738760.379","3793980.667"
"Q","Quarterly","USD","US Dollar","4T","Developing countries","N","Non-banks, total","A","All sectors","I","Cross-border & Local in FCY","D","Debt securities","771","Year-on-year changes, in per cent","Q:USD:4T:N:A:I:D:771","","","","","","","","","","","","","","","","","","","","","","","","","","","","","","","","","","","","","","","","","","","","","","","","","","","","","","","","","","","","","","","","","","","","","","","","","","","","","","","","","","","","","","","","","","9.069","4.173","14.716","12.254","10.041","10.117","-0.565","-0.319","-0.282","1.165","3.421","4.894","2.945","2.376","3.371","4.598","7.597","8.266","7.141","6.756","6","2.747","2.439","3.097","5.383","4.506","5.503","7.723","4.647","10.777","8.999","6.706","4.584","3.194","3.501","-1.404","0.727","1.078","6.079","14.983","17.103","18.975","16.857","13.485","14.297","13.706","11.663","12.933","12.596","13.32","14.903","15.136","14.04","14.954","14.664","14.863","12.883","11.252","9.328","8.175","9.329","9.072","8.476","5.442","5.916","8.737","10.298","15.385","16.802","15.407","17.156","16.116","15.36","14.114","9.877","8.177","7.464","5.547","9.141"
"Q","Quarterly","USD","US Dollar","4T","Developing countries","N","Non-banks, total","A","All sectors","I","Cross-border & Local in FCY","D","Debt securities","USD","US Dollar","Q:USD:4T:N:A:I:D:USD","","","","","","","","","","","","","","","","","","","","","","","","","","","","","","","","","","","","","","","","","","","","","","","","","","","","","","","","","","","","","","","","","","","","","","","","","","","","","","","","","","","","","","","","","","348552.375","346435.468","380194.5","377079.774","383551.1","381484.109","378047.856","375878.158","382469.473","385929.822","390980.379","394272.404","393733.826","395098.114","404159.823","412401.701","423644.048","427756.442","433020.673","440263.061","449060.889","439506.212","443581.194","453897.999","473235.987","459309.641","467991.153","488953.539","495225.881","508809.488","510107.024","521743.949","517928.497","525058.344","527963.346","514418.902","521694.839","530720.053","560059.726","591494.594","610921.059","631423.754","654468.743","671259.853","698261.543","717968.312","730796.892","758076.378","786212.945","813599.427","839708.844","872816.206","896594.698","935261.028","962846.795","1002546.568","1012101.804","1040500.762","1052659.67","1084506.233","1106516.556","1134899.726","1141883.265","1143527.588","1171981.96","1234053.842","1259469.21","1319458.322","1368898.114","1424189.208","1475544.375","1532104.141","1579160.767","1625195.767","1621286.671","1657388.118","1697021.553","1715351.392","1769487.549"
"Q","Quarterly","USD","US Dollar","4T","Developing countries","N","Non-banks, total","B","Banks, total","I","Cross-border & Local in FCY","G","Loans and deposits","771","Year-on-year changes, in per cent","Q:USD:4T:N:B:I:G:771","","","","","","","","","","","","","","","","","","","","","","","","","","","","","","","","","","","","","","","","","","","","","","","","","","","","","","","","","","","","","","","","","","","","","","","","","","","","","","","","","","","","","","","","","","-10.241","-8.36","-6.884","-5.589","-2.581","-1.169","-0.642","-1.674","-2.396","-3.086","0.839","-6.364","-3.555","-4.762","-5.676","3.01","6.045","10.697","9.497","13.204","10.544","10.032","16.713","17.445","17.462","19.892","15.235","13.638","16.57","23.868","29.733","34.294","41.27","38.39","31.985","9.87","-5.14","-13.114","-15.495","-3.909","0.681","2.837","8.789","11.273","14.642","18.131","15.805","12.239","11.818","7.92","7.356","8.951","13.094","14.957","12.58","10.438","9.315","7.14","6.769","5.187","-0.73","0.598","-1.784","-4.628","-6.31","-7.881","-6.67","-3.625","-1.739","-2.261","0.45","2.323","3.759","2.788","0.456","-2.432","-3.587","-1.425","-1.782"
"Q","Quarterly","USD","US Dollar","4T","Developing countries","N","Non-banks, total","B","Banks, total","I","Cross-border & Local in FCY","G","Loans and deposits","USD","US Dollar","Q:USD:4T:N:B:I:G:USD","","","","","","","","","","","","","","","","","","","","","","","","","","","","","","","","","","","","","","","","","","","","","","","","","","","","","","","","","","","","","","","","","","","","","","","","","","","","","","","","","","","","","","","","","","445583.546","439233.123","429862.998","437847.668","440981.726","440994.748","433903.659","434479.161","424226.705","421240.27","431253.198","405930.303","420605.012","412417.61","418170.448","423550.882","467460.354","478503.851","479911.721","501434.648","518914.573","530149.578","569141.328","618988.43","639520.272","655494.351","670264.377","695500.938","735388.92","812589.074","870237.02","936584.603","1051440.201","1123425.846","1147438.346","1035514.408","996035.356","987543.711","982556.176","998622.428","1206016.892","1220959.37","1283057.379","1349957.882","1399460.588","1460349.879","1505520.498","1514939.041","1555840.047","1550383.905","1588850.633","1624043.687","1741060.639","1782361.459","1787937.805","1806716.924","1916949.203","1932223.634","1932508.817","1890084.922","1892837.714","1925335.781","1880023.407","2086090.193","2052271.631","2051709.775","2029757.56","2009938.481","2015945.161","2004712.293","2042207.367","2047781.548","2083365.209","2052311.535","2039447.486","1998816.481","2008974.939","2023408.987","2024493.118"
"Q","Quarterly","USD","US Dollar","4T","Developing countries","P","Non-financial sectors","A","All sectors","I","Cross-border & Local in FCY","D","Debt securities","771","Year-on-year changes, in per cent","Q:USD:4T:P:A:I:D:771","","","","","","","","","","","","","","","","","","","","","","","","","","","","","","","","","","","","","","","","","","","","","","","","","","","","","","","","","","","","","","","","","","","","","","","","","","","","","","","","","","","","","","","","","","9.824","4.475","15.964","12.977","11.023","11.095","-0.692","-0.267","-0.159","0.201","2.224","3.367","1.098","1.483","2.357","4.027","7.214","8.045","7.245","6.7","5.624","1.669","1.334","2.35","3.203","2.889","3.874","3.751","1.92","7.973","5.918","5.878","4.539","2.96","3.671","-1.409","0.663","1.808","6.4","16.393","18.219","19.709","17.181","13.563","14.025","13.637","12.529","13.649","13.546","13.958","15.626","14.626","13.736","13.933","13.5","14.73","12.42","11.063","9.071","6.847","7.988","7.311","6.769","3.704","4.418","7.644","8.363","15.043","16.417","15.422","17.459","15.317","14.188","12.899","9.185","7.342","7.254","5.673","9.364"
"Q","Quarterly","USD","US Dollar","4T","Developing countries","P","Non-financial sectors","A","All sectors","I","Cross-border & Local in FCY","D","Debt securities","USD","US Dollar","Q:USD:4T:P:A:I:D:USD","","","","","","","","","","","","","","","","","","","","","","","","","","","","","","","","","","","","","","","","","","","","","","","","","","","","","","","","","","","","","","","","","","","","","","","","","","","","","","","","","","","","","","","","","","329947.724","327910.845","363445.337","359060.868","366315.92","364292.11","360931.459","358100.971","365735.006","365025.853","368957.235","370159.314","369749.79","370437.436","377654.451","385066.898","396423.583","400240.507","405016.908","410867.439","418717.163","406919.472","410419.296","420524.798","432129.599","418673.78","426319.868","436299.428","440424.526","452056.517","451549.323","461944.017","460416.277","465435.566","468124.907","455437.135","463471.039","473852.183","498084.466","530098.345","547911.964","567245.499","583662.863","601994.393","624759.033","644599.86","656790.95","684158.206","709386.097","734574.579","759419.933","784225.105","806824.189","836919.519","861940.014","899744.688","907033.452","929510.91","940127.347","961349.37","979484.326","997465.073","1003768.412","996961.624","1022760.306","1073708.267","1087709.834","1146935.447","1190669.738","1239296.315","1277612.583","1322606.449","1359602.175","1399151.541","1394958.765","1419710.042","1458221.784","1478531.457","1525579.819"
"Q","Quarterly","USD","US Dollar","4U","Developing Latin America and Caribbean","N","Non-banks, total","A","All sectors","I","Cross-border & Local in FCY","B","Credit (loans & debt securities)","771","Year-on-year changes, in per cent","Q:USD:4U:N:A:I:B:771","","","","","","","","","","","","","","","","","","","","","","","","","","","","","","","","","","","","","","","","","","","","","","","","","","","","","","","","","","","","","","","","","","","","","","","","","","","","","","","","","","","","","","","","","","0.862","-1.59","3.792","2.097","4.586","5.979","0.573","-0.353","-3.121","-4.293","-3.548","-2.681","-4.663","-3.264","-2.741","-1.123","1.024","0.648","0.887","-0.096","0.606","-3.104","-3.346","-1.509","-2.866","-0.792","1.219","1.843","4.634","11.237","12.075","7.327","10.277","9.793","11.884","8.418","2.694","-2.797","-6.328","1.955","4.132","10.617","16.261","14.991","17.715","17.64","15.817","16.423","14.898","11.386","8.968","7.45","5.836","9.148","7.931","7.742","8.087","6.368","8.422","8.703","10.143","10.821","9.098","6.115","4.444","4.525","4.456","5.873","6.39","4.803","6.852","6.799","8.536","6.362","3.142","3.355","-0.01","2.734","3.394"
"Q","Quarterly","USD","US Dollar","4U","Developing Latin America and Caribbean","N","Non-banks, total","A","All sectors","I","Cross-border & Local in FCY","B","Credit (loans & debt securities)","USD","US Dollar","Q:USD:4U:N:A:I:B:USD","","","","","","","","","","","","","","","","","","","","","","","","","","","","","","","","","","","","","","","","","","","","","","","","","","","","","","","","","","","","","","","","","","","","","","","","","","","","","","","","","","","","","","","","","","398011.306","390410.517","405196.469","396376.656","410997.771","408517.597","402370.458","397304.552","390381.671","383331.881","380503.94","385524.841","379602.047","378218.852","377458.574","382510.349","384778.225","381947.338","382085.035","382797.059","387724.298","371788.056","371028.757","397667.731","397191.151","382320.879","389238.016","400355.931","410231.056","425845.24","436816.857","429697.152","452797.038","467706.143","488891.224","467699.928","466415.339","456274.481","459613.222","476851.99","485788.903","505100.814","534753.703","549472.865","572913.404","594981.384","620156.276","639696.937","658269.336","658678.598","671640.494","683143.242","692398.296","718897.957","724698.897","735066.061","748595.165","764888.219","786136.424","786657.636","810462.717","832982.878","842810.242","855487.668","867497.086","892531.597","902459.019","903700.325","920774.666","933228.822","962094.166","965007.62","999324.881","992491.943","992289.67","997813.907","999653.87","1020117.36","1026341.752"
"Q","Quarterly","USD","US Dollar","4W","Developing Africa and Middle East","N","Non-banks, total","A","All sectors","I","Cross-border & Local in FCY","B","Credit (loans & debt securities)","771","Year-on-year changes, in per cent","Q:USD:4W:N:A:I:B:771","","","","","","","","","","","","","","","","","","","","","","","","","","","","","","","","","","","","","","","","","","","","","","","","","","","","","","","","","","","","","","","","","","","","","","","","","","","","","","","","","","","","","","","","","","-0.844","-0.792","-4.48","-4.813","-3.314","-5.52","-3.549","-5.049","-2.329","0.895","1.592","-6.611","-8.321","-10.955","-10.502","0.147","5.734","10.273","14.951","24.965","17.059","17.199","26.691","20.937","35.111","36.563","27.179","27.611","23.021","31.54","35.268","45.51","47.759","39.546","33.462","7.725","0.709","-0.017","-0.395","8.524","7.391","4.829","5.802","6.974","11.132","9.446","3.379","3.777","6.619","3.138","7.386","1.484","-1.904","2.265","3.319","2.861","5.373","6.731","5.636","9.578","7.277","10.698","10.938","13.916","13.678","17.404","15.611","19.947","19.606","14.805","17.777","15.905","19.312","20.572","18.147","12.446","14.147","11.19","13.051"
"Q","Quarterly","USD","US Dollar","4W","Developing Africa and Middle East","N","Non-banks, total","A","All sectors","I","Cross-border & Local in FCY","B","Credit (loans & debt securities)","USD","US Dollar","Q:USD:4W:N:A:I:B:USD","","","","","","","","","","","","","","","","","","","","","","","","","","","","","","","","","","","","","","","","","","","","","","","","","","","","","","","","","","","","","","","","","","","","","","","","","","","","","","","","","","","","","","","","","","113319.845","112950.198","109206.124","114017.926","110106.577","107243.34","105852.923","111437.215","110703.164","111383.644","110699.519","104084.501","104191.215","101819.913","101709.102","107052.487","110480.355","112600.154","117249.282","134089.079","130264.303","133063.72","150295.738","163710.052","176434.858","181968.212","190753.425","208948.768","217050.334","239361.089","258027.532","304995.539","325517.657","329728.915","339944.54","326265.596","323338.99","334327.547","344376.589","356864.219","349109.605","353291.684","366233.073","383515.995","388791.94","386460.694","378550.143","397845.643","414740.903","389069.331","396655.934","394250.797","396910.26","397910.037","409896.174","406116.582","418579.512","425007.321","433266.633","442544.577","446828.247","468382.368","478519.062","540078.942","544161.936","588820.444","592379.256","648343.793","651692.893","676868.134","701689.091","755486.064","781886.533","820669.352","829971.974","849781.67","892171.713","912183.076","959128.774"
"Q","Quarterly","USD","US Dollar","4Y","Developing Asia and Pacific","N","Non-banks, total","A","All sectors","I","Cross-border & Local in FCY","B","Credit (loans & debt securities)","771","Year-on-year changes, in per cent","Q:USD:4Y:N:A:I:B:771","","","","","","","","","","","","","","","","","","","","","","","","","","","","","","","","","","","","","","","","","","","","","","","","","","","","","","","","","","","","","","","","","","","","","","","","","","","","","","","","","","","","","","","","","","-9.795","-9.685","-6.198","-5.242","-7.721","-4.013","-3.554","-0.346","1.475","2.505","12.82","1.008","5.968","-1.179","-4.167","6.715","11.489","20.972","16.685","18.364","13.756","12.453","18.612","15.611","14.421","13.164","9.646","14.586","12.84","17.216","13.614","15.272","23.385","26.411","23.43","3.293","-10.548","-17.969","-10.864","8.527","18.299","19.713","17.189","17.039","16.997","22.609","23.105","15.458","15.253","12.486","11.683","18.535","22.593","21.66","18.199","15.162","14.802","12.702","11.062","7.619","0.357","0.339","-2.123","-6.925","-9.308","-11.1","-8.099","-2.495","2.545","4.362","7.44","9.353","8.363","7.534","3.258","0.558","-1.076","-1.145","0.294"
"Q","Quarterly","USD","US Dollar","4Y","Developing Asia and Pacific","N","Non-banks, total","A","All sectors","I","Cross-border & Local in FCY","B","Credit (loans & debt securities)","USD","US Dollar","Q:USD:4Y:N:A:I:B:USD","","","","","","","","","","","","","","","","","","","","","","","","","","","","","","","","","","","","","","","","","","","","","","","","","","","","","","","","","","","","","","","","","","","","","","","","","","","","","","","","","","","","","","","","","","196314.37","194452.608","189683.517","195647.938","194033.799","199917.999","195947.405","194824.289","196787.842","204813.244","220946.844","196758.365","209678.084","203512.205","212905.2","211399.842","250157.569","263452.94","265837.717","267450.047","284521.22","296337.519","319955.539","314874.586","332287.617","342560.181","353269.019","362027.131","375416.364","401535.697","401361.438","418806.459","469860.98","515278.295","502908.554","437640.47","420673.342","422755.93","448858.327","475926.358","698787.576","710706.389","737792.543","797006.661","834786.435","889626.576","928028.991","920786.5","953559.129","989501.268","1024062.995","1078693.188","1166415.184","1203833.009","1210292.755","1241424.615","1337081.846","1354863.012","1342471.977","1331348.384","1338282.369","1356704.413","1311312.141","1306037.926","1279222.793","1270420.231","1269375.04","1274335.208","1312421.308","1326485.398","1365272.511","1381054.681","1409742.217","1413953.328","1396615.156","1388672.687","1394490.537","1397615.058","1400579.176"
"Q","Quarterly","USD","US Dollar","AR","Argentina","N","Non-banks, total","A","All sectors","I","Cross-border & Local in FCY","B","Credit (loans & debt securities)","771","Year-on-year changes, in per cent","Q:USD:AR:N:A:I:B:771","","","","","","","","","","","","","","","","","","","","","","","","","","","","","","","","","","","","","","","","","","","","","","","","","","","","","","","","","","","","","","","","","","","","","","","","","","","","","","","","","","","","","","","","","","2.386","-0.432","4.575","3.711","5.579","16.013","13.315","16.082","9.02","-4.275","-8.026","-10.16","-9.922","-8.958","-9.144","-8.238","-8.365","-10.487","-10.077","-9.667","-7.574","-33.416","-31.198","-30.815","-30.192","1.328","1.963","5.217","5.035","9.434","16.252","13.778","15.083","9.432","3.509","-13.71","-16.762","-17.717","-25.329","-13.794","-10.759","-4.98","7.906","16.49","22.135","18.167","15.285","8.456","1.082","-3.021","-9.2","-12.428","-13","-9.826","-9.413","-6.335","-4.225","-1.344","-0.074","-1.186","1.635","2.97","3.736","3.23","9.146","54.099","72.761","83.497","97.34","55.543","48.51","49.903","41.972","20.094","15.34","8.658","-1.874","-4.429","-6.703"
"Q","Quarterly","USD","US Dollar","AR","Argentina","N","Non-banks, total","A","All sectors","I","Cross-border & Local in FCY","B","Credit (loans & debt securities)","USD","US Dollar","Q:USD:AR:N:A:I:B:USD","","","","","","","","","","","","","","","","","","","","","","","","","","","","","","","","","","","","","","","","","","","","","","","","","","","","","","","","","","","","","","","","","","","","","","","","","","","","","","","","","","","","","","","","","","70021.41","70756.175","73096.869","70174.343","72455.058","80451.781","81181.051","81455.511","80833.192","78808.864","76407.116","75771.775","73668.577","72591.89","70236.067","69533.47","67523.053","64995.05","63173.911","62815.184","62412.546","43274.177","43462.787","43261.685","43368.668","43661.065","44126.169","45527.894","45561.649","47780.092","51297.591","51800.704","52433.578","52286.458","53097.549","44719.942","43665.284","43043.076","39667.284","38551.462","39054.49","41016.108","42925.245","45040.241","47732.591","48471.714","49490.919","48849.021","48249.588","46941.421","44874.632","42717.369","41917.286","42328.065","40624.72","39991.516","40100.947","41711.655","40573.649","39529.299","40795.207","42968.145","42107.124","42649.363","46537.473","69240.994","76070.844","78239.179","91812.184","107670.125","112941.733","117284.992","130349.375","129307.672","130268.876","127439.54","127906.433","123580.423","121536.945"
"Q","Quarterly","USD","US Dollar","BR","Brazil","N","Non-banks, total","A","All sectors","I","Cross-border & Local in FCY","B","Credit (loans & debt securities)","771","Year-on-year changes, in per cent","Q:USD:BR:N:A:I:B:771","","","","","","","","","","","","","","","","","","","","","","","","","","","","","","","","","","","","","","","","","","","","","","","","","","","","","","","","","","","","","","","","","","","","","","","","","","","","","","","","","","","","","","","","","","4.157","-4.218","4.209","-1.03","0.226","2.999","-5.455","-7.288","-6.402","-3.226","-1.141","-0.067","-1.492","2.085","5.008","9.855","9.118","3.426","-1.829","-5.826","-5.535","-3.558","-0.087","2.131","3.022","-6.372","-4.176","5.564","5.951","19.813","16.67","6.552","9.119","10.447","15.995","10.583","6.051","4.786","0.845","2.651","5.374","10.526","22.211","20.421","24.317","23.255","16.546","24.19","19.928","11.741","8.074","5.377","2.36","7.1","1.501","2.89","2.553","-0.342","5.587","3.506","5.034","6.318","0.793","-4.388","-6.942","-10.555","-10.842","-5.584","-4.675","-6.37","-4.454","-4.265","-2.74","-0.143","-0.732","-2.783","-6.267","-1.439","-0.779"
"Q","Quarterly","USD","US Dollar","BR","Brazil","N","Non-banks, total","A","All sectors","I","Cross-border & Local in FCY","B","Credit (loans & debt securities)","USD","US Dollar","Q:USD:BR:N:A:I:B:USD","","","","","","","","","","","","","","","","","","","","","","","","","","","","","","","","","","","","","","","","","","","","","","","","","","","","","","","","","","","","","","","","","","","","","","","","","","","","","","","","","","","","","","","","","","88480.823","82317.92","87555.683","87122.068","89345.846","85422.905","83402.375","80764.296","83637.025","82678.449","82462.13","91749.222","93462.387","95746.261","98230.185","100598.463","102018.693","99059.785","96465.964","94753.092","96421.769","96648.405","97504.07","97831.018","100413.458","90470.022","93413.032","103324.323","106395.183","108395.023","108984.543","110093.884","116097.374","119718.779","126416.34","122245.168","123636.23","125971.57","128017.03","125493.979","130286.025","139050.129","156247.463","151162.51","162006.561","171657.098","182387.188","187709.628","194274.655","190275.018","195534.538","196236.509","197282.114","203781.166","198455.831","201767.191","201668.584","202430.065","208879.576","208717.805","212230.098","216039.634","211338.096","203520.284","201416.188","196704.593","191808.239","190152.547","189983.377","182239.855","181338.781","182027.566","184777.578","181978.175","180004.956","177327.475","173554.293","179729.741","178976.799"
"Q","Quarterly","USD","US Dollar","CL","Chile","N","Non-banks, total","A","All sectors","I","Cross-border & Local in FCY","B","Credit (loans & debt securities)","771","Year-on-year changes, in per cent","Q:USD:CL:N:A:I:B:771","","","","","","","","","","","","","","","","","","","","","","","","","","","","","","","","","","","","","","","","","","","","","","","","","","","","","","","","","","","","","","","","","","","","","","","","","","","","","","","","","","","","","","","","","","1.45","-5.285","1.71","-1.325","-1.228","4.037","-2.842","4.377","1.889","-0.208","3.887","5.634","15.964","16.321","17.604","12.127","6.111","7.373","6.262","4.484","3.314","4.694","2.737","4.06","1.168","3.55","6.017","11.217","13.016","7.916","7.304","4.618","9.707","18.209","24.197","16.193","12.572","-2.001","-6.593","5.738","1.787","15.952","18.912","18.17","29.013","29.107","27.182","19.408","14.61","6.274","6.964","13.199","10.381","14.001","11.968","-6.779","-6.355","-8.425","-5.229","10.596","12.527","16.197","13.579","8.429","6.974","1.29","0.051","-0.131","-1.096","1.759","8.465","11.16","13.515","15.518","7.097","7.235","6.454","8.411","10.696"
"Q","Quarterly","USD","US Dollar","CL","Chile","N","Non-banks, total","A","All sectors","I","Cross-border & Local in FCY","B","Credit (loans & debt securities)","USD","US Dollar","Q:USD:CL:N:A:I:B:USD","","","","","","","","","","","","","","","","","","","","","","","","","","","","","","","","","","","","","","","","","","","","","","","","","","","","","","","","","","","","","","","","","","","","","","","","","","","","","","","","","","","","","","","","","","20748.35","20115.35","20924.35","20292.35","20603.35","21039.35","20439.48","21181.48","20994.48","20997.48","21236","26958.74","29348.89","29443.5","30106.48","30391.48","31285.93","31759.93","32139.2","31745.2","32322.7","33248.7","33018.99","32934.99","32945.18","34695.18","35274.18","37021.18","37239.69","37441.69","37850.64","38730.64","40854.59","44259.59","47009.27","44947.27","45934.79","43320.79","43856.42","47526.42","46758.62","50298.62","52220.18","56441.18","60620.53","65174.41","66655.711","67392.331","69484.887","69211.794","71244.856","76229.705","76628.336","78897.77","79781.18","71023.76","73602.822","74106.984","77538.837","80362.62","82567.451","85756.981","87706.5","87104.932","88294.037","86920.338","87808.85","86990.669","87317.79","88777.485","95596.431","97095.763","99535.594","102594.096","102532.61","104236.308","106077.35","111346.795","113499.641"
"Q","Quarterly","USD","US Dollar","CN","China","N","Non-banks, total","A","All sectors","I","Cross-border & Local in FCY","B","Credit (loans & debt securities)","771","Year-on-year changes, in per cent","Q:USD:CN:N:A:I:B:771","","","","","","","","","","","","","","","","","","","","","","","","","","","","","","","","","","","","","","","","","","","","","","","","","","","","","","","","","","","","","","","","","","","","","","","","","","","","","","","","","","","","","","","","","","-18.657","-18.817","-15.698","-18.443","-18.77","18.804","-2.845","-2.607","-5.5","-4.536","20.052","-25.234","1.398","-28.916","-31.856","4.163","-10.041","-19.379","-5.591","7.491","-1.33","30.856","27.48","27.968","11.097","14.121","4.5","-6.824","14.887","28.108","24.147","32.901","72.594","69.767","67.199","32.291","-14.511","-31.364","-24.722","5.702","32.155","36.23","33.232","27.436","16.221","25.841","29.673","22.007","21.926","17.465","19.05","28.523","40.258","37.293","29.612","20.771","18.335","17.284","13.534","7.998","-3.85","-3.725","-9.278","-16.049","-22.086","-24.175","-17.634","-8.503","2.061","4.877","5.023","8.133","7.666","3.539","-1.045","-6.51","-8.322","-5.549","-1.961"
"Q","Quarterly","USD","US Dollar","CN","China","N","Non-banks, total","A","All sectors","I","Cross-border & Local in FCY","B","Credit (loans & debt securities)","USD","US Dollar","Q:USD:CN:N:A:I:B:USD","","","","","","","","","","","","","","","","","","","","","","","","","","","","","","","","","","","","","","","","","","","","","","","","","","","","","","","","","","","","","","","","","","","","","","","","","","","","","","","","","","","","","","","","","","16878","14750","14275","13881","13711","17525","13870","13545","12977","16756","16677","10139","13226","11972","11422.8","10666.8","13608.8","11039.8","12334.8","13035.8","14015.8","15076.8","16310.8","17278.8","15476.8","17051.8","16995.8","16076.8","17726.8","21844.8","21099.8","21368.3","30598.3","37089.8","35283","28308","26195","25492","26600","29925.4","287338.487","288169.472","294044.345","316412.571","333853.847","362636.145","381295.092","386046.955","407648.793","425982.227","453943.567","496173.263","570943.483","584465.302","587953.329","603359.596","679620.597","689983.426","671943.642","650535.553","653003.818","663821.356","609181.346","546133.985","508787.655","503341.855","501759.996","499786.549","519367.333","527983.986","527056.544","527815.067","546125.343","533903.999","509371.645","493454.178","500674.073","504276.105","499384.869"
"Q","Quarterly","USD","US Dollar","ID","Indonesia","N","Non-banks, total","A","All sectors","I","Cross-border & Local in FCY","B","Credit (loans & debt securities)","771","Year-on-year changes, in per cent","Q:USD:ID:N:A:I:B:771","","","","","","","","","","","","","","","","","","","","","","","","","","","","","","","","","","","","","","","","","","","","","","","","","","","","","","","","","","","","","","","","","","","","","","","","","","","","","","","","","","","","","","","","","","-22.315","-22.932","-17.838","-21.435","-23.071","-24.944","-24.386","-17.06","-19.913","-17.959","-17.389","-20.769","-20.892","-20.858","-21.88","-15.777","12.106","15.77","16.193","16.32","-6.706","3.79","9.814","33.519","58.468","43.75","38.603","12.713","10.248","5.583","8.09","13.155","16.272","37.538","39.02","31.884","39.681","23.507","31.465","42.69","27.374","23.167","20.946","16.738","7.682","26.563","26.157","28.961","34.979","31.438","28.011","28.953","21.363","17.398","18.154","17.173","21.785","15.235","16.692","12.881","13.588","17.753","11.763","11.408","6.011","-0.029","0.81","0.652","3.022","6.438","11.24","12.737","10.33","11.036","7.915","9.522","7.096","3.87","5.198"
"Q","Quarterly","USD","US Dollar","ID","Indonesia","N","Non-banks, total","A","All sectors","I","Cross-border & Local in FCY","B","Credit (loans & debt securities)","USD","US Dollar","Q:USD:ID:N:A:I:B:USD","","","","","","","","","","","","","","","","","","","","","","","","","","","","","","","","","","","","","","","","","","","","","","","","","","","","","","","","","","","","","","","","","","","","","","","","","","","","","","","","","","","","","","","","","","18759.074","18084","17061","15554","14867","13983","13290","12904","11913","11478","10985","10225","9585","9239","8728","8805","9589","9545","9050","9091","9386","10393","10331","12589","14745","14812","14327","14230","16256","15639","15486","16118","18920","21533","21552","21300","26481","26646","28388","30393","33730","32823","34338.428","51641.051","52464.099","61024.831","64816.767","69835.942","76459.746","85993.881","87166.886","93035.43","94536.378","101709.976","102091.907","109001.862","114180.181","116995.304","121161.783","123725.15","129509.618","136745.81","134924.489","147523.674","146986.543","144636.703","143419.253","146526.733","150750.484","154641.806","160893.141","164933.81","165365.442","172090.831","172321.889","179903.426","176499.813","176204.891","179751.257"
"Q","Quarterly","USD","US Dollar","IN","India","N","Non-banks, total","A","All sectors","I","Cross-border & Local in FCY","B","Credit (loans & debt securities)","771","Year-on-year changes, in per cent","Q:USD:IN:N:A:I:B:771","","","","","","","","","","","","","","","","","","","","","","","","","","","","","","","","","","","","","","","","","","","","","","","","","","","","","","","","","","","","","","","","","","","","","","","","","","","","","","","","","","","","","","","","","","-15.843","-13.901","-6.832","-10.265","-3.877","-7.237","-16.723","-17.349","-17.106","-17.81","-10.978","-6.798","-6.714","0.434","3.849","2.761","19.186","29.078","20.65","32.013","34.092","24.221","37.584","35.188","44.707","64.177","53.514","57.507","47.064","44.216","48.211","54.287","51.597","39.572","32.801","21.504","11.285","0.868","5.453","7.11","9.673","20.317","21.772","21.917","16.64","19.505","19.275","10.642","15.443","11.502","4.841","16.26","12.304","6.504","2.761","1.803","3.764","3.873","8.323","-1.797","-4.701","-3.183","-1.22","-2.363","0.602","-4.008","-8.904","-4.449","-7.374","-8.233","-0.646","1.151","1.372","3.714","0.768","-0.055","4.917","11.287","13.583"
"Q","Quarterly","USD","US Dollar","IN","India","N","Non-banks, total","A","All sectors","I","Cross-border & Local in FCY","B","Credit (loans & debt securities)","USD","US Dollar","Q:USD:IN:N:A:I:B:USD","","","","","","","","","","","","","","","","","","","","","","","","","","","","","","","","","","","","","","","","","","","","","","","","","","","","","","","","","","","","","","","","","","","","","","","","","","","","","","","","","","","","","","","","","","9558.84","9584.84","10085.84","9536.84","9133.14","8837.84","8348.84","7898.84","7595.84","7287.84","7456.84","7361.84","7096.84","7330.84","7755.84","7623.84","9855.89","11025.89","10903.43","11654.93","13311.93","13793.93","15018.18","15740.7","19308.7","22703.2","23251.2","25056.2","28396.2","32741.7","34460.826","38680.517","43072.328","45489.155","45554.996","46886.852","47819.173","46011.69","48450.714","50510.533","52749.468","55782.421","59108.64","61636.107","61579.612","66599.134","70434.175","68195.415","72522.67","75620.488","75197.506","80726.285","81288.269","80527.221","77243.246","81955.719","84130.15","83430.534","83477.942","80285.669","79965.333","83443.07","85183.009","106408.484","109203.274","104977.818","101700.481","101760.215","101195.537","96378.602","101151.719","103418.166","103109.954","100470.571","102388.286","103363.249","108181.705","111813.131","116297.568"
"Q","Quarterly","USD","US Dollar","KR","South Korea","N","Non-banks, total","A","All sectors","I","Cross-border & Local in FCY","B","Credit (loans & debt securities)","771","Year-on-year changes, in per cent","Q:USD:KR:N:A:I:B:771","","","","","","","","","","","","","","","","","","","","","","","","","","","","","","","","","","","","","","","","","","","","","","","","","","","","","","","","","","","","","","","","","","","","","","","","","","","","","","","","","","","","","","","","","","8.014","9.767","7.747","5.313","8.443","-4.644","1.431","20.402","19.361","21.855","25.993","5.477","-13.296","-14.529","-19.282","-10.098","-0.525","3.575","4.602","8.224","10.077","8.584","10.61","13.294","13.5","16.098","21.032","26.334","22.038","24.352","13.906","11.67","15.191","30.761","37.907","19.608","7.854","-6.637","-8.758","5.268","18.864","9.135","6.831","3.978","11.57","10.675","13.848","8.742","-0.662","-0.041","-3.516","-5.464","-0.516","0.964","1.628","11.152","10.648","9.033","12.142","10.231","2.274","1.042","-4.208","-7.615","-7.525","-5.782","-3.571","-1.887","0.221","-0.471","-0.437","1.509","1.992","7.496","9.116","6.866","1.284","1.486","-0.644"
"Q","Quarterly","USD","US Dollar","KR","South Korea","N","Non-banks, total","A","All sectors","I","Cross-border & Local in FCY","B","Credit (loans & debt securities)","USD","US Dollar","Q:USD:KR:N:A:I:B:USD","","","","","","","","","","","","","","","","","","","","","","","","","","","","","","","","","","","","","","","","","","","","","","","","","","","","","","","","","","","","","","","","","","","","","","","","","","","","","","","","","","","","","","","","","","29056.185","33661.163","32944.263","28333.755","31719.651","32312.328","33638.749","34155.582","37873.161","39386.945","42395.965","36096.443","32903.214","33732.026","34289.948","32503.443","33939.98","36229.07","37220.395","36446.674","53647.08","56489.053","59315.564","59252.083","60891.192","65591.322","71508.733","74863.437","74318.58","81563.93","81452.63","83600.03","85708.24","106778.68","112459.906","100151.326","92478.754","99733.774","102653.504","105427.554","109923.554","108843.994","109665.494","109646.544","122669.544","120490.494","125249.668","119567.668","116747.592","115474.985","115521.665","108069.954","116231.44","116589.689","117406.897","116869.72","124944.855","123500.01","127907.326","126288.201","125449.981","122505.273","120284.821","116983.191","116317.398","115728.249","116296.482","114753.165","116511.506","115121.373","115725.72","116139.865","118523.493","123428.927","125946.113","124114.018","120045.775","125262.729","125135.295"
"Q","Quarterly","USD","US Dollar","MX","Mexico","N","Non-banks, total","A","All sectors","I","Cross-border & Local in FCY","B","Credit (loans & debt securities)","771","Year-on-year changes, in per cent","Q:USD:MX:N:A:I:B:771","","","","","","","","","","","","","","","","","","","","","","","","","","","","","","","","","","","","","","","","","","","","","","","","","","","","","","","","","","","","","","","","","","","","","","","","","","","","","","","","","","","","","","","","","","1.053","-1.076","0.042","-1.593","6.707","4.163","-1.939","-5.12","-8.451","-7.161","-3.113","2.299","-10.648","-12.339","-15.079","-16.01","-5.094","-2.026","5.861","4.666","6.315","5.47","-1.934","0.2","-5.88","1.067","3.612","-3.241","0.502","-3.335","2.265","-4.527","6.812","4.994","8.062","18.367","4.707","1.299","-6.992","0.995","5.11","10.647","13.733","9.148","5.98","7.553","10.067","10.671","14.559","13.511","11.592","9.059","5.344","9.253","8.487","15.925","19.266","14.462","14.506","13.161","13.872","12.422","12.306","8.706","10.099","11.887","10.097","6.953","0.942","-0.608","4.275","4.44","8.978","8.511","3.393","6.32","4.629","8.044","10.579"
"Q","Quarterly","USD","US Dollar","MX","Mexico","N","Non-banks, total","A","All sectors","I","Cross-border & Local in FCY","B","Credit (loans & debt securities)","USD","US Dollar","Q:USD:MX:N:A:I:B:USD","","","","","","","","","","","","","","","","","","","","","","","","","","","","","","","","","","","","","","","","","","","","","","","","","","","","","","","","","","","","","","","","","","","","","","","","","","","","","","","","","","","","","","","","","","96366.606","95430.896","97130.371","96174.242","102259.999","98853.345","94719.175","91273.082","93630.203","91786.211","91782.85","93678.904","83975.098","80763.374","78236.51","84738.631","85815.561","85201.384","89179.408","88716.542","91726.637","90358.227","87954.759","108624.348","105058.878","111146.9","110893.817","105794.596","106148.325","107982.238","113978.187","101005.018","113479.24","113452.09","123250.4","120588.782","119740.95","115838.99","115544.03","121788.785","125867.231","128465.054","131710.973","133287.48","133745.35","138225.6","145033.37","147514.17","153202.735","156209.074","161127.679","160156.243","160685.077","170655.32","174929.604","185805.138","191788.904","195481.987","200299.011","210654.112","218808.945","219873.863","225059.404","228765.165","240666.826","246114.377","247888.321","244671.402","242912.886","244597.11","258497.762","255456.567","264664.677","265356.411","267175.11","271600.967","276914.341","286700.497","295438.29"
"Q","Quarterly","USD","US Dollar","MY","Malaysia","N","Non-banks, total","A","All sectors","I","Cross-border & Local in FCY","B","Credit (loans & debt securities)","771","Year-on-year changes, in per cent","Q:USD:MY:N:A:I:B:771","","","","","","","","","","","","","","","","","","","","","","","","","","","","","","","","","","","","","","","","","","","","","","","","","","","","","","","","","","","","","","","","","","","","","","","","","","","","","","","","","","","","","","","","","","10.973","3.326","3.041","6.787","5.532","11.231","14.747","11.237","18.595","26.957","20.587","28.415","19.12","4.255","-1.498","-9.727","-8.659","-9.868","0.77","6.8","7.868","13.856","10.33","6.81","11.438","7.586","5.865","6.886","0.053","-3.582","-6.701","-2.742","8.777","16.812","14.607","3.544","-6.725","-16.556","2.056","6.728","9.66","23.258","5.67","7.68","10.729","7.522","8.382","1.469","2.207","8.918","4.497","14.37","7.32","11.421","15.334","14.817","15.031","5.407","-2.424","-4.815","10.53","8.836","11.231","11.719","-2.455","0.722","3.744","7.724","6.886","4.946","5.655","1.12","7.599","4.059","4.707","6.596","-0.089","2.502","-4.863"
"Q","Quarterly","USD","US Dollar","MY","Malaysia","N","Non-banks, total","A","All sectors","I","Cross-border & Local in FCY","B","Credit (loans & debt securities)","USD","US Dollar","Q:USD:MY:N:A:I:B:USD","","","","","","","","","","","","","","","","","","","","","","","","","","","","","","","","","","","","","","","","","","","","","","","","","","","","","","","","","","","","","","","","","","","","","","","","","","","","","","","","","","","","","","","","","","13000.296","13076.963","13398.615","13788.457","13787.491","14617.723","15450.656","15357.296","16367.316","18576.381","18649.666","19721.076","19500.815","19370.789","18374.003","17804.462","20125.17","19726.505","20919.731","21486.784","21718.55","22470.095","23711.425","23595.045","24871.584","24842.806","25121.34","25219.75","24884.925","23953.04","23438.04","24528.15","27069.15","27993.15","26874.15","25451.15","25302.15","23397.15","27472.15","27163.42","27746.42","28844.92","29035.92","29255.65","30729.65","31014.65","31571.65","29778.65","26484.885","28422.794","27669.066","28566.291","28360.726","31669.127","31926.867","32906.13","32730.343","33490.652","31239.953","31273.055","36120.724","36393.14","34694.514","35477.946","35778.433","37222.33","36549.648","38233.496","38257.157","39078.984","38631.768","38653.658","41155.91","40656.796","40442.101","41203.109","41119.279","41674.113","38475.273"
"Q","Quarterly","USD","US Dollar","RU","Russia","N","Non-banks, total","A","All sectors","I","Cross-border & Local in FCY","B","Credit (loans & debt securities)","771","Year-on-year changes, in per cent","Q:USD:RU:N:A:I:B:771","","","","","","","","","","","","","","","","","","","","","","","","","","","","","","","","","","","","","","","","","","","","","","","","","","","","","","","","","","","","","","","","","","","","","","","","","","","","","","","","","","","","","","","","","","-7.718","-4.241","81.586","85.089","84.778","89.487","0.382","-0.09","2.215","7.85","7.073","11.671","21.027","14.231","15.614","13.627","5.762","7.307","7.381","9.583","7.874","5.213","3.457","11.444","9.331","11.128","1.221","-5.626","3.252","20.973","43.066","40.949","35.857","16.255","11.371","7.125","0.94","-1.759","-9.962","-13.773","-15.298","-10.371","-6.385","-3.408","1.234","-2.158","1.561","7.969","3.095","17.475","12.816","8.143","39.119","25.982","32.898","30.879","-8.41","-13.79","-17.545","-20.828","-14.361","-15.002","-17.867","-13.25","-6.845","-5.905","-4.97","-9.238","-11.697","-10.985","-10.335","-11.011","-8.429","-12.863","-14.02","-16.59","-17.513","-14.149","-10.826"
"Q","Quarterly","USD","US Dollar","RU","Russia","N","Non-banks, total","A","All sectors","I","Cross-border & Local in FCY","B","Credit (loans & debt securities)","USD","US Dollar","Q:USD:RU:N:A:I:B:USD","","","","","","","","","","","","","","","","","","","","","","","","","","","","","","","","","","","","","","","","","","","","","","","","","","","","","","","","","","","","","","","","","","","","","","","","","","","","","","","","","","","","","","","","","","23709.76","23271.09","44437.99","44613.99","43782.99","44067.99","44579.99","44615.99","44793.99","47570.99","47776.99","49822.99","54269.99","54397.99","55294.98","56673.98","60524.98","61577.88","62636.88","65512.88","65579.88","65183.88","65197.29","74536.29","72995.739","73602.069","67055.518","70438.108","75376.006","89038.306","95933.974","99281.974","102403.874","103555.774","106887.662","108836.662","105777.912","104063.912","98453.15","93856.517","89622.616","93003.616","91892.856","90365.883","90417.572","90973.572","93529.261","97715.261","93308.121","106763.945","105155.21","105405.756","129551.331","134478.118","140240.922","138595.036","119138.289","116391.956","115664.549","109515.847","101890.219","98784.266","94857.425","246828.366","248783.034","239971.463","236505.347","227968.192","217031.873","217283.101","213319.597","201623.037","188540.001","175713.104","167909.056","152215.617","147881.346","145769.014","145642.107"
"Q","Quarterly","USD","US Dollar","SA","Saudi Arabia","N","Non-banks, total","A","All sectors","I","Cross-border & Local in FCY","B","Credit (loans & debt securities)","771","Year-on-year changes, in per cent","Q:USD:SA:N:A:I:B:771","","","","","","","","","","","","","","","","","","","","","","","","","","","","","","","","","","","","","","","","","","","","","","","","","","","","","","","","","","","","","","","","","","","","","","","","","","","","","","","","","","","","","","","","","","8.534","1.797","-5.018","-18.259","-14.085","-16.813","-12.986","-5.832","-3.182","-9.235","-4.342","-13.638","-12.562","7.106","-4.437","1.158","1.238","-2.449","7.427","-3.022","11.384","5.361","2.42","32.977","19.263","40.452","36.512","25.249","44.235","38.943","63.237","57.222","44.868","37.878","27.898","24.161","17.529","15.505","4.458","6.001","5.414","-9.141","-1.757","0.068","0.63","10.807","10.276","6.634","3.785","7.216","-1.921","-7.639","-9.889","-3.897","-0.364","12.618","19.829","19.995","24.432","18.245","16.987","15.871","13.002","7.374","6.711","22.483","25.698","106.542","100.501","80.756","75.194","29.057","34.105","34.484","36.582","22.667","28.765","31.318","27.171"
"Q","Quarterly","USD","US Dollar","SA","Saudi Arabia","N","Non-banks, total","A","All sectors","I","Cross-border & Local in FCY","B","Credit (loans & debt securities)","USD","US Dollar","Q:USD:SA:N:A:I:B:USD","","","","","","","","","","","","","","","","","","","","","","","","","","","","","","","","","","","","","","","","","","","","","","","","","","","","","","","","","","","","","","","","","","","","","","","","","","","","","","","","","","","","","","","","","","11726","11327","11074","10562","10062","9411","9624","9987","9783","8578","9245","8627","8560","9194","8841","8733","8670","8973","9502","8471","9657","9455","9735","11232","11484","13240","13247","14068","16564","18396","21624","22118","23996","23454","25574","25596","26286","27306","26926.5","27132","27729","25273","26947","27628","28374","27978","29688","29464","29624.262","30899.848","29994.162","28032.385","27337.459","29695.747","29897.516","31949.689","33152.556","36057.081","37628.668","37724.132","38728.133","41783.495","42525.239","40838.386","41658.616","51516.313","53807.277","84332.373","83534.315","93128.289","94278.366","108847.129","112023.326","125241.561","128764.58","133519.015","144247.345","164475.128","163761.993"
"Q","Quarterly","USD","US Dollar","TR","Turkey","N","Non-banks, total","A","All sectors","I","Cross-border & Local in FCY","B","Credit (loans & debt securities)","771","Year-on-year changes, in per cent","Q:USD:TR:N:A:I:B:771","","","","","","","","","","","","","","","","","","","","","","","","","","","","","","","","","","","","","","","","","","","","","","","","","","","","","","","","","","","","","","","","","","","","","","","","","","","","","","","","","","","","","","","","","","24.409","31.881","37.59","39.939","20.3","19.745","17.06","9.924","19.244","10.216","14.802","14.502","8.47","20.33","19.724","14.842","21.863","18.191","8.502","9.117","9.453","8.09","9.518","23.188","27.921","29.38","35.26","29.089","23.306","26.537","27.469","24.693","19.418","18.494","14.154","6.125","1.957","-4.681","-2.733","-2.32","2.375","3.198","0.813","4","2.952","5.286","3.295","3.531","1.408","-1.969","4.835","7.195","7.179","17.644","14.487","11.931","18.908","13.85","12.206","14.636","8.264","12.58","9.739","7.197","8.351","5.961","5.04","4.553","3.308","2.622","2.832","6.534","7.067","4.198","4.655","-0.611","4.094","2.636","4.196"
"Q","Quarterly","USD","US Dollar","TR","Turkey","N","Non-banks, total","A","All sectors","I","Cross-border & Local in FCY","B","Credit (loans & debt securities)","USD","US Dollar","Q:USD:TR:N:A:I:B:USD","","","","","","","","","","","","","","","","","","","","","","","","","","","","","","","","","","","","","","","","","","","","","","","","","","","","","","","","","","","","","","","","","","","","","","","","","","","","","","","","","","","","","","","","","","19706","20247","21622","32282.649","31582.468","32104.938","32357.906","33100.889","35194.133","32988.564","35783.624","36824.274","37998.828","39566.617","42788.598","43020.885","46472.786","47454.797","46985.333","46703.622","50586.467","50949.229","50804.491","56670.919","63805.426","64916.892","68203.36","72812.404","77583.387","81476.572","86584.281","91628.079","97390.585","97448.96","97538.163","95172.074","93480.691","90759.918","94519.786","93729.45","97916.958","93971.164","96370.468","99587.039","103701.853","105151.587","105420.151","104696.506","104533.758","100183.237","108246.623","116439.833","116639.094","125372.12","129134.39","145485.349","155340.29","164652.989","175679.662","182536.515","182185.876","189516.549","187491.007","186323.593","188324.957","192917.266","184425.974","181157.874","186622.195","187580.058","190665.323","194980.797","198353.99","195402.78","185491.962","180689.397","186027.542","181048.548","181462.265"
"Q","Quarterly","USD","US Dollar","TW","Chinese Taipei","N","Non-banks, total","A","All sectors","I","Cross-border & Local in FCY","B","Credit (loans & debt securities)","771","Year-on-year changes, in per cent","Q:USD:TW:N:A:I:B:771","","","","","","","","","","","","","","","","","","","","","","","","","","","","","","","","","","","","","","","","","","","","","","","","","","","","","","","","","","","","","","","","","","","","","","","","","","","","","","","","","","","","","","","","","","4.226","-5.019","-13.856","-4.991","-10.679","1.897","5.598","6.608","2.648","18.79","45.262","16.927","14.696","-2.684","-5.701","23.551","45.005","58.594","32.722","18.978","7.29","-4.009","-3.625","-7.207","-14.93","-15.134","-5.847","0.015","2.986","9.289","-4.736","-8.896","-4.267","1.241","2.133","-13.358","-30.614","-36.077","-29.694","-10.302","12.958","31.995","36.327","42.458","42.906","37.777","32.126","16.502","8.838","0.505","6.218","16.615","12.876","9.148","8.523","4.064","2.167","-0.458","-5.66","-4.497","-3.058","-5.427","0.631","-13.59","-1.983","-2.137","-6.934","13.449","10.799","13.441","22.313","19.844","16.69","12.43","4.291","-3.027","-10.401","-8.233","-9.779"
"Q","Quarterly","USD","US Dollar","TW","Chinese Taipei","N","Non-banks, total","A","All sectors","I","Cross-border & Local in FCY","B","Credit (loans & debt securities)","USD","US Dollar","Q:USD:TW:N:A:I:B:USD","","","","","","","","","","","","","","","","","","","","","","","","","","","","","","","","","","","","","","","","","","","","","","","","","","","","","","","","","","","","","","","","","","","","","","","","","","","","","","","","","","","","","","","","","","7276.09","6530.98","6130.98","23290.98","24304.8","24887.33","24211.64","24844.15","24962.37","29580.35","35190.15","29050.4","28633.93","28789.5","33187.43","35897.43","42762.98","47024.71","45365.06","43984.55","45880.23","45139.48","43662.48","40755.28","38973.67","38242.67","41093.67","40750.67","40126.8","41794.89","39147.3","37125.55","38814.62","42754.32","40398.5","32501.1","26932.1","27329.8","28402.7","29152.9","30421.9","36073.9","38720.414","41530.539","43474.777","49701.523","51393.776","48587.337","45434.228","47963.326","52176.895","54175.808","51282.347","52351.003","56634.416","53647.918","49584.095","49316.84","50554.662","50864.203","47982.608","46557.759","50783.137","44976.41","48127.522","46625.315","48363.869","51461.498","53780.702","53344.182","59660.805","61408.877","62487.331","59717.291","61953.829","59550.29","55987.961","54735.328","55828.488"
"Q","Quarterly","USD","US Dollar","US","United States","G","General government","A","All sectors","A","All","B","Credit (loans & debt securities)","771","Year-on-year changes, in per cent","Q:USD:US:G:A:A:B:771","","","","","","","","","","","","","","","","","","","","","","","","","","","","","","","","","","","","","","","","","","","","","","","","","","","","","","","","","","","","","","","","","","","","","","","","","","","","","","","","","","","","","","","","","","-0.704","-2.699","-3.64","-4.654","-2.691","-2.136","0.636","3.038","2.491","6.558","7.292","7.83","8.425","9.471","9.31","9.212","21.958","21.471","21.063","20.547","8.748","7.321","6.602","6.456","5.744","5.361","4.612","4.085","4.89","4.28","4.816","5.168","5.216","5.578","10.119","14.912","17.352","21.471","19.481","15.896","15.316","14.439","14.033","14.415","11.756","9.407","8.969","8.018","9.036","10.017","8.814","7.97","7.667","5.543","4.697","5.023","4.359","4.798","5.142","4.145","3.468","3.714","2.899","4.198","5.253","5.357","6.151","4.8","3.449","2.945","2.982","3.122","5.624","5.948","5.918","6.118","5.256","4.393","5.471"
"Q","Quarterly","USD","US Dollar","US","United States","G","General government","A","All sectors","A","All","B","Credit (loans & debt securities)","USD","US Dollar","Q:USD:US:G:A:A:B:USD","","","","","","","","","","","","","","","","","","","","","","","","","","","","","","","","","","","","","","","","","","","","","","","","","","","","","","","","","","","","","","","","","","","","","","","","","","","","","","","","","","","","","","","","","","5500485","5393836","5333821","5287917","5352462","5278636","5367732","5448587","5485809","5624815","5759167","5875228","5948009","6157548","6295359","6416470","7254073","7479654","7621346","7734840","7888631","8027233","8124482","8234238","8341784","8457543","8499196","8570573","8749667","8819567","8908540","9013469","9206014","9311563","9810024","10357578","10803406","11310811","11721143","12003972","12458027","12943929","13365969","13734331","13922631","14161523","14564826","14835575","15180643","15580071","15848517","16017899","16344532","16443729","16592970","16822424","17056970","17232728","17446181","17519759","17648587","17872824","17951954","18255220","18575651","18830254","19056130","19131442","19216302","19384737","19624446","19728792","20297051","20537766","20785751","20935739","21363832","21439931","21923024"
"Q","Quarterly","USD","US Dollar","US","United States","P","Non-financial sectors","A","All sectors","A","All","B","Credit (loans & debt securities)","771","Year-on-year changes, in per cent","Q:USD:US:P:A:A:B:771","","","","","","","","","","","","","","","","","","","","","","","","","","","","","","","","","","","","","","","","","","","","","","","","","","","","","","","","","","","","","","","","","","","","","","","","","","","","","","","","","","","","","","","","","","6.784","6.26","5.296","4.557","3.915","4.085","5.108","5.395","5.848","6.28","6.016","6.777","6.729","7.937","8.122","7.98","12.339","12.018","12.134","12.733","9.116","9.05","8.97","8.767","9.172","9.108","8.659","8.589","8.072","7.908","8.291","7.913","7.58","6.242","6.469","5.674","4.725","5.016","3.533","2.741","2.98","2.913","3.299","3.972","3.527","3.132","3.106","3.28","3.849","4.379","4.341","4.332","4.289","3.643","3.584","3.575","3.502","4.025","4.146","3.951","3.809","4.076","3.614","3.941","4.538","4.321","4.941","4.285","3.72","3.653","3.551","4.208","4.967","5.604","5.532","5.256","5.015","4.097","4.629"
"Q","Quarterly","USD","US Dollar","US","United States","P","Non-financial sectors","A","All sectors","A","All","B","Credit (loans & debt securities)","USD","US Dollar","Q:USD:US:P:A:A:B:USD","","","","","","","","","","","","","","","","","","","","","","","","","","","","","","","","","","","","","","","","","","","","","","","","","","","","","","","","","","","","","","","","","","","","","","","","","","","","","","","","","","","","","","","","","","18345717.496","18519746.054","18723065.084","18882559.09","19106666.513","19322332.001","19701673.107","19936806.793","20230143.157","20505965.813","20873678.261","21248791.201","21542787.089","22105748.048","22528062.134","22893777.418","24164586.07","24740649.861","25246567.479","25791183.668","26347575.197","26974372.256","27511404.743","28091232.016","28782674.471","29413162.529","29874900.696","30464310.542","31074685.277","31720699.2","32311075.196","32834647.407","33359302.363","33641361.505","34401625.391","34724112.367","35015307.336","35369797.822","35600362.825","35651137.083","36035706.69","36429342.579","36786321.88","37076277.534","37277883.337","37511989.448","37907385.57","38280613.022","38715320.328","39176472.029","39561949.073","39937029.206","40393518.78","40610371.494","40984135.588","41364484.568","41787949.033","42225031.39","42709154.267","43052959.92","43470851.889","44023123.65","44305859.848","44786430.834","45430410.84","45940787.04","46503940.062","46730692.496","47152647.988","47608648.178","48106222.409","48612448.222","49399439.145","50248974.376","50784601.557","51200781.606","51933527.47","52321740.143","53171900.07"
"Q","Quarterly","USD","US Dollar","ZA","South Africa","N","Non-banks, total","A","All sectors","I","Cross-border & Local in FCY","B","Credit (loans & debt securities)","771","Year-on-year changes, in per cent","Q:USD:ZA:N:A:I:B:771","","","","","","","","","","","","","","","","","","","","","","","","","","","","","","","","","","","","","","","","","","","","","","","","","","","","","","","","","","","","","","","","","","","","","","","","","","","","","","","","","","","","","","","","","","0.897","13.366","6.506","11.053","5.978","-11.736","-12.833","-12.352","-16.991","-2.16","10.414","7.595","11.212","-4.92","-4.353","-1.041","-7.044","13.613","4.278","3.416","9.551","-7.572","-2.753","1.801","-0.146","3.515","24.909","20.718","7.712","17.218","-1.566","-3.735","9.314","-0.949","-4.375","-3.676","8.624","1.354","8.041","11.171","14.692","19.74","28.082","26.635","50.221","51.315","37.577","41.8","16.585","6.859","13.219","15.563","5.806","15.781","19.293","14.65","13.039","4.789","-2.447","-3.293","6.063","12.55","9.08","11.773","-2.682","-0.247","1.451","14.612","21.711","24.681","35.931","17.731","15.665","19.208","17.529","17.629","19.371","5","9.412"
"Q","Quarterly","USD","US Dollar","ZA","South Africa","N","Non-banks, total","A","All sectors","I","Cross-border & Local in FCY","B","Credit (loans & debt securities)","USD","US Dollar","Q:USD:ZA:N:A:I:B:USD","","","","","","","","","","","","","","","","","","","","","","","","","","","","","","","","","","","","","","","","","","","","","","","","","","","","","","","","","","","","","","","","","","","","","","","","","","","","","","","","","","","","","","","","","","6785.28","7882.28","7290.973","7100.31","7231.637","6996.637","6391.3","6241.3","6020.3","6865.3","7077.3","6716.3","6703.3","6535.3","6777.3","6666.3","6310.3","7519.3","7157","6968","6920","6963","6982","7182","6989","7284","8802","8670","7528","8538.18","8664.18","8346.18","8229.18","8466.18","8293.91","8101.91","9008.41","8638.41","10014.91","9999.41","11482.41","11510.41","12857.497","12692.497","17271.497","17416.967","17688.967","17997.967","20146.807","18620.15","20036.552","20809","21315.172","21548.296","23977.73","23838.223","24065.876","22564.598","23290.172","23034.409","25513.849","25387.277","25395.805","27212.553","26243.57","26764.708","27229.271","31188.746","31940.873","33369.91","37022.491","36745.376","36971.583","39808.645","43532.172","43274.315","44185.447","41848.25","47685.801"
