"FREQ","Frequency","REF_AREA","Reference area","VALUE","Value","UNIT_MEASURE","Unit of measure","Time Period","1927-Q1","1927-Q2","1927-Q3","1927-Q4","1928-Q1","1928-Q2","1928-Q3","1928-Q4","1929-Q1","1929-Q2","1929-Q3","1929-Q4","1930-Q1","1930-Q2","1930-Q3","1930-Q4","1931-Q1","1931-Q2","1931-Q3","1931-Q4","1932-Q1","1932-Q2","1932-Q3","1932-Q4","1933-Q1","1933-Q2","1933-Q3","1933-Q4","1934-Q1","1934-Q2","1934-Q3","1934-Q4","1935-Q1","1935-Q2","1935-Q3","1935-Q4","1936-Q1","1936-Q2","1936-Q3","1936-Q4","1937-Q1","1937-Q2","1937-Q3","1937-Q4","1938-Q1","1938-Q2","1938-Q3","1938-Q4","1939-Q1","1939-Q2","1939-Q3","1939-Q4","1940-Q1","1940-Q2","1940-Q3","1940-Q4","1941-Q1","1941-Q2","1941-Q3","1941-Q4","1942-Q1","1942-Q2","1942-Q3","1942-Q4","1943-Q1","1943-Q2","1943-Q3","1943-Q4","1944-Q1","1944-Q2","1944-Q3","1944-Q4","1945-Q1","1945-Q2","1945-Q3","1945-Q4","1946-Q1","1946-Q2","1946-Q3","1946-Q4","1947-Q1","1947-Q2","1947-Q3","1947-Q4","1948-Q1","1948-Q2","1948-Q3","1948-Q4","1949-Q1","1949-Q2","1949-Q3","1949-Q4","1950-Q1","1950-Q2","1950-Q3","1950-Q4","1951-Q1","1951-Q2","1951-Q3","1951-Q4","1952-Q1","1952-Q2","1952-Q3","1952-Q4","1953-Q1","1953-Q2","1953-Q3","1953-Q4","1954-Q1","1954-Q2","1954-Q3","1954-Q4","1955-Q1","1955-Q2","1955-Q3","1955-Q4","1956-Q1","1956-Q2","1956-Q3","1956-Q4","1957-Q1","1957-Q2","1957-Q3","1957-Q4","1958-Q1","1958-Q2","1958-Q3","1958-Q4","1959-Q1","1959-Q2","1959-Q3","1959-Q4","1960-Q1","1960-Q2","1960-Q3","1960-Q4","1961-Q1","1961-Q2","1961-Q3","1961-Q4","1962-Q1","1962-Q2","1962-Q3","1962-Q4","1963-Q1","1963-Q2","1963-Q3","1963-Q4","1964-Q1","1964-Q2","1964-Q3","1964-Q4","1965-Q1","1965-Q2","1965-Q3","1965-Q4","1966-Q1","1966-Q2","1966-Q3","1966-Q4","1967-Q1","1967-Q2","1967-Q3","1967-Q4","1968-Q1","1968-Q2","1968-Q3","1968-Q4","1969-Q1","1969-Q2","1969-Q3","1969-Q4","1970-Q1","1970-Q2","1970-Q3","1970-Q4","1971-Q1","1971-Q2","1971-Q3","1971-Q4","1972-Q1","1972-Q2","1972-Q3","1972-Q4","1973-Q1","1973-Q2","1973-Q3","1973-Q4","1974-Q1","1974-Q2","1974-Q3","1974-Q4","1975-Q1","1975-Q2","1975-Q3","1975-Q4","1976-Q1","1976-Q2","1976-Q3","1976-Q4","1977-Q1","1977-Q2","1977-Q3","1977-Q4","1978-Q1","1978-Q2","1978-Q3","1978-Q4","1979-Q1","1979-Q2","1979-Q3","1979-Q4","1980-Q1","1980-Q2","1980-Q3","1980-Q4","1981-Q1","1981-Q2","1981-Q3","1981-Q4","1982-Q1","1982-Q2","1982-Q3","1982-Q4","1983-Q1","1983-Q2","1983-Q3","1983-Q4","1984-Q1","1984-Q2","1984-Q3","1984-Q4","1985-Q1","1985-Q2","1985-Q3","1985-Q4","1986-Q1","1986-Q2","1986-Q3","1986-Q4","1987-Q1","1987-Q2","1987-Q3","1987-Q4","1988-Q1","1988-Q2","1988-Q3","1988-Q4","1989-Q1","1989-Q2","1989-Q3","1989-Q4","1990-Q1","1990-Q2","1990-Q3","1990-Q4","1991-Q1","1991-Q2","1991-Q3","1991-Q4","1992-Q1","1992-Q2","1992-Q3","1992-Q4","1993-Q1","1993-Q2","1993-Q3","1993-Q4","1994-Q1","1994-Q2","1994-Q3","1994-Q4","1995-Q1","1995-Q2","1995-Q3","1995-Q4","1996-Q1","1996-Q2","1996-Q3","1996-Q4","1997-Q1","1997-Q2","1997-Q3","1997-Q4","1998-Q1","1998-Q2","1998-Q3","1998-Q4","1999-Q1","1999-Q2","1999-Q3","1999-Q4","2000-Q1","2000-Q2","2000-Q3","2000-Q4","2001-Q1","2001-Q2","2001-Q3","2001-Q4","2002-Q1","2002-Q2","2002-Q3","2002-Q4","2003-Q1","2003-Q2","2003-Q3","2003-Q4","2004-Q1","2004-Q2","2004-Q3","2004-Q4","2005-Q1","2005-Q2","2005-Q3","2005-Q4","2006-Q1","2006-Q2","2006-Q3","2006-Q4","2007-Q1","2007-Q2","2007-Q3","2007-Q4","2008-Q1","2008-Q2","2008-Q3","2008-Q4","2009-Q1","2009-Q2","2009-Q3","2009-Q4","2010-Q1","2010-Q2","2010-Q3","2010-Q4","2011-Q1","2011-Q2","2011-Q3","2011-Q4","2012-Q1","2012-Q2","2012-Q3","2012-Q4","2013-Q1","2013-Q2","2013-Q3","2013-Q4","2014-Q1","2014-Q2","2014-Q3","2014-Q4","2015-Q1","2015-Q2","2015-Q3","2015-Q4","2016-Q1","2016-Q2","2016-Q3","2016-Q4","2017-Q1","2017-Q2","2017-Q3","2017-Q4","2018-Q1","2018-Q2","2018-Q3","2018-Q4","2019-Q1","2019-Q2"
"Q","Quarterly","4T","Emerging market economies","N","Nominal","628","Index, 2010 = 100","Q:4T:N:628","","","","","","","","","","","","","","","","","","","","","","","","","","","","","","","","","","","","","","","","","","","","","","","","","","","","","","","","","","","","","","","","","","","","","","","","","","","","","","","","","","","","","","","","","","","","","","","","","","","","","","","","","","","","","","","","","","","","","","","","","","","","","","","","","","","","","","","","","","","","","","","","","","","","","","","","","","","","","","","","","","","","","","","","","","","","","","","","","","","","","","","","","","","","","","","","","","","","","","","","","","","","","","","","","","","","","","","","","","","","","","","","","","","","","","","","","","","","","","","","","","","","","","","","","","","","","","","","","","","","","","","","","","","","","","","","","","","","","","","","","","","","","","","","","","","","","","","","","","","","","","","","","","","","","","","","","","","","","","","","","","","","84.69","86.65","88.82","90.2","89.79","89.18","90.08","91.94","93.9","97.05","99.47","101.1","102.38","102.92","105.58","106.75","108.18","110.46","112.34","113.72","116.17","118.28","120.64","123.27","125.17","127.36","129.21","129.42","129.94","131.2","132.07","133.08","133.86","135.23","137.98","139.9","142.03","143.36","146.06","147.23","148.57","149.92","152.34","154.87","157.02","158.32","160.38"
"Q","Quarterly","4T","Emerging market economies","N","Nominal","771","Year-on-year changes, in per cent","Q:4T:N:771","","","","","","","","","","","","","","","","","","","","","","","","","","","","","","","","","","","","","","","","","","","","","","","","","","","","","","","","","","","","","","","","","","","","","","","","","","","","","","","","","","","","","","","","","","","","","","","","","","","","","","","","","","","","","","","","","","","","","","","","","","","","","","","","","","","","","","","","","","","","","","","","","","","","","","","","","","","","","","","","","","","","","","","","","","","","","","","","","","","","","","","","","","","","","","","","","","","","","","","","","","","","","","","","","","","","","","","","","","","","","","","","","","","","","","","","","","","","","","","","","","","","","","","","","","","","","","","","","","","","","","","","","","","","","","","","","","","","","","","","","","","","","","","","","","","","","","","","","","","","","","","","","","","","","","","","","","","","","","","","","","","","","","","","6.01","2.93","1.41","1.94","4.58","8.82","10.43","9.96","9.03","6.05","6.14","5.59","5.67","7.33","6.41","6.52","7.39","7.08","7.38","8.4","7.75","7.68","7.11","4.99","3.81","3.02","2.22","2.83","3.01","3.07","4.48","5.12","6.11","6.01","5.86","5.23","4.6","4.57","4.3","5.19","5.69","5.6","5.28"
"Q","Quarterly","4T","Emerging market economies","R","Real","628","Index, 2010 = 100","Q:4T:R:628","","","","","","","","","","","","","","","","","","","","","","","","","","","","","","","","","","","","","","","","","","","","","","","","","","","","","","","","","","","","","","","","","","","","","","","","","","","","","","","","","","","","","","","","","","","","","","","","","","","","","","","","","","","","","","","","","","","","","","","","","","","","","","","","","","","","","","","","","","","","","","","","","","","","","","","","","","","","","","","","","","","","","","","","","","","","","","","","","","","","","","","","","","","","","","","","","","","","","","","","","","","","","","","","","","","","","","","","","","","","","","","","","","","","","","","","","","","","","","","","","","","","","","","","","","","","","","","","","","","","","","","","","","","","","","","","","","","","","","","","","","","","","","","","","","","","","","","","","","","","","","","","","","","","","","","","","","","","","","","","","","","","95.99","95.5","95.86","96.05","95.55","94.45","94.86","96.07","97.11","98.5","100.13","100.93","100.43","98.69","100.07","100.27","100.59","101.24","102.25","102.69","103.94","104.41","105.91","106.83","107.23","108.01","108.84","107.9","107.48","107.09","106.97","106.76","106.58","106.37","107.93","108.62","109.61","109.52","111.25","111.31","111.29","111.24","112.7","113.29","113.95","114.19","114.74"
"Q","Quarterly","4T","Emerging market economies","R","Real","771","Year-on-year changes, in per cent","Q:4T:R:771","","","","","","","","","","","","","","","","","","","","","","","","","","","","","","","","","","","","","","","","","","","","","","","","","","","","","","","","","","","","","","","","","","","","","","","","","","","","","","","","","","","","","","","","","","","","","","","","","","","","","","","","","","","","","","","","","","","","","","","","","","","","","","","","","","","","","","","","","","","","","","","","","","","","","","","","","","","","","","","","","","","","","","","","","","","","","","","","","","","","","","","","","","","","","","","","","","","","","","","","","","","","","","","","","","","","","","","","","","","","","","","","","","","","","","","","","","","","","","","","","","","","","","","","","","","","","","","","","","","","","","","","","","","","","","","","","","","","","","","","","","","","","","","","","","","","","","","","","","","","","","","","","","","","","","","","","","","","","","","","","","","","","","","","-0.46","-1.1","-1.05","0.02","1.63","4.29","5.56","5.06","3.41","0.19","-0.06","-0.66","0.16","2.58","2.18","2.41","3.34","3.13","3.58","4.03","3.16","3.45","2.76","1","0.23","-0.86","-1.71","-1.05","-0.83","-0.67","0.89","1.74","2.84","2.97","3.08","2.48","1.53","1.56","1.3","1.78","2.39","2.65","1.81"
"Q","Quarterly","5R","Advanced economies","N","Nominal","628","Index, 2010 = 100","Q:5R:N:628","","","","","","","","","","","","","","","","","","","","","","","","","","","","","","","","","","","","","","","","","","","","","","","","","","","","","","","","","","","","","","","","","","","","","","","","","","","","","","","","","","","","","","","","","","","","","","","","","","","","","","","","","","","","","","","","","","","","","","","","","","","","","","","","","","","","","","","","","","","","","","","","","","","","","","","","","","","","","","","","","","","","","","","","","","","","","","","","","","","","","","","","","","","","","","","","","","","","","","","","","","","","","","","","","","","","","","","","","","","","","","","","","","","","","","","","","","","","","","","","","","","","","","","","","","","","","","","","","","","","","","","","","","","","","","","","","","","","","","","","","","","","","","","","","","","","","","","","","","","","","","","","","","","","","","","","","","","","","","","","","","","","110.43","108.82","106.91","104.42","100.97","98.64","98.41","99.26","99.71","100.03","100.41","99.99","99.57","99.16","99.29","99.71","99.08","99.47","100.49","101.24","101.88","102.65","104.29","105.88","106.67","107.55","108.6","109.77","110.3","111.47","112.93","114.45","115.19","116.69","118.49","120.15","121.23","123.11","124.83","126.36","127.28","129.1","130.45","131.62","131.99","132.86","134.11"
"Q","Quarterly","5R","Advanced economies","N","Nominal","771","Year-on-year changes, in per cent","Q:5R:N:771","","","","","","","","","","","","","","","","","","","","","","","","","","","","","","","","","","","","","","","","","","","","","","","","","","","","","","","","","","","","","","","","","","","","","","","","","","","","","","","","","","","","","","","","","","","","","","","","","","","","","","","","","","","","","","","","","","","","","","","","","","","","","","","","","","","","","","","","","","","","","","","","","","","","","","","","","","","","","","","","","","","","","","","","","","","","","","","","","","","","","","","","","","","","","","","","","","","","","","","","","","","","","","","","","","","","","","","","","","","","","","","","","","","","","","","","","","","","","","","","","","","","","","","","","","","","","","","","","","","","","","","","","","","","","","","","","","","","","","","","","","","","","","","","","","","","","","","","","","","","","","","","","","","","","","","","","","","","","","","","","","","","","","","","-8.57","-9.35","-7.95","-4.94","-1.25","1.41","2.03","0.74","-0.13","-0.87","-1.12","-0.29","-0.49","0.32","1.21","1.54","2.82","3.19","3.78","4.58","4.7","4.78","4.14","3.68","3.41","3.64","3.98","4.26","4.43","4.68","4.93","4.98","5.24","5.51","5.35","5.17","4.99","4.86","4.51","4.17","3.7","2.91","2.81"
"Q","Quarterly","5R","Advanced economies","R","Real","628","Index, 2010 = 100","Q:5R:R:628","","","","","","","","","","","","","","","","","","","","","","","","","","","","","","","","","","","","","","","","","","","","","","","","","","","","","","","","","","","","","","","","","","","","","","","","","","","","","","","","","","","","","","","","","","","","","","","","","","","","","","","","","","","","","","","","","","","","","","","","","","","","","","","","","","","","","","","","","","","","","","","","","","","","","","","","","","","","","","","","","","","","","","","","","","","","","","","","","","","","","","","","","","","","","","","","","","","","","","","","","","","","","","","","","","","","","","","","","","","","","","","","","","","","","","","","","","","","","","","","","","","","","","","","","","","","","","","","","","","","","","","","","","","","","","","","","","","","","","","","","","","","","","","","","","","","","","","","","","","","","","","","","","","","","","","","","","","","","","","","","","","","114.48","112","108.11","104.74","102.64","100.91","99.84","100.49","100.66","100.72","100.33","99.95","99","97.82","96.55","96.83","95.91","95.83","95.97","96.67","96.93","97.45","98.38","99.65","100.3","100.89","100.71","101.81","102.65","104.32","104.45","105.86","106.76","108.56","109.06","110.42","111.01","112.37","113.06","114.23","114.58","115.76","115.76","116.37","116.57","117.46","117.16"
"Q","Quarterly","5R","Advanced economies","R","Real","771","Year-on-year changes, in per cent","Q:5R:R:771","","","","","","","","","","","","","","","","","","","","","","","","","","","","","","","","","","","","","","","","","","","","","","","","","","","","","","","","","","","","","","","","","","","","","","","","","","","","","","","","","","","","","","","","","","","","","","","","","","","","","","","","","","","","","","","","","","","","","","","","","","","","","","","","","","","","","","","","","","","","","","","","","","","","","","","","","","","","","","","","","","","","","","","","","","","","","","","","","","","","","","","","","","","","","","","","","","","","","","","","","","","","","","","","","","","","","","","","","","","","","","","","","","","","","","","","","","","","","","","","","","","","","","","","","","","","","","","","","","","","","","","","","","","","","","","","","","","","","","","","","","","","","","","","","","","","","","","","","","","","","","","","","","","","","","","","","","","","","","","","","","","","","","","","-10.34","-9.9","-7.65","-4.06","-1.93","-0.19","0.49","-0.53","-1.65","-2.88","-3.77","-3.13","-3.12","-2.03","-0.6","-0.16","1.07","1.7","2.51","3.08","3.47","3.52","2.37","2.17","2.35","3.4","3.72","3.98","4.01","4.06","4.41","4.31","3.98","3.51","3.67","3.45","3.21","3.02","2.38","1.87","1.74","1.46","1.21"
"Q","Quarterly","AE","United Arab Emirates","N","Nominal","628","Index, 2010 = 100","Q:AE:N:628","","","","","","","","","","","","","","","","","","","","","","","","","","","","","","","","","","","","","","","","","","","","","","","","","","","","","","","","","","","","","","","","","","","","","","","","","","","","","","","","","","","","","","","","","","","","","","","","","","","","","","","","","","","","","","","","","","","","","","","","","","","","","","","","","","","","","","","","","","","","","","","","","","","","","","","","","","","","","","","","","","","","","","","","","","","","","","","","","","","","","","","","","","","","","","","","","","","","","","","","","","","","","","","","","","","","","","","","","","","","","","","","","","","","","","","","","","","","","","","","","","","","","","","","","","","","","","","","","","","","","","","","","","","","","","","","","","","","","","","","","","","","","","","","","","","","","","","","","","","","","","","","","58.41","56.89","55.84","57.83","65.26","67.84","69.69","71.2","73.64","74.93","75.87","76.21","81.68","85.04","94.12","91.79","101.34","108.2","118.56","130.78","142.3","151.37","148.58","134.15","122.51","115.29","112.27","110.76","104.36","101.21","98.32","96.11","97.5","97.39","99.37","102.16","104.25","110.17","114.59","120.07","120.97","128.41","139.35","150.24","166.87","173.77","172.77","169.55","161.32","155.89","154.01","151.61","151.89","152.32","151.38","150.87","149.76","150.8","147.61","145.1","141.65","140.15","135.84","132.18","131.27","127.18"
"Q","Quarterly","AE","United Arab Emirates","N","Nominal","771","Year-on-year changes, in per cent","Q:AE:N:771","","","","","","","","","","","","","","","","","","","","","","","","","","","","","","","","","","","","","","","","","","","","","","","","","","","","","","","","","","","","","","","","","","","","","","","","","","","","","","","","","","","","","","","","","","","","","","","","","","","","","","","","","","","","","","","","","","","","","","","","","","","","","","","","","","","","","","","","","","","","","","","","","","","","","","","","","","","","","","","","","","","","","","","","","","","","","","","","","","","","","","","","","","","","","","","","","","","","","","","","","","","","","","","","","","","","","","","","","","","","","","","","","","","","","","","","","","","","","","","","","","","","","","","","","","","","","","","","","","","","","","","","","","","","","","","","","","","","","","","","","","","","","","","","","","","","","","","","","","","","","","","","","","","","","11.73","19.25","24.82","23.12","12.84","10.45","8.86","7.04","10.92","13.5","24.06","20.44","24.07","27.22","25.96","42.48","40.41","39.9","25.32","2.58","-13.91","-23.84","-24.44","-17.44","-14.81","-12.21","-12.43","-13.22","-6.58","-3.78","1.07","6.3","6.93","13.13","15.33","17.53","16.04","16.55","21.6","25.12","37.94","35.33","23.98","12.85","-3.32","-10.29","-10.85","-10.58","-5.85","-2.29","-1.71","-0.49","-1.41","-1","-2.49","-3.82","-5.42","-7.06","-7.97","-8.9","-7.33","-9.26"
"Q","Quarterly","AE","United Arab Emirates","R","Real","628","Index, 2010 = 100","Q:AE:R:628","","","","","","","","","","","","","","","","","","","","","","","","","","","","","","","","","","","","","","","","","","","","","","","","","","","","","","","","","","","","","","","","","","","","","","","","","","","","","","","","","","","","","","","","","","","","","","","","","","","","","","","","","","","","","","","","","","","","","","","","","","","","","","","","","","","","","","","","","","","","","","","","","","","","","","","","","","","","","","","","","","","","","","","","","","","","","","","","","","","","","","","","","","","","","","","","","","","","","","","","","","","","","","","","","","","","","","","","","","","","","","","","","","","","","","","","","","","","","","","","","","","","","","","","","","","","","","","","","","","","","","","","","","","","","","","","","","","","","","","","","","","","","","","","","","","","","","","","","","","","","","","","","92.24","89.24","86.73","88.66","98.79","101.4","102.78","103.52","105.6","106","105.32","103.32","108.21","110.16","118.98","113.06","121.73","126.83","134.78","143.38","151.06","156.19","149.48","134.26","123.44","117.23","113.17","111.05","105.17","102.04","98.15","94.78","96.85","96.8","98.55","100.74","102.91","108.8","112.73","117.76","118.56","125.5","135.37","145.35","160.83","166.3","163.66","159.23","149.7","143.09","139.54","137.45","138.1","137.51","135.43","134.77","132.66","133.45","130.71","126.84","120.43","119.9","116.14","114.29","114.43","110.53"
"Q","Quarterly","AE","United Arab Emirates","R","Real","771","Year-on-year changes, in per cent","Q:AE:R:771","","","","","","","","","","","","","","","","","","","","","","","","","","","","","","","","","","","","","","","","","","","","","","","","","","","","","","","","","","","","","","","","","","","","","","","","","","","","","","","","","","","","","","","","","","","","","","","","","","","","","","","","","","","","","","","","","","","","","","","","","","","","","","","","","","","","","","","","","","","","","","","","","","","","","","","","","","","","","","","","","","","","","","","","","","","","","","","","","","","","","","","","","","","","","","","","","","","","","","","","","","","","","","","","","","","","","","","","","","","","","","","","","","","","","","","","","","","","","","","","","","","","","","","","","","","","","","","","","","","","","","","","","","","","","","","","","","","","","","","","","","","","","","","","","","","","","","","","","","","","","","","","","","","","","7.1","13.63","18.51","16.76","6.9","4.54","2.47","-0.2","2.47","3.93","12.97","9.43","12.49","15.13","13.28","26.82","24.1","23.15","10.91","-6.36","-18.28","-24.94","-24.29","-17.29","-14.81","-12.96","-13.27","-14.65","-7.91","-5.13","0.41","6.29","6.26","12.4","14.39","16.89","15.2","15.35","20.08","23.43","35.66","32.51","20.9","9.55","-6.92","-13.96","-14.74","-13.68","-7.74","-3.9","-2.94","-1.95","-3.94","-2.96","-3.49","-5.88","-9.22","-10.15","-11.15","-9.89","-4.98","-7.82"
"Q","Quarterly","AT","Austria","N","Nominal","628","Index, 2010 = 100","Q:AT:N:628","","","","","","","","","","","","","","","","","","","","","","","","","","","","","","","","","","","","","","","","","","","","","","","","","","","","","","","","","","","","","","","","","","","","","","","","","","","","","","","","","","","","","","","","","","","","","","","","","","","","","","","","","","","","","","","","","","","","","","","","","","","","","","","","","","","","","","","","","","","","","","","","","","","","","","","","","","","","","","","","","","","","","","","","","","","","","","","","","","","","","","","","","","","","","","","","","","","","","","","","","","","","","","","","","","","","","","","","","","","","","","","","","","","","","","","","","","","","","","","","","","","","","","","","","","","","","","","","","","","","","","","","","","","","","","","","","","","","","","","","","","","","","","","","","","","","","80.3","78.96","77.63","77.39","81.16","77.63","80.77","77.39","79.91","78.57","81.24","79.04","80.38","79.59","78.81","80.85","74.8","78.73","79.12","80.85","81.16","81.95","82.03","83.99","84.93","85.64","86.19","85.88","88.39","90.2","90.75","89.33","89.96","89.33","90.98","92.24","94.05","94.44","93.89","94.28","99.31","99.71","99.78","101.2","103.87","101.04","105.76","106.23","115.03","116.76","118.33","118.41","120.61","122.57","123.9","123.28","125.55","128.46","126.89","126.26","130.03","130.35","132","135.85","140.56","142.76","141.43","142.05","143.78","147.95","147.87","148.73","154.31","155.25","159.65","159.73","161.93","166.65"
"Q","Quarterly","AT","Austria","N","Nominal","771","Year-on-year changes, in per cent","Q:AT:N:771","","","","","","","","","","","","","","","","","","","","","","","","","","","","","","","","","","","","","","","","","","","","","","","","","","","","","","","","","","","","","","","","","","","","","","","","","","","","","","","","","","","","","","","","","","","","","","","","","","","","","","","","","","","","","","","","","","","","","","","","","","","","","","","","","","","","","","","","","","","","","","","","","","","","","","","","","","","","","","","","","","","","","","","","","","","","","","","","","","","","","","","","","","","","","","","","","","","","","","","","","","","","","","","","","","","","","","","","","","","","","","","","","","","","","","","","","","","","","","","","","","","","","","","","","","","","","","","","","","","","","","","","","","","","","","","","","","","","","","","","","","","","","","","","","","","","","","","","","1.08","-1.69","4.05","0","-1.55","1.21","0.58","2.13","0.59","1.3","-3","2.29","-6.94","-1.09","0.4","0","8.51","4.09","3.67","3.89","4.65","4.51","5.08","2.25","4.07","5.32","5.29","4.03","1.78","-0.96","0.26","3.25","4.54","5.72","3.2","2.21","5.6","5.57","6.28","7.33","4.59","1.34","5.98","4.97","10.74","15.55","11.89","11.46","4.85","4.98","4.71","4.11","4.1","4.81","2.41","2.42","3.57","1.47","4.02","7.59","8.1","9.52","7.14","4.57","2.29","3.63","4.56","4.7","7.32","4.94","7.97","7.4","4.94","7.34"
"Q","Quarterly","AT","Austria","R","Real","628","Index, 2010 = 100","Q:AT:R:628","","","","","","","","","","","","","","","","","","","","","","","","","","","","","","","","","","","","","","","","","","","","","","","","","","","","","","","","","","","","","","","","","","","","","","","","","","","","","","","","","","","","","","","","","","","","","","","","","","","","","","","","","","","","","","","","","","","","","","","","","","","","","","","","","","","","","","","","","","","","","","","","","","","","","","","","","","","","","","","","","","","","","","","","","","","","","","","","","","","","","","","","","","","","","","","","","","","","","","","","","","","","","","","","","","","","","","","","","","","","","","","","","","","","","","","","","","","","","","","","","","","","","","","","","","","","","","","","","","","","","","","","","","","","","","","","","","","","","","","","","","","","","","","","","","","","","98.24","95.96","93.71","92.72","96.56","91.51","94.96","90.76","93.26","91.04","93.97","91.11","92.22","91.13","90","92.06","84.68","88.38","88.39","89.62","89.31","89.84","89.71","91.49","92.37","92.25","92.77","92.36","94.57","95.38","95.81","93.16","93.13","91.16","92.63","94.05","96.29","96.12","95.56","95.56","100.28","99.49","99.76","100.47","101.96","97.7","102.11","101.99","110.04","110.41","111.66","110.62","112.64","113.46","114.81","113.38","115.35","116.88","115.6","114.53","118.51","117.37","119.17","122.28","126.86","127.83","126.8","126.19","127.19","129.94","129.79","129.29","134.1","133.76","137.2","135.97","138.32","141.19"
"Q","Quarterly","AT","Austria","R","Real","771","Year-on-year changes, in per cent","Q:AT:R:771","","","","","","","","","","","","","","","","","","","","","","","","","","","","","","","","","","","","","","","","","","","","","","","","","","","","","","","","","","","","","","","","","","","","","","","","","","","","","","","","","","","","","","","","","","","","","","","","","","","","","","","","","","","","","","","","","","","","","","","","","","","","","","","","","","","","","","","","","","","","","","","","","","","","","","","","","","","","","","","","","","","","","","","","","","","","","","","","","","","","","","","","","","","","","","","","","","","","","","","","","","","","","","","","","","","","","","","","","","","","","","","","","","","","","","","","","","","","","","","","","","","","","","","","","","","","","","","","","","","","","","","","","","","","","","","","","","","","","","","","","","","","","","","","","","","","","","","","","-1.72","-4.64","1.34","-2.12","-3.41","-0.52","-1.05","0.39","-1.11","0.1","-4.22","1.04","-8.18","-3.01","-1.79","-2.66","5.47","1.65","1.5","2.09","3.43","2.68","3.41","0.95","2.39","3.39","3.28","0.86","-1.53","-4.42","-3.32","0.96","3.4","5.44","3.16","1.6","4.14","3.51","4.4","5.13","1.67","-1.8","2.36","1.51","7.93","13.01","9.36","8.47","2.36","2.76","2.82","2.49","2.41","3.01","0.69","1.02","2.73","0.42","3.09","6.77","7.05","8.91","6.4","3.2","0.26","1.65","2.36","2.45","5.43","2.94","5.71","5.17","3.15","5.56"
"Q","Quarterly","AU","Australia","N","Nominal","628","Index, 2010 = 100","Q:AU:N:628","","","","","","","","","","","","","","","","","","","","","","","","","","","","","","","","","","","","","","","","","","","","","","","","","","","","","","","","","","","","","","","","","","","","","","","","","","","","","","","","","","","","","","","","","","","","","","","","","","","","","","","","","","","","","","","","","","","","","","","","","","","","","","","","","","","","","","","","","","","","","","","","","","","","","","","","","","","","","","","","","","","","","","","","","","","","","3.13","3.18","3.27","3.38","3.47","3.55","3.66","3.8","3.88","3.95","4.06","4.28","4.4","4.66","5.04","5.39","5.74","5.93","6","6.14","6.27","6.53","6.71","6.91","7.18","7.34","7.34","7.57","7.77","7.96","7.98","8.13","8.34","8.32","8.36","8.45","8.91","9.46","9.67","9.84","10.06","10.58","10.91","11.28","12","12.4","12.16","12.74","12.6","12.99","12.76","12.71","13.04","13.5","13.41","14.03","14.49","14.83","15.45","15.43","16.21","16.37","16.75","16.99","17.37","17.84","17.35","17.55","17.75","17.94","18.25","19.13","19.98","21.05","23.11","25.42","27.48","28.02","28.02","28.1","28.24","28.5","28.24","28.41","28.38","28.72","29.6","29.6","29.4","29.48","29.51","29.79","30.08","30.27","30.3","30.58","30.92","31.29","31.77","31.63","31.94","31.71","31.77","31.71","31.66","32.05","32.16","32.25","32.53","32.95","33.55","34.19","35.04","35.8","35.8","36.39","37.05","37.89","38.6","39.86","40.6","41.56","41.5","42.49","43.42","44.97","47.31","49.09","50.95","53.99","56.24","58.29","59.85","63.08","66.79","69.31","69.02","68.34","68.34","69.51","69.41","69.89","69.8","71.15","71.93","74.54","75.9","77.25","77.93","81.41","84.32","87.51","87.9","87.12","85.19","84.03","83.83","87.32","91","96.03","99.03","100.97","99.71","100.29","99.42","98.74","97","96.22","96.81","97.19","97","99.13","99.81","102.32","104.84","109","110.55","112.68","114.04","116.36","118.2","123.72","126.23","126.43","126.23","128.75","130.69","136.11","139.11","141.82","141.53","142.88","141.92","140.95","138.82","135.53","131.46","130.49"
"Q","Quarterly","AU","Australia","N","Nominal","771","Year-on-year changes, in per cent","Q:AU:N:771","","","","","","","","","","","","","","","","","","","","","","","","","","","","","","","","","","","","","","","","","","","","","","","","","","","","","","","","","","","","","","","","","","","","","","","","","","","","","","","","","","","","","","","","","","","","","","","","","","","","","","","","","","","","","","","","","","","","","","","","","","","","","","","","","","","","","","","","","","","","","","","","","","","","","","","","","","","","","","","","","","","","","","","","","","","","","","","","","10.98","11.48","11.75","12.52","11.81","11.19","10.95","12.64","13.35","18.04","24.12","25.93","30.42","27.29","19.12","14.04","9.25","10.08","11.86","12.47","14.5","12.51","9.28","9.61","8.28","8.31","8.8","7.3","7.36","4.55","4.74","3.99","6.74","13.79","15.74","16.47","12.99","11.75","12.81","14.63","19.27","17.19","11.44","12.9","5.01","4.79","4.91","-0.25","3.48","3.91","5.11","10.41","11.11","9.87","15.17","9.97","11.89","10.42","8.44","10.16","7.14","8.95","3.59","3.27","2.18","0.59","5.2","9","12.55","17.29","26.59","32.88","37.57","33.12","21.25","10.55","2.78","1.71","0.81","1.1","0.5","0.79","4.79","4.17","3.58","2.66","-0.29","0.67","2.3","2.67","2.68","2.66","2.81","3.36","4.85","3.41","3.29","1.35","0","0.27","-0.89","1.06","1.24","1.68","2.76","2.82","4.3","6.04","7.72","8.65","6.73","6.43","5.72","5.83","7.8","9.54","9.59","9.68","7.53","6.59","6.95","8.21","14.01","15.54","17.35","20.04","18.86","18.74","17.47","16.85","18.77","18.91","15.32","8.34","2.32","0.28","0.56","2.27","2.12","2.37","3.63","6.65","8.74","8.57","8.34","9.22","11.1","13.28","12.8","7.02","1.03","-3.98","-4.63","0.22","6.82","14.29","18.13","15.63","9.57","4.44","0.39","-2.21","-2.72","-4.05","-2.63","-1.57","0","3.02","3.1","5.28","8.08","9.96","10.77","10.12","8.77","6.75","6.92","9.79","10.7","8.65","6.8","4.07","3.53","7.66","10.2","10.15","8.3","4.98","2.02","-0.61","-1.92","-5.15","-7.37","-7.42"
"Q","Quarterly","AU","Australia","R","Real","628","Index, 2010 = 100","Q:AU:R:628","","","","","","","","","","","","","","","","","","","","","","","","","","","","","","","","","","","","","","","","","","","","","","","","","","","","","","","","","","","","","","","","","","","","","","","","","","","","","","","","","","","","","","","","","","","","","","","","","","","","","","","","","","","","","","","","","","","","","","","","","","","","","","","","","","","","","","","","","","","","","","","","","","","","","","","","","","","","","","","","","","","","","","","","","","","","","31.31","31.55","32.1","32.44","33.02","33.45","33.48","34.11","34.53","34.8","35.14","36.71","37.08","37.95","39.68","41.09","42.41","42.22","40.61","40.16","39.37","39.71","40.57","39.52","39.86","39.88","38.95","37.91","38.1","38.03","37.41","37.19","37.64","36.83","36.35","35.94","37.21","38.54","38.42","37.99","38.07","38.8","39.43","39.86","41.49","41.94","40.31","40.54","39.32","39.63","37.62","36.34","36.54","37.06","36.21","36.94","38.36","39.15","40.23","39.64","41.11","40.56","40.54","40.32","40.32","40.72","38.6","37.99","37.65","37.49","37.48","38.62","39.66","41.03","44.23","47.71","51.08","50.8","49.67","48.92","48.29","47.96","47.2","46.28","46.31","46.78","47.96","47.48","47.17","47.46","47.42","47.64","47.69","47.85","47.66","48.03","48.32","48.58","49.01","48.4","48.11","47.1","46.61","46.18","45.95","46.18","46.2","46.25","46.59","47.33","48.41","49.19","50.26","51.05","50.97","51.59","52.51","53.47","53.99","55.44","55.98","56.89","54.71","55.86","56.47","58.01","60.87","62.57","64.35","67.73","70.09","72.19","73.18","77.13","81.15","83.78","82.71","81.49","81.19","81.96","81.25","81.32","80.43","81.6","81.8","83.39","84.12","85.73","86.48","89.21","91.77","94.39","93.55","91.41","88.31","87.39","87.1","90.33","93.23","97.86","99.97","101.28","99.3","99.46","97.19","95.66","93.4","92.66","93.12","93.03","91.57","93.39","93.67","95.65","96.88","99.95","100.8","102.25","103","104.9","106.36","110.6","112.33","112.08","112.12","113.93","114.8","118.91","120.98","123.12","122.09","122.49","121.12","119.87","117.54","114.15","110.72","109.24"
"Q","Quarterly","AU","Australia","R","Real","771","Year-on-year changes, in per cent","Q:AU:R:771","","","","","","","","","","","","","","","","","","","","","","","","","","","","","","","","","","","","","","","","","","","","","","","","","","","","","","","","","","","","","","","","","","","","","","","","","","","","","","","","","","","","","","","","","","","","","","","","","","","","","","","","","","","","","","","","","","","","","","","","","","","","","","","","","","","","","","","","","","","","","","","","","","","","","","","","","","","","","","","","","","","","","","","","","","","","","","","","","5.48","6.01","4.3","5.16","4.57","4.05","4.95","7.61","7.38","9.03","12.93","11.94","14.37","11.26","2.34","-2.25","-7.17","-5.95","-0.1","-1.59","1.27","0.43","-4","-4.09","-4.42","-4.62","-3.94","-1.9","-1.21","-3.15","-2.84","-3.37","-1.15","4.63","5.7","5.71","2.31","0.66","2.63","4.93","8.97","8.11","2.22","1.69","-5.22","-5.52","-6.67","-10.34","-7.08","-6.48","-3.75","1.63","4.99","5.64","11.11","7.32","7.17","3.59","0.79","1.72","-1.92","0.41","-4.81","-5.8","-6.62","-7.94","-2.89","1.67","5.34","9.44","18.02","23.54","28.78","23.82","12.3","2.54","-5.45","-5.59","-4.98","-5.41","-4.11","-2.45","1.61","2.61","1.85","1.45","-1.12","0.33","1.12","0.82","0.5","0.81","1.31","1.52","2.83","0.77","-0.43","-3.04","-4.89","-4.59","-4.48","-1.97","-0.88","0.17","1.38","2.51","4.77","6.36","7.88","7.85","5.3","4.86","4.48","4.74","5.92","7.48","6.6","6.4","1.33","0.75","0.87","1.97","11.26","12.01","13.95","16.75","15.16","15.37","13.73","13.88","15.77","16.07","13.02","5.65","0.04","-2.18","-1.77","-0.21","-0.94","-0.44","0.68","2.55","4.6","5.06","5.72","6.98","9.08","10.1","8.17","2.46","-3.76","-7.41","-6.89","-1.18","5.57","11.98","14.78","12.13","6.51","1.63","-2.77","-5.56","-5.94","-6.84","-4.19","-2.75","-1.96","0.8","0.58","2.82","5.8","7.02","7.61","6.9","6.32","4.95","5.52","8.16","9.06","6.85","5.42","3.01","2.2","6.09","7.91","8.06","6.35","3.01","0.12","-2.64","-3.73","-6.81","-8.58","-8.87"
"Q","Quarterly","BE","Belgium","N","Nominal","628","Index, 2010 = 100","Q:BE:N:628","","","","","","","","","","","","","","","","","","","","","","","","","","","","","","","","","","","","","","","","","","","","","","","","","","","","","","","","","","","","","","","","","","","","","","","","","","","","","","","","","","","","","","","","","","","","","","","","","","","","","","","","","","","","","","","","","","","","","","","","","","","","","","","","","","","","","","","","","","","","","","","","","","","","","","","","","","","","","","","","","","","","","","","","","","","","","8.51","8.55","8.46","8.12","8.24","8.36","8.45","8.33","8.67","9.01","9.32","9.31","9.72","10.14","10.52","10.64","10.91","11.82","12.3","12.15","12.97","13.41","13.79","14.32","15.76","16.11","16.8","17.35","18.16","18.72","19.51","20.48","20.75","21.03","21.93","22.14","22.83","23.01","23.71","23.54","24.19","23.58","23.48","22.59","22.49","22.21","22.18","21.86","21.16","21.01","21.85","21.47","21.07","20.93","21.15","20.95","21.22","21.35","21.75","21.49","21.52","21.33","22.17","22.05","22.08","22.35","23.51","23.21","23.82","23.83","24.68","24.64","25.05","25.85","26.8","27.07","28.41","29.16","30.29","31.42","32.47","32.4","33.35","33.73","33.92","33.42","34.88","35.33","35.83","36.71","37.07","37.11","37.32","38.38","38.76","40.05","40.11","40.73","41.83","41.74","42.11","42.37","43.57","43.8","42.92","43.5","44.41","44.75","43.02","44.61","46.01","46.14","46.62","46.83","48.91","48.85","49.82","50.76","52.53","51.69","53.27","53.49","54.24","54.92","55.73","56.24","57.22","57.17","58.45","59.53","61.06","61.8","62.76","63.37","65.09","66.23","68.01","68.35","70.93","72.52","75.81","77.5","80.27","81.86","83.44","85.72","88.2","88.87","90.97","92.78","94.54","94.91","95.84","97.2","98.59","98.04","96.77","95.84","98.08","97.15","98.22","99.13","101.03","101.62","102.34","103.28","105.31","105.14","105.89","105.99","107.18","106.31","106.99","107.27","108.6","107.52","105.53","106.26","107.66","108.55","105.96","108.31","110.7","110.2","109.4","110.7","113.48","113.08","114.24","113.87","117.69","117.09","117.14","118.29","120.68","120.04","121.35","121.94"
"Q","Quarterly","BE","Belgium","N","Nominal","771","Year-on-year changes, in per cent","Q:BE:N:771","","","","","","","","","","","","","","","","","","","","","","","","","","","","","","","","","","","","","","","","","","","","","","","","","","","","","","","","","","","","","","","","","","","","","","","","","","","","","","","","","","","","","","","","","","","","","","","","","","","","","","","","","","","","","","","","","","","","","","","","","","","","","","","","","","","","","","","","","","","","","","","","","","","","","","","","","","","","","","","","","","","","","","","","","","","","","","","","","-3.18","-2.26","-0.05","2.54","5.16","7.76","10.32","11.81","12.2","12.59","12.81","14.25","12.24","16.48","16.99","14.17","18.86","13.49","12.08","17.82","21.53","20.12","21.84","21.19","15.21","16.19","16.11","18.05","14.24","12.35","12.4","8.12","10.04","9.42","8.13","6.29","5.97","2.5","-1","-4.03","-7.03","-5.81","-5.53","-3.21","-5.92","-5.44","-1.47","-1.79","-0.45","-0.35","-3.2","-2.42","0.71","1.99","2.82","2.56","1.44","-0.1","1.96","2.62","2.58","4.77","6.01","5.24","7.9","6.63","5.01","6.17","5.18","8.47","8.56","9.87","13.41","12.82","13.05","16.08","14.29","11.09","10.08","7.34","4.47","3.16","4.59","4.75","5.62","9.85","6.28","5.05","4.16","4.55","4.57","7.92","7.47","6.12","7.93","4.23","4.98","4.03","4.16","4.93","1.93","2.66","1.91","2.17","0.24","2.56","3.61","3.11","8.36","4.97","6.31","5.88","6.87","8.4","7.4","5.8","6.92","5.37","3.26","6.25","4.61","5.13","5.5","4.1","4.89","5.86","6.7","8.1","7.36","6.44","6.6","7.16","8.37","7.86","8.97","9.5","11.47","13.39","13.17","12.88","10.07","10.6","9.88","8.57","9.02","8.24","7.19","6.79","5.35","4.76","4.28","3.3","0.98","-1.4","-0.52","-0.91","1.5","3.44","3.01","4.6","4.2","4.18","4.24","3.46","3.47","2.62","1.78","1.12","1.04","1.21","1.32","1.14","-1.36","-0.94","-0.86","0.96","0.41","1.94","2.82","1.51","3.24","2.2","2.52","2.62","4.43","2.87","3.71","3.55","2.53","3.88","2.54","2.52","3.59","3.08"
"Q","Quarterly","BE","Belgium","R","Real","628","Index, 2010 = 100","Q:BE:R:628","","","","","","","","","","","","","","","","","","","","","","","","","","","","","","","","","","","","","","","","","","","","","","","","","","","","","","","","","","","","","","","","","","","","","","","","","","","","","","","","","","","","","","","","","","","","","","","","","","","","","","","","","","","","","","","","","","","","","","","","","","","","","","","","","","","","","","","","","","","","","","","","","","","","","","","","","","","","","","","","","","","","","","","","","","","","","41.1","40.96","40.21","38.45","38.46","38.53","38.42","37.41","38.43","39.53","40.19","39.44","40.33","41.53","42.46","42.13","41.75","43.38","43.34","41.49","43.05","43.36","43.6","43.98","47.45","47.53","48.68","49.45","50.75","51.46","52.85","54.84","54.87","55.35","57.13","57.09","58.15","58.17","58.96","57.72","57.96","56.05","54.81","51.58","50.25","49.23","47.9","46.26","43.92","42.61","43.27","41.71","40.24","39.46","38.92","38.1","37.87","37.56","37.83","37.04","36.45","35.65","36.82","36.52","36.48","36.88","38.73","38.18","38.95","38.71","39.86","39.91","40.57","41.57","42.83","43.16","44.86","45.54","46.9","48.35","49.56","49.07","49.97","49.94","49.92","49.04","50.6","50.98","51.48","52.43","52.56","52.37","52.14","53.4","53.44","55.06","54.72","55.25","56.24","56.27","56.42","56.65","57.87","58.23","56.41","57.06","57.85","58.07","55.47","57.64","58.89","59.11","59.68","59.53","62.14","62.17","63.11","63.94","66.12","64.74","66.17","65.85","66.28","66.88","67.74","67.25","68.2","68.11","69.16","70.25","71.86","72.72","73.1","73.76","75.34","76.6","78.18","77.8","80.3","81.78","84.92","85.89","88.11","89.94","91.43","93.12","95.39","96.26","97.96","99.35","100.91","100.04","99.39","99.07","99.66","99.85","98.76","97.98","100.37","99.22","99.26","99.19","100.77","100.77","100.05","99.86","101.35","100.6","99.96","99.74","100.5","99.32","99.75","99.69","100.68","99.64","97.41","98.34","99.73","100.73","98.29","99.76","101.72","100.82","99.69","99.82","102.14","101.55","101.43","100.76","103.96","103.03","102.44","102.81","104.25","102.92","103.87","104"
"Q","Quarterly","BE","Belgium","R","Real","771","Year-on-year changes, in per cent","Q:BE:R:771","","","","","","","","","","","","","","","","","","","","","","","","","","","","","","","","","","","","","","","","","","","","","","","","","","","","","","","","","","","","","","","","","","","","","","","","","","","","","","","","","","","","","","","","","","","","","","","","","","","","","","","","","","","","","","","","","","","","","","","","","","","","","","","","","","","","","","","","","","","","","","","","","","","","","","","","","","","","","","","","","","","","","","","","","","","","","","","","","-6.44","-5.93","-4.44","-2.7","-0.06","2.6","4.6","5.42","4.93","5.06","5.65","6.82","3.52","4.46","2.07","-1.53","3.12","-0.05","0.6","6.01","10.21","9.6","11.65","12.43","6.96","8.27","8.56","10.91","8.13","7.57","8.09","4.11","5.97","5.08","3.22","1.1","-0.33","-3.64","-7.05","-10.64","-13.3","-12.17","-12.6","-10.31","-12.59","-13.44","-9.68","-9.83","-8.4","-7.4","-10.04","-8.67","-5.88","-4.8","-2.81","-2.77","-3.74","-5.1","-2.66","-1.41","0.07","3.46","5.17","4.56","6.77","4.97","2.93","4.53","4.16","7.38","7.45","8.13","10.57","9.55","9.51","12.02","10.47","7.76","6.54","3.29","0.74","-0.08","1.26","2.09","3.13","6.93","3.88","2.72","1.27","1.85","1.66","5.13","4.95","3.46","5.24","2.19","3.1","2.53","2.9","3.49","-0.02","0.73","-0.03","-0.28","-1.65","1.02","1.8","1.8","7.58","3.27","5.51","5.17","5.75","7.41","6.42","4.14","4.84","2.99","0.24","3.3","2.38","2.12","2.9","1.84","2.1","4.46","5.37","6.76","5.7","5","4.83","5.35","6.95","5.48","6.59","6.76","8.61","10.39","9.72","9.98","7.67","8.42","8.27","7.02","7.15","6.69","5.78","3.93","1.46","-0.28","-1.24","-0.18","-0.63","-1.11","0.71","-0.63","0.5","1.24","0.4","1.56","0.79","0.68","0.59","-0.17","-0.09","-0.12","-0.84","-1.28","-0.21","-0.05","0.18","0.33","-2.34","-1.35","-0.94","1.1","0.9","1.44","2","0.08","1.43","0.07","0.41","0.73","1.75","0.94","1.78","1.45","0.99","2.04","0.28","-0.1","1.4","1.16"
"Q","Quarterly","BG","Bulgaria","N","Nominal","628","Index, 2010 = 100","Q:BG:N:628","","","","","","","","","","","","","","","","","","","","","","","","","","","","","","","","","","","","","","","","","","","","","","","","","","","","","","","","","","","","","","","","","","","","","","","","","","","","","","","","","","","","","","","","","","","","","","","","","","","","","","","","","","","","","","","","","","","","","","","","","","","","","","","","","","","","","","","","","","","","","","","","","","","","","","","","","","","","","","","","","","","","","","","","","","","","","","","","","","","","","","","","","","","","","","","","","","","","","","","","","","","","","","","","","","","","","","","","","","","","","","","","","","","","","","","","","","","","","","","","","","","","","","","","","","","","","","","","","","","","","","","","","","","","","","","","","","","","","","","","","","","","","","","","","","","","","","","","","","","","","","","","","","","","","","","","","71.84","74.91","77.07","78.94","82.67","84.03","87.86","92.71","101.34","106.77","114.76","124.81","133.34","141.16","145.47","139.43","123.59","111.68","106.44","103.57","101.3","100.67","99.6","98.43","96.43","94.73","94.08","92.72","92.84","93.25","93.16","91.51","90.73","91.18","90.28","90.41","91.35","91.65","91.87","92.92","93.42","94.24","93.76","96.62","97.71","100.41","102.02","104.45","106.48","109.04","111.16","112.97","114.03","117.22","118.13","119.23","122.34","123.11"
"Q","Quarterly","BG","Bulgaria","N","Nominal","771","Year-on-year changes, in per cent","Q:BG:N:771","","","","","","","","","","","","","","","","","","","","","","","","","","","","","","","","","","","","","","","","","","","","","","","","","","","","","","","","","","","","","","","","","","","","","","","","","","","","","","","","","","","","","","","","","","","","","","","","","","","","","","","","","","","","","","","","","","","","","","","","","","","","","","","","","","","","","","","","","","","","","","","","","","","","","","","","","","","","","","","","","","","","","","","","","","","","","","","","","","","","","","","","","","","","","","","","","","","","","","","","","","","","","","","","","","","","","","","","","","","","","","","","","","","","","","","","","","","","","","","","","","","","","","","","","","","","","","","","","","","","","","","","","","","","","","","","","","","","","","","","","","","","","","","","","","","","","","","","","","","","","","","","","","","","","","","","","","","","","15.08","12.18","13.99","17.44","22.59","27.06","30.62","34.63","31.57","32.21","26.77","11.71","-7.31","-20.88","-26.83","-25.72","-18.04","-9.86","-6.43","-4.96","-4.81","-5.91","-5.54","-5.81","-3.72","-1.56","-0.97","-1.3","-2.27","-2.22","-3.09","-1.2","0.69","0.51","1.77","2.78","2.27","2.83","2.06","3.98","4.58","6.55","8.8","8.11","8.98","8.59","8.97","8.15","7.09","7.51","6.27","5.54","7.29","5.02"
"Q","Quarterly","BG","Bulgaria","R","Real","628","Index, 2010 = 100","Q:BG:R:628","","","","","","","","","","","","","","","","","","","","","","","","","","","","","","","","","","","","","","","","","","","","","","","","","","","","","","","","","","","","","","","","","","","","","","","","","","","","","","","","","","","","","","","","","","","","","","","","","","","","","","","","","","","","","","","","","","","","","","","","","","","","","","","","","","","","","","","","","","","","","","","","","","","","","","","","","","","","","","","","","","","","","","","","","","","","","","","","","","","","","","","","","","","","","","","","","","","","","","","","","","","","","","","","","","","","","","","","","","","","","","","","","","","","","","","","","","","","","","","","","","","","","","","","","","","","","","","","","","","","","","","","","","","","","","","","","","","","","","","","","","","","","","","","","","","","","","","","","","","","","","","","","","","","","","","","","100.16","103.59","106.68","105.79","106.7","107.32","113.99","117.08","124.3","130.26","133.91","140.15","144.37","149.8","151.34","143.3","126.26","113.81","109.62","106.37","102.56","100.88","99.75","96.89","92.88","90.62","90.66","88.5","87.66","87.77","86.36","83.83","82.72","83.98","84.2","84.08","85.32","85.98","86.38","86.97","87.67","87.91","88.19","90.85","92.31","95.43","96.29","98.53","98.96","101.34","103.29","103.71","103.89","106.2","106.03","106.12","107.92","107.93"
"Q","Quarterly","BG","Bulgaria","R","Real","771","Year-on-year changes, in per cent","Q:BG:R:771","","","","","","","","","","","","","","","","","","","","","","","","","","","","","","","","","","","","","","","","","","","","","","","","","","","","","","","","","","","","","","","","","","","","","","","","","","","","","","","","","","","","","","","","","","","","","","","","","","","","","","","","","","","","","","","","","","","","","","","","","","","","","","","","","","","","","","","","","","","","","","","","","","","","","","","","","","","","","","","","","","","","","","","","","","","","","","","","","","","","","","","","","","","","","","","","","","","","","","","","","","","","","","","","","","","","","","","","","","","","","","","","","","","","","","","","","","","","","","","","","","","","","","","","","","","","","","","","","","","","","","","","","","","","","","","","","","","","","","","","","","","","","","","","","","","","","","","","","","","","","","","","","","","","","","","","","","","","","6.53","3.6","6.86","10.68","16.5","21.38","17.47","19.7","16.14","15","13.01","2.25","-12.54","-24.02","-27.56","-25.77","-18.77","-11.36","-9","-8.91","-9.43","-10.17","-9.12","-8.66","-5.63","-3.14","-4.75","-5.28","-5.64","-4.32","-2.5","0.3","3.14","2.38","2.59","3.44","2.75","2.25","2.1","4.46","5.29","8.56","9.18","8.45","7.2","6.18","7.27","5.27","4.98","4.8","2.65","2.32","3.88","1.63"
"Q","Quarterly","BR","Brazil","N","Nominal","628","Index, 2010 = 100","Q:BR:N:628","","","","","","","","","","","","","","","","","","","","","","","","","","","","","","","","","","","","","","","","","","","","","","","","","","","","","","","","","","","","","","","","","","","","","","","","","","","","","","","","","","","","","","","","","","","","","","","","","","","","","","","","","","","","","","","","","","","","","","","","","","","","","","","","","","","","","","","","","","","","","","","","","","","","","","","","","","","","","","","","","","","","","","","","","","","","","","","","","","","","","","","","","","","","","","","","","","","","","","","","","","","","","","","","","","","","","","","","","","","","","","","","","","","","","","","","","","","","","","","","","","","","","","","","","","","","","","","","","","","","","","","","","","","","","","","","","","","","","","","","","","","","","","","","","","","","","","","","","28.55","28.61","28.66","28.72","28.83","29.03","29.35","29.86","30.63","31.66","32.89","34.09","35.23","36.23","37.11","37.94","38.68","39.45","40.25","41.2","42.31","43.62","45.14","46.82","48.73","50.87","53.27","55.93","58.9","62.09","65.52","69.2","73.17","77.51","82.19","87.19","92.33","97.49","102.58","107.6","112.45","117.14","121.39","125.1","128.38","131.53","134.61","137.72","140.83","143.89","146.86","149.71","152.74","154.96","156.45","157.22","157.28","156.73","155.82","154.74","153.59","152.48","151.42","150.54","149.83","149.37","149.17","149.25","149.54","149.94","150.45","151","151.6","152.28"
"Q","Quarterly","BR","Brazil","N","Nominal","771","Year-on-year changes, in per cent","Q:BR:N:771","","","","","","","","","","","","","","","","","","","","","","","","","","","","","","","","","","","","","","","","","","","","","","","","","","","","","","","","","","","","","","","","","","","","","","","","","","","","","","","","","","","","","","","","","","","","","","","","","","","","","","","","","","","","","","","","","","","","","","","","","","","","","","","","","","","","","","","","","","","","","","","","","","","","","","","","","","","","","","","","","","","","","","","","","","","","","","","","","","","","","","","","","","","","","","","","","","","","","","","","","","","","","","","","","","","","","","","","","","","","","","","","","","","","","","","","","","","","","","","","","","","","","","","","","","","","","","","","","","","","","","","","","","","","","","","","","","","","","","","","","","","","","","","","","","","","","","","","","","","","","1","1.5","2.39","3.98","6.24","9.05","12.06","14.15","15","14.43","12.85","11.31","9.81","8.9","8.46","8.58","9.37","10.56","12.13","13.65","15.18","16.62","18.03","19.45","20.86","22.05","22.99","23.74","24.24","24.83","25.45","25.99","26.18","25.78","24.8","23.41","21.8","20.15","18.34","16.26","14.17","12.28","10.89","10.09","9.7","9.4","9.1","8.71","8.45","7.7","6.53","5.02","2.97","1.14","-0.4","-1.58","-2.34","-2.71","-2.82","-2.71","-2.45","-2.04","-1.49","-0.85","-0.19","0.38","0.86","1.17","1.37","1.56"
"Q","Quarterly","BR","Brazil","R","Real","628","Index, 2010 = 100","Q:BR:R:628","","","","","","","","","","","","","","","","","","","","","","","","","","","","","","","","","","","","","","","","","","","","","","","","","","","","","","","","","","","","","","","","","","","","","","","","","","","","","","","","","","","","","","","","","","","","","","","","","","","","","","","","","","","","","","","","","","","","","","","","","","","","","","","","","","","","","","","","","","","","","","","","","","","","","","","","","","","","","","","","","","","","","","","","","","","","","","","","","","","","","","","","","","","","","","","","","","","","","","","","","","","","","","","","","","","","","","","","","","","","","","","","","","","","","","","","","","","","","","","","","","","","","","","","","","","","","","","","","","","","","","","","","","","","","","","","","","","","","","","","","","","","","","","","","","","","","","","","","52.29","51.65","50.55","49.68","49.07","48.63","48.08","46.68","45.08","45.38","46.77","47.84","48.57","49.22","49.37","49.65","49.64","49.73","50.42","50.82","51.45","52.72","54.45","56","57.55","59.52","61.78","64.16","66.47","68.82","71.5","74.73","78.06","81.68","85.91","90.33","93.93","97.75","102.51","105.59","107.83","110.18","113.23","115.05","116.39","117.82","119.31","119.93","120.05","120.96","122.71","123.18","123.05","122.44","122.65","121.44","117.69","114.12","111.53","108.3","104.35","101.72","99.68","98.43","97.04","96.22","95.74","94.91","94.23","93.47","92.49","92.23","91.78","91"
"Q","Quarterly","BR","Brazil","R","Real","771","Year-on-year changes, in per cent","Q:BR:R:771","","","","","","","","","","","","","","","","","","","","","","","","","","","","","","","","","","","","","","","","","","","","","","","","","","","","","","","","","","","","","","","","","","","","","","","","","","","","","","","","","","","","","","","","","","","","","","","","","","","","","","","","","","","","","","","","","","","","","","","","","","","","","","","","","","","","","","","","","","","","","","","","","","","","","","","","","","","","","","","","","","","","","","","","","","","","","","","","","","","","","","","","","","","","","","","","","","","","","","","","","","","","","","","","","","","","","","","","","","","","","","","","","","","","","","","","","","","","","","","","","","","","","","","","","","","","","","","","","","","","","","","","","","","","","","","","","","","","","","","","","","","","","","","","","","","","","","","","","","","","","-6.16","-5.85","-4.87","-6.03","-8.12","-6.69","-2.74","2.47","7.73","8.47","5.56","3.8","2.2","1.03","2.12","2.35","3.66","6.01","7.99","10.19","11.84","12.91","13.46","14.58","15.5","15.62","15.74","16.48","17.45","18.68","20.16","20.87","20.33","19.67","19.32","16.89","14.79","12.72","10.46","8.96","7.94","6.93","5.37","4.24","3.14","2.66","2.85","2.71","2.5","1.23","-0.05","-1.41","-4.35","-6.79","-9.06","-10.82","-11.34","-10.87","-10.62","-9.11","-7","-5.41","-3.96","-3.57","-2.9","-2.86","-3.39","-2.83","-2.6","-2.64"
"Q","Quarterly","CA","Canada","N","Nominal","628","Index, 2010 = 100","Q:CA:N:628","","","","","","","","","","","","","","","","","","","","","","","","","","","","","","","","","","","","","","","","","","","","","","","","","","","","","","","","","","","","","","","","","","","","","","","","","","","","","","","","","","","","","","","","","","","","","","","","","","","","","","","","","","","","","","","","","","","","","","","","","","","","","","","","","","","","","","","","","","","","","","","","","","","","","","","","","","","","","","","","","","","","","","","","","","","","","6.41","6.41","6.46","6.64","6.7","6.77","6.75","7.09","7.25","7.25","7.35","7.69","8.09","8.51","9.15","10.01","11.07","11.57","11.46","11.49","12.1","12.49","12.89","13.42","13.99","14.15","14.18","14.71","14.84","14.89","14.84","15.26","15.21","15.65","15.63","16.37","16.92","17.29","17.21","17.97","18.24","18.98","19.76","21.01","21.81","21.98","22.53","22.86","21.93","21.01","20.61","21.06","22.49","22.48","22.2","22.27","22.25","22.38","21.97","22.24","22.71","23.23","23.35","24.34","25.76","27.06","27.52","29.41","31.89","31.51","31.51","33.24","36.31","37.09","37.46","40.5","44.57","40.73","41.69","44.07","43.29","40.39","40.61","40.93","42.91","44.43","41.93","42.44","43.14","43.48","43.58","44.52","44.91","44.91","43.92","44.46","46.46","46.07","45.34","45.88","44.65","43.51","43.93","44","43.47","44.4","43.79","44.04","44.56","45.68","44.88","44.83","44.41","44.79","43.9","44.53","44.75","46.5","46.1","46.77","47","47.91","47.81","48.31","48.18","50.25","50.39","51.05","53.29","55.39","54.92","56.66","57.88","59.79","61.06","62.85","63.91","66.87","65.3","67.8","69.99","71.88","73.4","74.69","77.7","82.08","85.44","86.71","89.58","93.73","95.83","95.9","97.05","98.12","96.63","93.56","90.34","91.7","94.3","96.64","99.55","101.1","99.97","99.38","101.19","103.63","104.42","104.27","105.69","108.2","108.15","107.51","108.27","110.84","111.6","112.01","114.09","117.05","117.98","118.49","120.21","123.27","125.1","126.26","129.96","137.51","142.5","144.46","151.86","161.3","158.1","157.24","159.97","163.06","162.03","160.51","159.97","162.19"
"Q","Quarterly","CA","Canada","N","Nominal","771","Year-on-year changes, in per cent","Q:CA:N:771","","","","","","","","","","","","","","","","","","","","","","","","","","","","","","","","","","","","","","","","","","","","","","","","","","","","","","","","","","","","","","","","","","","","","","","","","","","","","","","","","","","","","","","","","","","","","","","","","","","","","","","","","","","","","","","","","","","","","","","","","","","","","","","","","","","","","","","","","","","","","","","","","","","","","","","","","","","","","","","","","","","","","","","","","","","","","","","","","4.54","5.77","4.5","6.76","8.22","6.95","8.94","8.5","11.66","17.5","24.43","30.15","36.83","35.88","25.31","14.73","9.26","7.99","12.44","16.78","15.68","13.28","10.01","9.61","6.04","5.23","4.66","3.77","2.49","5.11","5.31","7.24","11.26","10.46","10.14","9.82","7.78","9.75","14.78","16.87","19.58","15.8","14.06","8.8","0.55","-4.41","-8.54","-7.88","2.59","7.02","7.69","5.79","-1.08","-0.45","-1.03","-0.16","2.04","3.82","6.29","9.44","13.44","16.45","17.85","20.85","23.82","16.47","14.51","12.99","13.86","17.7","18.87","21.87","22.74","9.82","11.29","8.81","-2.88","-0.83","-2.6","-7.13","-0.87","10.01","3.26","3.68","0.54","-2.15","3.94","4.92","4.09","3.29","0.77","-0.15","3.45","2.59","3.25","3.21","-3.89","-5.55","-3.12","-4.11","-2.64","2.04","-0.32","0.09","2.51","2.89","2.5","1.79","-0.34","-1.95","-2.19","-0.67","0.77","3.82","5","5.03","5.02","3.03","3.71","3.3","2.52","4.88","5.4","5.67","10.61","10.22","8.99","10.99","8.62","7.95","11.17","10.92","10.42","11.84","6.94","7.88","9.51","7.49","12.41","10.16","11.01","14.19","16.4","16.09","15.29","14.2","12.17","10.59","8.34","4.69","0.83","-2.44","-6.91","-6.55","-2.41","3.3","10.2","10.25","6.01","2.83","1.64","2.5","4.46","4.92","4.45","4.42","3.57","3.11","2.44","2.44","3.18","4.19","5.37","5.6","5.72","5.78","5.37","5.32","6.03","6.56","8.11","11.55","13.91","14.41","16.85","17.3","10.95","8.85","5.34","1.09","2.49","2.08","0","-0.53"
"Q","Quarterly","CA","Canada","R","Real","628","Index, 2010 = 100","Q:CA:R:628","","","","","","","","","","","","","","","","","","","","","","","","","","","","","","","","","","","","","","","","","","","","","","","","","","","","","","","","","","","","","","","","","","","","","","","","","","","","","","","","","","","","","","","","","","","","","","","","","","","","","","","","","","","","","","","","","","","","","","","","","","","","","","","","","","","","","","","","","","","","","","","","","","","","","","","","","","","","","","","","","","","","","","","","","","","","","36.93","36.75","36.75","37.99","38.1","38.06","37.25","38.9","39.25","38.89","38.63","40.13","41.45","42.68","44.51","47.87","51.72","52.22","50.25","48.96","50.62","51.05","51","52.03","53.5","53.34","52.65","53.87","53.23","52.09","50.83","51.23","50.04","50.32","49.01","50.47","51.1","50.81","49.62","50.65","50.29","50.93","51.55","53.34","53.55","52.41","52.18","51.65","48.34","44.92","43.15","43.4","46.04","45.4","44.11","43.87","43.32","43.2","42.06","42.25","42.65","43.14","42.94","44.41","46.39","48.33","48.58","51.41","55.22","53.78","53.21","55.75","60.39","60.89","60.84","65.28","70.95","63.73","64.31","67.51","65.36","60.41","60.14","59.74","60.87","62.57","58.7","59.5","60.25","60.4","60.28","61.32","61.41","61.29","59.7","60.14","63.18","62.88","61.55","62.09","59.81","57.83","58.27","58.34","57.4","58.17","57.28","57.26","57.62","58.9","57.72","57.69","56.84","57.18","55.98","56.68","56.84","58.43","57.52","58.15","58.15","58.76","58.09","58.29","58.01","59.5","59.6","60.94","63.18","64.7","63.48","65.17","65.69","67.96","69.13","71.04","71.88","74.36","72.47","74.92","77.08","78.43","79.4","80.75","83.59","87.33","90.85","92.48","94.65","97.58","99.77","99.87","100.74","99.81","97.27","95.61","92.62","93.22","95.75","97.99","100.44","101.36","99.68","98.53","99.51","100.52","101.09","100.66","101.56","103.33","103.45","102.83","103.11","105.04","105.53","106.15","107.15","108.51","109.28","110.16","111.7","113.25","114.51","115.85","118.93","124.41","128.85","130.73","136.37","144.02","141.02","139.8","140.75","142.32","140.76","139.86","138.52","138.59"
"Q","Quarterly","CA","Canada","R","Real","771","Year-on-year changes, in per cent","Q:CA:R:771","","","","","","","","","","","","","","","","","","","","","","","","","","","","","","","","","","","","","","","","","","","","","","","","","","","","","","","","","","","","","","","","","","","","","","","","","","","","","","","","","","","","","","","","","","","","","","","","","","","","","","","","","","","","","","","","","","","","","","","","","","","","","","","","","","","","","","","","","","","","","","","","","","","","","","","","","","","","","","","","","","","","","","","","","","","","","","","","","3.17","3.56","1.36","2.4","3.02","2.19","3.69","3.16","5.61","9.74","15.25","19.29","24.76","22.37","12.89","2.27","-2.12","-2.24","1.49","6.28","5.69","4.49","3.23","3.52","-0.49","-2.36","-3.45","-4.9","-6","-3.4","-3.58","-1.47","2.12","0.99","1.24","0.34","-1.58","0.23","3.9","5.32","6.47","2.91","1.21","-3.16","-9.73","-14.29","-17.31","-15.98","-4.74","1.08","2.24","1.08","-5.93","-4.85","-4.66","-3.69","-1.53","-0.16","2.1","5.1","8.76","12.04","13.15","15.78","19.04","11.29","9.53","8.43","9.36","13.22","14.34","17.09","17.49","4.65","5.69","3.42","-7.88","-5.2","-6.48","-11.51","-6.87","3.58","-2.4","-0.4","-1.02","-3.47","2.7","3.06","1.93","1.48","-0.96","-1.93","2.89","2.59","3.09","3.25","-5.33","-8.03","-5.32","-6.04","-4.04","0.59","-1.7","-1.85","0.39","1.25","0.77","0.74","-1.36","-2.91","-3.01","-1.75","0","2.18","2.75","2.6","2.3","0.57","0.97","0.24","-0.24","1.25","2.61","4.55","8.92","8.75","6.5","6.94","3.96","5.03","8.9","9.01","9.42","9.42","4.84","5.46","7.24","5.48","9.56","7.78","8.45","11.34","14.41","14.53","13.23","11.75","9.83","7.99","6.44","2.28","-2.51","-4.27","-8.06","-6.6","-1.56","2.49","8.45","8.74","4.1","0.56","-0.93","-0.83","1.42","2.16","2.07","2.79","2.33","2.15","1.52","1.66","2.01","3.23","3.93","3.3","3.56","3.78","4.24","4.37","4.78","5.16","6.47","9.85","12.53","12.84","14.66","15.77","9.45","6.94","3.22","-1.18","-0.19","0.04","-1.59","-2.62"
"Q","Quarterly","CH","Switzerland","N","Nominal","628","Index, 2010 = 100","Q:CH:N:628","","","","","","","","","","","","","","","","","","","","","","","","","","","","","","","","","","","","","","","","","","","","","","","","","","","","","","","","","","","","","","","","","","","","","","","","","","","","","","","","","","","","","","","","","","","","","","","","","","","","","","","","","","","","","","","","","","","","","","","","","","","","","","","","","","","","","","","","","","","","","","","","","","","","","","","","","","","","","","","","","","","","","","","","","","","","","25.44","25.3","26.12","26.17","27.99","27.91","29.16","29.71","30.93","32.87","34.39","36.13","38.83","38.52","39.32","38.76","38.59","38.68","38.96","38.68","37.23","36.76","36.39","36.23","35.42","35.61","35.22","36.3","36.28","36.62","37.4","37.28","36.88","37.8","38.46","39.63","40.14","40.15","41.75","43.01","44.77","44.04","45.01","45.86","47.77","49.13","49.51","50.32","51.59","51.13","51.49","52.26","52.43","53.24","54.66","55.42","56.25","57.49","57.5","57.9","59.84","59.49","60.49","61.15","63.41","62.69","64.06","64.55","66.4","67.83","69.16","70.74","73.45","75.58","78.66","82.23","84.58","85.55","86.73","88.7","88.95","88.97","88.22","86.51","86.11","86.72","88.74","86.54","85.47","84.4","82.16","81.17","80.04","80.27","78.55","78.68","79.95","79.67","79.28","78.06","77.61","77.17","76.38","75","73.9","73.63","73.47","71.38","70.93","70.12","70.22","69.47","69.67","69.27","69.55","69.18","69.58","69.33","69.25","69.46","69.24","69.98","70.95","70.77","71.39","71.98","72.86","73.29","75.17","76.03","77.4","78.58","79.51","80.16","81","80.58","81.24","82.24","82.88","82.72","82.9","83.18","84.14","84.25","84.87","84.96","85.37","85.79","86.93","86.82","87.19","87.82","88.38","89.85","90.79","91.46","93.18","94.65","95.84","97.45","98.35","99.29","100.31","102.05","102.99","103.82","104.29","106.77","108.64","107.53","109.44","110.81","112.15","113.09","113.91","114.74","114.61","115.42","115.87","115.99","117.08","117.63","117.7","118.26","118.42","118.48","119.32","119.83","120.51","120.66","120.28","120.78","120.31","119.92","120.42","119.74","119.41","118.95"
"Q","Quarterly","CH","Switzerland","N","Nominal","771","Year-on-year changes, in per cent","Q:CH:N:771","","","","","","","","","","","","","","","","","","","","","","","","","","","","","","","","","","","","","","","","","","","","","","","","","","","","","","","","","","","","","","","","","","","","","","","","","","","","","","","","","","","","","","","","","","","","","","","","","","","","","","","","","","","","","","","","","","","","","","","","","","","","","","","","","","","","","","","","","","","","","","","","","","","","","","","","","","","","","","","","","","","","","","","","","","","","","","","","","10","10.33","11.64","13.52","10.52","17.74","17.94","21.61","25.54","17.2","14.33","7.29","-0.62","0.42","-0.93","-0.23","-3.53","-4.96","-6.58","-6.33","-4.87","-3.14","-3.23","0.18","2.43","2.85","6.19","2.71","1.66","3.23","2.82","6.3","8.84","6.22","8.57","8.53","11.55","9.69","7.8","6.62","6.69","11.56","9.98","9.73","8.01","4.07","4.02","3.85","1.63","4.13","6.15","6.05","7.28","7.99","5.19","4.46","6.38","3.47","5.2","5.61","5.97","5.39","5.91","5.57","4.71","8.21","7.95","9.58","10.62","11.42","13.73","16.25","15.15","13.19","10.26","7.87","5.17","3.99","1.72","-2.47","-3.2","-2.53","0.58","0.03","-0.74","-2.67","-7.41","-6.21","-6.36","-4.9","-4.4","-3.06","-0.11","-0.74","0.94","-0.79","-2.92","-3.15","-3.66","-3.93","-4.78","-4.59","-3.81","-4.83","-4.02","-4.77","-4.42","-2.68","-1.77","-1.2","-0.96","-0.41","-0.13","0.09","-0.43","0.41","-0.48","0.93","2.45","1.88","3.09","2.85","2.69","3.56","5.3","5.63","6.24","7.23","5.78","5.43","4.65","2.55","2.18","2.6","2.32","2.66","2.04","1.15","1.53","1.84","2.38","2.14","1.46","1.84","2.42","2.18","2.13","2.36","1.67","3.49","4.13","4.14","5.43","5.34","5.57","6.55","5.54","4.91","4.67","4.72","4.72","4.56","3.97","4.63","5.49","3.58","4.93","3.78","3.23","5.17","4.08","3.54","2.19","2.07","1.72","1.1","2.15","1.91","1.58","1.96","1.14","0.72","1.37","1.32","1.76","1.84","0.81","0.8","-0.17","-0.61","0.11","-0.87","-0.74","-0.81"
"Q","Quarterly","CH","Switzerland","R","Real","628","Index, 2010 = 100","Q:CH:R:628","","","","","","","","","","","","","","","","","","","","","","","","","","","","","","","","","","","","","","","","","","","","","","","","","","","","","","","","","","","","","","","","","","","","","","","","","","","","","","","","","","","","","","","","","","","","","","","","","","","","","","","","","","","","","","","","","","","","","","","","","","","","","","","","","","","","","","","","","","","","","","","","","","","","","","","","","","","","","","","","","","","","","","","","","","","","","77.63","76.55","77.99","76.54","80.38","79.07","81.63","81.52","83.35","87.45","90.31","92.66","97.14","94.73","95.37","89.76","87.45","86.95","85.46","82.33","78.11","76.19","74.96","74.16","72.16","72.69","71.61","73.51","73.19","73.73","74.93","74.52","73.56","75.07","76.27","78.75","78.59","77.31","79.34","81.3","84","81.62","82.41","83.28","84.7","85.93","84.58","85.42","86.82","84.44","83.34","83.86","84.22","84.94","86.92","87.38","87.75","89.09","88.94","88.62","89.91","88.98","90.64","90.77","93.89","93","95.42","95.73","97.45","99.51","101.22","102.86","105.97","108.63","113","117.43","119.33","119.54","120.84","121.37","119.56","118.5","116.14","111.79","109.33","108.7","110.13","106.23","103.58","101.37","98.42","96.34","93.71","93.14","90.92","90.94","92.01","91.86","91.26","89.8","88.12","87.3","86.2","84.63","83.02","82.64","82.42","79.92","79.11","78.29","78.41","77.5","77.7","77.31","77.58","77.25","77.38","76.93","76.51","76.49","75.83","76.42","77.24","76.71","77.38","77.43","78.52","79.12","81.03","81.23","83.16","83.98","84.83","85.18","86.64","85.68","86.62","86.64","87.85","86.75","87.21","86.72","88.15","87.39","88.2","87.41","88.35","88.59","90.26","88.85","89.67","89.18","89.55","89.55","90.67","91.43","94.43","95.05","96.65","97.6","98.56","98.74","100.83","101.88","102.6","102.83","104.43","107.08","109.19","107.6","110.16","111.51","113.14","113.64","114.7","115.5","115.65","115.87","116.67","116.92","119.01","119.41","120.17","120.85","121.57","120.75","122.03","122.68","123.08","122.52","122.43","122.72","121.99","120.58","121.2","120.56","120.34","118.83"
"Q","Quarterly","CH","Switzerland","R","Real","771","Year-on-year changes, in per cent","Q:CH:R:771","","","","","","","","","","","","","","","","","","","","","","","","","","","","","","","","","","","","","","","","","","","","","","","","","","","","","","","","","","","","","","","","","","","","","","","","","","","","","","","","","","","","","","","","","","","","","","","","","","","","","","","","","","","","","","","","","","","","","","","","","","","","","","","","","","","","","","","","","","","","","","","","","","","","","","","","","","","","","","","","","","","","","","","","","","","","","","","","","3.54","3.29","4.67","6.51","3.69","10.59","10.64","13.67","16.55","8.32","5.6","-3.14","-9.98","-8.21","-10.39","-8.28","-10.68","-12.37","-12.28","-9.92","-7.62","-4.6","-4.47","-0.88","1.43","1.44","4.64","1.37","0.51","1.81","1.78","5.68","6.85","2.98","4.03","3.24","6.88","5.58","3.88","2.43","0.83","5.27","2.63","2.57","2.51","-1.73","-1.47","-1.83","-3","0.59","4.3","4.2","4.19","4.89","2.32","1.42","2.46","-0.13","1.92","2.43","4.42","4.52","5.27","5.47","3.79","7","6.08","7.45","8.74","9.16","11.64","14.17","12.6","10.04","6.93","3.36","0.2","-0.87","-3.89","-7.89","-8.56","-8.26","-5.17","-4.98","-5.26","-6.75","-10.64","-9.31","-9.53","-8.12","-7.62","-5.61","-1.82","-1.38","0.38","-1.25","-4.23","-4.96","-5.55","-5.76","-5.79","-5.34","-4.39","-5.57","-4.71","-5.27","-4.87","-3.02","-1.78","-1.26","-1.05","-0.33","-0.41","-0.49","-1.38","-0.98","-2.01","-0.66","0.95","0.3","2.06","1.33","1.65","3.13","4.71","4.9","5.92","6.15","4.69","4.86","4.19","2.02","2.12","1.72","1.39","1.26","0.68","0.09","0.34","0.73","1.13","0.8","0.23","1.37","2.33","1.65","1.49","0.67","-0.78","0.79","1.12","2.52","5.45","6.14","6.6","6.74","4.37","3.88","4.32","4.39","4.1","4.14","3.57","5.1","6.42","4.64","5.49","4.14","3.62","5.62","4.12","3.58","2.22","1.96","1.72","1.23","2.91","3.06","2.99","3.36","2.15","1.12","1.55","1.51","1.24","1.46","0.33","0.03","-0.88","-1.58","-1.01","-1.76","-1.36","-1.45"
"Q","Quarterly","CL","Chile","N","Nominal","628","Index, 2010 = 100","Q:CL:N:628","","","","","","","","","","","","","","","","","","","","","","","","","","","","","","","","","","","","","","","","","","","","","","","","","","","","","","","","","","","","","","","","","","","","","","","","","","","","","","","","","","","","","","","","","","","","","","","","","","","","","","","","","","","","","","","","","","","","","","","","","","","","","","","","","","","","","","","","","","","","","","","","","","","","","","","","","","","","","","","","","","","","","","","","","","","","","","","","","","","","","","","","","","","","","","","","","","","","","","","","","","","","","","","","","","","","","","","","","","","","","","","","","","","","","","","","","","","","","","","","","","","","","","","","","","","","","","","","","","","","","","","","","","","","","","","","","","","","","","","","","","","","","","","","","","","","","","","","","","","","","55.84","58.41","59.81","60.68","60.46","61.66","61.77","63.24","63.01","64.59","66.49","68.36","66.89","69.42","71.1","73.01","70.98","73.96","75.56","75.85","77.74","79.79","83.62","83.69","84.98","88.69","90.88","91.78","87","89.14","94.24","99.25","95.68","100.25","101.1","102.97","104.4","111.05","115","117.48","116.79","121.06","124.52","128.54","129.01","134.13","135.94","140.07","142.09","147.69","153.35","162.34","164.41","169.22","177.75","184.14","183.07","181.21","184.01","189.91","194.53","198.38","201.87","206.69","208.17","212.92","221.34","221.45","",""
"Q","Quarterly","CL","Chile","N","Nominal","771","Year-on-year changes, in per cent","Q:CL:N:771","","","","","","","","","","","","","","","","","","","","","","","","","","","","","","","","","","","","","","","","","","","","","","","","","","","","","","","","","","","","","","","","","","","","","","","","","","","","","","","","","","","","","","","","","","","","","","","","","","","","","","","","","","","","","","","","","","","","","","","","","","","","","","","","","","","","","","","","","","","","","","","","","","","","","","","","","","","","","","","","","","","","","","","","","","","","","","","","","","","","","","","","","","","","","","","","","","","","","","","","","","","","","","","","","","","","","","","","","","","","","","","","","","","","","","","","","","","","","","","","","","","","","","","","","","","","","","","","","","","","","","","","","","","","","","","","","","","","","","","","","","","","","","","","","","","","","","","","","","","","","","","","","8.26","5.58","3.27","4.21","4.23","4.75","7.64","8.11","6.16","7.47","6.95","6.8","6.12","6.53","6.26","3.89","9.52","7.9","10.68","10.35","9.3","11.15","8.67","9.66","2.39","0.51","3.7","8.15","9.97","12.47","7.28","3.75","9.12","10.77","13.75","14.09","11.86","9.02","8.28","9.41","10.47","10.8","9.17","8.97","10.14","10.11","12.81","15.9","15.71","14.58","15.91","13.43","11.35","7.09","3.52","3.13","6.26","9.47","9.71","8.84","7.01","7.33","9.64","7.14","",""
"Q","Quarterly","CL","Chile","R","Real","628","Index, 2010 = 100","Q:CL:R:628","","","","","","","","","","","","","","","","","","","","","","","","","","","","","","","","","","","","","","","","","","","","","","","","","","","","","","","","","","","","","","","","","","","","","","","","","","","","","","","","","","","","","","","","","","","","","","","","","","","","","","","","","","","","","","","","","","","","","","","","","","","","","","","","","","","","","","","","","","","","","","","","","","","","","","","","","","","","","","","","","","","","","","","","","","","","","","","","","","","","","","","","","","","","","","","","","","","","","","","","","","","","","","","","","","","","","","","","","","","","","","","","","","","","","","","","","","","","","","","","","","","","","","","","","","","","","","","","","","","","","","","","","","","","","","","","","","","","","","","","","","","","","","","","","","","","","","","","","","","","","73.28","76.08","77.19","77.26","76.45","77.44","77.6","79.67","79.67","80.74","82.31","84.22","82.68","84.44","85.2","86.64","84.31","86.66","87.49","88.03","89.92","90.9","92.4","90.58","91","92.78","91.84","91.46","88.21","90.44","95.81","100.79","96.79","100.56","100.58","102.01","102.63","107.83","110.95","111.9","110.23","114.02","117.04","119.82","119.72","124.04","124.85","127.36","127.79","130.74","134.58","140.24","141.67","143.8","148.92","152.8","150.74","147.77","148.95","153.25","155.87","158.12","160.74","163.49","163.54","166.13","171.42","170.46","",""
"Q","Quarterly","CL","Chile","R","Real","771","Year-on-year changes, in per cent","Q:CL:R:771","","","","","","","","","","","","","","","","","","","","","","","","","","","","","","","","","","","","","","","","","","","","","","","","","","","","","","","","","","","","","","","","","","","","","","","","","","","","","","","","","","","","","","","","","","","","","","","","","","","","","","","","","","","","","","","","","","","","","","","","","","","","","","","","","","","","","","","","","","","","","","","","","","","","","","","","","","","","","","","","","","","","","","","","","","","","","","","","","","","","","","","","","","","","","","","","","","","","","","","","","","","","","","","","","","","","","","","","","","","","","","","","","","","","","","","","","","","","","","","","","","","","","","","","","","","","","","","","","","","","","","","","","","","","","","","","","","","","","","","","","","","","","","","","","","","","","","","","","","","","","","","","","4.32","1.79","0.53","3.12","4.22","4.27","6.07","5.7","3.78","4.58","3.51","2.88","1.97","2.62","2.68","1.6","6.65","4.89","5.62","2.9","1.2","2.08","-0.61","0.97","-3.06","-2.52","4.32","10.2","9.73","11.19","4.97","1.21","6.02","7.22","10.31","9.7","7.41","5.75","5.49","7.08","8.62","8.79","6.67","6.29","6.74","5.4","7.8","10.11","10.86","9.99","10.65","8.96","6.4","2.76","0.03","0.29","3.41","7.01","7.91","6.68","4.92","5.06","6.65","4.26","",""
"Q","Quarterly","CN","China","N","Nominal","628","Index, 2010 = 100","Q:CN:N:628","","","","","","","","","","","","","","","","","","","","","","","","","","","","","","","","","","","","","","","","","","","","","","","","","","","","","","","","","","","","","","","","","","","","","","","","","","","","","","","","","","","","","","","","","","","","","","","","","","","","","","","","","","","","","","","","","","","","","","","","","","","","","","","","","","","","","","","","","","","","","","","","","","","","","","","","","","","","","","","","","","","","","","","","","","","","","","","","","","","","","","","","","","","","","","","","","","","","","","","","","","","","","","","","","","","","","","","","","","","","","","","","","","","","","","","","","","","","","","","","","","","","","","","","","","","","","","","","","","","","","","","","","","","","","","","","","","","","","","","","","","","","","","","","","","","","","","","","","","","","","","","","","","","","","","","","","","75.87","77.06","77.92","78.01","79.54","80.86","81.82","82.14","84.22","86.5","89.15","89.86","90.83","91.26","90.74","89.69","90.4","92.34","94.76","97.76","100.01","100.38","101.86","103.51","104.28","104.48","104.2","103.66","103.11","103.26","103.66","105.59","108.56","111.01","113.06","114.29","114.34","111.72","109.16","107.82","107.59","108.24","108.84","111.55","113.8","116.43","119.21","120.63","122.99","124.41","125.16","125.9","127.74","131.57","134.17","135.43","137.18"
"Q","Quarterly","CN","China","N","Nominal","771","Year-on-year changes, in per cent","Q:CN:N:771","","","","","","","","","","","","","","","","","","","","","","","","","","","","","","","","","","","","","","","","","","","","","","","","","","","","","","","","","","","","","","","","","","","","","","","","","","","","","","","","","","","","","","","","","","","","","","","","","","","","","","","","","","","","","","","","","","","","","","","","","","","","","","","","","","","","","","","","","","","","","","","","","","","","","","","","","","","","","","","","","","","","","","","","","","","","","","","","","","","","","","","","","","","","","","","","","","","","","","","","","","","","","","","","","","","","","","","","","","","","","","","","","","","","","","","","","","","","","","","","","","","","","","","","","","","","","","","","","","","","","","","","","","","","","","","","","","","","","","","","","","","","","","","","","","","","","","","","","","","","","","","","","","","","","","","","","","","","","","4.85","4.92","5.01","5.3","5.88","6.98","8.95","9.4","7.85","5.5","1.79","-0.19","-0.47","1.19","4.43","8.99","10.62","8.7","7.49","5.89","4.27","4.09","2.29","0.14","-1.12","-1.17","-0.52","1.87","5.28","7.51","9.07","8.23","5.33","0.64","-3.45","-5.66","-5.91","-3.11","-0.29","3.46","5.77","7.57","9.52","8.14","8.07","6.85","5","4.37","3.87","5.76","7.2","7.57","7.39"
"Q","Quarterly","CN","China","R","Real","628","Index, 2010 = 100","Q:CN:R:628","","","","","","","","","","","","","","","","","","","","","","","","","","","","","","","","","","","","","","","","","","","","","","","","","","","","","","","","","","","","","","","","","","","","","","","","","","","","","","","","","","","","","","","","","","","","","","","","","","","","","","","","","","","","","","","","","","","","","","","","","","","","","","","","","","","","","","","","","","","","","","","","","","","","","","","","","","","","","","","","","","","","","","","","","","","","","","","","","","","","","","","","","","","","","","","","","","","","","","","","","","","","","","","","","","","","","","","","","","","","","","","","","","","","","","","","","","","","","","","","","","","","","","","","","","","","","","","","","","","","","","","","","","","","","","","","","","","","","","","","","","","","","","","","","","","","","","","","","","","","","","","","","","","","","","","","","","87.94","89.54","89.75","88.53","90.7","92.47","92.47","90.72","92.68","93.16","94.4","91.82","92.67","93.33","93.67","92.22","93.67","95.65","97.31","98.47","100.88","100.69","99.96","99.13","99.32","98.45","97.69","95.62","95.5","95.54","95.31","95.18","98.28","100","101.01","100.76","101.25","98.56","95.95","93.77","93.82","93.83","94.26","94.92","97.14","99.12","100.94","101.2","103.49","104.3","104.24","103.58","105.84","108.08","109.45","109.45","110.58"
"Q","Quarterly","CN","China","R","Real","771","Year-on-year changes, in per cent","Q:CN:R:771","","","","","","","","","","","","","","","","","","","","","","","","","","","","","","","","","","","","","","","","","","","","","","","","","","","","","","","","","","","","","","","","","","","","","","","","","","","","","","","","","","","","","","","","","","","","","","","","","","","","","","","","","","","","","","","","","","","","","","","","","","","","","","","","","","","","","","","","","","","","","","","","","","","","","","","","","","","","","","","","","","","","","","","","","","","","","","","","","","","","","","","","","","","","","","","","","","","","","","","","","","","","","","","","","","","","","","","","","","","","","","","","","","","","","","","","","","","","","","","","","","","","","","","","","","","","","","","","","","","","","","","","","","","","","","","","","","","","","","","","","","","","","","","","","","","","","","","","","","","","","","","","","","","","","","","","","","","","","","3.14","3.27","3.02","2.48","2.19","0.75","2.09","1.21","-0.01","0.18","-0.77","0.44","1.08","2.49","3.88","6.78","7.7","5.27","2.72","0.67","-1.55","-2.22","-2.27","-3.54","-3.85","-2.95","-2.44","-0.46","2.91","4.67","5.98","5.86","3.02","-1.44","-5.01","-6.94","-7.33","-4.8","-1.76","1.23","3.53","5.63","7.09","6.62","6.54","5.23","3.27","2.35","2.27","3.62","4.99","5.67","4.47"
"Q","Quarterly","CO","Colombia","N","Nominal","628","Index, 2010 = 100","Q:CO:N:628","","","","","","","","","","","","","","","","","","","","","","","","","","","","","","","","","","","","","","","","","","","","","","","","","","","","","","","","","","","","","","","","","","","","","","","","","","","","","","","","","","","","","","","","","","","","","","","","","","","","","","","","","","","","","","","","","","","","","","","","","","","","","","","","","","","","","","","","","","","","","","","","","","","","","","","","","","","","","","","","","","","","","","","","","","","","","","","","","","","","","","","","","","","","","","","","","","","","","","","","","","","","","","","","","","","","","","","","","","","","","","","","","","","","","","","","","","","","","","","","","","","","","5.2","5.07","6.04","5.99","6.84","7.34","7.56","7.99","8.88","8.92","9.71","10.14","10.31","11.42","11.48","12.28","12.73","13.46","13.86","14.11","15.01","16.25","17.53","18.46","20.35","21.23","23.21","24.92","26.61","28.5","30.01","31.5","32.85","34.57","34.6","35.7","35.98","37.21","38.8","40.59","42.09","43.28","42.76","42.54","42.27","42.09","41.21","41.98","42.97","43.85","42.62","41.83","44.74","44.16","44.17","46.51","43.76","45.81","45.22","45.38","44.55","46.47","45.79","48.11","48.01","50.58","50.13","53.91","52.62","55.16","55.78","56.35","58.59","60.81","63.76","65.06","68.81","72.46","73.24","76.45","80.5","84.73","86.27","87.64","90.37","92.27","94.66","94.82","97.63","99.78","98.85","103.73","102.47","107.67","110.88","111.31","114.04","118.98","120.32","123.66","127.89","131.08","132.05","131.95","138.16","140.5","143.84","141.7","147.89","154.56","157.42","156.54","166.5","172.32","175.17","173.97","175.76","184.32","187.43","188.05","188.52","199.2","199.19","198.58","201.58","202.55"
"Q","Quarterly","CO","Colombia","N","Nominal","771","Year-on-year changes, in per cent","Q:CO:N:771","","","","","","","","","","","","","","","","","","","","","","","","","","","","","","","","","","","","","","","","","","","","","","","","","","","","","","","","","","","","","","","","","","","","","","","","","","","","","","","","","","","","","","","","","","","","","","","","","","","","","","","","","","","","","","","","","","","","","","","","","","","","","","","","","","","","","","","","","","","","","","","","","","","","","","","","","","","","","","","","","","","","","","","","","","","","","","","","","","","","","","","","","","","","","","","","","","","","","","","","","","","","","","","","","","","","","","","","","","","","","","","","","","","","","","","","","","","","","","","","","","","","","","","","","31.52","44.75","25.23","33.52","29.82","21.47","28.41","26.86","16.15","28.08","18.3","21.08","23.4","17.82","20.69","14.96","17.94","20.74","26.48","30.79","35.56","30.62","32.43","35.02","30.8","34.26","29.31","26.39","23.45","21.31","15.28","13.33","9.53","7.63","12.14","13.72","16.97","16.32","10.23","4.79","0.43","-2.75","-3.64","-1.32","1.66","4.19","3.43","-0.35","4.12","0.71","3.61","11.2","-2.18","3.74","2.39","-2.44","1.8","1.44","1.25","6.01","7.76","8.85","9.48","12.06","9.6","9.05","11.27","4.54","11.34","10.24","14.29","15.45","17.45","19.16","14.88","17.52","16.99","16.94","17.79","14.63","12.27","8.9","9.73","8.19","8.03","8.14","4.42","9.4","4.95","7.91","12.17","7.31","11.29","10.5","8.51","11.09","12.14","10.17","9.75","6.71","8.03","7.19","8.93","7.39","7.04","10","9.44","10.47","12.59","11.49","11.28","11.14","5.56","6.96","7","8.09","7.26","8.08","6.28","5.6","6.92","1.68"
"Q","Quarterly","CO","Colombia","R","Real","628","Index, 2010 = 100","Q:CO:R:628","","","","","","","","","","","","","","","","","","","","","","","","","","","","","","","","","","","","","","","","","","","","","","","","","","","","","","","","","","","","","","","","","","","","","","","","","","","","","","","","","","","","","","","","","","","","","","","","","","","","","","","","","","","","","","","","","","","","","","","","","","","","","","","","","","","","","","","","","","","","","","","","","","","","","","","","","","","","","","","","","","","","","","","","","","","","","","","","","","","","","","","","","","","","","","","","","","","","","","","","","","","","","","","","","","","","","","","","","","","","","","","","","","","","","","","","","","","","","","","","","","","","","98.99","88.31","101.24","96.85","102.44","102.7","101.18","102.13","104.58","97.16","100.48","98.67","92.3","94.85","90.79","93.28","89.49","87.62","85.82","85.3","84.73","86.56","89.72","91.27","93.38","91.47","97.04","100.71","100.89","101.19","103.59","106.04","103.42","102.46","98.62","98.67","94.64","92.98","93.76","95.28","93.5","89.6","86.85","85.55","81.44","79.19","76.69","77.16","75.97","75.09","72.64","70.64","73.16","70.07","69.67","72.85","67.1","68.63","67.28","66.55","63.6","64.7","63.58","66.3","64.52","66.66","65.66","70.26","67.2","69.26","69.63","69.91","71.74","73.39","76.12","77.36","80.06","82.37","83.02","86.23","88.28","90.49","90.84","91.72","92.98","94.07","96.58","96.94","98.47","99.63","98.61","103.27","100.1","104.35","106.89","106.65","107.64","111.57","112.53","115.3","118.44","120.43","120.78","120.8","125.04","125.55","127.82","125.3","128.4","132.18","133.42","130.15","134.26","136.15","137.33","136.37","134.83","139.57","141.63","141.62","139.88","146.22","145.93","144.83","145.03","143.89"
"Q","Quarterly","CO","Colombia","R","Real","771","Year-on-year changes, in per cent","Q:CO:R:771","","","","","","","","","","","","","","","","","","","","","","","","","","","","","","","","","","","","","","","","","","","","","","","","","","","","","","","","","","","","","","","","","","","","","","","","","","","","","","","","","","","","","","","","","","","","","","","","","","","","","","","","","","","","","","","","","","","","","","","","","","","","","","","","","","","","","","","","","","","","","","","","","","","","","","","","","","","","","","","","","","","","","","","","","","","","","","","","","","","","","","","","","","","","","","","","","","","","","","","","","","","","","","","","","","","","","","","","","","","","","","","","","","","","","","","","","","","","","","","","","","","","","","","","","3.49","16.29","-0.06","5.45","2.09","-5.39","-0.69","-3.39","-11.74","-2.38","-9.65","-5.47","-3.05","-7.62","-5.47","-8.55","-5.32","-1.21","4.54","7","10.21","5.67","8.16","10.35","8.04","10.62","6.74","5.29","2.51","1.26","-4.8","-6.95","-8.49","-9.26","-4.93","-3.44","-1.2","-3.64","-7.37","-10.21","-12.91","-11.61","-11.7","-9.8","-6.71","-5.18","-5.28","-8.46","-3.7","-6.69","-4.09","3.14","-8.28","-2.06","-3.43","-8.66","-5.23","-5.73","-5.49","-0.37","1.45","3.04","3.27","5.97","4.15","3.9","6.04","-0.51","6.76","5.96","9.33","10.66","11.59","12.23","9.07","11.47","10.27","9.87","9.41","6.36","5.33","3.95","6.32","5.7","5.9","5.92","2.1","6.52","1.65","4.73","8.4","3.28","7.53","6.92","5.27","8.11","10.04","7.95","7.33","4.77","5.58","4.25","5.83","3.72","2.68","5.28","4.38","3.87","4.56","3","2.93","4.78","0.43","2.51","3.13","3.85","3.74","4.76","3.03","2.27","3.68","-1.59"
"Q","Quarterly","CY","Cyprus","N","Nominal","628","Index, 2010 = 100","Q:CY:N:628","","","","","","","","","","","","","","","","","","","","","","","","","","","","","","","","","","","","","","","","","","","","","","","","","","","","","","","","","","","","","","","","","","","","","","","","","","","","","","","","","","","","","","","","","","","","","","","","","","","","","","","","","","","","","","","","","","","","","","","","","","","","","","","","","","","","","","","","","","","","","","","","","","","","","","","","","","","","","","","","","","","","","","","","","","","","","","","","","","","","","","","","","","","","","","","","","","","","","","","","","","","","","","","","","","","","","","","","","","","","","","","","","","","","","","","","","","","","","","","","","","","","","","","","","","","","","","","","","","","","","","","","","","","","","","","","","","","","","","","","","","","","","","","","","","","","","","","","","","","","","43.99","43.73","46.49","46.75","46.02","46.55","47.66","48.59","54.85","57.05","59.35","61.63","61.53","63.28","64.08","65.65","68.32","72.44","73.71","78.52","83.06","89.87","92.39","95.83","103.98","107.37","108.13","105.16","99.7","100.53","101.1","103.2","100.39","100.03","100.06","99.52","98.49","97.38","96.27","94.59","93.55","91.7","90.8","90.13","88.7","86.66","84.5","82.47","80.31","78.76","77.41","75.86","75.09","74.77","74.51","74.48","73.88","73.52","73.58","73.79","73.99","74.39","74.59","74.89","75.29","75.59","75.9","76","",""
"Q","Quarterly","CY","Cyprus","N","Nominal","771","Year-on-year changes, in per cent","Q:CY:N:771","","","","","","","","","","","","","","","","","","","","","","","","","","","","","","","","","","","","","","","","","","","","","","","","","","","","","","","","","","","","","","","","","","","","","","","","","","","","","","","","","","","","","","","","","","","","","","","","","","","","","","","","","","","","","","","","","","","","","","","","","","","","","","","","","","","","","","","","","","","","","","","","","","","","","","","","","","","","","","","","","","","","","","","","","","","","","","","","","","","","","","","","","","","","","","","","","","","","","","","","","","","","","","","","","","","","","","","","","","","","","","","","","","","","","","","","","","","","","","","","","","","","","","","","","","","","","","","","","","","","","","","","","","","","","","","","","","","","","","","","","","","","","","","","","","","","","","","","","","","","","","","","","4.61","6.45","2.5","3.93","19.2","22.56","24.54","26.84","12.17","10.91","7.97","6.52","11.03","14.49","15.02","19.61","21.59","24.06","25.35","22.06","25.18","19.47","17.04","9.73","-4.11","-6.37","-6.5","-1.86","0.69","-0.5","-1.03","-3.57","-1.89","-2.65","-3.79","-4.95","-5.01","-5.84","-5.67","-4.71","-5.19","-5.5","-6.94","-8.5","-9.45","-9.12","-8.39","-8.02","-6.5","-5.06","-3.75","-1.81","-1.62","-1.68","-1.25","-0.93","0.15","1.19","1.38","1.5","1.76","1.62","1.75","1.47","",""
"Q","Quarterly","CY","Cyprus","R","Real","628","Index, 2010 = 100","Q:CY:R:628","","","","","","","","","","","","","","","","","","","","","","","","","","","","","","","","","","","","","","","","","","","","","","","","","","","","","","","","","","","","","","","","","","","","","","","","","","","","","","","","","","","","","","","","","","","","","","","","","","","","","","","","","","","","","","","","","","","","","","","","","","","","","","","","","","","","","","","","","","","","","","","","","","","","","","","","","","","","","","","","","","","","","","","","","","","","","","","","","","","","","","","","","","","","","","","","","","","","","","","","","","","","","","","","","","","","","","","","","","","","","","","","","","","","","","","","","","","","","","","","","","","","","","","","","","","","","","","","","","","","","","","","","","","","","","","","","","","","","","","","","","","","","","","","","","","","","","","","","","","","","55.27","54.13","57.19","56.52","55.16","54.92","56.74","56.73","64.87","66.26","68.65","69.7","70.64","71.61","72.76","72.24","76.35","79.57","81.34","85.23","91.44","96.83","99.45","100.54","109.37","110.16","110.38","106.5","103.89","102.62","104.25","103.62","101.99","100.11","100.06","97.91","97.33","93.9","93.47","89.85","89.59","86.19","86.06","84.48","83.67","81.7","80.7","78.88","77.77","75.29","74.48","73.06","73.93","73.01","73.85","73","74.32","73.44","73.19","73.02","73.43","73.37","74.5","74.16","75.1","73.74","73.83","73.46","",""
"Q","Quarterly","CY","Cyprus","R","Real","771","Year-on-year changes, in per cent","Q:CY:R:771","","","","","","","","","","","","","","","","","","","","","","","","","","","","","","","","","","","","","","","","","","","","","","","","","","","","","","","","","","","","","","","","","","","","","","","","","","","","","","","","","","","","","","","","","","","","","","","","","","","","","","","","","","","","","","","","","","","","","","","","","","","","","","","","","","","","","","","","","","","","","","","","","","","","","","","","","","","","","","","","","","","","","","","","","","","","","","","","","","","","","","","","","","","","","","","","","","","","","","","","","","","","","","","","","","","","","","","","","","","","","","","","","","","","","","","","","","","","","","","","","","","","","","","","","","","","","","","","","","","","","","","","","","","","","","","","","","","","","","","","","","","","","","","","","","","","","","","","","","","","","","","","","-0.22","1.47","-0.78","0.37","17.61","20.65","20.98","22.87","8.9","8.08","5.99","3.65","8.1","11.11","11.79","17.98","19.76","21.7","22.27","17.96","19.61","13.77","10.99","5.93","-5.02","-6.85","-5.55","-2.7","-1.83","-2.44","-4.03","-5.51","-4.57","-6.2","-6.58","-8.23","-7.95","-8.22","-7.93","-5.98","-6.6","-5.21","-6.22","-6.63","-7.05","-7.84","-7.71","-7.38","-4.95","-3.03","-0.85","-0.08","0.53","0.59","-0.9","0.03","-1.2","-0.08","1.79","1.56","2.28","0.5","-0.9","-0.95","",""
"Q","Quarterly","CZ","Czech Republic","N","Nominal","628","Index, 2010 = 100","Q:CZ:N:628","","","","","","","","","","","","","","","","","","","","","","","","","","","","","","","","","","","","","","","","","","","","","","","","","","","","","","","","","","","","","","","","","","","","","","","","","","","","","","","","","","","","","","","","","","","","","","","","","","","","","","","","","","","","","","","","","","","","","","","","","","","","","","","","","","","","","","","","","","","","","","","","","","","","","","","","","","","","","","","","","","","","","","","","","","","","","","","","","","","","","","","","","","","","","","","","","","","","","","","","","","","","","","","","","","","","","","","","","","","","","","","","","","","","","","","","","","","","","","","","","","","","","","","","","","","","","","","","","","","","","","","","","","","","","","","","","","","","","","","","","","","","","","","","","","","","","","","","","","","","","","","","","","","","","","","","","","","","","","","","","","","","","102.07","106.27","107.85","107.22","104.91","101.55","100.71","99.97","99.97","100.18","99.87","99.97","100.18","100.71","100.08","99.13","98.61","98.71","98.5","98.4","98.29","98.82","98.71","98.5","99.76","100.6","101.44","102.18","103.23","104.38","105.64","106.8","108.16","110.37","113.1","118.46","122.03","125.07","127.28","128.43","131.27","135.15","138.51","141.14","143.87","146.92"
"Q","Quarterly","CZ","Czech Republic","N","Nominal","771","Year-on-year changes, in per cent","Q:CZ:N:771","","","","","","","","","","","","","","","","","","","","","","","","","","","","","","","","","","","","","","","","","","","","","","","","","","","","","","","","","","","","","","","","","","","","","","","","","","","","","","","","","","","","","","","","","","","","","","","","","","","","","","","","","","","","","","","","","","","","","","","","","","","","","","","","","","","","","","","","","","","","","","","","","","","","","","","","","","","","","","","","","","","","","","","","","","","","","","","","","","","","","","","","","","","","","","","","","","","","","","","","","","","","","","","","","","","","","","","","","","","","","","","","","","","","","","","","","","","","","","","","","","","","","","","","","","","","","","","","","","","","","","","","","","","","","","","","","","","","","","","","","","","","","","","","","","","","","","","","","","","","","","","","","","","","","","","","","","","","","","","","","","","","","","","","","2.78","-4.45","-6.62","-6.76","-4.7","-1.34","-0.83","0","0.21","0.52","0.21","-0.84","-1.57","-1.98","-1.57","-0.74","-0.32","0.11","0.21","0.11","1.5","1.81","2.77","3.73","3.47","3.76","4.14","4.52","4.78","5.73","7.06","10.91","12.82","13.32","12.53","8.42","7.57","8.06","8.83","9.89","9.6","8.7"
"Q","Quarterly","CZ","Czech Republic","R","Real","628","Index, 2010 = 100","Q:CZ:R:628","","","","","","","","","","","","","","","","","","","","","","","","","","","","","","","","","","","","","","","","","","","","","","","","","","","","","","","","","","","","","","","","","","","","","","","","","","","","","","","","","","","","","","","","","","","","","","","","","","","","","","","","","","","","","","","","","","","","","","","","","","","","","","","","","","","","","","","","","","","","","","","","","","","","","","","","","","","","","","","","","","","","","","","","","","","","","","","","","","","","","","","","","","","","","","","","","","","","","","","","","","","","","","","","","","","","","","","","","","","","","","","","","","","","","","","","","","","","","","","","","","","","","","","","","","","","","","","","","","","","","","","","","","","","","","","","","","","","","","","","","","","","","","","","","","","","","","","","","","","","","","","","","","","","","","","","","","","","","","","","","","","","","105.42","108.95","109.8","109.84","106.11","102.67","102.42","101.93","100.46","100.02","99.64","99.88","98.93","98.81","98.09","96.76","93.95","93.69","93.49","93.36","91.98","92.38","92.53","92.39","93.2","93.89","94.52","95.43","96.34","96.77","98.07","99.64","100.48","102.05","104.44","108.91","110.66","113.13","114.61","115.09","116.88","119.54","121.82","123.89","124.72","126.38"
"Q","Quarterly","CZ","Czech Republic","R","Real","771","Year-on-year changes, in per cent","Q:CZ:R:771","","","","","","","","","","","","","","","","","","","","","","","","","","","","","","","","","","","","","","","","","","","","","","","","","","","","","","","","","","","","","","","","","","","","","","","","","","","","","","","","","","","","","","","","","","","","","","","","","","","","","","","","","","","","","","","","","","","","","","","","","","","","","","","","","","","","","","","","","","","","","","","","","","","","","","","","","","","","","","","","","","","","","","","","","","","","","","","","","","","","","","","","","","","","","","","","","","","","","","","","","","","","","","","","","","","","","","","","","","","","","","","","","","","","","","","","","","","","","","","","","","","","","","","","","","","","","","","","","","","","","","","","","","","","","","","","","","","","","","","","","","","","","","","","","","","","","","","","","","","","","","","","","","","","","","","","","","","","","","","","","","","","","","","","","0.65","-5.76","-6.72","-7.2","-5.32","-2.58","-2.71","-2.01","-1.53","-1.21","-1.55","-3.13","-5.03","-5.18","-4.69","-3.51","-2.09","-1.4","-1.03","-1.04","1.33","1.64","2.15","3.28","3.37","3.07","3.76","4.42","4.29","5.45","6.49","9.31","10.14","10.86","9.74","5.67","5.62","5.66","6.29","7.65","6.71","5.72"
"Q","Quarterly","DE","Germany","N","Nominal","628","Index, 2010 = 100","Q:DE:N:628","","","","","","","","","","","","","","","","","","","","","","","","","","","","","","","","","","","","","","","","","","","","","","","","","","","","","","","","","","","","","","","","","","","","","","","","","","","","","","","","","","","","","","","","","","","","","","","","","","","","","","","","","","","","","","","","","","","","","","","","","","","","","","","","","","","","","","","","","","","","","","","","","","","","","","","","","","","","","","","","","","","","","","","","","","","","","37.62","39.32","39.71","40.21","41.51","43.51","44.1","44.2","45.1","46.2","46.7","47","47.7","49.89","50.39","50.39","51.49","53.58","54.08","53.78","53.99","54.64","54.69","54.61","54.71","55.49","55.88","56.65","57.25","58.45","59.33","60.07","61.14","62.55","63.82","64.77","66.05","68.43","69.82","70.36","71.66","73.38","74.35","75.7","77.03","79.29","79.9","79.65","79.67","79.76","79.75","79.54","79.58","80.14","80.27","79.52","78.78","78.38","77.91","77.66","77.49","77.24","77.4","77.39","77.48","77.89","77.71","77.24","76.86","76.83","76.79","77.03","77.27","78.02","78.57","78.84","79.36","80.05","81.19","82.47","84.68","86.96","88.13","88.49","89.36","91.08","91.89","92.73","94.17","95.68","96.79","97.23","98.52","99.72","100.62","101.39","102.49","103.93","104.55","104.48","104.76","105.21","104.93","104.6","104.1","103.69","103.35","102.75","102.32","101.81","101.53","101.05","100.65","100.77","100.62","100.65","100.59","100.7","100.83","100.96","101.18","101.4","101.46","101.44","101.42","101.4","101.31","100.97","100.88","100.8","100.53","100.09","99.81","99.46","99","98.44","97.97","98.18","97.85","97.51","97.42","96.91","96.76","96.81","95.8","97.3","98.1","97.1","96.6","96.5","97.1","97.3","99.4","100.3","99.9","100.6","100.3","99","99","99.4","98.6","99.8","100.6","101","101.5","101.9","103.1","103.2","104.1","105.4","105.8","106.6","107.4","108.6","109.6","109.1","109.9","112.1","112.7","112.7","114.6","117","117.6","119.3","121.7","125.2","127.5","129.3","129.9","132.5","134.7","137.4","138.6","141.3","144.2","146","145.8","148.7"
"Q","Quarterly","DE","Germany","N","Nominal","771","Year-on-year changes, in per cent","Q:DE:N:771","","","","","","","","","","","","","","","","","","","","","","","","","","","","","","","","","","","","","","","","","","","","","","","","","","","","","","","","","","","","","","","","","","","","","","","","","","","","","","","","","","","","","","","","","","","","","","","","","","","","","","","","","","","","","","","","","","","","","","","","","","","","","","","","","","","","","","","","","","","","","","","","","","","","","","","","","","","","","","","","","","","","","","","","","","","","","","","","","10.34","10.66","11.06","9.93","8.65","6.19","5.88","6.32","5.75","7.99","7.91","7.22","7.95","7.4","7.33","6.73","4.85","1.98","1.12","1.54","1.34","1.54","2.18","3.73","4.65","5.33","6.18","6.03","6.79","7.03","7.57","7.82","8.03","9.4","9.41","8.63","8.49","7.23","6.49","7.59","7.5","8.05","7.46","5.22","3.42","0.6","-0.19","-0.15","-0.1","0.47","0.65","-0.02","-1.02","-2.2","-2.93","-2.34","-1.63","-1.46","-0.66","-0.34","-0.02","0.85","0.4","-0.2","-0.79","-1.37","-1.18","-0.27","0.53","1.55","2.32","2.35","2.7","2.6","3.33","4.61","6.7","8.63","8.55","7.3","5.53","4.74","4.26","4.79","5.38","5.05","5.34","4.86","4.63","4.22","3.95","4.27","4.03","4.22","3.91","3.05","2.21","1.23","0.36","0.11","-0.63","-1.44","-1.5","-1.76","-1.71","-1.81","-1.77","-1.66","-1.63","-1.03","-0.89","-0.39","-0.06","-0.06","0.2","0.31","0.59","0.69","0.63","0.47","0.23","0","-0.15","-0.47","-0.53","-0.59","-0.76","-0.87","-1.06","-1.33","-1.53","-1.65","-1.85","-1.29","-1.16","-0.95","-0.56","-1.29","-1.11","-0.71","-1.66","0.4","1.38","0.3","0.84","-0.82","-1.02","0.21","2.9","3.94","2.88","3.39","0.91","-1.3","-0.9","-1.19","-1.69","0.81","1.62","1.61","2.94","2.1","2.49","2.18","2.56","3.43","2.62","3.29","3.17","3.04","3.59","2.35","2.33","3.22","2.83","3.3","4.28","4.37","4.35","5.86","6.2","7.01","8.42","8.38","6.74","5.83","5.65","6.26","6.7","6.64","7.05","6.26","5.19","5.24"
"Q","Quarterly","DE","Germany","R","Real","628","Index, 2010 = 100","Q:DE:R:628","","","","","","","","","","","","","","","","","","","","","","","","","","","","","","","","","","","","","","","","","","","","","","","","","","","","","","","","","","","","","","","","","","","","","","","","","","","","","","","","","","","","","","","","","","","","","","","","","","","","","","","","","","","","","","","","","","","","","","","","","","","","","","","","","","","","","","","","","","","","","","","","","","","","","","","","","","","","","","","","","","","","","","","","","","","","","118.98","123.25","124.32","124.69","125.7","129.81","130.51","129.72","129.69","131.43","131.02","129.81","128.82","132.16","132.17","129.71","129.41","132.57","132.58","130.06","128.16","127.24","126.37","125.26","123.43","123.87","124.41","125.29","124.43","125.68","127.2","128.4","129.02","130.76","133.47","135.07","135.43","138.51","139.54","139.31","139.24","140.23","141.26","142.55","141.57","143.19","142.31","140","138.26","136.71","135.16","133.59","132.73","132.98","131.91","130.03","127.74","126.47","125.67","124.42","122.81","121.82","122.31","122.07","121.88","122.86","123.2","122.96","121.55","121.13","121.12","121.46","121.03","121.62","122.35","122.23","121.36","121.29","122.98","124.13","126.06","128.79","129.94","129.27","129.79","131.12","130.21","128.92","129.18","129.86","130.61","130.76","129.2","129.63","129.82","130.7","130.5","131.37","131.62","131.59","130.65","130.74","129.93","129.75","128","127.05","126.3","125.51","123.64","122.86","121.26","120.84","120.11","120","119.52","119.96","119.84","119.26","118.9","119.11","118.67","118.78","118.06","117.69","116.94","115.82","115.53","115.18","114.06","113.69","113.3","112.89","111.55","111.24","110.42","109.71","108.44","107.78","107.21","106.54","106.08","105.15","104.3","104.08","102.59","103.61","104.14","103.08","101.62","100.72","100.82","100.14","101.59","101.73","100.63","101.92","101.69","100.19","99.97","100.27","99.14","99.84","100.5","100.51","100.18","99.94","100.73","100.48","100.62","101.53","101.35","101.77","102.25","103.01","103.33","102.79","103.33","105.19","105.33","105.61","107.79","108.73","109.07","111.31","114.12","116.2","117.67","119.41","119.84","121.24","122.41","125.11","126.2","127.09","128.62","130.35","130.97","131.51"
"Q","Quarterly","DE","Germany","R","Real","771","Year-on-year changes, in per cent","Q:DE:R:771","","","","","","","","","","","","","","","","","","","","","","","","","","","","","","","","","","","","","","","","","","","","","","","","","","","","","","","","","","","","","","","","","","","","","","","","","","","","","","","","","","","","","","","","","","","","","","","","","","","","","","","","","","","","","","","","","","","","","","","","","","","","","","","","","","","","","","","","","","","","","","","","","","","","","","","","","","","","","","","","","","","","","","","","","","","","","","","","","5.65","5.33","4.98","4.04","3.17","1.24","0.39","0.07","-0.67","0.56","0.88","-0.08","0.46","0.31","0.31","0.27","-0.97","-4.02","-4.68","-3.69","-3.69","-2.65","-1.55","0.03","0.82","1.46","2.24","2.48","3.68","4.04","4.93","5.19","4.97","5.93","4.55","3.14","2.81","1.24","1.24","2.33","1.67","2.12","0.74","-1.79","-2.34","-4.53","-5.02","-4.58","-4","-2.73","-2.4","-2.66","-3.76","-4.9","-4.73","-4.32","-3.86","-3.68","-2.68","-1.88","-0.75","0.85","0.73","0.73","-0.27","-1.4","-1.69","-1.23","-0.43","0.4","1.01","0.64","0.28","-0.27","0.51","1.55","3.87","6.18","5.66","4.14","2.95","1.81","0.21","-0.27","-0.46","-0.96","0.31","1.43","0.02","-0.18","-0.6","-0.05","1","1.35","1.38","0.69","0.11","-0.48","-1.28","-1.4","-2.03","-2.82","-2.79","-3.27","-3.41","-3.29","-3.99","-3.72","-2.85","-2.33","-1.44","-0.73","-0.23","-0.61","-0.51","-0.7","-0.97","-0.4","-0.71","-1.19","-1.46","-2.49","-2.15","-2.13","-2.46","-1.84","-1.92","-1.99","-2.21","-2.16","-2.55","-2.82","-2.78","-3.11","-2.9","-2.88","-2.18","-2.44","-2.71","-2.31","-3.28","-1.47","-0.16","-0.96","-0.95","-2.78","-3.19","-2.85","-0.03","1","-0.19","1.78","0.1","-1.51","-0.65","-1.62","-2.51","-0.35","0.53","0.24","1.05","0.1","0.23","-0.03","0.44","1.58","0.62","1.29","1.62","1.46","1.95","1","1.06","2.11","1.94","2.75","4.31","3.37","3.55","5.4","5.88","6.87","7.88","7.27","5.01","4.34","4.03","4.78","5.31","4.82","5.07","4.19","3.78","3.47"
"Q","Quarterly","DK","Denmark","N","Nominal","628","Index, 2010 = 100","Q:DK:N:628","","","","","","","","","","","","","","","","","","","","","","","","","","","","","","","","","","","","","","","","","","","","","","","","","","","","","","","","","","","","","","","","","","","","","","","","","","","","","","","","","","","","","","","","","","","","","","","","","","","","","","","","","","","","","","","","","","","","","","","","","","","","","","","","","","","","","","","","","","","","","","","","","","","","","","","","","","","","","","","","","","","","","","","","","","","","","7.72","7.72","7.72","7.72","8.41","8.48","8.73","9.18","9.71","10.16","10.23","10.69","11.18","11.49","12.05","12.37","12.37","11.95","12.09","12.97","13.84","14.33","15","15.03","15.49","15.66","15.98","16.64","16.71","17.77","18.43","19.38","20.04","20.85","21.37","21.58","22.11","23.13","23.48","23.44","23.02","22.32","22.7","22.74","22.6","21.69","20.92","21.3","21.13","21.3","20.81","21.3","23.13","26.04","26.38","27.15","28.7","29.29","29.61","30.94","32.16","33.64","36.02","36.9","39","39.14","38.12","38.68","36.13","36.06","35.81","35.46","35.95","35.84","36.51","36.79","36.44","36.51","35.81","35.29","33.67","33.81","32.97","32.76","33.43","33.85","33.71","33.96","33.72","33.72","33.08","32.23","31.8","31.59","33.08","35","37.03","37.03","36.5","37.03","37.89","39.27","40.23","41.41","42.05","43.11","44.4","46.21","47.38","48.66","49.73","50.26","51.22","53.36","54.11","54.96","55.81","56.67","57.74","57.84","58.7","60.3","61.69","62.22","63.39","64.25","64.99","64.46","65.42","66.7","67.13","67.13","66.96","68.39","69.61","69.83","72.15","75.34","77.77","79.65","83.29","87.7","94.43","100.61","107.78","114.29","116.6","115.39","115.83","117.37","117.6","115.39","113.84","114.29","111.31","102.59","96.08","97.3","98.07","97.63","98.29","100.39","101.16","100.17","99.17","101.38","98.07","94.54","94.54","95.97","96.3","95.86","97.08","100.61","100.61","99.17","100.61","104.47","103.92","103.47","107.34","110.98","111.42","111.42","113.62","116.49","118.04","116.16","118.7","121.9","123.55","121.24","125.76","127.52","128.08","125.21","127.96","131.27"
"Q","Quarterly","DK","Denmark","N","Nominal","771","Year-on-year changes, in per cent","Q:DK:N:771","","","","","","","","","","","","","","","","","","","","","","","","","","","","","","","","","","","","","","","","","","","","","","","","","","","","","","","","","","","","","","","","","","","","","","","","","","","","","","","","","","","","","","","","","","","","","","","","","","","","","","","","","","","","","","","","","","","","","","","","","","","","","","","","","","","","","","","","","","","","","","","","","","","","","","","","","","","","","","","","","","","","","","","","","","","","","","","","","8.95","9.88","13.07","18.93","15.44","19.85","17.24","16.44","15.17","13.09","17.81","15.75","10.65","3.97","0.3","4.81","11.87","19.93","24.07","15.92","11.9","9.28","6.54","10.72","7.92","13.43","15.35","16.44","19.93","17.36","15.96","11.39","10.3","10.91","9.84","8.61","4.13","-3.48","-3.3","-3","-1.83","-2.83","-7.87","-6.32","-6.52","-1.78","-0.49","0","9.45","22.21","26.76","27.47","24.1","12.52","12.22","13.93","12.08","14.83","21.65","19.26","21.25","16.36","5.84","4.84","-7.37","-7.88","-6.07","-8.33","-0.48","-0.58","1.96","3.75","1.36","1.86","-1.92","-4.09","-7.59","-7.39","-7.93","-7.16","-0.73","0.11","2.24","3.65","0.89","-0.36","-1.86","-5.09","-5.7","-6.33","0","8.61","16.44","17.23","10.33","5.8","2.3","6.05","10.22","11.81","10.98","9.79","10.35","11.6","12.69","12.87","12.02","8.77","8.11","9.65","8.8","9.34","8.96","6.2","6.71","5.24","5.16","6.4","6.84","7.56","8","6.55","5.36","3.61","3.19","3.82","3.29","4.14","2.36","2.54","3.69","4.02","7.74","10.16","11.73","14.06","15.44","16.4","21.42","26.32","29.4","30.31","23.48","14.69","7.47","2.7","0.85","0","-1.71","-2.63","-5.35","-11.09","-15.6","-14.86","-11.89","-4.84","2.3","3.17","3.15","2.6","0.9","0.99","-3.05","-5.62","-4.67","-5.33","-1.8","1.4","2.68","4.83","4.47","3.45","3.64","3.84","3.29","4.34","6.69","6.23","7.22","7.68","5.86","4.97","5.94","4.26","4.47","4.64","4.67","4.37","5.95","4.62","3.66","3.28","1.75","2.94"
"Q","Quarterly","DK","Denmark","R","Real","628","Index, 2010 = 100","Q:DK:R:628","","","","","","","","","","","","","","","","","","","","","","","","","","","","","","","","","","","","","","","","","","","","","","","","","","","","","","","","","","","","","","","","","","","","","","","","","","","","","","","","","","","","","","","","","","","","","","","","","","","","","","","","","","","","","","","","","","","","","","","","","","","","","","","","","","","","","","","","","","","","","","","","","","","","","","","","","","","","","","","","","","","","","","","","","","","","","54.47","53.67","52.17","51.39","55.97","55.24","56.04","57.94","60.73","62.23","61.7","63.07","65.04","64.8","66.34","65.53","63.17","58.79","57.27","59.09","62.31","63.04","65.12","65.47","65.58","63.77","64.06","64.25","63.79","65.72","66.54","66.55","67.97","69.53","70.43","69.11","70.12","71.49","69.1","67.23","64.4","60.62","59.98","58.91","57.07","52.54","49.43","49.22","47.79","47.08","44.87","44.82","48.25","53.57","53.65","54.08","56.32","56.5","56.56","58.18","59.77","61.56","66.01","67.05","70.87","68.89","67.06","67.32","62.56","61.49","60.63","59.39","59.47","58.46","59.27","58.94","57.65","56.8","55.43","53.9","51.53","51.37","49.74","48.95","49.95","50.07","49.71","49.65","49.21","48.7","47.78","46.42","45.84","45.18","47.22","49.7","52.4","51.95","51.03","51.49","52.42","53.85","55.22","56.51","57.1","57.96","59.54","61.59","63","64.1","65.14","65.59","66.72","68.92","69.79","70.53","71.27","71.58","72.53","72.08","72.66","73.8","75.43","75.55","76.61","76.65","77.58","76.71","77.13","77.82","78.32","77.84","76.85","78.01","79.75","79.81","82.02","85.01","88.06","89.79","93.55","97.3","104.56","111.09","118.59","124.28","126.7","125.29","125.09","125.64","126.36","122.63","119.31","118.18","114.8","105.93","98.96","99.4","100.15","99.56","99.15","100.36","100.92","99.57","97.41","98.37","95.25","91.6","90.41","91.13","91.29","90.84","91.78","94.73","94.89","93.38","94.54","97.77","97.45","96.97","100.59","103.24","103.86","104.07","106.16","108.23","109.85","108.07","109.84","112.32","113.25","111.38","115.69","116.36","116.37","114.13","116.34","118.89"
"Q","Quarterly","DK","Denmark","R","Real","771","Year-on-year changes, in per cent","Q:DK:R:771","","","","","","","","","","","","","","","","","","","","","","","","","","","","","","","","","","","","","","","","","","","","","","","","","","","","","","","","","","","","","","","","","","","","","","","","","","","","","","","","","","","","","","","","","","","","","","","","","","","","","","","","","","","","","","","","","","","","","","","","","","","","","","","","","","","","","","","","","","","","","","","","","","","","","","","","","","","","","","","","","","","","","","","","","","","","","","","","","2.76","2.94","7.43","12.74","8.49","12.65","10.1","8.85","7.1","4.12","7.51","3.91","-2.87","-9.28","-13.66","-9.83","-1.37","7.24","13.7","10.79","5.25","1.15","-1.63","-1.86","-2.72","3.06","3.87","3.57","6.54","5.79","5.85","3.86","3.17","2.82","-1.88","-2.73","-8.16","-15.2","-13.2","-12.38","-11.39","-13.34","-17.59","-16.45","-16.26","-10.38","-9.23","-8.94","0.97","13.77","19.58","20.67","16.71","5.47","5.41","7.58","6.13","8.97","16.72","15.24","18.58","11.9","1.59","0.41","-11.72","-10.74","-9.59","-11.79","-4.95","-4.93","-2.23","-0.76","-3.05","-2.84","-6.48","-8.54","-10.62","-9.55","-10.26","-9.19","-3.06","-2.54","-0.08","1.43","-1.48","-2.73","-3.89","-6.5","-6.86","-7.24","-1.17","7.07","14.32","15","8.07","3.59","0.03","3.66","8.22","9.74","8.94","7.62","7.81","9","10.34","10.59","9.4","6.49","5.9","7.53","7.14","7.54","6.82","3.85","3.93","2.2","1.96","3.1","4","4.81","5.44","3.87","2.85","1.54","0.67","1.53","0.96","1.47","-0.37","0.24","1.83","2.54","6.74","8.96","10.42","12.5","14.05","14.46","18.73","23.73","26.76","27.73","21.18","12.78","5.48","1.09","-0.27","-2.13","-4.62","-5.94","-9.15","-13.61","-17.06","-15.89","-12.76","-6.02","0.2","0.96","0.76","0.01","-1.76","-1.99","-5.61","-8","-7.18","-7.35","-4.16","-0.83","1.51","3.95","3.94","2.79","3.01","3.21","2.7","3.85","6.4","5.59","6.58","7.32","5.54","4.83","5.76","3.84","3.46","3.78","3.1","3.07","5.32","3.59","2.75","2.47","0.57","2.18"
"Q","Quarterly","EE","Estonia","N","Nominal","628","Index, 2010 = 100","Q:EE:N:628","","","","","","","","","","","","","","","","","","","","","","","","","","","","","","","","","","","","","","","","","","","","","","","","","","","","","","","","","","","","","","","","","","","","","","","","","","","","","","","","","","","","","","","","","","","","","","","","","","","","","","","","","","","","","","","","","","","","","","","","","","","","","","","","","","","","","","","","","","","","","","","","","","","","","","","","","","","","","","","","","","","","","","","","","","","","","","","","","","","","","","","","","","","","","","","","","","","","","","","","","","","","","","","","","","","","","","","","","","","","","","","","","","","","","","","","","","","","","","","","","","","","","","","","","","","","","","","","","","","","","","","","","","","","","","","","","","","","","","","","","","","","","","","","","","","","","","","","","","","","","","","","","","","","","","","","","79.18","89.28","94.28","106.57","120.57","132.67","141.96","156.86","161.96","172.36","167.36","164.96","159.96","155.16","154.96","132.57","104.07","96.78","89.58","88.08","98.38","99.28","102.97","99.38","104.87","107.97","109.97","111.07","112.47","116.17","119.17","117.57","121.17","125.67","132.37","135.87","142.36","143.86","149.86","149.56","153.86","158.96","155.86","157.16","156.96","161.86","167.36","169.26","169.06","169.66","175.36","177.56","180.16","182.15","182.55","187.65","190.85","192.65"
"Q","Quarterly","EE","Estonia","N","Nominal","771","Year-on-year changes, in per cent","Q:EE:N:771","","","","","","","","","","","","","","","","","","","","","","","","","","","","","","","","","","","","","","","","","","","","","","","","","","","","","","","","","","","","","","","","","","","","","","","","","","","","","","","","","","","","","","","","","","","","","","","","","","","","","","","","","","","","","","","","","","","","","","","","","","","","","","","","","","","","","","","","","","","","","","","","","","","","","","","","","","","","","","","","","","","","","","","","","","","","","","","","","","","","","","","","","","","","","","","","","","","","","","","","","","","","","","","","","","","","","","","","","","","","","","","","","","","","","","","","","","","","","","","","","","","","","","","","","","","","","","","","","","","","","","","","","","","","","","","","","","","","","","","","","","","","","","","","","","","","","","","","","","","","","","","","","","","","","","","","","","","","","52.27","48.6","50.58","47.19","34.33","29.92","17.89","5.16","-1.23","-9.98","-7.41","-19.64","-34.94","-37.63","-42.19","-33.56","-5.48","2.58","14.96","12.83","6.61","8.76","6.8","11.77","7.25","7.59","8.36","5.85","7.73","8.18","11.07","15.56","17.49","14.48","13.22","10.08","8.08","10.49","4","5.08","2.01","1.82","7.38","7.7","7.71","4.82","4.78","4.9","6.56","7.37","4.1","5.69","5.94","5.76"
"Q","Quarterly","EE","Estonia","R","Real","628","Index, 2010 = 100","Q:EE:R:628","","","","","","","","","","","","","","","","","","","","","","","","","","","","","","","","","","","","","","","","","","","","","","","","","","","","","","","","","","","","","","","","","","","","","","","","","","","","","","","","","","","","","","","","","","","","","","","","","","","","","","","","","","","","","","","","","","","","","","","","","","","","","","","","","","","","","","","","","","","","","","","","","","","","","","","","","","","","","","","","","","","","","","","","","","","","","","","","","","","","","","","","","","","","","","","","","","","","","","","","","","","","","","","","","","","","","","","","","","","","","","","","","","","","","","","","","","","","","","","","","","","","","","","","","","","","","","","","","","","","","","","","","","","","","","","","","","","","","","","","","","","","","","","","","","","","","","","","","","","","","","","","","","","","","","","","","101.97","113.36","118.08","132.9","148.75","161.31","170.29","187.21","189.96","198.3","188.64","180.55","168.93","160.28","157.55","134.02","106.55","100.27","92.06","90.85","100.45","99.71","102.49","97.39","101.62","103.08","104","104.58","104.42","106.72","108.64","106.71","108.66","111.67","117.4","121.53","126.89","127.86","133.67","134.39","138.39","141.35","139.67","142","141.77","144.92","149.33","150.99","148.28","147.3","150.84","152.57","153.24","153.07","151.63","155.45","158.67","157.32"
"Q","Quarterly","EE","Estonia","R","Real","771","Year-on-year changes, in per cent","Q:EE:R:771","","","","","","","","","","","","","","","","","","","","","","","","","","","","","","","","","","","","","","","","","","","","","","","","","","","","","","","","","","","","","","","","","","","","","","","","","","","","","","","","","","","","","","","","","","","","","","","","","","","","","","","","","","","","","","","","","","","","","","","","","","","","","","","","","","","","","","","","","","","","","","","","","","","","","","","","","","","","","","","","","","","","","","","","","","","","","","","","","","","","","","","","","","","","","","","","","","","","","","","","","","","","","","","","","","","","","","","","","","","","","","","","","","","","","","","","","","","","","","","","","","","","","","","","","","","","","","","","","","","","","","","","","","","","","","","","","","","","","","","","","","","","","","","","","","","","","","","","","","","","","","","","","","","","","","","","","","","","","45.87","42.3","44.22","40.87","27.71","22.93","10.77","-3.56","-11.07","-19.18","-16.48","-25.77","-36.92","-37.44","-41.57","-32.21","-5.73","-0.56","11.33","7.21","1.16","3.38","1.47","7.37","2.76","3.53","4.47","2.04","4.06","4.63","8.06","13.89","16.78","14.5","13.87","10.59","9.06","10.55","4.49","5.66","2.44","2.53","6.92","6.33","4.59","1.64","1.01","1.05","3.35","3.92","0.52","1.89","3.55","2.77"
"Q","Quarterly","ES","Spain","N","Nominal","628","Index, 2010 = 100","Q:ES:N:628","","","","","","","","","","","","","","","","","","","","","","","","","","","","","","","","","","","","","","","","","","","","","","","","","","","","","","","","","","","","","","","","","","","","","","","","","","","","","","","","","","","","","","","","","","","","","","","","","","","","","","","","","","","","","","","","","","","","","","","","","","","","","","","","","","","","","","","","","","","","","","","","","","","","","","","","","","","","","","","","","","","","","","","","","","","","","","","","","1.55","1.61","1.62","1.64","1.62","1.68","1.72","1.77","1.95","1.93","2.1","2.23","2.46","2.75","2.86","2.87","2.87","2.97","3.01","3.07","3.14","3.46","3.64","3.77","4.16","4.6","4.97","5.42","5.89","6.34","6.56","6.63","6.65","6.64","6.76","6.69","6.97","7.08","7.06","6.97","7.19","7.4","7.32","7.13","7.31","7.44","7.52","7.74","8.58","8.98","9.1","9.15","9.48","9.64","9.67","9.74","10.32","10.58","10.69","10.81","11.17","11.7","12.47","13.56","15.39","16.38","17.25","18.34","19.6","20.69","21.47","22.46","24.24","25.49","26.69","27.41","29.22","29.72","30.3","30.82","32.56","33.86","34.65","36.17","34.53","33.75","33.65","33.48","33.2","33.7","33.96","34.01","33.7","33.8","34.21","34.11","34.66","35.09","35.33","35.43","35.57","35.82","35.84","35.91","35.98","36.26","36.45","36.72","36.86","37.67","38.43","39.21","40.4","41.75","42.89","42.94","44.34","45.58","46.2","46.25","48.17","49.83","50.92","51.43","54.49","57.85","59.2","60.34","63.71","67.85","69.66","71.48","75.42","79.71","81.37","83.8","87.28","90.8","92.3","94.47","95.35","99.43","102.68","105.34","107.87","110.95","112.15","111.35","110.94","110.65","108.89","105.53","102.71","102.25","101.32","100.91","99.65","101.27","99.6","99.49","96.1","94.95","91.56","86.81","82.47","79.8","76.82","75.74","71.91","71.33","71.88","70.98","70.75","71.93","72.08","72.22","71.85","74.82","75.32","75.29","76.36","77.7","78.34","78.62","80.41","82.04","83.56","84.27","85.44","87.62","89.54","89.91","91.32","92.36"
"Q","Quarterly","ES","Spain","N","Nominal","771","Year-on-year changes, in per cent","Q:ES:N:771","","","","","","","","","","","","","","","","","","","","","","","","","","","","","","","","","","","","","","","","","","","","","","","","","","","","","","","","","","","","","","","","","","","","","","","","","","","","","","","","","","","","","","","","","","","","","","","","","","","","","","","","","","","","","","","","","","","","","","","","","","","","","","","","","","","","","","","","","","","","","","","","","","","","","","","","","","","","","","","","","","","","","","","","","","","","","","","","","","","","","4.3","4.38","6.28","7.92","20.17","15.3","21.59","25.79","26.35","42.18","36.52","28.86","16.71","8.18","5.15","6.85","9.3","16.43","20.77","22.79","32.59","32.89","36.71","43.84","41.55","37.82","31.87","22.31","12.89","4.77","3.11","1.01","4.92","6.61","4.47","4.09","3.12","4.57","3.63","2.37","1.66","0.47","2.83","8.47","17.4","20.69","20.96","18.3","10.48","7.36","6.21","6.45","8.89","9.77","10.57","10.93","8.23","10.59","16.63","25.52","37.72","40.06","38.38","35.25","27.32","26.31","24.43","22.44","23.7","23.17","24.32","22.05","20.55","16.58","13.53","12.43","11.45","13.96","14.38","17.34","6.04","-0.34","-2.91","-7.42","-3.85","-0.14","0.93","1.57","1.48","0.3","0.73","0.31","2.87","3.81","3.27","3.87","2.61","2.07","1.46","1.34","1.16","1.23","1.7","2.27","2.45","3.89","5.44","6.76","9.6","10.82","11.59","9.52","9.75","9.18","7.73","7.72","8.64","9.32","10.2","11.19","13.12","16.11","16.28","17.32","16.92","17.28","17.67","18.45","18.38","17.48","16.8","17.25","15.73","13.91","13.43","12.73","9.26","9.51","11.25","11.5","13.13","11.59","9.22","5.7","2.85","-0.27","-2.91","-5.23","-7.42","-7.59","-6.95","-4.37","-2.98","-0.96","-1.7","-1.41","-3.56","-6.24","-8.07","-12.74","-14.18","-15.96","-16.1","-12.75","-12.81","-10.61","-6.42","-6.29","-1.6","0.83","0.28","1.76","1.54","4.02","4.49","4.25","6.28","3.85","4.02","4.41","5.31","5.59","6.66","7.19","6.25","6.8","7.16","6.68","6.89","5.4"
"Q","Quarterly","ES","Spain","R","Real","628","Index, 2010 = 100","Q:ES:R:628","","","","","","","","","","","","","","","","","","","","","","","","","","","","","","","","","","","","","","","","","","","","","","","","","","","","","","","","","","","","","","","","","","","","","","","","","","","","","","","","","","","","","","","","","","","","","","","","","","","","","","","","","","","","","","","","","","","","","","","","","","","","","","","","","","","","","","","","","","","","","","","","","","","","","","","","","","","","","","","","","","","","","","","","","","","","","","","","","28.77","29.07","29.1","28.47","27.64","28.31","28.33","28.41","30.7","29.44","30.63","31.35","33.83","36.06","36.29","34.63","33.26","33.29","32.49","32.27","31.72","32.72","33.41","33.09","34.32","35.95","35.9","37.47","39.34","40.58","40.1","39.42","38.14","36.79","35.91","34.45","34.3","33.93","32.59","31.19","30.85","30.88","29.55","27.92","27.44","26.96","26.5","26.64","28.45","29.05","28.87","28.02","28.06","28.02","27.37","27.16","27.89","28.05","28.06","27.82","27.71","28.68","29.9","32.16","35.96","38.03","39.54","41.56","43.85","46.15","46.69","48.24","51.07","53.17","54.29","54.98","57.54","58.06","57.93","57.91","60.39","62.38","62.55","64.36","60.1","58.43","57.52","56.64","55.45","55.75","55.5","54.91","53.59","53.34","53.4","52.78","52.62","52.67","52.8","52.53","52.09","51.89","51.68","51.52","51.38","51.71","51.63","51.67","51.69","52.66","53.37","54.35","55.61","57.07","58.17","57.95","59.3","60.39","60.47","60.03","62.07","63.4","64.3","64.93","68.5","71.17","73.02","73.28","77.19","81.15","83.49","84.56","89.42","92.38","94.4","95.85","100.21","101.94","103.52","104.35","105.26","107.4","111.24","113.41","116.26","117.05","118.69","115.31","114.55","111.59","109.84","106.67","105.56","103.82","103.32","101.85","101.31","101.22","99.61","97.92","94.41","91.7","88.85","83.15","79.47","75.58","72.54","70.37","67.51","66.42","67.07","65.86","66.42","66.83","67.48","67.36","68.14","69.69","70.8","70.45","72.9","73.07","73.78","72.85","74.73","75.64","77.41","76.97","78.65","79.35","81.15","80.74","83.12","82.88"
"Q","Quarterly","ES","Spain","R","Real","771","Year-on-year changes, in per cent","Q:ES:R:771","","","","","","","","","","","","","","","","","","","","","","","","","","","","","","","","","","","","","","","","","","","","","","","","","","","","","","","","","","","","","","","","","","","","","","","","","","","","","","","","","","","","","","","","","","","","","","","","","","","","","","","","","","","","","","","","","","","","","","","","","","","","","","","","","","","","","","","","","","","","","","","","","","","","","","","","","","","","","","","","","","","","","","","","","","","","","","","","","","","","","-3.92","-2.64","-2.67","-0.21","11.09","3.99","8.15","10.36","10.18","22.51","18.47","10.46","-1.68","-7.69","-10.48","-6.84","-4.64","-1.71","2.83","2.55","8.19","9.89","7.45","13.23","14.64","12.86","11.7","5.21","-3.04","-9.34","-10.44","-12.62","-10.07","-7.77","-9.25","-9.45","-10.07","-9","-9.31","-10.5","-11.04","-12.68","-10.33","-4.58","3.68","7.76","8.92","5.2","-1.4","-3.53","-5.19","-3.08","-0.6","0.1","2.54","2.45","-0.65","2.25","6.54","15.58","29.8","32.57","32.25","29.24","21.95","21.38","18.08","16.09","16.45","15.21","16.27","13.96","12.67","9.19","6.71","5.33","4.95","7.44","7.98","11.14","-0.48","-6.33","-8.05","-12","-7.75","-4.6","-3.5","-3.05","-3.35","-4.33","-3.78","-3.88","-1.81","-1.25","-1.13","-0.48","-1","-1.48","-2.12","-1.92","-1.35","-0.34","-0.11","0.29","0.59","1.84","3.38","5.19","7.58","8.37","8.98","6.62","6.63","5.82","3.96","3.58","4.68","4.97","6.33","8.16","10.35","12.26","13.56","12.87","12.69","14.02","14.34","15.39","15.84","13.83","13.06","13.35","12.07","10.36","9.66","8.86","5.04","5.35","7.45","8.69","10.45","8.98","6.7","1.68","-1.47","-4.66","-7.45","-7.5","-7.85","-6.96","-5.94","-4.51","-4.03","-2.51","-3.58","-3.87","-6.81","-9.4","-10.8","-15.08","-15.83","-17.58","-18.36","-15.36","-15.04","-12.12","-7.54","-6.41","-1.61","0.61","0.61","2.27","2.59","4.28","4.92","4.59","6.98","4.85","4.21","3.4","2.5","3.52","4.92","5.66","5.24","4.91","4.82","4.89","5.69","4.44"
"Q","Quarterly","FI","Finland","N","Nominal","628","Index, 2010 = 100","Q:FI:N:628","","","","","","","","","","","","","","","","","","","","","","","","","","","","","","","","","","","","","","","","","","","","","","","","","","","","","","","","","","","","","","","","","","","","","","","","","","","","","","","","","","","","","","","","","","","","","","","","","","","","","","","","","","","","","","","","","","","","","","","","","","","","","","","","","","","","","","","","","","","","","","","","","","","","","","","","","","","","","","","","","","","","","","","","","","","","","6.79","6.91","6.95","7.09","7.2","7.11","7.36","7.44","7.74","7.86","7.89","8.28","8.88","9.85","10.45","10.93","11.53","12.15","12.29","12.49","12.41","12.53","12.62","13.1","13.31","13.21","13.54","13.7","13.66","13.94","13.82","13.82","14.2","14.47","14.25","14.41","14.58","14.77","15.04","15.65","16.48","16.97","17.63","17.79","18.93","19.33","20.14","20.6","22.31","22.98","23.63","24.74","26.95","27.6","28.78","29.94","31.23","31.38","32.05","32.22","33.15","33.12","32.9","33.18","34.28","34.03","34.33","35.15","36.22","37.43","38.71","41.24","46.34","48.96","53.19","58.46","63.09","64.33","63.76","62.19","60.78","60.92","59.93","57.9","54.04","53.25","50.82","48.12","46.77","44.31","41.18","38.93","38.37","38.62","38.9","40.2","41.18","41.86","41.44","40.93","40.62","40.2","39.41","39.18","39.89","41.3","42.65","44.31","47.5","49.13","49.9","51.02","52.6","53.9","55.34","55.9","56.75","58.3","60.38","61.76","62.86","63.76","62.53","61.62","61.79","62.41","62.13","62.41","64.78","66.92","67.71","67.85","69.07","70.47","71.91","72.87","74.82","76.56","76.65","77.07","78.8","81.07","82.68","84.3","84.87","86.49","87.54","88.91","90.21","91.66","92.55","92.55","93.2","94.17","92.88","88.91","88.1","90.77","93.28","95.95","98.83","99.68","100.75","100.75","102.02","103.94","103.62","103.09","104.79","105.86","105.86","106.07","106.82","107.24","107.03","106.39","106.6","107.03","106.5","105.86","106.28","106.71","106.6","106.39","106.28","107.56","107.14","106.92","108.41","109.37","108.73","108.2","108.31","110.22","109.69","110.01","109.37","111.18"
"Q","Quarterly","FI","Finland","N","Nominal","771","Year-on-year changes, in per cent","Q:FI:N:771","","","","","","","","","","","","","","","","","","","","","","","","","","","","","","","","","","","","","","","","","","","","","","","","","","","","","","","","","","","","","","","","","","","","","","","","","","","","","","","","","","","","","","","","","","","","","","","","","","","","","","","","","","","","","","","","","","","","","","","","","","","","","","","","","","","","","","","","","","","","","","","","","","","","","","","","","","","","","","","","","","","","","","","","","","","","","","","","","6.05","2.89","5.79","4.89","7.59","10.54","7.26","11.3","14.67","25.42","32.37","32","29.89","23.3","17.7","14.25","7.64","3.12","2.66","4.91","7.19","5.44","7.26","4.53","2.67","5.55","2.12","0.93","3.91","3.77","3.06","4.21","2.72","2.12","5.59","8.6","13.01","14.89","17.22","13.73","14.9","13.88","14.21","15.79","17.85","18.91","17.31","20.06","20.77","20.08","21.81","21.02","15.9","13.69","11.35","7.63","6.14","5.56","2.65","2.97","3.4","2.73","4.36","5.96","5.67","10.01","12.73","17.31","27.95","30.8","37.43","41.77","36.13","31.38","19.88","6.37","-3.66","-5.3","-6.01","-6.89","-11.08","-12.59","-15.19","-16.9","-13.46","-16.79","-18.97","-19.1","-17.96","-12.84","-5.54","3.27","7.34","8.39","6.53","1.82","-1.36","-3.97","-4.9","-4.27","-1.81","2.74","8.22","13.09","19.08","18.97","16.99","15.15","10.74","9.69","10.9","9.56","7.88","8.16","9.12","10.49","10.78","9.38","3.55","-0.23","-1.71","-2.13","-0.63","1.28","4.84","7.23","8.98","8.72","6.61","5.31","6.2","7.39","8.33","8.64","6.59","5.76","5.33","5.88","7.87","9.38","7.7","6.69","5.87","5.47","6.29","5.99","5.73","4.09","3.32","2.74","0.35","-3.93","-5.47","-3.61","0.44","7.92","12.17","9.81","8","5","3.23","4.27","2.85","2.33","2.71","1.84","2.16","2.89","1.93","1.31","1.11","0.3","-0.2","-0.2","-0.5","-0.5","-0.3","-0.3","0.1","0.5","0","0.8","0.5","0.5","2","1.68","1.49","1.2","-0.1","0.78","0.88","1.67","0.98","0.87"
"Q","Quarterly","FI","Finland","R","Real","628","Index, 2010 = 100","Q:FI:R:628","","","","","","","","","","","","","","","","","","","","","","","","","","","","","","","","","","","","","","","","","","","","","","","","","","","","","","","","","","","","","","","","","","","","","","","","","","","","","","","","","","","","","","","","","","","","","","","","","","","","","","","","","","","","","","","","","","","","","","","","","","","","","","","","","","","","","","","","","","","","","","","","","","","","","","","","","","","","","","","","","","","","","","","","","","","","","53.09","53.7","53.72","54.49","54.16","52.35","52.73","52.63","54.71","53.9","53.16","55.01","57.81","62.16","62.75","64.09","64.95","65.2","63.26","62.19","59.01","56.93","55.44","55.45","54.12","52.61","52.17","51.44","49.45","48.93","47.16","46.44","46.96","46.83","45.53","45.34","45.03","44.63","44.7","45.58","46.56","46.12","46.7","45.66","47.16","46.75","47.74","47.8","50.38","50.36","51.09","53.09","56.4","56.08","57.34","58.84","60.43","59.44","59.9","59.57","60.28","59.32","58.75","58.97","60.27","59.48","59.61","60.66","61.4","62.72","64.49","68.29","75.47","78.24","84.1","91.36","96.81","96.32","94.51","90.97","87.01","86.08","83.9","80.34","73.65","71.84","68.54","64.41","61.88","58.09","53.94","50.67","49.37","49.43","49.95","51.56","52.84","53.29","52.28","51.6","51.16","50.48","49.45","49.33","50","51.53","53.23","55.33","59.23","60.73","61.39","62.57","64.38","65.55","67.26","67.9","68.98","70.1","72.58","73.79","74.17","74.36","72.55","71","70.89","70.58","70.32","70.59","72.89","74.65","75.6","75.54","76.48","77.94","79.86","80.77","82.92","84.8","84.74","84.94","86.7","88.87","90.64","92.2","92.58","93.35","94.3","95.28","96.14","96.56","97.28","96.54","95.67","95.33","93.36","89.34","88.99","91.69","94.48","97.43","99.64","99.73","100.94","99.7","99.65","100.62","99.99","98.79","99.3","99.5","99.38","99.28","99.54","99.3","99.15","98.22","98.05","98.2","97.58","96.93","97.87","98.03","98.01","97.66","97.9","98.5","98.07","97.45","98.91","99.4","98.86","98.03","98.09","99.2","98.46","98.37","97.92","98.85"
"Q","Quarterly","FI","Finland","R","Real","771","Year-on-year changes, in per cent","Q:FI:R:771","","","","","","","","","","","","","","","","","","","","","","","","","","","","","","","","","","","","","","","","","","","","","","","","","","","","","","","","","","","","","","","","","","","","","","","","","","","","","","","","","","","","","","","","","","","","","","","","","","","","","","","","","","","","","","","","","","","","","","","","","","","","","","","","","","","","","","","","","","","","","","","","","","","","","","","","","","","","","","","","","","","","","","","","","","","","","","","","","2.01","-2.51","-1.84","-3.42","1.02","2.97","0.81","4.53","5.67","15.32","18.05","16.51","12.34","4.88","0.82","-2.97","-9.15","-12.68","-12.37","-10.84","-8.28","-7.59","-5.88","-7.23","-8.63","-6.99","-9.61","-9.73","-5.04","-4.29","-3.46","-2.37","-4.1","-4.69","-1.82","0.53","3.39","3.33","4.46","0.18","1.29","1.38","2.24","4.69","6.83","7.71","7.02","11.07","11.95","11.37","12.23","10.83","7.14","5.98","4.47","1.24","-0.25","-0.2","-1.92","-1","-0.01","0.26","1.46","2.87","1.87","5.45","8.19","12.58","22.91","24.74","30.4","33.78","28.28","23.11","12.38","-0.43","-10.12","-10.63","-11.23","-11.68","-15.36","-16.55","-18.31","-19.83","-15.98","-19.14","-21.3","-21.34","-20.22","-14.9","-7.39","1.76","7.02","7.81","4.65","0.09","-3.17","-5.28","-5.4","-4.4","-2.26","2.09","7.64","12.15","18.45","17.84","15.31","13.09","8.69","7.95","9.57","8.53","7.15","6.93","7.91","8.67","7.53","6.08","-0.05","-3.78","-4.42","-5.08","-3.08","-0.59","2.81","5.76","7.51","7.02","4.93","4.41","5.63","6.91","8.43","8.81","6.12","5.17","4.56","4.79","6.96","8.55","6.77","5.04","4.03","3.35","3.84","3.44","3.16","1.32","-0.49","-1.28","-4.03","-7.45","-6.98","-3.82","1.21","9.05","11.97","8.77","6.83","2.33","0.01","0.9","-0.94","-0.91","-0.35","-1.12","-0.61","0.5","0.25","-0.19","-0.23","-1.07","-1.5","-1.11","-1.58","-1.31","-0.18","-0.18","0.44","0.75","0.03","0.49","0.07","-0.21","1.03","0.91","0.81","0.59","-0.83","-0.2","-0.41","0.34","-0.17","-0.36"
"Q","Quarterly","FR","France","N","Nominal","628","Index, 2010 = 100","Q:FR:N:628","","","","","","","","","","","","","","","","","","","","","","","","","","","","","","","","","","","","","","","","","","","","","","","","","","","","","","","","","","","","","","","","","","","","","","","","","","","","","","","","","","","","","","","","","","","","","","","","","","","","","","","","","","","","","","","","","","","","","","","","","","","","","","","","","","","","","","","","","","","","","","","","","","","","","","","","","","","","","","","","","","","","","","","","","","","","","6.1","6.21","6.36","6.34","6.34","6.52","6.79","6.85","6.89","7.1","7.41","7.5","7.56","7.82","8.2","8.38","8.6","8.98","9.46","9.65","9.69","10.04","10.54","10.8","11.05","11.63","12.31","12.61","12.85","13.43","14.14","14.43","14.57","15.04","15.67","15.95","16.17","16.84","17.82","18.45","19.2","20.34","21.59","21.9","22.12","22.78","23.61","23.64","23.55","24.08","24.86","24.83","24.72","25.29","26.15","26.12","25.92","26.35","27.03","26.98","26.73","27.2","27.93","27.91","27.84","28.41","29.24","29.39","29.43","30.27","31.51","31.83","32.17","33.39","35.09","35.69","36.25","37.58","39.24","39.7","39.88","41.05","42.57","42.73","42.73","43.62","44.59","43.93","42.71","42.59","43.04","42.36","41.68","41.89","42.6","42.08","41.44","41.85","42.6","42.05","41.12","41.43","42.19","41.67","41.24","41.74","42.55","42.35","40.73","41.94","42.35","42.15","41.44","42.45","43.46","43.26","43.86","44.98","46.79","46.9","47.75","49.15","50.85","50.65","51.25","52.85","54.35","54.55","55.06","56.96","59.26","59.86","61.06","63.36","66.07","67.17","69.37","72.17","75.68","77.48","79.88","83.28","87.19","88.89","90.89","93.69","96.7","97.5","98.2","99.9","102.2","102.9","102.2","102.5","102.8","99.3","95.6","94.29","95.8","96.1","96.8","98.8","101.6","102.8","103.4","105.51","107.71","106.61","105.21","105.31","106.01","104.5","103.2","103","103.9","102.8","101.6","101.8","102.5","100.5","99.5","99.6","101","100.2","99.8","100.3","102.5","101.9","102.5","103.5","105.81","105.21","105.51","106.41","108.81","108.61","108.61","109.81"
"Q","Quarterly","FR","France","N","Nominal","771","Year-on-year changes, in per cent","Q:FR:N:771","","","","","","","","","","","","","","","","","","","","","","","","","","","","","","","","","","","","","","","","","","","","","","","","","","","","","","","","","","","","","","","","","","","","","","","","","","","","","","","","","","","","","","","","","","","","","","","","","","","","","","","","","","","","","","","","","","","","","","","","","","","","","","","","","","","","","","","","","","","","","","","","","","","","","","","","","","","","","","","","","","","","","","","","","","","","","","","","","3.96","5.02","6.74","8.01","8.6","8.86","9.2","9.54","9.73","10.13","10.72","11.76","13.88","14.84","15.37","15.09","12.62","11.81","11.38","11.94","14.04","15.78","16.73","16.8","16.3","15.46","14.91","14.41","13.4","12.05","10.83","10.49","10.93","11.92","13.72","15.73","18.76","20.78","21.13","18.69","15.19","12.01","9.35","7.94","6.47","5.7","5.3","5.03","4.98","5.06","5.19","5.19","4.85","4.16","3.37","3.26","3.15","3.22","3.34","3.47","4.14","4.45","4.69","5.29","5.71","6.56","7.77","8.32","9.32","10.32","11.35","12.1","12.69","12.55","11.83","11.25","10.01","9.23","8.47","7.62","7.15","6.25","4.74","2.81","-0.06","-2.37","-3.46","-3.56","-2.4","-1.64","-1.02","-0.68","-0.57","-0.09","-0.01","-0.06","-0.79","-1","-0.95","-0.91","0.29","0.75","0.85","1.63","-1.23","0.48","-0.48","-0.48","1.74","1.2","2.63","2.64","5.85","5.95","7.67","8.41","8.85","9.28","8.67","8.01","7.34","7.54","6.89","7.71","7.42","7.77","9.02","9.72","10.91","11.25","11.49","12.21","13.61","13.9","14.55","15.35","15.15","15.4","15.21","14.73","13.78","12.5","10.91","9.68","8.04","6.62","5.69","5.54","4.08","2.61","0.59","-3.5","-6.46","-8.01","-6.82","-3.23","1.26","4.78","6.06","6.98","6.83","6.79","6.01","3.7","1.74","-0.19","-1.58","-1.97","-1.9","-2.19","-1.98","-1.63","-1.55","-1.17","-1.35","-2.24","-2.07","-2.16","-1.46","-0.3","0.3","0.7","1.49","1.7","2.71","3.19","3.22","3.24","2.93","2.8","2.84","3.24","2.94","3.2"
"Q","Quarterly","FR","France","R","Real","628","Index, 2010 = 100","Q:FR:R:628","","","","","","","","","","","","","","","","","","","","","","","","","","","","","","","","","","","","","","","","","","","","","","","","","","","","","","","","","","","","","","","","","","","","","","","","","","","","","","","","","","","","","","","","","","","","","","","","","","","","","","","","","","","","","","","","","","","","","","","","","","","","","","","","","","","","","","","","","","","","","","","","","","","","","","","","","","","","","","","","","","","","","","","","","","","","","40.44","40.59","41.09","40.55","39.98","40.45","41.51","41.3","41.05","41.73","42.73","42.37","42.28","42.93","43.97","43.72","43.24","43.42","44.24","43.77","42.73","43.26","44.44","44.54","44.5","45.78","47.37","47.31","47.46","48.11","49.49","49.56","49.28","49.47","50.19","50.02","49.64","50.29","51.54","51.93","52.04","53.42","54.98","54.26","53.21","53.05","52.91","51.33","49.7","49.3","50.2","49.25","47.75","47.53","48.11","47.17","46.01","45.93","46.34","45.59","44.58","44.54","45.32","45.01","44.84","45.42","46.47","46.4","45.91","46.82","48.45","48.72","49.01","50.37","52.46","53.03","53.42","54.71","56.74","56.95","56.74","57.9","59.6","59.22","58.82","59.56","60.48","59.11","57.2","56.61","57.17","55.99","54.66","54.57","55.39","54.47","53.44","53.61","54.5","53.58","52.1","52.22","53.02","52.06","51.17","51.4","52.51","52.05","49.82","51.18","51.6","51.21","50.31","51.29","52.64","52.42","53.12","54.13","56.38","56.28","56.99","58.33","60.12","59.64","60.38","61.46","63.14","63.35","63.49","65.17","67.64","68.05","68.79","71.14","73.98","74.72","76.77","79.14","82.85","84.43","86.91","89.8","93.69","95.26","97.15","99.13","102.18","103.14","103.76","104.47","106.64","106.36","104.9","103.76","103.89","100.86","97.51","95.65","97.22","97.25","97.44","98.63","101.55","102.36","102.25","103.19","105.4","103.61","101.68","100.98","101.72","100.04","98.7","97.98","98.78","97.77","96.47","96.23","97.06","95.32","94.7","93.95","95.56","94.95","95.02","94.61","96.71","96.08","96.41","96.78","98.96","98.07","97.9","97.64","99.53","99.36","99.56","99.65"
"Q","Quarterly","FR","France","R","Real","771","Year-on-year changes, in per cent","Q:FR:R:771","","","","","","","","","","","","","","","","","","","","","","","","","","","","","","","","","","","","","","","","","","","","","","","","","","","","","","","","","","","","","","","","","","","","","","","","","","","","","","","","","","","","","","","","","","","","","","","","","","","","","","","","","","","","","","","","","","","","","","","","","","","","","","","","","","","","","","","","","","","","","","","","","","","","","","","","","","","","","","","","","","","","","","","","","","","","","","","","","-1.12","-0.36","1.01","1.86","2.66","3.17","2.94","2.59","2.99","2.88","2.91","3.18","2.27","1.15","0.61","0.12","-1.17","-0.38","0.47","1.75","4.14","5.84","6.58","6.22","6.65","5.09","4.47","4.77","3.84","2.82","1.43","0.92","0.73","1.65","2.68","3.83","4.83","6.24","6.67","4.49","2.24","-0.69","-3.76","-5.41","-6.59","-7.07","-5.13","-4.06","-3.92","-3.58","-4.16","-4.22","-3.66","-3.37","-3.68","-3.34","-3.1","-3.04","-2.2","-1.27","0.59","1.99","2.54","3.08","2.39","3.07","4.26","5.01","6.74","7.59","8.28","8.83","9","8.61","8.16","7.4","6.23","5.83","5.03","4","3.66","2.87","1.49","-0.19","-2.76","-4.96","-5.48","-5.28","-4.44","-3.59","-3.11","-2.72","-2.23","-1.76","-1.61","-1.64","-2.51","-2.59","-2.71","-2.84","-1.78","-1.58","-0.96","-0.01","-2.64","-0.43","-1.73","-1.62","0.98","0.22","2","2.37","5.58","5.55","7.12","7.35","7.29","7.75","6.64","5.98","5.95","5.37","5.02","6.22","5.16","6.04","7.12","7.42","8.35","9.16","9.37","9.81","11.6","11.24","11.99","12.99","13.2","13.46","13.09","12.83","11.79","10.39","9.06","8.26","6.8","5.39","4.37","3.13","1.1","-0.68","-2.58","-5.17","-7.05","-7.82","-6.42","-3.58","-0.07","3.11","4.45","5.25","4.94","4.63","3.79","1.23","-0.56","-2.15","-3.49","-3.45","-2.93","-2.97","-2.89","-2.26","-2.26","-1.78","-1.74","-2.51","-1.83","-2.37","-1.55","-0.39","0.34","0.71","1.2","1.19","1.46","2.29","2.33","2.08","1.55","0.89","0.58","1.31","1.7","2.05"
"Q","Quarterly","GB","United Kingdom","N","Nominal","628","Index, 2010 = 100","Q:GB:N:628","","","","","","","","","","","","","","","","","","","","","","","","","","","","","","","","","","","","","","","","","","","","","","","","","","","","","","","","","","","","","","","","","","","","","","","","","","","","","","","","","","","","","","","","","","","","","","","","","","","","","","","","","","","","","","","","","","","","","","","","","","","","","","","","","","","","","","","","","","","","","","","","","","","","","","","","","","","","","","","","","","","","","","2.17","2.24","2.24","2.24","2.3","2.3","2.36","2.36","2.36","2.48","2.48","2.54","2.6","2.78","2.9","3.08","3.38","3.87","4.17","4.65","4.89","5.2","5.26","5.32","5.32","5.38","5.44","5.5","5.62","5.8","5.86","5.98","6.16","6.28","6.4","6.4","6.52","6.71","6.95","7.07","7.43","7.91","8.52","8.94","9.67","10.39","11.06","11.54","11.96","12.45","12.51","12.51","12.87","13.05","12.81","12.51","13.05","13.35","13.53","13.96","14.44","15.04","15.16","15.29","15.77","16.37","16.61","16.61","17.22","17.58","18.19","18.55","19.39","20.24","20.84","21.45","22.41","23.5","24.95","25.98","27.55","31.17","33.11","33.83","35.04","36.25","35.52","34.8","34.5","35.1","34.56","34.07","33.95","34.62","34.32","33.77","32.93","33.05","31.78","31.96","32.2","32.87","32.26","32.62","33.05","33.65","33.41","33.11","33.47","33.77","33.29","33.77","33.83","35.16","35.77","36.25","36.97","38.85","38.61","39.57","41.69","43.5","43.26","43.56","45.37","48.03","49.3","50.51","53.29","54.31","55.88","55.64","57.64","59.69","58.48","60.42","65.37","69.78","73.22","74.55","76.85","78.96","80.59","81.32","86.09","89.9","90.5","88.64","91.21","93.45","93.56","94.24","97.82","100.84","102.74","104.2","108.23","111.25","111.14","108.11","107.44","103.19","96.36","91.44","92.67","96.25","98.15","98.49","100.28","101.73","99.5","97.71","98.49","99.61","98.27","97.26","99.05","100.17","99.27","98.6","100.62","103.08","103.64","104.98","108.79","112.26","112.48","112.14","114.49","118.3","119.75","121.1","123.67","126.25","126.13","126.47","129.27","132.18","132.06","131.84","133.3","135.87","135.31","133.74","134.86"
"Q","Quarterly","GB","United Kingdom","N","Nominal","771","Year-on-year changes, in per cent","Q:GB:N:771","","","","","","","","","","","","","","","","","","","","","","","","","","","","","","","","","","","","","","","","","","","","","","","","","","","","","","","","","","","","","","","","","","","","","","","","","","","","","","","","","","","","","","","","","","","","","","","","","","","","","","","","","","","","","","","","","","","","","","","","","","","","","","","","","","","","","","","","","","","","","","","","","","","","","","","","","","","","","","","","","","","","","","","","","","5.56","2.7","5.41","5.41","2.63","7.89","5.13","7.69","10.26","12.2","17.07","21.43","30.23","39.13","43.75","50.98","44.64","34.38","26.09","14.29","8.64","3.49","3.45","3.41","5.68","7.87","7.78","8.79","9.68","8.33","9.28","7.07","5.88","6.73","8.49","10.38","13.89","18.02","22.61","26.5","30.08","31.3","29.79","29.05","23.75","19.77","13.11","8.38","7.58","4.85","2.42","0","1.41","2.31","5.66","11.59","10.65","12.67","12.05","9.52","9.21","8.84","9.56","8.7","9.2","7.38","9.45","11.64","12.63","15.12","14.62","15.64","15.58","16.12","19.71","21.13","22.91","32.65","32.69","30.23","27.19","16.28","7.3","2.86","-1.55","-3.17","-2.72","-2.08","-1.58","-1.38","-0.7","-0.89","-3.02","-4.54","-7.39","-5.37","-2.2","-0.55","1.52","2.08","2.63","2.39","3.56","1.48","1.28","0.36","-0.36","2.01","1.08","4.11","7.44","7.33","9.29","10.48","7.94","9.17","12.75","11.98","12.05","10.08","8.84","10.42","13.97","15.95","17.44","13.08","13.36","10.17","8.16","9.9","4.65","8.58","13.42","16.9","25.21","23.4","17.56","13.16","10.07","9.08","12.03","13.85","12.29","9","5.95","3.95","3.38","6.31","7.24","7.9","9.81","10.57","10.64","10.32","8.17","3.76","-0.72","-7.24","-13.29","-15.42","-13.75","-6.72","1.86","7.71","8.21","5.7","1.37","-0.8","-1.79","-2.09","-1.24","-0.46","0.57","0.56","1.03","1.38","1.58","2.91","4.4","6.47","8.12","8.9","8.53","6.82","5.25","5.38","6.47","7.98","8.02","6.72","5.33","4.44","4.52","4.7","4.7","4.25","3.12","2.79","2.46","1.44","1.18"
"Q","Quarterly","GB","United Kingdom","R","Real","628","Index, 2010 = 100","Q:GB:R:628","","","","","","","","","","","","","","","","","","","","","","","","","","","","","","","","","","","","","","","","","","","","","","","","","","","","","","","","","","","","","","","","","","","","","","","","","","","","","","","","","","","","","","","","","","","","","","","","","","","","","","","","","","","","","","","","","","","","","","","","","","","","","","","","","","","","","","","","","","","","","","","","","","","","","","","","","","","","","","","","","","","","","","22.49","23.05","22.77","22.38","22.59","22.59","22.79","22.41","21.86","22.74","22.26","22.22","22.02","23.1","23.88","25.01","26.89","30.24","31.81","35.03","35.6","37.16","36.17","35.31","33.43","33.03","31.91","30.64","28.79","28.49","27.83","27.56","27.41","27.31","26.65","25.51","24.95","25.19","25.76","25.87","26.52","27.81","29.48","30.28","31.73","32.17","33.3","33.75","33.2","33.81","33.36","32.55","31.92","31.8","30.62","29.55","29.81","30.32","30.37","31.09","31.64","32.61","32.5","32.68","32.99","34.09","34.24","33.89","34.25","34.87","35.78","36.37","37.45","38.93","39.76","40.64","41.94","43.93","46.11","47.84","49.77","55.87","58.67","59.33","60.11","61.79","59.64","57.71","55.49","55.66","53.78","52.85","50.39","50.89","49.93","48.95","46.87","47.11","45.02","45.23","44.7","45.57","44.62","45.05","44.99","45.85","45.41","44.64","44.5","44.81","43.95","44.35","43.94","45.62","46.11","46.74","47.24","49.44","48.88","50.2","52.31","54.61","54.01","54.41","56.12","59.55","60.87","62.62","65.49","66.82","68.31","68.39","69.81","72.27","70.78","73.15","78.44","83.66","87.32","88.9","91.07","93.41","94.8","95.74","100.6","105.01","104.98","102.64","104.58","106.6","106.24","107.04","109.63","112.31","113.58","115.05","118.33","121.73","120.33","116.59","113.58","107.77","100.52","95.72","95.96","99.02","100.25","99.83","100.35","101.51","98.32","95.15","94.41","94.94","92.77","91.53","92.47","93.25","91.28","90.29","91.48","93.4","93.34","94.45","97.19","100.26","100.39","100.8","102.33","105.62","106.78","108.48","110.16","111.94","111.14","110.89","112.06","113.99","112.95","112.55","112.82","114.31","113.17","112.1","111.89"
"Q","Quarterly","GB","United Kingdom","R","Real","771","Year-on-year changes, in per cent","Q:GB:R:771","","","","","","","","","","","","","","","","","","","","","","","","","","","","","","","","","","","","","","","","","","","","","","","","","","","","","","","","","","","","","","","","","","","","","","","","","","","","","","","","","","","","","","","","","","","","","","","","","","","","","","","","","","","","","","","","","","","","","","","","","","","","","","","","","","","","","","","","","","","","","","","","","","","","","","","","","","","","","","","","","","","","","","","","","","0.41","-2.01","0.06","0.15","-3.19","0.68","-2.3","-0.82","0.73","1.6","7.25","12.53","22.09","30.89","33.21","40.05","32.38","22.9","13.71","0.8","-6.08","-11.14","-11.76","-13.21","-13.88","-13.74","-12.79","-10.05","-4.81","-4.15","-4.23","-7.46","-8.97","-7.75","-3.34","1.43","6.31","10.41","14.45","17.01","19.64","15.67","12.94","11.47","4.64","5.08","0.19","-3.54","-3.85","-5.94","-8.21","-9.22","-6.62","-4.66","-0.83","5.22","6.13","7.55","7.02","5.09","4.28","4.55","5.35","3.72","3.82","2.29","4.5","7.3","9.34","11.64","11.12","11.74","11.99","12.83","15.97","17.72","18.68","27.2","27.25","24.02","20.77","10.59","1.66","-2.74","-7.69","-9.92","-9.83","-8.42","-9.2","-8.56","-7.16","-7.37","-6.99","-7.43","-9.84","-7.61","-4.63","-3.27","-0.89","-0.39","0.65","0.62","1.77","-0.92","-1.08","-2.27","-3.21","-0.64","-1.27","1.8","4.91","5.37","7.52","8.38","6","7.41","10.74","10.46","10.49","8.39","7.29","9.04","12.71","15.09","16.69","12.2","12.22","9.21","6.6","8.16","3.61","6.96","12.35","15.75","23.37","21.54","16.11","11.66","8.57","7.69","10.47","12.41","10.74","7.21","3.96","1.52","1.2","4.29","4.82","5.35","6.91","7.48","7.94","8.39","5.94","1.34","-4.01","-11.47","-16.46","-17.9","-15.51","-8.12","-0.27","4.29","4.58","2.51","-1.92","-4.68","-5.93","-6.47","-5.65","-3.81","-2.06","-1.78","-1.61","-1.35","-1.07","0.16","2.26","4.61","6.25","7.34","7.56","6.72","5.28","5.35","6.36","7.62","7.66","5.98","4.08","2.22","1.72","1.84","1.63","1.49","0.68","0.28","0.19","-0.39","-0.83"
"Q","Quarterly","GR","Greece","N","Nominal","628","Index, 2010 = 100","Q:GR:N:628","","","","","","","","","","","","","","","","","","","","","","","","","","","","","","","","","","","","","","","","","","","","","","","","","","","","","","","","","","","","","","","","","","","","","","","","","","","","","","","","","","","","","","","","","","","","","","","","","","","","","","","","","","","","","","","","","","","","","","","","","","","","","","","","","","","","","","","","","","","","","","","","","","","","","","","","","","","","","","","","","","","","","","","","","","","","","","","","","","","","","","","","","","","","","","","","","","","","","","","","","","","","","","","","","","","","","","","","","","","","","","","","","","","","","","","","","","","","","","","","","","","","","","","","","","","","","","","","","","","","","","","","","","","","","","","","","","","","","","","","","","","","","","","","","","","","","","","","","","","","","","","","","","","","","","","","","","","","","97.15","99.94","101.55","105.81","105.58","106.73","107.82","108.37","108.64","108.58","109.5","109.01","105.06","105.89","103.91","104.65","103.2","100.93","98.51","97.36","97.61","95.77","93.84","90.91","87.32","85.4","82.03","79.3","77.29","75.18","73.67","71.66","70.26","69.01","68.6","67.68","67.37","65.58","64.63","64.22","64.44","63.92","63.49","63.56","63.23","63.25","63.08","63.29","63.53","64.05","64.48","65.11","66.66","68.96"
"Q","Quarterly","GR","Greece","N","Nominal","771","Year-on-year changes, in per cent","Q:GR:N:771","","","","","","","","","","","","","","","","","","","","","","","","","","","","","","","","","","","","","","","","","","","","","","","","","","","","","","","","","","","","","","","","","","","","","","","","","","","","","","","","","","","","","","","","","","","","","","","","","","","","","","","","","","","","","","","","","","","","","","","","","","","","","","","","","","","","","","","","","","","","","","","","","","","","","","","","","","","","","","","","","","","","","","","","","","","","","","","","","","","","","","","","","","","","","","","","","","","","","","","","","","","","","","","","","","","","","","","","","","","","","","","","","","","","","","","","","","","","","","","","","","","","","","","","","","","","","","","","","","","","","","","","","","","","","","","","","","","","","","","","","","","","","","","","","","","","","","","","","","","","","","","","","","","","","","","","","","","","","","","","","8.68","6.8","6.18","2.42","2.89","1.74","1.56","0.59","-3.29","-2.48","-5.11","-4","-1.77","-4.68","-5.2","-6.97","-5.41","-5.12","-4.74","-6.62","-10.55","-10.83","-12.59","-12.77","-11.48","-11.97","-10.19","-9.63","-9.09","-8.21","-6.88","-5.55","-4.12","-4.97","-5.79","-5.11","-4.36","-2.53","-1.76","-1.03","-1.88","-1.06","-0.66","-0.42","0.47","1.27","2.22","2.88","4.94","7.66"
"Q","Quarterly","GR","Greece","R","Real","628","Index, 2010 = 100","Q:GR:R:628","","","","","","","","","","","","","","","","","","","","","","","","","","","","","","","","","","","","","","","","","","","","","","","","","","","","","","","","","","","","","","","","","","","","","","","","","","","","","","","","","","","","","","","","","","","","","","","","","","","","","","","","","","","","","","","","","","","","","","","","","","","","","","","","","","","","","","","","","","","","","","","","","","","","","","","","","","","","","","","","","","","","","","","","","","","","","","","","","","","","","","","","","","","","","","","","","","","","","","","","","","","","","","","","","","","","","","","","","","","","","","","","","","","","","","","","","","","","","","","","","","","","","","","","","","","","","","","","","","","","","","","","","","","","","","","","","","","","","","","","","","","","","","","","","","","","","","","","","","","","","","","","","","","","","","","","","","","","","112.01","113.02","115.57","118.68","118.55","117.65","119.53","117.29","117","114.26","115.92","114.66","111.42","110.7","109.25","107.97","106.23","100.33","98.14","95.57","95.98","91.97","91.32","86.82","84.15","80.77","78.77","74.88","74.47","71.44","71.49","69.18","68.6","66.56","66.98","66.57","67.38","64.63","64.26","63.55","65.05","63.6","63.76","63.18","62.94","62.13","62.73","62.39","63.32","62.58","63.51","63.49","66","67.16"
"Q","Quarterly","GR","Greece","R","Real","771","Year-on-year changes, in per cent","Q:GR:R:771","","","","","","","","","","","","","","","","","","","","","","","","","","","","","","","","","","","","","","","","","","","","","","","","","","","","","","","","","","","","","","","","","","","","","","","","","","","","","","","","","","","","","","","","","","","","","","","","","","","","","","","","","","","","","","","","","","","","","","","","","","","","","","","","","","","","","","","","","","","","","","","","","","","","","","","","","","","","","","","","","","","","","","","","","","","","","","","","","","","","","","","","","","","","","","","","","","","","","","","","","","","","","","","","","","","","","","","","","","","","","","","","","","","","","","","","","","","","","","","","","","","","","","","","","","","","","","","","","","","","","","","","","","","","","","","","","","","","","","","","","","","","","","","","","","","","","","","","","","","","","","","","","","","","","","","","","","","","","","","","","5.84","4.09","3.43","-1.17","-1.31","-2.88","-3.03","-2.24","-4.77","-3.12","-5.75","-5.84","-4.66","-9.36","-10.17","-11.49","-9.65","-8.34","-6.95","-9.15","-12.32","-12.17","-13.73","-13.75","-11.5","-11.55","-9.25","-7.61","-7.87","-6.84","-6.31","-3.77","-1.78","-2.89","-4.06","-4.53","-3.47","-1.6","-0.78","-0.59","-3.23","-2.31","-1.61","-1.25","0.59","0.73","1.24","1.76","4.24","7.31"
"Q","Quarterly","HK","Hong Kong SAR","N","Nominal","628","Index, 2010 = 100","Q:HK:N:628","","","","","","","","","","","","","","","","","","","","","","","","","","","","","","","","","","","","","","","","","","","","","","","","","","","","","","","","","","","","","","","","","","","","","","","","","","","","","","","","","","","","","","","","","","","","","","","","","","","","","","","","","","","","","","","","","","","","","","","","","","","","","","","","","","","","","","","","","","","","","","","","","","","","","","","","","","","","","","","","","","","","","","","","","","","","","","","","","","","","","","","","","","","","","","","","","","","","","","","","","","","","","","","","","","","","10.93","12.19","12.19","13.45","14.84","16.1","16.17","16.3","15.97","14.91","14.38","13.65","12.92","12.26","12.33","11.86","11.27","11.6","11.66","11.07","11.2","11.66","12.26","12.99","13.45","13.52","13.65","14.31","15.04","16.3","17.36","17.96","18.09","18.75","20.41","21.87","23.39","26.11","27.04","25.98","27.43","28.36","28.96","30.02","31.34","32.87","37.11","43.4","48.51","52.75","57.52","58.78","56.79","56.39","60.32","64.87","64.96","74.81","77.38","76.82","75.56","74.15","73.11","69.14","68.01","72.12","75.23","77.35","85.17","101.43","110.73","112.34","107.88","92.55","82.7","68.7","66.38","67.92","67.86","66.09","63.13","64.12","59.68","57.87","55.77","53.68","53.81","52.11","48.93","48.9","47.82","45.48","43.14","41.57","39.65","39.3","42.65","48.77","51.16","51.55","55.24","59.57","62.64","61.89","59.73","60.63","61.78","61.45","61.83","63.99","66.44","68.94","75.03","82.85","83.43","81.66","71.57","71.59","77.57","84.25","88.07","93.3","97.03","102.12","107.55","116.05","123.1","122.72","120.67","122.77","134.03","140.2","149.67","157.36","159.81","162.77","162.46","161.84","164.05","173.15","181.79","191.64","198.24","202.13","194.53","181.99","182.3","191.13","202.86","208.71","220.91","224.86","230.63","241.4","254.35","260.38","244.06","244.45","261.62"
"Q","Quarterly","HK","Hong Kong SAR","N","Nominal","771","Year-on-year changes, in per cent","Q:HK:N:771","","","","","","","","","","","","","","","","","","","","","","","","","","","","","","","","","","","","","","","","","","","","","","","","","","","","","","","","","","","","","","","","","","","","","","","","","","","","","","","","","","","","","","","","","","","","","","","","","","","","","","","","","","","","","","","","","","","","","","","","","","","","","","","","","","","","","","","","","","","","","","","","","","","","","","","","","","","","","","","","","","","","","","","","","","","","","","","","","","","","","","","","","","","","","","","","","","","","","","","","","","","","","","","","","","","","","","","","35.76","32.07","32.61","21.18","7.59","-7.41","-11.07","-16.26","-19.09","-17.78","-14.29","-13.11","-12.82","-5.41","-5.38","-6.7","-0.59","0.57","5.11","17.37","20.12","15.91","11.35","10.2","11.82","20.59","27.18","25.46","20.26","15.04","17.56","21.77","29.3","39.22","32.47","18.79","17.28","8.63","7.11","15.56","14.25","15.89","28.15","44.59","54.76","60.48","55","35.42","17.08","6.91","4.88","10.37","14.39","32.67","28.27","18.42","16.32","-0.89","-5.51","-10.01","-10","-2.74","2.9","11.88","25.24","40.64","47.18","45.23","26.66","-8.75","-25.31","-38.85","-38.47","-26.61","-17.95","-3.79","-4.89","-5.59","-12.04","-12.43","-11.65","-16.29","-9.84","-9.96","-12.28","-8.89","-11.12","-12.72","-11.83","-15","-17.09","-13.6","-1.13","17.32","29.03","31.2","29.52","22.15","22.45","20.05","8.12","1.78","-1.38","-0.71","3.51","5.54","7.54","12.19","21.36","29.48","25.57","18.46","-4.62","-13.6","-7.02","3.16","23.06","30.33","25.09","21.21","22.12","24.38","26.86","20.18","12.2","5.79","8.88","14.24","24.03","28.18","19.23","16.1","8.54","2.85","2.65","6.38","11.9","18.41","20.84","16.74","7.01","-5.04","-8.04","-5.44","4.28","14.69","21.18","17.65","13.69","15.66","15.14","15.8","5.82","1.26","2.86"
"Q","Quarterly","HK","Hong Kong SAR","R","Real","628","Index, 2010 = 100","Q:HK:R:628","","","","","","","","","","","","","","","","","","","","","","","","","","","","","","","","","","","","","","","","","","","","","","","","","","","","","","","","","","","","","","","","","","","","","","","","","","","","","","","","","","","","","","","","","","","","","","","","","","","","","","","","","","","","","","","","","","","","","","","","","","","","","","","","","","","","","","","","","","","","","","","","","","","","","","","","","","","","","","","","","","","","","","","","","","","","","","","","","","","","","","","","","","","","","","","","","","","","","","","","","","","","","","","","","","","","46.85","49.59","48.82","51.93","56.22","58.55","56.85","55.26","52.75","48.02","45.3","42.09","38.91","36.12","35.38","33.46","30.48","30.83","30.52","28.65","28.84","29.82","30.95","32.56","33.55","33.44","33.37","34.64","36.02","38.58","40.16","41.07","40.55","41.5","43.98","46.15","48.41","52.52","52.75","49.69","51.51","51.98","51.43","52.14","52.91","53.88","58.87","67.85","74.31","78.65","83.53","83.92","79.37","77.02","80.55","85.33","83.39","94.64","95.24","92.42","88.73","85.4","82.16","76.36","73.99","77.73","79.31","80.79","87.32","102.99","110.47","110.64","104.9","89.53","79.01","65.78","65.06","66.92","67.53","67.25","64.58","66.49","62.17","60.65","58.5","56.76","56.82","55.19","52.39","53.13","52.14","49.9","47.58","46.04","44.33","44.77","48.15","55.03","57.67","58.25","62.08","66.94","70.14","69.04","66.27","67.06","67.78","67.03","67.17","69.61","71.93","74.01","78.77","86.2","85.46","83.75","73.43","73.24","79.49","87.24","88.91","93.46","96.73","104.08","105.71","112","116.74","117.47","112.18","112.59","121.97","130.18","134.11","139.22","139.83","143.49","139.56","137.49","138.45","145.53","148.67","156.1","162.61","165.69","155.52","144.22","145.73","152","160.24","164.49","173.16","175.7","179.29","185.73","195.2","198.58","184.93","184.03","194.98"
"Q","Quarterly","HK","Hong Kong SAR","R","Real","771","Year-on-year changes, in per cent","Q:HK:R:771","","","","","","","","","","","","","","","","","","","","","","","","","","","","","","","","","","","","","","","","","","","","","","","","","","","","","","","","","","","","","","","","","","","","","","","","","","","","","","","","","","","","","","","","","","","","","","","","","","","","","","","","","","","","","","","","","","","","","","","","","","","","","","","","","","","","","","","","","","","","","","","","","","","","","","","","","","","","","","","","","","","","","","","","","","","","","","","","","","","","","","","","","","","","","","","","","","","","","","","","","","","","","","","","","","","","","","","","20","18.07","16.44","6.4","-6.17","-17.98","-20.31","-23.83","-26.24","-24.79","-21.9","-20.5","-21.66","-14.63","-13.75","-14.38","-5.39","-3.3","1.44","13.65","16.33","12.17","7.8","6.4","7.35","15.36","20.35","18.56","12.58","7.57","9.51","12.35","19.38","26.56","19.94","7.68","6.42","-1.02","-2.5","4.93","2.7","3.66","14.48","30.13","40.46","45.96","41.88","23.68","6.81","-2.07","-3.57","1.68","5.06","22.89","18.23","8.32","6.41","-9.77","-13.73","-17.38","-16.62","-8.98","-3.46","5.79","18.02","32.5","39.28","36.96","20.14","-13.07","-28.48","-40.55","-37.98","-25.26","-14.52","2.23","-0.73","-0.65","-7.94","-9.82","-9.42","-14.63","-8.6","-8.99","-10.44","-6.39","-8.24","-9.6","-9.17","-13.35","-14.97","-10.27","1.19","19.53","30.09","30.11","28.93","21.64","21.61","18.52","6.75","0.17","-3.36","-2.92","1.36","3.81","6.12","10.42","17.26","23.83","18.8","13.16","-6.77","-15.04","-6.98","4.17","21.08","27.62","21.68","19.3","18.89","19.84","20.68","12.87","6.12","0.53","4.48","10.82","19.55","23.65","14.64","10.22","4.06","-1.24","-0.98","1.42","6.53","13.54","17.45","13.85","4.61","-7.61","-10.38","-8.26","3.04","14.06","18.82","15.59","11.89","12.91","12.73","13.02","3.14","-0.91","-0.11"
"Q","Quarterly","HR","Croatia","N","Nominal","628","Index, 2010 = 100","Q:HR:N:628","","","","","","","","","","","","","","","","","","","","","","","","","","","","","","","","","","","","","","","","","","","","","","","","","","","","","","","","","","","","","","","","","","","","","","","","","","","","","","","","","","","","","","","","","","","","","","","","","","","","","","","","","","","","","","","","","","","","","","","","","","","","","","","","","","","","","","","","","","","","","","","","","","","","","","","","","","","","","","","","","","","","","","","","","","","","","","","","","","","","","","","","","","","","","","","","","","","","","","","","","","","","","","","","","","","","","","","","","","","","","","","","","","","","","","","","","","","","","","","","","","","","","","","","","","","","","","","","","","","","","","","","","","","","","","","","","","","","","","","","","","","","","","","","","","","","","","","","","","","","","55.06","54.42","57.51","57.86","62.99","64.8","65.48","69.96","71.31","73.69","76.29","81.01","81.04","84.44","85.85","90.21","93.82","95.12","97.39","103.96","107.11","111.36","113.23","112.67","111.51","112.26","114.37","111.36","110.96","107.25","105.34","103.45","101.45","100.02","99.14","99.39","98.5","100.05","100.76","101.38","100.81","99.45","98.75","95.41","95.3","94.71","95.02","93.81","93.18","93.98","93.24","92.46","91.47","89.73","90.4","90.49","91.62","90.78","91.71","91.2","91.29","94.64","95.17","98.17","99.07","98.9","101.67","102.78","106.41","109.17"
"Q","Quarterly","HR","Croatia","N","Nominal","771","Year-on-year changes, in per cent","Q:HR:N:771","","","","","","","","","","","","","","","","","","","","","","","","","","","","","","","","","","","","","","","","","","","","","","","","","","","","","","","","","","","","","","","","","","","","","","","","","","","","","","","","","","","","","","","","","","","","","","","","","","","","","","","","","","","","","","","","","","","","","","","","","","","","","","","","","","","","","","","","","","","","","","","","","","","","","","","","","","","","","","","","","","","","","","","","","","","","","","","","","","","","","","","","","","","","","","","","","","","","","","","","","","","","","","","","","","","","","","","","","","","","","","","","","","","","","","","","","","","","","","","","","","","","","","","","","","","","","","","","","","","","","","","","","","","","","","","","","","","","","","","","","","","","","","","","","","","","","","","","","","","","","","","","","14.38","19.08","13.87","20.9","13.22","13.7","16.51","15.8","13.63","14.59","12.53","11.35","15.77","12.65","13.44","15.25","14.16","17.07","16.26","8.38","4.12","0.8","1.01","-1.16","-0.5","-4.46","-7.89","-7.1","-8.57","-6.74","-5.89","-3.92","-2.91","0.04","1.63","1.99","2.34","-0.61","-1.99","-5.88","-5.46","-4.76","-3.78","-1.68","-2.22","-0.77","-1.88","-1.44","-1.84","-4.52","-3.05","-2.13","0.16","1.16","1.45","0.79","-0.36","4.26","3.77","7.64","8.52","4.51","6.84","4.69","7.41","10.38"
"Q","Quarterly","HR","Croatia","R","Real","628","Index, 2010 = 100","Q:HR:R:628","","","","","","","","","","","","","","","","","","","","","","","","","","","","","","","","","","","","","","","","","","","","","","","","","","","","","","","","","","","","","","","","","","","","","","","","","","","","","","","","","","","","","","","","","","","","","","","","","","","","","","","","","","","","","","","","","","","","","","","","","","","","","","","","","","","","","","","","","","","","","","","","","","","","","","","","","","","","","","","","","","","","","","","","","","","","","","","","","","","","","","","","","","","","","","","","","","","","","","","","","","","","","","","","","","","","","","","","","","","","","","","","","","","","","","","","","","","","","","","","","","","","","","","","","","","","","","","","","","","","","","","","","","","","","","","","","","","","","","","","","","","","","","","","","","","","","","","","","","","","","68.99","67.91","72.12","72.08","77.56","79.69","80.46","85.61","86.26","88.59","92.08","96.89","95.05","98.55","100.32","103.89","106.38","106.91","110.21","117.13","119.51","122.5","124.55","120.99","117.49","115.91","117.09","114.47","112.61","107.64","106.56","104.61","102.07","99.7","99.21","99.04","96.9","97.51","98.82","98.55","97.73","93.68","93.02","88.68","88.32","87.22","87.94","86.96","86.61","86.89","86.46","85.68","85.39","82.96","84.36","84.53","86.63","85.4","86.71","85.37","85.39","88.08","89.08","90.67","91.78","90.34","93.42","93.75","98.02","99"
"Q","Quarterly","HR","Croatia","R","Real","771","Year-on-year changes, in per cent","Q:HR:R:771","","","","","","","","","","","","","","","","","","","","","","","","","","","","","","","","","","","","","","","","","","","","","","","","","","","","","","","","","","","","","","","","","","","","","","","","","","","","","","","","","","","","","","","","","","","","","","","","","","","","","","","","","","","","","","","","","","","","","","","","","","","","","","","","","","","","","","","","","","","","","","","","","","","","","","","","","","","","","","","","","","","","","","","","","","","","","","","","","","","","","","","","","","","","","","","","","","","","","","","","","","","","","","","","","","","","","","","","","","","","","","","","","","","","","","","","","","","","","","","","","","","","","","","","","","","","","","","","","","","","","","","","","","","","","","","","","","","","","","","","","","","","","","","","","","","","","","","","","","","","","","","","","12.42","17.35","11.56","18.78","11.21","11.16","14.44","13.17","10.2","11.24","8.95","7.22","11.92","8.48","9.86","12.74","12.34","14.58","13.01","3.29","-1.69","-5.38","-5.99","-5.38","-4.15","-7.14","-8.99","-8.62","-9.36","-7.38","-6.9","-5.33","-5.06","-2.2","-0.4","-0.49","0.85","-3.92","-5.86","-10.02","-9.63","-6.9","-5.47","-1.94","-1.93","-0.38","-1.68","-1.47","-1.41","-4.52","-2.43","-1.35","1.45","2.93","2.79","0.99","-1.42","3.15","2.73","6.22","7.47","2.56","4.87","3.39","6.81","9.59"
"Q","Quarterly","HU","Hungary","N","Nominal","628","Index, 2010 = 100","Q:HU:N:628","","","","","","","","","","","","","","","","","","","","","","","","","","","","","","","","","","","","","","","","","","","","","","","","","","","","","","","","","","","","","","","","","","","","","","","","","","","","","","","","","","","","","","","","","","","","","","","","","","","","","","","","","","","","","","","","","","","","","","","","","","","","","","","","","","","","","","","","","","","","","","","","","","","","","","","","","","","","","","","","","","","","","","","","","","","","","","","","","","","","","","","","","","","","","","","","","","","","","","","","","","","","","","","","","","","","","","","","","","","","","","","","","","","","","","","","","","","","","","","","","","","","","","","","","","","","","","","","","","","","","","","","","","","","","","","","","","","","","","","","","","","","","","","","","","","","","","","","","","","","","","","","","","","","","","","","","","","","","","","","","101.41","103.87","108.03","108.89","107.39","108.78","109.21","107.07","106.43","103.12","101.52","98.64","101.09","100.56","100.13","98.21","97.89","97.14","95.86","95.33","96.29","92.98","92.23","90.42","90.63","90.85","91.06","89.78","91.49","93.41","95.22","97.36","99.92","105.36","110.06","111.66","116.79","119.56","122.98","124.9","130.45","133.87","137.92","140.81","147.96","152.12","158.53","162.58","173.26","173.58"
"Q","Quarterly","HU","Hungary","N","Nominal","771","Year-on-year changes, in per cent","Q:HU:N:771","","","","","","","","","","","","","","","","","","","","","","","","","","","","","","","","","","","","","","","","","","","","","","","","","","","","","","","","","","","","","","","","","","","","","","","","","","","","","","","","","","","","","","","","","","","","","","","","","","","","","","","","","","","","","","","","","","","","","","","","","","","","","","","","","","","","","","","","","","","","","","","","","","","","","","","","","","","","","","","","","","","","","","","","","","","","","","","","","","","","","","","","","","","","","","","","","","","","","","","","","","","","","","","","","","","","","","","","","","","","","","","","","","","","","","","","","","","","","","","","","","","","","","","","","","","","","","","","","","","","","","","","","","","","","","","","","","","","","","","","","","","","","","","","","","","","","","","","","","","","","","","","","","","","","","","","","","","","","","","","","","","","","5.89","4.73","1.09","-1.67","-0.89","-5.2","-7.04","-7.88","-5.02","-2.48","-1.37","-0.43","-3.17","-3.4","-4.26","-2.93","-1.64","-4.29","-3.79","-5.15","-5.88","-2.3","-1.27","-0.71","0.94","2.82","4.57","8.44","9.22","12.8","15.58","14.69","16.88","13.48","11.74","11.85","11.7","11.96","12.15","12.74","13.42","13.64","14.94","15.47","17.1","14.11"
"Q","Quarterly","HU","Hungary","R","Real","628","Index, 2010 = 100","Q:HU:R:628","","","","","","","","","","","","","","","","","","","","","","","","","","","","","","","","","","","","","","","","","","","","","","","","","","","","","","","","","","","","","","","","","","","","","","","","","","","","","","","","","","","","","","","","","","","","","","","","","","","","","","","","","","","","","","","","","","","","","","","","","","","","","","","","","","","","","","","","","","","","","","","","","","","","","","","","","","","","","","","","","","","","","","","","","","","","","","","","","","","","","","","","","","","","","","","","","","","","","","","","","","","","","","","","","","","","","","","","","","","","","","","","","","","","","","","","","","","","","","","","","","","","","","","","","","","","","","","","","","","","","","","","","","","","","","","","","","","","","","","","","","","","","","","","","","","","","","","","","","","","","","","","","","","","","","","","","","","","","","","","","120.22","120.73","124.7","123.53","119.08","118.44","118.58","116.49","114.55","108.35","104.99","102.05","102.62","100.32","99.75","97.37","95.37","93.16","92.35","90.82","88.82","84.51","83.72","81.73","81.25","81.12","81.44","80.55","81.98","83.56","85.22","87.96","90.48","94.01","98.49","100.39","105.41","106.73","109.99","110.87","114.74","117.08","120.44","122.2","127.63","129.52","133.82","136.69","144.87","142.47"
"Q","Quarterly","HU","Hungary","R","Real","771","Year-on-year changes, in per cent","Q:HU:R:771","","","","","","","","","","","","","","","","","","","","","","","","","","","","","","","","","","","","","","","","","","","","","","","","","","","","","","","","","","","","","","","","","","","","","","","","","","","","","","","","","","","","","","","","","","","","","","","","","","","","","","","","","","","","","","","","","","","","","","","","","","","","","","","","","","","","","","","","","","","","","","","","","","","","","","","","","","","","","","","","","","","","","","","","","","","","","","","","","","","","","","","","","","","","","","","","","","","","","","","","","","","","","","","","","","","","","","","","","","","","","","","","","","","","","","","","","","","","","","","","","","","","","","","","","","","","","","","","","","","","","","","","","","","","","","","","","","","","","","","","","","","","","","","","","","","","","","","","","","","","","","","","","","","","","","","","","","","","","","","","","","","","","-0.95","-1.89","-4.91","-5.7","-3.8","-8.52","-11.46","-12.4","-10.42","-7.42","-4.99","-4.59","-7.06","-7.13","-7.42","-6.72","-6.87","-9.29","-9.35","-10.01","-8.53","-4.01","-2.72","-1.44","0.91","3","4.64","9.19","10.36","12.51","15.58","14.13","16.5","13.53","11.67","10.45","8.86","9.7","9.5","10.21","11.24","10.62","11.12","11.86","13.5","10"
"Q","Quarterly","ID","Indonesia","N","Nominal","628","Index, 2010 = 100","Q:ID:N:628","","","","","","","","","","","","","","","","","","","","","","","","","","","","","","","","","","","","","","","","","","","","","","","","","","","","","","","","","","","","","","","","","","","","","","","","","","","","","","","","","","","","","","","","","","","","","","","","","","","","","","","","","","","","","","","","","","","","","","","","","","","","","","","","","","","","","","","","","","","","","","","","","","","","","","","","","","","","","","","","","","","","","","","","","","","","","","","","","","","","","","","","","","","","","","","","","","","","","","","","","","","","","","","","","","","","","","","","","","","","","","","","","","","","","","","","","","","","","","","","","","","","","","","","","","","","","","","","","","","","","","","","","","","","","","","","","","","","","","","","","","","","","","","","","","","","","","","","","","","","","73.91","75.03","76.14","76.82","78.55","79.65","80.85","81.41","82.06","83.11","83.85","84.22","85.25","86.14","86.68","88.35","90.52","90.83","91.38","91.93","92.16","92.78","93.08","93.54","94.23","95.02","95.47","95.93","96.38","97.05","97.47","98.14","98.83","99.85","100.33","100.99","103.25","104.38","104.88","106.09","106.96","108.22","109.34","113.27","118.73","121.32","124.1","126.3","128.14","130.3","132.2","134.24","136.17","138.06","139.42","140.44","141.83","142.73","143.25","143.78","145.55","147.26","148","148.82","150.92","152.08","152.7","153.24","154","154.31"
"Q","Quarterly","ID","Indonesia","N","Nominal","771","Year-on-year changes, in per cent","Q:ID:N:771","","","","","","","","","","","","","","","","","","","","","","","","","","","","","","","","","","","","","","","","","","","","","","","","","","","","","","","","","","","","","","","","","","","","","","","","","","","","","","","","","","","","","","","","","","","","","","","","","","","","","","","","","","","","","","","","","","","","","","","","","","","","","","","","","","","","","","","","","","","","","","","","","","","","","","","","","","","","","","","","","","","","","","","","","","","","","","","","","","","","","","","","","","","","","","","","","","","","","","","","","","","","","","","","","","","","","","","","","","","","","","","","","","","","","","","","","","","","","","","","","","","","","","","","","","","","","","","","","","","","","","","","","","","","","","","","","","","","","","","","","","","","","","","","","","","","","","","","","","","","","","","","","6.29","6.16","6.18","5.98","4.47","4.34","3.72","3.44","3.88","3.65","3.38","4.91","6.18","5.45","5.41","4.06","1.81","2.15","1.87","1.74","2.25","2.41","2.56","2.56","2.28","2.13","2.1","2.3","2.54","2.89","2.93","2.91","4.48","4.53","4.54","5.05","3.59","3.68","4.25","6.76","11","12.11","13.51","11.51","7.92","7.4","6.53","6.28","6.27","5.95","5.46","4.61","4.15","3.39","2.75","2.38","2.63","3.17","3.32","3.51","3.69","3.27","3.18","2.97","2.04","1.47"
"Q","Quarterly","ID","Indonesia","R","Real","628","Index, 2010 = 100","Q:ID:R:628","","","","","","","","","","","","","","","","","","","","","","","","","","","","","","","","","","","","","","","","","","","","","","","","","","","","","","","","","","","","","","","","","","","","","","","","","","","","","","","","","","","","","","","","","","","","","","","","","","","","","","","","","","","","","","","","","","","","","","","","","","","","","","","","","","","","","","","","","","","","","","","","","","","","","","","","","","","","","","","","","","","","","","","","","","","","","","","","","","","","","","","","","","","","","","","","","","","","","","","","","","","","","","","","","","","","","","","","","","","","","","","","","","","","","","","","","","","","","","","","","","","","","","","","","","","","","","","","","","","","","","","","","","","","","","","","","","","","","","","","","","","","","","","","","","","","","","","","","","","","","139.4","140.26","139.95","137.56","137.53","139.12","140.03","138.15","137.01","136.07","135.84","134.35","132.08","131.02","129.53","119.65","119.98","119.6","118.87","117.4","114.85","115.23","113.69","111.92","109.09","106.59","102.82","101.94","102.25","102.99","102.15","101.66","101.15","101.52","99.04","98.4","98.93","100.23","98.93","99.29","98.86","99.57","99.13","102.07","105.03","106.25","104.16","105.37","105.19","106.56","106.33","105.18","104.92","105.45","104.71","104.98","104.73","105.38","104.43","104.04","103.7","104.25","103.94","104.05","104.12","104.26","104.02","103.85","103.52","102.57"
"Q","Quarterly","ID","Indonesia","R","Real","771","Year-on-year changes, in per cent","Q:ID:R:771","","","","","","","","","","","","","","","","","","","","","","","","","","","","","","","","","","","","","","","","","","","","","","","","","","","","","","","","","","","","","","","","","","","","","","","","","","","","","","","","","","","","","","","","","","","","","","","","","","","","","","","","","","","","","","","","","","","","","","","","","","","","","","","","","","","","","","","","","","","","","","","","","","","","","","","","","","","","","","","","","","","","","","","","","","","","","","","","","","","","","","","","","","","","","","","","","","","","","","","","","","","","","","","","","","","","","","","","","","","","","","","","","","","","","","","","","","","","","","","","","","","","","","","","","","","","","","","","","","","","","","","","","","","","","","","","","","","","","","","","","","","","","","","","","","","","","","","","","","","","","","","","","-1.34","-0.81","0.05","0.43","-0.38","-2.19","-2.99","-2.75","-3.6","-3.72","-4.65","-10.94","-9.16","-8.71","-8.23","-1.88","-4.28","-3.66","-4.35","-4.67","-5.01","-7.5","-9.57","-8.91","-6.27","-3.37","-0.65","-0.27","-1.07","-1.43","-3.05","-3.21","-2.19","-1.28","-0.11","0.91","-0.07","-0.65","0.2","2.8","6.24","6.71","5.08","3.23","0.15","0.29","2.08","-0.18","-0.26","-1.04","-1.52","-0.19","-0.18","-0.07","-0.27","-0.89","-0.98","-1.07","-0.47","0.01","0.4","0.01","0.08","-0.19","-0.57","-1.63"
"Q","Quarterly","IE","Ireland","N","Nominal","628","Index, 2010 = 100","Q:IE:N:628","","","","","","","","","","","","","","","","","","","","","","","","","","","","","","","","","","","","","","","","","","","","","","","","","","","","","","","","","","","","","","","","","","","","","","","","","","","","","","","","","","","","","","","","","","","","","","","","","","","","","","","","","","","","","","","","","","","","","","","","","","","","","","","","","","","","","","","","","","","","","","","","","","","","","","","","","","","","","","","","","","","","","","","","","","","","","2.66","2.66","2.8","2.96","2.92","2.9","3.2","3.44","3.32","3.26","3.44","3.62","3.62","3.7","3.72","3.78","4.05","4.31","4.58","5.01","5.33","5.62","6.01","6.3","6.6","6.68","7.04","7.76","7.68","7.95","8.81","9.08","10.03","10.62","11.37","11.34","12.18","13.27","13.7","13.63","14.57","14.94","16.28","17.06","17.28","17.42","18.66","19.16","19.32","19.37","19.97","20.26","20","19.41","20.42","19.84","20.17","19.92","20.77","20.6","20.47","20.32","21.13","21.61","21.15","21.18","22.22","21.91","21.51","20.79","22.18","23.35","22.86","22.34","23.86","24.67","25.47","24.5","26.54","28.31","29.29","28.33","30.26","29.65","30.03","28.45","30.22","31.3","31.23","30.1","31.39","31.44","30.46","30.63","32.15","31.61","32.72","31.56","32.14","33.99","34.84","33.56","34.99","36.39","36.56","37.08","41.19","41.68","41.84","44.04","47.19","50.75","52.8","53.97","56.45","61.56","63.78","62.54","68.65","71.68","72.01","73.28","76.79","81.59","82.01","82.21","81.06","82.11","85.12","86.21","90.28","93.77","95.86","97.43","102.12","106.82","106.7","107.83","112.99","118.88","118.73","121.25","125.96","131.5","133.9","139.2","147.57","150.79","153.42","153.97","153.78","152.91","149.69","145.6","141.71","134.45","125.02","116.41","111.58","108.99","105.25","101.68","98.69","94.37","90.05","85.41","80.31","75.83","72.45","70.76","71.58","72.17","70.09","70.13","74.1","76.22","77.44","81.76","88.36","91.11","90.99","93.04","96.02","97.44","97.79","98.89","103.17","105.77","106.98","109.34","115.31","118.1","120.15","123.05","125.8","126.67","125.49","126.16"
"Q","Quarterly","IE","Ireland","N","Nominal","771","Year-on-year changes, in per cent","Q:IE:N:771","","","","","","","","","","","","","","","","","","","","","","","","","","","","","","","","","","","","","","","","","","","","","","","","","","","","","","","","","","","","","","","","","","","","","","","","","","","","","","","","","","","","","","","","","","","","","","","","","","","","","","","","","","","","","","","","","","","","","","","","","","","","","","","","","","","","","","","","","","","","","","","","","","","","","","","","","","","","","","","","","","","","","","","","","","","","","","","","","9.72","8.94","14.23","16.29","13.89","12.55","7.65","5.28","8.94","13.4","8.12","4.44","11.78","16.54","23","32.41","31.61","30.41","31.37","25.66","24.02","18.84","17.14","23.31","16.35","19.1","25","16.97","30.56","33.57","29.13","24.89","21.39","24.93","20.5","20.18","19.66","12.56","18.8","25.15","18.61","16.58","14.62","12.33","11.81","11.22","7.04","5.71","3.47","0.22","2.24","-2.05","0.89","2.61","1.75","3.82","1.46","2","1.73","4.92","3.35","4.25","5.13","1.39","1.69","-1.85","-0.17","6.54","6.3","7.46","7.59","5.66","11.42","9.65","11.23","14.75","14.99","15.63","13.99","4.77","2.51","0.42","-0.12","5.56","4","5.84","3.86","0.44","-2.45","1.74","2.43","0.56","7.41","3.03","-0.03","7.52","6.46","6.34","8.85","7.07","4.94","10.5","17.74","14.51","14.44","18.77","14.57","21.78","26.21","22.54","19.61","21.3","20.8","15.87","21.62","16.43","12.9","17.18","11.86","13.83","13.88","12.19","5.56","0.64","3.79","4.86","11.37","14.19","12.62","13.02","13.12","13.92","11.3","10.68","10.65","11.28","11.28","12.44","11.48","10.62","12.77","14.81","17.16","14.67","14.58","10.61","4.21","1.41","-2.43","-5.44","-7.84","-12.08","-16.48","-20.05","-21.26","-18.94","-15.81","-12.66","-11.55","-13.41","-14.45","-16","-18.63","-19.65","-19.55","-17.16","-10.86","-4.82","-3.25","-0.89","3.51","5.61","10.48","16.58","19.25","19.54","17.5","13.79","8.67","6.94","7.47","6.29","7.45","8.55","9.4","10.57","11.77","11.66","12.3","12.54","9.1","7.25","4.45","2.52"
"Q","Quarterly","IE","Ireland","R","Real","628","Index, 2010 = 100","Q:IE:R:628","","","","","","","","","","","","","","","","","","","","","","","","","","","","","","","","","","","","","","","","","","","","","","","","","","","","","","","","","","","","","","","","","","","","","","","","","","","","","","","","","","","","","","","","","","","","","","","","","","","","","","","","","","","","","","","","","","","","","","","","","","","","","","","","","","","","","","","","","","","","","","","","","","","","","","","","","","","","","","","","","","","","","","","","","","","","","34.4","33.05","34.21","35.38","34.33","33.17","35.92","37.88","35.77","34.56","35.51","36.84","35.41","35.09","34.52","34.16","34.88","35.19","36.01","37.68","37.08","36.87","39.77","40.53","39.61","37.7","39.19","41.44","39.5","39.41","43.16","43.75","47.65","49.58","51.5","50.63","52.18","55.11","54.64","52.47","54.06","51.61","54.62","55.54","53","51.4","52.12","50.59","49.29","47.24","47.69","47.62","45.86","43.33","44.32","42.28","42","40.54","41.77","41.14","40.13","39.31","40.29","41.14","39.65","39.23","41.09","40.43","38.98","37.45","39.74","41.8","40.65","39.51","41.86","43.01","43.84","41.73","44.57","47.15","48.37","46.62","49.39","48.1","48.39","45.41","47.65","49.04","48.55","46.45","48.14","48.14","46.51","46.76","48.64","47.68","49.06","46.9","47.42","50.08","50.95","48.52","50.37","52.4","52.4","52.86","58.47","58.83","59.12","61.87","66.17","70.58","73.28","73.87","76.85","83.74","87.26","84.43","92.2","95.29","94.42","94.03","97.1","101.78","102.08","100","97.97","98.42","101.1","100.28","104.63","107.25","108.52","109.22","114.74","119.56","118.87","118.75","123.72","129.47","129.41","130.52","134.49","139.52","141.44","144.28","151.16","153.2","154.3","152.03","150.39","148.18","143.75","137.39","132.77","127.07","121.85","115.02","111.36","109.3","106.19","101.79","98.29","93.83","88.85","83.16","78.09","73.38","69.95","67.7","68.4","69.1","67.04","66.75","70.55","72.83","74","77.56","83.87","87.06","87.44","88.58","91.27","93.2","94.07","94.02","97.93","101.3","102.4","103.72","109.31","112.55","114.65","116.57","118.32","119.84","118.8","118.04"
"Q","Quarterly","IE","Ireland","R","Real","771","Year-on-year changes, in per cent","Q:IE:R:771","","","","","","","","","","","","","","","","","","","","","","","","","","","","","","","","","","","","","","","","","","","","","","","","","","","","","","","","","","","","","","","","","","","","","","","","","","","","","","","","","","","","","","","","","","","","","","","","","","","","","","","","","","","","","","","","","","","","","","","","","","","","","","","","","","","","","","","","","","","","","","","","","","","","","","","","","","","","","","","","","","","","","","","","","","","","","","","","","-0.22","0.38","4.99","7.07","4.2","4.2","-1.14","-2.74","-1.01","1.53","-2.79","-7.29","-1.5","0.27","4.34","10.32","6.3","4.78","10.43","7.55","6.85","2.26","-1.47","2.24","-0.28","4.52","10.15","5.58","20.63","25.82","19.31","15.71","9.51","11.15","6.09","3.65","3.59","-6.35","-0.03","5.84","-1.96","-0.41","-4.58","-8.91","-6.98","-8.09","-8.49","-5.88","-6.98","-8.27","-7.08","-11.2","-8.4","-6.45","-5.74","-2.7","-4.47","-3.04","-3.55","-0.01","-1.19","-0.19","1.98","-1.71","-1.69","-4.56","-3.29","3.37","4.29","5.52","5.35","2.91","7.83","5.6","6.46","9.62","10.33","11.72","10.83","2","0.06","-2.59","-3.54","1.97","0.33","2.29","1.03","-1.84","-4.22","0.67","1.05","-0.94","5.5","0.31","-2.51","5.01","3.85","3.46","6.22","4.64","2.85","8.94","16.09","12.27","12.81","17.05","13.16","19.97","23.96","19.39","16.15","18.66","19.08","14.29","19.97","13.79","8.21","11.37","5.31","6.82","8.11","6.35","0.9","-3.3","-0.97","0.28","6.79","8.97","7.34","8.92","9.67","11.48","9.54","8.73","7.82","8.29","8.87","9.91","8.7","7.76","9.29","10.54","12.4","9.81","9.09","5.37","-0.51","-3.28","-6.83","-9.63","-11.72","-14.24","-15.24","-16.28","-16.12","-13.99","-12.85","-11.5","-11.73","-14.16","-16.33","-18.3","-20.56","-21.79","-21.28","-18.59","-12.4","-5.83","-4.16","-1.41","3.14","5.4","10.37","16.2","18.89","19.54","18.17","14.21","8.81","7.05","7.58","6.15","7.3","8.69","8.85","10.31","11.62","11.11","11.97","12.39","8.24","6.48","3.62","1.25"
"Q","Quarterly","IL","Israel","N","Nominal","628","Index, 2010 = 100","Q:IL:N:628","","","","","","","","","","","","","","","","","","","","","","","","","","","","","","","","","","","","","","","","","","","","","","","","","","","","","","","","","","","","","","","","","","","","","","","","","","","","","","","","","","","","","","","","","","","","","","","","","","","","","","","","","","","","","","","","","","","","","","","","","","","","","","","","","","","","","","","","","","","","","","","","","","","","","","","","","","","","","","","","","","","","","","","","","","","","","","","","","","","","","","","","","","","","","","","","","","","","","","","","","","","","","","","","","","","","","","","","","","","","","","","","","","","","","","","","","","","","","","","","","","","","","","","","","","","","","","","","","","","","","","","","","","","","","45.61","48.38","50.48","52.25","53.7","54.98","57.5","60.25","63.09","66.3","65.57","67.6","69.65","71.59","72.98","72.46","72.8","73.33","73.38","77.92","77.48","76.95","77.88","77.56","74.2","75.04","73.45","72.3","71.71","70.79","71.24","70.97","74.77","76.28","74.9","73.75","73.02","69.95","70.28","69.47","69.98","71.27","70.57","68.78","68.67","70.05","70.94","71.55","72.13","70.92","70.68","68.78","68.36","68.87","70.89","69.99","71.49","73.32","76.84","77.53","78.96","82.43","87.1","91.65","95.15","98.42","101.55","104.88","108.66","111.26","111.65","110.51","111.08","112.5","114.55","118.26","121.84","123.08","125.43","127.46","131.12","132.62","131.99","133.71","136.46","139.08","141.01","143.91","146.73","149.3","152.54","153.69","154.35","156.32","158.21","156.86","154.89","155.8","155.32","154.55","156.16","157.71"
"Q","Quarterly","IL","Israel","N","Nominal","771","Year-on-year changes, in per cent","Q:IL:N:771","","","","","","","","","","","","","","","","","","","","","","","","","","","","","","","","","","","","","","","","","","","","","","","","","","","","","","","","","","","","","","","","","","","","","","","","","","","","","","","","","","","","","","","","","","","","","","","","","","","","","","","","","","","","","","","","","","","","","","","","","","","","","","","","","","","","","","","","","","","","","","","","","","","","","","","","","","","","","","","","","","","","","","","","","","","","","","","","","","","","","","","","","","","","","","","","","","","","","","","","","","","","","","","","","","","","","","","","","","","","","","","","","","","","","","","","","","","","","","","","","","","","","","","","","","","","","","","","","","","","","","","","","","","","","","","","","17.72","13.63","13.9","15.32","17.49","20.6","14.04","12.19","10.39","7.97","11.3","7.18","4.53","2.43","0.56","7.54","6.42","4.94","6.13","-0.46","-4.23","-2.49","-5.7","-6.78","-3.36","-5.66","-3.01","-1.85","4.27","7.76","5.14","3.92","-2.35","-8.3","-6.16","-5.81","-4.16","1.89","0.42","-0.99","-1.87","-1.71","0.52","4.03","5.03","1.23","-0.38","-3.87","-5.22","-2.89","0.31","1.76","4.57","6.46","8.39","10.77","10.45","12.43","13.35","18.21","20.51","19.4","16.59","14.44","14.2","13.04","9.95","5.37","2.22","1.12","2.6","7.02","9.69","9.4","9.5","7.78","7.61","7.76","5.23","4.91","4.07","4.87","6.84","7.62","7.53","7.35","8.17","6.8","5.2","4.71","3.72","2.06","0.35","-0.33","-1.82","-1.47","0.82","1.22"
"Q","Quarterly","IL","Israel","R","Real","628","Index, 2010 = 100","Q:IL:R:628","","","","","","","","","","","","","","","","","","","","","","","","","","","","","","","","","","","","","","","","","","","","","","","","","","","","","","","","","","","","","","","","","","","","","","","","","","","","","","","","","","","","","","","","","","","","","","","","","","","","","","","","","","","","","","","","","","","","","","","","","","","","","","","","","","","","","","","","","","","","","","","","","","","","","","","","","","","","","","","","","","","","","","","","","","","","","","","","","","","","","","","","","","","","","","","","","","","","","","","","","","","","","","","","","","","","","","","","","","","","","","","","","","","","","","","","","","","","","","","","","","","","","","","","","","","","","","","","","","","","","","","","","","","","","89.44","91.09","91.82","91.67","93.06","93.7","96.12","97.82","99.6","100.6","97.79","98.96","99.69","99.99","99.8","98.12","98.67","97.82","96.86","97.9","97.9","96.93","97.02","95.65","92.37","92.68","90.55","89.16","89.01","86.68","86.37","86.13","89.4","88.36","85.29","83.88","83","79.88","81.3","80.74","81.58","81.96","81.15","79.17","79.44","80.34","80.22","80.29","80.9","78.53","78.37","77.33","77.11","77.09","77.89","76.55","77.81","78.17","80.31","81.05","83.12","85.2","88.24","92.53","96.77","98.93","100.86","103.33","106.26","107.43","107.4","106.23","106.68","106.95","108.24","111.86","115.41","115.58","116.63","118.37","122.61","123.52","122.73","124.42","128.68","130.1","131.64","135.07","139.07","140.84","143.22","144.64","145.6","146.83","148.89","147.18","145.86","145.28","144.35","143.49","145.22","145.31"
"Q","Quarterly","IL","Israel","R","Real","771","Year-on-year changes, in per cent","Q:IL:R:771","","","","","","","","","","","","","","","","","","","","","","","","","","","","","","","","","","","","","","","","","","","","","","","","","","","","","","","","","","","","","","","","","","","","","","","","","","","","","","","","","","","","","","","","","","","","","","","","","","","","","","","","","","","","","","","","","","","","","","","","","","","","","","","","","","","","","","","","","","","","","","","","","","","","","","","","","","","","","","","","","","","","","","","","","","","","","","","","","","","","","","","","","","","","","","","","","","","","","","","","","","","","","","","","","","","","","","","","","","","","","","","","","","","","","","","","","","","","","","","","","","","","","","","","","","","","","","","","","","","","","","","","","","","","","","","","","4.05","2.86","4.68","6.71","7.03","7.37","1.74","1.16","0.09","-0.61","2.05","-0.84","-1.02","-2.17","-2.95","-0.23","-0.78","-0.91","0.16","-2.29","-5.65","-4.39","-6.67","-6.78","-3.64","-6.47","-4.61","-3.4","0.44","1.93","-1.25","-2.61","-7.16","-9.59","-4.67","-3.75","-1.72","2.6","-0.18","-1.94","-2.62","-1.97","-1.15","1.41","1.85","-2.25","-2.32","-3.69","-4.68","-1.84","-0.61","-1.01","0.9","1.4","3.11","5.89","6.83","8.99","9.87","14.15","16.42","16.12","14.3","11.67","9.81","8.6","6.49","2.81","0.39","-0.45","0.79","5.29","8.18","8.07","7.75","5.82","6.24","6.88","5.23","5.11","4.96","5.32","7.26","8.56","8.07","8.25","8.79","7.09","4.7","4.25","3.96","1.76","0.18","-1.06","-3.05","-2.51","-0.44","0.02"
"Q","Quarterly","IN","India","N","Nominal","628","Index, 2010 = 100","Q:IN:N:628","","","","","","","","","","","","","","","","","","","","","","","","","","","","","","","","","","","","","","","","","","","","","","","","","","","","","","","","","","","","","","","","","","","","","","","","","","","","","","","","","","","","","","","","","","","","","","","","","","","","","","","","","","","","","","","","","","","","","","","","","","","","","","","","","","","","","","","","","","","","","","","","","","","","","","","","","","","","","","","","","","","","","","","","","","","","","","","","","","","","","","","","","","","","","","","","","","","","","","","","","","","","","","","","","","","","","","","","","","","","","","","","","","","","","","","","","","","","","","","","","","","","","","","","","","","","","","","","","","","","","","","","","","","","","","","","","","","","","","","","","","","","","","","","","","","","","","","","","","","","","","","","","","","","","","","","","","","","","","","","","","","","","","","","","78.57","82.5","86.04","89.42","93.11","98.53","104.39","103.97","111.5","121.33","124.89","131.27","140.27","149.16","153.86","164.22","168.19","169.76","176.98","180.75","188.8","196.64","201.87","211.29","221.85","225.2","228.23","231.89","229.17","241.72","245.7","251.24","253.13","262.75","264.01","269.34","270.1","276.75","279","283.17","279.9","286.28"
"Q","Quarterly","IN","India","N","Nominal","771","Year-on-year changes, in per cent","Q:IN:N:771","","","","","","","","","","","","","","","","","","","","","","","","","","","","","","","","","","","","","","","","","","","","","","","","","","","","","","","","","","","","","","","","","","","","","","","","","","","","","","","","","","","","","","","","","","","","","","","","","","","","","","","","","","","","","","","","","","","","","","","","","","","","","","","","","","","","","","","","","","","","","","","","","","","","","","","","","","","","","","","","","","","","","","","","","","","","","","","","","","","","","","","","","","","","","","","","","","","","","","","","","","","","","","","","","","","","","","","","","","","","","","","","","","","","","","","","","","","","","","","","","","","","","","","","","","","","","","","","","","","","","","","","","","","","","","","","","","","","","","","","","","","","","","","","","","","","","","","","","","","","","","","","","","","","","","","","","","","","","","","","","","","","","","","","","","","","","18.5","19.43","21.33","16.28","19.75","23.14","19.64","26.26","25.8","22.93","23.2","25.1","19.91","13.81","15.02","10.06","12.25","15.83","14.07","16.9","17.51","14.52","13.06","9.75","3.3","7.33","7.65","8.34","10.45","8.7","7.45","7.2","6.71","5.33","5.68","5.13","3.63","3.45"
"Q","Quarterly","IN","India","R","Real","628","Index, 2010 = 100","Q:IN:R:628","","","","","","","","","","","","","","","","","","","","","","","","","","","","","","","","","","","","","","","","","","","","","","","","","","","","","","","","","","","","","","","","","","","","","","","","","","","","","","","","","","","","","","","","","","","","","","","","","","","","","","","","","","","","","","","","","","","","","","","","","","","","","","","","","","","","","","","","","","","","","","","","","","","","","","","","","","","","","","","","","","","","","","","","","","","","","","","","","","","","","","","","","","","","","","","","","","","","","","","","","","","","","","","","","","","","","","","","","","","","","","","","","","","","","","","","","","","","","","","","","","","","","","","","","","","","","","","","","","","","","","","","","","","","","","","","","","","","","","","","","","","","","","","","","","","","","","","","","","","","","","","","","","","","","","","","","","","","","","","","","","","","","","","","","88.9","91.81","93.15","94.65","96.23","99.12","103.52","100.95","104.84","111.09","112.46","116.6","122.69","126.99","128.44","135.95","139.79","138.3","138.36","137.83","145.74","149.09","147.95","154.85","162.68","162.47","160.91","161.34","159.65","165.03","164.72","168.48","170.26","175.53","171.88","172.75","173.7","176.43","174.9","177.01","175.68","177.07"
"Q","Quarterly","IN","India","R","Real","771","Year-on-year changes, in per cent","Q:IN:R:771","","","","","","","","","","","","","","","","","","","","","","","","","","","","","","","","","","","","","","","","","","","","","","","","","","","","","","","","","","","","","","","","","","","","","","","","","","","","","","","","","","","","","","","","","","","","","","","","","","","","","","","","","","","","","","","","","","","","","","","","","","","","","","","","","","","","","","","","","","","","","","","","","","","","","","","","","","","","","","","","","","","","","","","","","","","","","","","","","","","","","","","","","","","","","","","","","","","","","","","","","","","","","","","","","","","","","","","","","","","","","","","","","","","","","","","","","","","","","","","","","","","","","","","","","","","","","","","","","","","","","","","","","","","","","","","","","","","","","","","","","","","","","","","","","","","","","","","","","","","","","","","","","","","","","","","","","","","","","","","","","","","","","","","","","","","","","8.24","7.96","11.13","6.66","8.95","12.08","8.63","15.5","17.02","14.31","14.22","16.6","13.94","8.9","7.72","1.38","4.26","7.8","6.93","12.35","11.62","8.97","8.76","4.19","-1.86","1.58","2.37","4.43","6.65","6.36","4.34","2.53","2.02","0.51","1.76","2.47","1.14","0.36"
"Q","Quarterly","IS","Iceland","N","Nominal","628","Index, 2010 = 100","Q:IS:N:628","","","","","","","","","","","","","","","","","","","","","","","","","","","","","","","","","","","","","","","","","","","","","","","","","","","","","","","","","","","","","","","","","","","","","","","","","","","","","","","","","","","","","","","","","","","","","","","","","","","","","","","","","","","","","","","","","","","","","","","","","","","","","","","","","","","","","","","","","","","","","","","","","","","","","","","","","","","","","","","","","","","","","","","","","","","","","","","","","","","","","","","","","","","","","","","","","","","","","","","","","","","","","","","","","","","","","","","","","","","","","","","","","","","","","","","","","","","","","","","","","","","","","","","","","","","","","","","","","","","","","","","","","","","","","","","","","","","","","","","","","","","","","","","","","","","","","45.81","48.1","48.43","49.34","49.52","50.72","51.13","51.68","52.23","52.41","53.97","55.11","57.13","58.6","61.53","61.89","61.99","65.65","67.12","70.23","76.92","84.76","89.57","92.59","95.84","99.28","99.87","99.83","101.71","106.88","112.43","114.9","115.86","114.58","113.66","111.79","103.04","102.53","100.79","102.49","98.41","100.79","99.74","101.07","101.8","104.59","106.38","109.22","109.27","112.61","113.39","114.21","114.26","118.11","120.22","124.11","125.39","128.05","130.62","131.67","137.17","138.08","140.1","143.58","146.38","149.22","158.1","164.65","172.49","183.76","190.36","189.35","195.21","196.45","199.89","202.41","203.78","204.65"
"Q","Quarterly","IS","Iceland","N","Nominal","771","Year-on-year changes, in per cent","Q:IS:N:771","","","","","","","","","","","","","","","","","","","","","","","","","","","","","","","","","","","","","","","","","","","","","","","","","","","","","","","","","","","","","","","","","","","","","","","","","","","","","","","","","","","","","","","","","","","","","","","","","","","","","","","","","","","","","","","","","","","","","","","","","","","","","","","","","","","","","","","","","","","","","","","","","","","","","","","","","","","","","","","","","","","","","","","","","","","","","","","","","","","","","","","","","","","","","","","","","","","","","","","","","","","","","","","","","","","","","","","","","","","","","","","","","","","","","","","","","","","","","","","","","","","","","","","","","","","","","","","","","","","","","","","","","","","","","","","","","","","","","","","","","","","","","","","","","","","","","","","","","8.1","5.43","5.58","4.74","5.46","3.34","5.56","6.65","9.39","11.8","14.01","12.3","8.5","12.04","9.08","13.47","24.09","29.1","33.45","31.83","24.6","17.14","11.51","7.82","6.12","7.66","12.57","15.1","13.92","7.2","1.1","-2.71","-11.07","-10.52","-11.33","-8.32","-4.49","-1.7","-1.05","-1.39","3.45","3.77","6.66","8.07","7.34","7.67","6.59","4.57","4.57","4.88","6.02","8.66","9.74","8.42","8.65","6.09","9.39","7.84","7.26","9.05","6.71","8.06","12.85","14.68","17.84","23.15","20.4","15","13.17","6.91","5.01","6.9","4.39","4.17"
"Q","Quarterly","IS","Iceland","R","Real","628","Index, 2010 = 100","Q:IS:R:628","","","","","","","","","","","","","","","","","","","","","","","","","","","","","","","","","","","","","","","","","","","","","","","","","","","","","","","","","","","","","","","","","","","","","","","","","","","","","","","","","","","","","","","","","","","","","","","","","","","","","","","","","","","","","","","","","","","","","","","","","","","","","","","","","","","","","","","","","","","","","","","","","","","","","","","","","","","","","","","","","","","","","","","","","","","","","","","","","","","","","","","","","","","","","","","","","","","","","","","","","","","","","","","","","","","","","","","","","","","","","","","","","","","","","","","","","","","","","","","","","","","","","","","","","","","","","","","","","","","","","","","","","","","","","","","","","","","","","","","","","","","","","","","","","","","","","85.07","88.07","88.13","88.76","88.57","87.92","86.31","85.87","85.67","85.68","88.07","89.4","92.12","93.83","98.48","97.98","97.85","101.95","103.76","107.13","116.34","127.36","133.17","135.36","138.96","139.39","137.27","136.22","138.17","143.4","148.88","149.07","146.98","136.92","131.99","123.89","111.61","109.49","105.43","104.58","99.22","100.45","99.98","100.33","100.62","100.74","101.31","103.01","101.48","102.55","103.52","103.28","101.72","104.09","105.51","108.11","108.92","110.28","112.25","113.27","117.88","117.13","118.06","121.17","123.41","124.53","131.52","136.33","142.81","150.75","155.77","153.97","157.75","157.55","159.28","159.37","159.71","158.72"
"Q","Quarterly","IS","Iceland","R","Real","771","Year-on-year changes, in per cent","Q:IS:R:771","","","","","","","","","","","","","","","","","","","","","","","","","","","","","","","","","","","","","","","","","","","","","","","","","","","","","","","","","","","","","","","","","","","","","","","","","","","","","","","","","","","","","","","","","","","","","","","","","","","","","","","","","","","","","","","","","","","","","","","","","","","","","","","","","","","","","","","","","","","","","","","","","","","","","","","","","","","","","","","","","","","","","","","","","","","","","","","","","","","","","","","","","","","","","","","","","","","","","","","","","","","","","","","","","","","","","","","","","","","","","","","","","","","","","","","","","","","","","","","","","","","","","","","","","","","","","","","","","","","","","","","","","","","","","","","","","","","","","","","","","","","","","","","","","","","","","","","","","4.13","-0.17","-2.06","-3.25","-3.27","-2.55","2.03","4.11","7.52","9.52","11.83","9.59","6.22","8.66","5.35","9.34","18.89","24.92","28.35","26.35","19.44","9.45","3.08","0.63","-0.56","2.87","8.45","9.44","6.37","-4.52","-11.34","-16.89","-24.06","-20.03","-20.12","-15.58","-11.1","-8.25","-5.17","-4.06","1.41","0.29","1.33","2.67","0.85","1.8","2.19","0.26","0.24","1.5","1.92","4.68","7.08","5.95","6.39","4.78","8.22","6.21","5.18","6.97","4.69","6.32","11.4","12.52","15.72","21.05","18.44","12.94","10.46","4.51","2.26","3.5","1.24","0.75"
"Q","Quarterly","IT","Italy","N","Nominal","628","Index, 2010 = 100","Q:IT:N:628","0.02","0.02","0.02","0.02","0.02","0.02","0.02","0.02","0.02","0.02","0.02","0.02","0.02","0.02","0.02","0.02","0.02","0.01","0.01","0.01","0.01","0.01","0.01","0.01","0.01","0.01","0.01","0.01","0.01","0.01","0.01","0.01","0.01","0.01","0.01","0.01","0.01","0.01","0.01","0.01","0.01","0.01","0.01","0.01","0.01","0.01","0.01","0.01","0.01","0.01","0.01","0.01","0.01","0.01","0.01","0.01","0.02","0.02","0.02","0.02","0.02","0.02","0.02","0.02","0.02","0.02","0.03","0.04","0.06","0.07","0.12","0.19","0.26","0.34","0.4","0.44","0.49","0.54","0.6","0.68","0.76","0.84","0.9","0.95","1.04","1.07","0.99","1.02","1.05","1.05","0.96","0.93","0.92","0.98","1.06","1.07","1.14","1.22","1.22","1.2","1.2","1.21","1.23","1.24","1.22","1.26","1.21","1.23","1.23","1.28","1.31","1.3","1.29","1.34","1.33","1.3","1.34","1.37","1.35","1.35","1.38","1.38","1.39","1.4","1.39","1.43","1.41","1.36","1.36","1.38","1.39","1.42","1.44","1.42","1.43","1.43","1.47","1.5","1.5","1.52","1.57","1.63","1.62","1.62","1.74","1.75","1.73","1.82","1.89","1.95","2","2","1.98","1.95","1.94","1.95","1.97","1.98","1.97","1.97","1.97","1.97","2.01","2.08","2.15","2.21","2.21","2.21","2.23","2.26","2.3","2.32","2.38","2.43","2.43","2.45","2.42","2.47","2.53","2.57","2.61","2.69","2.75","2.77","2.83","3.03","3.37","3.79","4.25","4.75","5.2","5.49","5.65","5.74","5.92","6.14","6.37","6.64","6.95","7.22","7.37","7.5","7.62","7.75","7.96","8.41","8.94","9.4","9.8","10.14","10.51","10.98","11.76","13.05","14.54","15.91","17.18","18.28","19.08","19.48","19.81","20.4","20.97","21.45","21.84","22.19","22.46","22.64","22.77","22.85","22.92","23.01","23.13","23.25","23.41","23.51","23.69","23.91","24.11","24.24","24.58","25.09","25.65","26.17","26.92","28.09","29.25","30.3","31.46","33.02","34.59","35.97","37.43","38.96","40.13","41.83","44.03","45.65","46.33","47.45","50.5","52.56","53.59","54.18","54.78","55.23","55.76","55.16","54.76","54.29","54.75","54.39","54.08","54.66","55.33","55.84","56.4","56.67","57.35","57.93","58.86","58.97","59","59.27","58.47","59.1","59.22","59.23","59.11","59.49","59.78","60.12","60.97","61.49","62.33","63.05","63.78","64.58","65.97","67.73","71.62","73.13","74.01","74.56","76.24","77.26","78.7","79.19","80.01","81.62","83.76","85.04","86.66","88.27","89.99","90.8","91.78","93.55","95.25","95.89","97.16","98.27","99.62","100.14","100.78","101.79","102.23","100.67","101.02","100.92","101.07","100.41","98.9","99.83","100.59","100.68","100.17","102.2","101.86","101.19","100.76","100","98.14","96.19","93.56","93.31","91.96","90.69","89.5","88.65","87.64","86.28","84.42","84.5","85.27","84.5","84.5","85.1","85.27","84.67","83.91","84.34","84","83.66","83.49","84","83.32","83.23","82.73","83.83"
"Q","Quarterly","IT","Italy","N","Nominal","771","Year-on-year changes, in per cent","Q:IT:N:771","","","","","-1.72","-1.73","-2","-2.55","-3.09","-3.64","-4.35","-5.24","-6.15","-7.07","-7.91","-8.69","-9.48","-10.31","-10.78","-10.84","-10.92","-11.01","-10.31","-8.73","-7.07","-5.31","-4.78","-5.62","-6.48","-7.35","-6.54","-3.82","-1.02","1.87","3.12","2.49","1.88","1.28","1.28","1.92","2.55","3.17","3.43","3.33","3.23","3.13","2.98","2.79","2.6","2.42","2.84","3.88","4.91","5.92","7.63","10","12.26","14.44","14.41","12.2","10.17","8.29","9.6","14.11","18.41","22.55","61.4","130.96","192.81","248.12","306.31","337.3","351.77","360.35","240.16","133.19","86.34","59.95","51.35","53.21","54.7","55.92","50.16","39.39","37.11","27.88","10.15","7.82","0.72","-1.9","-3.01","-9.44","-12.05","-6.46","9.96","16.19","24.02","24.65","15.06","11.9","4.85","-0.83","0.94","2.95","1.83","3.5","-1.53","-0.44","1.19","2.21","8.46","5.51","4.64","4.43","0.96","-0.39","3.79","2.36","1.67","3.85","3.22","0.41","3.21","3.78","0.34","3.43","1.24","-2.84","-1.87","-3.04","-1.42","4.98","5.4","2.83","2.81","0.24","2.26","5.28","4.89","6.35","6.91","8.87","8.32","6.8","10.66","7.12","6.98","12.06","8.71","11.78","15.06","9.81","4.72","-0.15","-2.68","-2.43","-0.52","1.78","1.27","0.96","-0.14","-0.59","2.45","6.04","9.18","11.97","9.73","6.01","3.84","2.59","3.94","5.08","6.94","7.33","5.57","5.54","1.5","1.76","4.45","4.78","7.73","8.67","8.68","7.92","8.44","12.68","22.36","36.71","50.58","56.81","54.16","44.85","32.82","20.95","13.86","11.82","12.74","15.6","17.47","17.65","15.7","12.91","9.65","7.31","7.98","12.17","17.39","21.36","23.07","20.52","17.52","16.84","20.09","28.69","38.28","44.89","46.03","40.12","31.24","22.38","15.3","11.61","9.94","10.13","10.27","8.76","7.1","5.56","4.25","2.97","2.06","1.6","1.59","1.76","2.11","2.2","2.4","2.86","2.98","3.11","3.76","4.92","6.39","7.96","9.53","11.96","14.04","15.77","16.85","17.55","18.27","18.72","19","17.97","16.01","16.29","17.62","17.18","15.46","13.42","14.7","15.14","15.67","14.18","8.47","5.06","4.05","1.81","-0.03","-1.7","-1.81","-1.39","-1.25","0.68","1.05","2.66","4.29","3.67","3.65","3.75","4.37","4.07","2.89","2.32","-0.67","0.21","0.36","-0.07","1.1","0.66","0.95","1.49","3.15","3.36","4.26","4.87","4.6","5.04","5.84","7.43","12.3","13.23","12.18","10.07","6.46","5.66","6.34","6.21","4.93","5.64","6.43","7.4","8.32","8.14","7.43","6.77","5.9","5.99","5.85","5.61","5.86","5.04","4.58","4.43","3.74","3.58","2.62","0.52","0.24","-0.86","-1.13","-0.26","-2.1","-1.08","-0.47","0.26","1.28","2.37","1.26","0.5","0.59","-2.15","-3.66","-4.94","-7.14","-6.69","-6.3","-5.72","-4.34","-4.99","-4.7","-4.86","-5.68","-4.68","-2.71","-2.06","0.1","0.7","0","0.2","-0.7","-0.9","-1.49","-1.2","-0.5","-0.4","-0.81","-0.51","-0.91","-0.2"
"Q","Quarterly","IT","Italy","R","Real","628","Index, 2010 = 100","Q:IT:R:628","","","","","","","","","","","","","","","","","","","","","","","","","","","","","","","","","","","","","","","","","","","","","","","","","","","","","","","","","","","","","","","","","","","","","","","","","","","","","","","","","34.28","32.02","29.86","31.15","36.06","36.84","35","35.24","35.4","35.07","33.11","32.59","32.83","34.57","36.23","36.23","37.28","38.52","38.03","37.41","36.99","36.96","36.99","37.04","36.58","37.13","36.16","36.48","36.44","37.25","37.62","37.28","37","37.73","37.15","36.18","36.51","36.61","35.98","36","36.69","36.65","36.58","36.09","35.41","35.47","34.97","34.31","34.56","35.04","35.1","35.47","35.47","35.05","34.98","34.91","35.47","35.8","35.67","35.82","36.42","37.09","36.65","36.19","37.32","36.98","36.59","37.63","38.51","39.24","39.47","38.92","38.2","37.34","36.96","36.92","37.08","37.17","36.83","36.61","36.41","36.29","36.84","37.95","38.98","39.99","40.13","39.95","39.98","40.19","40.35","40.38","40.79","41.05","40.68","40.45","39.42","39.89","40.49","40.44","40.54","41.28","41.53","40.7","40.41","41.88","45.55","49.84","53.14","56.41","58.21","57.91","57.62","56.99","57.6","58.04","57.88","56.74","57.73","56.38","55.04","53.93","53.45","52.58","52.65","53.97","56.05","57.19","57.38","57.26","57.37","56.78","57.12","60.95","65.14","67.72","69.48","70.81","71.73","70.02","68.46","68.43","67.57","66.14","65","64.17","63.5","61.87","60.45","59.31","58.67","57.49","56.19","55.16","54.9","53.96","53.52","53.48","53.61","53.28","53.25","53.74","54.37","54.59","55.48","57.29","59.06","60.13","61.24","63.27","65.66","67.14","68.45","70.35","71.49","73.16","75.69","77.37","77.61","78.38","82.13","84.45","85.46","85.35","85.2","84.86","84.84","83.1","81.6","80.16","80.23","78.83","77.22","76.62","76.74","76.64","76.6","76.12","76.84","77.25","78","77.75","77.65","77.52","75.94","76.36","76.37","76.13","75.72","75.76","75.79","75.71","76.3","76.41","77","77.33","77.57","77.88","79.27","81.14","85.06","86.22","86.84","86.9","88.16","88.7","89.88","90.03","90.44","91.58","93.57","94.81","96.13","97.23","98.54","99.08","99.66","100.81","102.09","102.77","103.7","104.23","105.05","104.86","104.39","104.24","103.68","102.54","103.11","102.47","102.38","101.61","99.65","99.97","100.28","100.1","98.63","99.68","98.77","97.38","96.09","94.43","92.23","90.35","87.55","87.1","85.46","84.6","83.33","82.39","81.5","80.41","78.8","78.49","79.15","78.63","78.94","79.35","79.16","78.66","77.36","77.47","77.11","77.03","76.42","76.46","75.37","75.56","75.01","75.66"
"Q","Quarterly","IT","Italy","R","Real","771","Year-on-year changes, in per cent","Q:IT:R:771","","","","","","","","","","","","","","","","","","","","","","","","","","","","","","","","","","","","","","","","","","","","","","","","","","","","","","","","","","","","","","","","","","","","","","","","","","","","","","","","","","","","","5.2","15.06","17.19","13.1","-1.82","-4.81","-5.38","-7.51","-7.26","-1.43","9.42","11.19","13.53","11.42","4.97","3.24","-0.78","-4.05","-2.73","-0.99","-1.09","0.46","-2.26","-1.49","-0.4","0.32","4.04","2.18","1.55","1.3","-1.25","-2.96","-1.33","-2.97","-3.15","-0.5","0.5","0.13","1.67","0.25","-3.48","-3.24","-4.38","-4.94","-2.41","-1.21","0.35","3.4","2.63","0.04","-0.32","-1.59","-0.02","2.15","1.96","2.61","2.68","3.59","2.75","1.04","2.47","-0.3","-0.16","3.98","3.2","6.12","7.86","3.42","-0.81","-4.84","-6.37","-5.13","-2.91","-0.46","-0.34","-0.84","-1.81","-2.38","0.02","3.66","7.05","10.22","8.95","5.26","2.57","0.5","0.54","1.09","2.02","2.14","0.81","0.17","-3.36","-2.82","-0.45","-0.01","2.86","3.46","2.57","0.65","-0.34","1.46","9.67","22.46","31.51","34.71","27.79","16.18","8.45","1.03","-1.04","0.22","0.44","-0.44","0.23","-2.87","-4.92","-4.96","-7.41","-6.74","-4.33","0.07","4.86","8.77","8.98","6.1","2.36","-0.72","-0.45","6.45","13.54","19.28","21.64","16.17","10.12","3.4","-1.47","-3.35","-5.8","-5.54","-5.06","-6.23","-6.02","-6.45","-6.99","-7.58","-7.62","-7.09","-7.05","-6.99","-6.43","-6.14","-4.76","-3.04","-2.35","-1.26","-0.5","0.48","1.41","2.46","4.17","6.6","8.64","10.16","10.39","10.43","11.16","11.65","11.77","11.2","8.88","8.97","10.58","9.98","8.56","7.14","8.52","9.15","10.11","8.89","3.73","0.49","-0.72","-2.64","-4.22","-5.54","-5.43","-5.14","-5.37","-4.42","-4.35","-2.78","-0.81","-0.65","0.13","0.8","1.83","2.14","1.05","0.34","-2.64","-1.79","-1.64","-1.78","-0.29","-0.78","-0.76","-0.56","0.77","0.85","1.59","2.14","1.66","1.93","2.96","4.92","9.66","10.71","9.55","7.11","3.64","2.88","3.5","3.59","2.59","3.24","4.11","5.31","6.29","6.18","5.3","4.51","3.67","3.68","3.6","3.72","4.06","3.39","2.9","2.03","0.66","0.01","-1.31","-2.21","-1.23","-1.7","-1.25","-0.91","-3.35","-2.44","-2.05","-1.49","-1.03","-0.29","-1.5","-2.71","-2.57","-5.26","-6.62","-7.23","-8.88","-7.76","-7.34","-6.36","-4.82","-5.41","-4.64","-4.95","-5.44","-4.74","-2.89","-2.21","0.18","1.1","0.02","0.04","-2","-2.36","-2.59","-2.08","-1.22","-1.31","-2.25","-1.9","-1.85","-1.04"
"Q","Quarterly","JP","Japan","N","Nominal","628","Index, 2010 = 100","Q:JP:N:628","","","","","","","","","","","","","","","","","","","","","","","","","","","","","","","","","","","","","","","","","","","","","","","","","","","","","","","","","","","","","","","","","","","","","","","","","","","","","","","","","","","","","","","","","","","","","","","","","","","","","","","","","","","","","","","","","2.21","2.28","2.35","2.43","2.52","2.66","2.81","3","3.18","3.35","3.52","3.72","3.91","4.15","4.38","4.62","4.85","5.13","5.42","5.69","5.96","6.41","6.86","7.53","8.21","8.86","9.51","9.95","10.38","10.81","11.25","11.63","12.02","12.4","12.79","13.22","13.65","14.13","14.62","15.14","15.67","15.86","16.06","16.35","16.63","16.97","17.31","17.79","18.27","18.99","19.71","20.53","21.35","22.26","23.17","24.33","25.48","26.92","28.37","29.81","31.25","32.68","34.13","35.48","36.83","38.17","39.52","40.82","42.12","43.99","45.87","50.1","54.33","58.77","63.27","65.91","68.56","69.13","69.71","67.69","65.67","65.86","66.06","66.35","66.63","67.21","67.79","68.51","69.23","70","70.77","71.63","72.5","73.7","74.9","76.44","77.98","80.18","82.4","85.14","87.88","90.77","93.65","96.15","98.65","101","103.37","105.48","107.6","109.32","111.06","112.45","113.85","114.95","116.06","117.02","117.98","118.8","119.62","120.43","121.25","121.87","122.5","123.17","123.85","124.71","125.58","127.5","129.42","133.39","137.4","138.8","140.19","141.63","143.08","145.43","147.79","151.28","154.81","160.77","166.73","172.52","178.37","180.58","182.79","182.55","182.31","180.29","178.27","176.06","173.85","171.63","169.42","167.99","166.54","165.48","164.42","163.75","163.08","162.5","161.92","161.3","160.67","159.86","159.04","158.32","157.6","157.12","156.63","156.2","155.77","155.19","154.62","153.85","153.08","151.78","150.48","149.24","147.98","146.54","145.1","143.65","142.21","140.67","139.13","137.51","135.87","134.04","132.21","130.39","128.56","126.49","124.42","122.37","120.29","118.37","116.44","114.71","112.98","111.59","110.19","108.95","107.69","106.83","105.96","105.39","104.81","104.57","104.33","104.18","104.04","103.8","103.56","102.88","102.21","101.15","99.21","97.71","99.14","98.27","99.61","99.77","100.38","100.24","100.44","99.98","100.61","99.24","99.94","98.87","99.14","98.81","99.47","100.58","101.61","101.58","102.54","102.08","102.71","102.18","104.98","104.64","105.64","104.18","106.68","107.74","107.51","106.81","110.84","109.91","110.14","108.74","112.54","112.01","112.11","111.48","115.14","114.31"
"Q","Quarterly","JP","Japan","N","Nominal","771","Year-on-year changes, in per cent","Q:JP:N:771","","","","","","","","","","","","","","","","","","","","","","","","","","","","","","","","","","","","","","","","","","","","","","","","","","","","","","","","","","","","","","","","","","","","","","","","","","","","","","","","","","","","","","","","","","","","","","","","","","","","","","","","","","","","","","","","","","","","","13.91","16.9","19.67","23.12","26.34","25.78","25.34","24.08","22.96","23.81","24.59","24.19","23.83","23.75","23.68","23.33","23.02","24.85","26.42","32.35","37.74","38.2","38.71","32.04","26.46","22.11","18.3","16.96","15.74","14.67","13.68","13.64","13.6","13.97","14.29","14.55","14.79","12.24","9.87","7.94","6.13","6.97","7.78","8.82","9.83","11.89","13.89","15.41","16.84","17.24","17.56","18.5","19.37","20.91","22.41","22.53","22.64","21.43","20.34","19.03","17.85","16.77","15.77","15.04","14.36","15.26","16.06","22.73","29","33.61","37.95","31.57","26.19","17.62","10.18","2.7","-4.21","-4.73","-5.24","-1.99","1.46","2.05","2.62","3.26","3.9","4.14","4.4","4.56","4.72","5.29","5.84","6.71","7.56","8.8","10.01","11.38","12.7","13.21","13.65","12.93","12.25","11.27","10.37","9.7","9.06","8.24","7.44","6.61","5.81","5.15","4.5","4.06","3.63","3.35","3.07","2.92","2.77","2.59","2.41","2.28","2.14","2.33","2.51","3.51","4.5","6.96","9.42","8.86","8.32","6.18","4.13","4.78","5.42","6.81","8.2","10.55","12.82","14.04","15.22","12.32","9.63","5.82","2.21","-0.16","-2.47","-3.56","-4.64","-4.8","-4.96","-4.58","-4.2","-3.59","-2.95","-2.52","-2.08","-1.8","-1.52","-1.5","-1.47","-1.63","-1.78","-1.85","-1.92","-1.71","-1.51","-1.33","-1.16","-1.22","-1.29","-1.51","-1.73","-2.2","-2.67","-3","-3.33","-3.45","-3.58","-3.74","-3.9","-4","-4.11","-4.28","-4.46","-4.72","-4.98","-5.17","-5.38","-5.63","-5.89","-6.16","-6.43","-6.42","-6.41","-6.26","-6.08","-5.73","-5.37","-5.02","-4.68","-4.27","-3.84","-3.27","-2.68","-2.12","-1.54","-1.14","-0.73","-0.74","-0.74","-1.25","-1.76","-2.55","-4.2","-5.03","-3","-2.85","0.4","2.12","1.24","2","0.84","0.2","0.23","-1","-0.5","-1.1","-1.46","-0.44","-0.47","1.72","2.49","2.8","3.08","1.49","1.08","0.59","2.37","2.51","2.86","1.96","1.62","2.96","1.77","2.53","3.91","2.01","2.45","1.81","1.53","1.91","1.79","2.51","2.31","2.05"
"Q","Quarterly","JP","Japan","R","Real","628","Index, 2010 = 100","Q:JP:R:628","","","","","","","","","","","","","","","","","","","","","","","","","","","","","","","","","","","","","","","","","","","","","","","","","","","","","","","","","","","","","","","","","","","","","","","","","","","","","","","","","","","","","","","","","","","","","","","","","","","","","","","","","","","","","","","","","12.66","13.09","13.51","14.11","14.59","15.25","16.11","17.12","17.95","18.69","19.39","20.74","22.08","23.31","24.46","25.71","27.14","28.59","29.93","31.19","32.21","34.32","36.52","39.93","42.63","45.68","48.07","48.6","50.33","51.52","53.02","54.41","53.83","54.82","56.28","57.53","59.33","60.56","62.09","62.77","63.76","63.28","64.05","63.95","64.01","64.49","65.7","66.78","67.34","70.07","72.4","73.21","74.73","77.75","80.3","82.8","86.15","89.62","92.24","95.71","97.41","100.58","104.82","105.81","108.27","110.3","112.97","115.2","118.4","120.97","125.06","134.82","142.11","146.59","153.19","153.06","145.65","140.48","136.67","127.29","121.05","118.17","117.35","114.97","112.77","110.27","109.85","108.35","107.09","105.4","106.24","106.43","107.17","106.7","107.64","109.47","111.9","112.38","114.39","116.19","117.6","117.71","120.21","121.91","123.94","124.82","127.37","128.45","131.02","131.73","133.17","133.62","135.72","135.42","137.12","136.75","137.37","137.16","138.16","137.52","138.23","137.8","138.3","138.46","139.11","139.75","141.44","143.66","146.63","149.25","154.04","155.24","157.59","158.11","159.47","160.86","164.41","164.44","167.96","173.32","179.08","182.86","188.57","187.96","189.31","187.12","186.87","182.61","181.13","176.41","175.04","172.1","169.94","166.94","164.76","164.16","162.89","161.56","161.34","159.89","160.19","159.2","158.96","158.26","157.88","156.04","155.59","154.7","154.59","150.88","150.51","149.55","149.59","148.11","148.2","145.49","145.74","144.05","143.27","141.87","141.37","139.64","138.56","137.25","136.16","134.66","133.41","132.11","131.25","128.87","127.27","125.35","123.81","121.23","119.37","117.66","116.03","113.99","112.23","110.36","109.77","108.38","107.31","106.45","105.7","104.66","103.8","103.84","104.17","103.53","103.17","102.51","102.38","100.86","99.26","98.89","98.22","96.73","98.45","98.1","99.46","99.53","100.68","100.34","100.82","100.1","100.77","99.65","100","98.87","99.72","99.45","100.19","100.84","101.32","100.77","101.73","98.79","99.07","98.86","101.77","100.74","101.77","100.59","103.38","104.07","104.09","102.79","107.1","105.77","106","104.03","107.34","107.12","106.68","105.73","109.5","108.46"
"Q","Quarterly","JP","Japan","R","Real","771","Year-on-year changes, in per cent","Q:JP:R:771","","","","","","","","","","","","","","","","","","","","","","","","","","","","","","","","","","","","","","","","","","","","","","","","","","","","","","","","","","","","","","","","","","","","","","","","","","","","","","","","","","","","","","","","","","","","","","","","","","","","","","","","","","","","","","","","","","","","","15.21","16.46","19.22","21.28","23.08","22.57","20.38","21.14","22.96","24.72","26.18","23.97","22.93","22.63","22.35","21.35","18.68","20.05","22.02","28","32.37","33.08","31.61","21.72","18.06","12.8","10.29","11.96","6.94","6.4","6.16","5.73","10.22","10.47","10.32","9.12","7.47","4.49","3.14","1.87","0.4","1.92","2.58","4.42","5.2","8.65","10.2","9.63","10.97","10.96","10.91","13.1","15.28","15.26","14.87","15.59","13.07","12.23","13.64","10.55","11.15","9.66","7.77","8.87","9.36","9.68","10.7","17.03","20.02","21.18","22.49","13.53","2.49","-4.17","-10.78","-16.84","-16.89","-15.88","-14.14","-9.67","-6.84","-6.68","-6.4","-5.76","-5.04","-4.41","-3.29","-1.77","0.07","1.23","1.33","2.86","4.41","5.32","6.27","6.13","5.1","4.74","5.09","4.92","5.39","6.04","5.95","5.36","5.72","5.54","4.55","4.03","3.59","2.8","2.97","2.34","1.21","1.29","0.76","0.56","0.63","0.46","0.1","0.69","0.64","1.42","2.27","3.75","5.4","6.8","8.91","8.06","7.48","5.93","3.53","3.62","4.32","4","5.32","7.75","8.93","11.2","12.27","8.44","5.71","2.33","-0.9","-2.85","-4.32","-5.73","-6.33","-5.76","-6.18","-5.37","-5.87","-4.61","-4.15","-3.22","-2.08","-2.6","-1.66","-1.46","-1.47","-1.02","-1.44","-1.98","-2.12","-2.25","-2.08","-3.31","-3.27","-3.33","-3.23","-1.83","-1.53","-2.72","-2.58","-2.74","-3.33","-2.48","-2.99","-3.06","-3.28","-3.26","-3.69","-3.57","-3.72","-3.74","-3.61","-4.3","-4.6","-5.11","-5.66","-5.93","-6.21","-6.13","-6.29","-5.97","-5.98","-6.21","-5.4","-4.93","-4.39","-3.54","-3.71","-3.43","-3.28","-2.45","-1.44","-1.07","-0.6","-1.28","-1.72","-2.58","-3.8","-3.53","-4.07","-4.09","-0.81","-0.8","1.27","2.89","2.26","2.28","1.36","0.58","0.09","-0.69","-0.81","-1.24","-1.05","-0.19","0.19","2","1.61","1.32","1.53","-2.04","-2.22","-1.9","0.04","1.97","2.72","1.75","1.59","3.31","2.28","2.19","3.59","1.64","1.84","1.2","0.23","1.27","0.65","1.64","2.01","1.25"
"Q","Quarterly","KR","Korea","N","Nominal","628","Index, 2010 = 100","Q:KR:N:628","","","","","","","","","","","","","","","","","","","","","","","","","","","","","","","","","","","","","","","","","","","","","","","","","","","","","","","","","","","","","","","","","","","","","","","","","","","","","","","","","","","","","","","","","","","","","","","","","","","","","","","","","","","","","","","","","","","","","","","","","","","","","","","","","","","","","","","","","","","","","","","","","","","","","","","","","","","","","","","","","","","","","","","","","","","","","","","","","","","","","","","","","","","","","","","","","6.26","6.99","7.71","8.23","8.47","8.92","9.64","9.94","10.77","11.56","12.85","14.17","16.32","18.03","19.41","19.77","20.47","21.9","21.88","21.55","23.13","23.98","24.06","24.65","25.06","25.47","26.33","26.15","26.21","26.48","27.33","28.55","30.45","31.73","32.8","33.67","35.12","36.21","36.94","37.38","37.98","38.67","39.33","39.86","42.38","41.91","41.6","41.39","41.09","41.09","41.81","43.92","45.8","48.3","49.97","50.01","52.08","56.14","56.29","56.98","60.13","64.51","65.97","68.84","70.66","73.15","72.31","70.17","68.46","67.15","66.1","65.93","65.55","65","64.13","63.75","63.64","63.54","63.49","63.56","63.49","63.49","63.43","63.43","63.62","63.83","63.92","64.3","65.52","65.91","65.93","65.88","63.98","59.48","58.11","57.45","58.36","58.68","59.31","59.63","59.92","60.13","60.11","60.05","59.92","61.09","63.47","65.21","69.01","71.74","74.23","76.3","76.79","79.03","80.41","81.34","80.63","80.85","80.22","79.46","79.18","80.43","81.94","82.2","83","84.93","85.94","89.82","92.93","93.34","93.88","94.56","95.43","97.44","98.62","98.28","96.91","96.91","97.77","98.93","99.51","100","99.92","100.57","102.32","104.76","106.32","107.65","108.25","108.56","108.3","107.96","107.76","107.68","107.64","108.08","108.62","109.18","109.55","110.34","111.02","112.41","113.85","115.13","115.6","115.79","116.19","116.85","117.05","117.22","117.88","118.32","118.94","119.55","120.37","122.07","122.13","121.76"
"Q","Quarterly","KR","Korea","N","Nominal","771","Year-on-year changes, in per cent","Q:KR:N:771","","","","","","","","","","","","","","","","","","","","","","","","","","","","","","","","","","","","","","","","","","","","","","","","","","","","","","","","","","","","","","","","","","","","","","","","","","","","","","","","","","","","","","","","","","","","","","","","","","","","","","","","","","","","","","","","","","","","","","","","","","","","","","","","","","","","","","","","","","","","","","","","","","","","","","","","","","","","","","","","","","","","","","","","","","","","","","","","","","","","","","","","","","","","","","","","","","","","","35.35","27.71","25.06","20.7","27.12","29.56","33.35","42.62","51.49","56.01","51.02","39.54","25.48","21.42","12.74","8.99","12.96","9.51","9.99","14.4","8.33","6.21","9.42","6.06","4.62","3.97","3.8","9.17","16.17","19.84","20.01","17.93","15.32","14.12","12.63","11.02","8.14","6.8","6.45","6.64","11.59","8.39","5.78","3.84","-3.04","-1.97","0.51","6.13","11.47","17.54","19.51","13.86","13.71","16.24","12.65","13.95","15.46","14.91","17.2","20.81","17.5","13.4","9.61","1.93","-3.11","-8.21","-8.59","-6.05","-4.26","-3.21","-2.97","-3.3","-2.9","-2.24","-0.99","-0.3","-0.23","-0.07","-0.1","-0.2","0.2","0.53","0.77","1.37","2.99","3.24","3.14","2.46","-2.35","-9.75","-11.86","-12.8","-8.79","-1.35","2.07","3.79","2.68","2.49","1.35","0.71","0","1.58","5.59","8.59","15.17","17.44","16.95","17.02","11.27","10.16","8.33","6.6","5","2.3","-0.24","-2.31","-1.8","-0.52","2.15","3.44","4.83","5.6","4.88","9.27","11.96","9.91","9.23","5.27","2.69","4.39","5.05","3.94","1.56","-0.54","-0.86","0.66","2.68","3.18","2.2","1.66","2.83","4.77","6.4","7.03","5.79","3.62","1.87","0.29","-0.45","-0.81","-0.61","0.11","0.8","1.39","1.78","2.1","2.21","2.96","3.92","4.34","4.13","3.01","2.06","1.49","1.25","1.24","1.45","1.26","1.62","1.98","2.11","3.18","2.68","1.85"
"Q","Quarterly","KR","Korea","R","Real","628","Index, 2010 = 100","Q:KR:R:628","","","","","","","","","","","","","","","","","","","","","","","","","","","","","","","","","","","","","","","","","","","","","","","","","","","","","","","","","","","","","","","","","","","","","","","","","","","","","","","","","","","","","","","","","","","","","","","","","","","","","","","","","","","","","","","","","","","","","","","","","","","","","","","","","","","","","","","","","","","","","","","","","","","","","","","","","","","","","","","","","","","","","","","","","","","","","","","","","","","","","","","","","","","","","","","","","63.25","65.31","67.56","69.33","69.94","71.26","74.19","76.58","80.46","83.98","90.4","98.8","107.81","115.66","119.13","118.1","117.26","116.79","113.51","107.96","104.4","100.9","96.93","93.58","90.44","87.62","86.5","85.42","84.63","84.07","85.71","89.38","93.57","97.16","100.29","102.93","105.86","108.54","110.36","111.33","112.34","113.35","114.36","115.32","120.99","119","117.76","118.04","116.36","113.9","114.37","118.78","120.67","124.87","127.65","126.61","129.94","137.45","136.1","136.17","139.38","145.22","146.35","151.09","149.24","151.28","146.74","140.75","134.95","129.78","126.5","126.25","123.49","120","117.53","115.76","112.56","110.83","108.84","109.09","107.2","105.66","104.65","104.23","102.62","101.29","100.37","100.55","100.95","100.51","99.57","98.08","90.49","83.86","81.99","80.7","81.96","82.24","83.15","82.69","82.56","82.96","81.84","81.21","79.62","80.23","82.89","85.37","89.44","91.76","94.56","96.69","95.62","97.85","99.29","99.57","97.25","96.8","94.94","94.1","92.49","93.51","94.76","95","94.98","96.58","96.95","101.65","104.25","103.61","103.51","103.51","103.13","103.16","103.03","102.96","100.8","99.84","100.17","101.2","100.5","100.35","99.51","99.66","99.52","101.11","101.5","102.6","102.21","102.29","101.75","101.16","100.18","100.24","99.77","100.2","99.85","100.03","100.16","101.31","101.36","102.41","103.41","104.74","104.64","104.61","104.77","104.78","103.81","103.92","103.89","104.54","104.17","104.4","104.56","106.02","106.44","105.65"
"Q","Quarterly","KR","Korea","R","Real","771","Year-on-year changes, in per cent","Q:KR:R:771","","","","","","","","","","","","","","","","","","","","","","","","","","","","","","","","","","","","","","","","","","","","","","","","","","","","","","","","","","","","","","","","","","","","","","","","","","","","","","","","","","","","","","","","","","","","","","","","","","","","","","","","","","","","","","","","","","","","","","","","","","","","","","","","","","","","","","","","","","","","","","","","","","","","","","","","","","","","","","","","","","","","","","","","","","","","","","","","","","","","","","","","","","","","","","","","","","","","","10.58","9.1","9.82","10.46","15.04","17.85","21.85","29.02","33.99","37.72","31.78","19.52","8.77","0.98","-4.72","-8.58","-10.97","-13.61","-14.61","-13.33","-13.37","-13.16","-10.76","-8.72","-6.42","-4.04","-0.91","4.64","10.57","15.57","17.01","15.16","13.13","11.71","10.04","8.15","6.12","4.44","3.63","3.59","7.7","4.98","2.97","2.35","-3.83","-4.29","-2.88","0.63","3.7","9.64","11.61","6.59","7.69","10.07","6.62","7.55","7.26","5.66","7.53","10.96","7.07","4.17","0.26","-6.84","-9.58","-14.21","-13.79","-10.3","-8.49","-7.54","-7.1","-8.31","-8.84","-7.64","-7.39","-5.77","-4.77","-4.67","-3.85","-4.45","-4.28","-4.14","-4.09","-3.53","-1.63","-0.77","-0.8","-2.46","-10.36","-16.57","-17.65","-17.72","-9.43","-1.93","1.41","2.46","0.74","0.88","-1.58","-1.79","-3.56","-3.29","1.29","5.12","12.33","14.36","14.08","13.26","6.91","6.64","5","2.97","1.7","-1.07","-4.38","-5.5","-4.89","-3.4","-0.19","0.96","2.69","3.28","2.3","7","9.76","7.28","6.78","1.83","-1.07","-0.43","-0.47","-0.53","-2.27","-3.22","-2.78","-1.71","-0.3","0.51","-0.66","-1.52","-0.97","0.76","2","2.95","2.7","1.17","0.25","-1.41","-1.98","-2","-1.95","-0.95","-0.33","-0.22","0.39","1.1","1.5","2.38","3.25","3.39","3.24","2.15","1.31","0.03","-0.79","-0.66","-0.84","-0.23","0.35","0.47","0.65","1.42","2.17","1.19"
"Q","Quarterly","LT","Lithuania","N","Nominal","628","Index, 2010 = 100","Q:LT:N:628","","","","","","","","","","","","","","","","","","","","","","","","","","","","","","","","","","","","","","","","","","","","","","","","","","","","","","","","","","","","","","","","","","","","","","","","","","","","","","","","","","","","","","","","","","","","","","","","","","","","","","","","","","","","","","","","","","","","","","","","","","","","","","","","","","","","","","","","","","","","","","","","","","","","","","","","","","","","","","","","","","","","","","","","","","","","","","","","","","","","","","","","","","","","","","","","","","","","","","","","","","","","","","","","","","","","","","","","","","","","","","","","","","","","","","","","","","","","","","","","","","","","","","","","","","","","","","","","","","","","","","","","","","","","","","","","","","","","","","","","","","","","","","","","34.33","36.22","30.86","29.42","29.15","29.97","28.01","26.74","28.74","33.47","31.34","35.26","40.41","36.91","37.32","39.07","40.51","47.34","44.39","45.35","44.46","48.99","46.86","52.87","59.67","72.82","70.21","76.18","98.02","102.85","103.8","114.26","126.81","132.13","137.61","146.58","149.25","154.27","159.72","156.87","145.53","116.35","110.2","105.13","100.25","98.28","100.44","99.69","101.6","105.94","106.74","106.49","107.25","106.87","105.76","106.81","105.99","106.72","108.31","106.41","109.17","110.84","115.33","117.19","114.91","115.78","119.34","121.22","118.7","119.69","123.4","127.64","129.92","131.94","136.01","138.55","138.88","142.25","146.08","147.68","149.15","153.44","155.71"
"Q","Quarterly","LT","Lithuania","N","Nominal","771","Year-on-year changes, in per cent","Q:LT:N:771","","","","","","","","","","","","","","","","","","","","","","","","","","","","","","","","","","","","","","","","","","","","","","","","","","","","","","","","","","","","","","","","","","","","","","","","","","","","","","","","","","","","","","","","","","","","","","","","","","","","","","","","","","","","","","","","","","","","","","","","","","","","","","","","","","","","","","","","","","","","","","","","","","","","","","","","","","","","","","","","","","","","","","","","","","","","","","","","","","","","","","","","","","","","","","","","","","","","","","","","","","","","","","","","","","","","","","","","","","","","","","","","","","","","","","","","","","","","","","","","","","","","","","","","","","","","","","","","","","","","","","","","","","","","","","","","","","","","","","","","","","","","","","","","","","","","-15.1","-17.25","-9.23","-9.1","-1.41","11.68","11.89","31.84","40.62","10.26","19.06","10.81","0.25","28.28","18.95","16.08","9.75","3.48","5.57","16.58","34.21","48.63","49.82","44.09","64.27","41.24","47.84","49.98","29.38","28.48","32.57","28.28","17.69","16.75","16.07","7.02","-2.49","-24.58","-31.01","-32.99","-31.12","-15.54","-8.86","-5.17","1.35","7.79","6.28","6.83","5.56","0.89","-0.92","0.3","-1.17","-0.14","2.41","-0.38","2.99","3.86","6.48","10.13","5.27","4.46","3.48","3.44","3.3","3.37","3.4","5.3","9.45","10.24","10.21","8.54","6.89","7.81","7.4","6.59","7.4","7.86","6.59"
"Q","Quarterly","LT","Lithuania","R","Real","628","Index, 2010 = 100","Q:LT:R:628","","","","","","","","","","","","","","","","","","","","","","","","","","","","","","","","","","","","","","","","","","","","","","","","","","","","","","","","","","","","","","","","","","","","","","","","","","","","","","","","","","","","","","","","","","","","","","","","","","","","","","","","","","","","","","","","","","","","","","","","","","","","","","","","","","","","","","","","","","","","","","","","","","","","","","","","","","","","","","","","","","","","","","","","","","","","","","","","","","","","","","","","","","","","","","","","","","","","","","","","","","","","","","","","","","","","","","","","","","","","","","","","","","","","","","","","","","","","","","","","","","","","","","","","","","","","","","","","","","","","","","","","","","","","","","","","","","","","","","","","","","","","","","","","46.88","48.97","41.79","40.02","39.72","40.19","37.62","36.06","38.63","44.85","41.51","46.64","53.21","48.21","49.19","52.12","53.9","62.9","58.94","61.06","59.88","65.88","61.93","69.51","78.01","94.93","90.64","98.01","124.49","129.79","129.38","141.46","154.64","159.84","163.61","171.39","168.76","168.68","169.46","164.18","150.49","117.08","111.1","107.04","102.28","99.16","100.59","99.68","100.56","103.51","102.04","101.89","102.09","100.84","98.41","99.05","98.05","98.6","99.52","98.26","100.59","102.23","105.88","108.08","105.86","108.48","110.31","112.83","109.76","111.05","113.22","117.98","118.72","119.09","120.56","122.7","121.77","124.19","126.18","127.79","127.64","131.14","131.02"
"Q","Quarterly","LT","Lithuania","R","Real","771","Year-on-year changes, in per cent","Q:LT:R:771","","","","","","","","","","","","","","","","","","","","","","","","","","","","","","","","","","","","","","","","","","","","","","","","","","","","","","","","","","","","","","","","","","","","","","","","","","","","","","","","","","","","","","","","","","","","","","","","","","","","","","","","","","","","","","","","","","","","","","","","","","","","","","","","","","","","","","","","","","","","","","","","","","","","","","","","","","","","","","","","","","","","","","","","","","","","","","","","","","","","","","","","","","","","","","","","","","","","","","","","","","","","","","","","","","","","","","","","","","","","","","","","","","","","","","","","","","","","","","","","","","","","","","","","","","","","","","","","","","","","","","","","","","","","","","","","","","","","","","","","","","","","","","","","","","","","-15.27","-17.93","-9.98","-9.9","-2.75","11.61","10.35","29.35","37.74","7.49","18.52","11.74","1.3","30.46","19.82","17.16","11.09","4.75","5.06","13.83","30.28","44.09","46.37","40.99","59.58","36.72","42.73","44.34","24.22","23.15","26.46","21.16","9.13","5.53","3.57","-4.21","-10.82","-30.59","-34.44","-34.8","-32.04","-15.31","-9.46","-6.88","-1.68","4.39","1.45","2.21","1.52","-2.58","-3.56","-2.78","-3.96","-2.22","1.13","-0.8","2.59","3.68","6.38","9.99","5.24","6.12","4.19","4.4","3.68","2.37","2.64","4.56","8.17","7.24","6.48","4","2.56","4.28","4.66","4.15","4.83","5.6","3.83"
"Q","Quarterly","LU","Luxembourg","N","Nominal","628","Index, 2010 = 100","Q:LU:N:628","","","","","","","","","","","","","","","","","","","","","","","","","","","","","","","","","","","","","","","","","","","","","","","","","","","","","","","","","","","","","","","","","","","","","","","","","","","","","","","","","","","","","","","","","","","","","","","","","","","","","","","","","","","","","","","","","","","","","","","","","","","","","","","","","","","","","","","","","","","","","","","","","","","","","","","","","","","","","","","","","","","","","","","","","","","","","","","","","","","","","","","","","","","","","","","","","","","","","","","","","","","","","","","","","","","","","","","","","","","","","","","","","","","","","","","","","","","","","","","","","","","","","","","","","","","","","","","","","","","","","","","","","","","","","","","","","","","","","","","","","","","","","","","","","","","","","","","","","","","","","","","","","","","","","","","","","","","","","","","","","90.67","91.29","95","94.48","94.05","96.77","96.42","96.61","94.31","94.9","94.04","96.19","99.94","98.56","100.08","101.42","100.99","103.41","103.41","106.9","105.56","107.63","107.92","111.01","111.25","112.64","114.05","115.72","114","118.2","119.77","121.59","122.03","124.62","126.36","126.11","128.07","131.57","133.55","135.91","137.01","140","140.13","141.63","145.74","147.12","150.73","154.6","155.97","163.84"
"Q","Quarterly","LU","Luxembourg","N","Nominal","771","Year-on-year changes, in per cent","Q:LU:N:771","","","","","","","","","","","","","","","","","","","","","","","","","","","","","","","","","","","","","","","","","","","","","","","","","","","","","","","","","","","","","","","","","","","","","","","","","","","","","","","","","","","","","","","","","","","","","","","","","","","","","","","","","","","","","","","","","","","","","","","","","","","","","","","","","","","","","","","","","","","","","","","","","","","","","","","","","","","","","","","","","","","","","","","","","","","","","","","","","","","","","","","","","","","","","","","","","","","","","","","","","","","","","","","","","","","","","","","","","","","","","","","","","","","","","","","","","","","","","","","","","","","","","","","","","","","","","","","","","","","","","","","","","","","","","","","","","","","","","","","","","","","","","","","","","","","","","","","","","","","","","","","","","","","","","","","","","","","","","","","","","","","","","3.73","6.01","1.49","2.25","0.27","-1.94","-2.47","-0.43","5.97","3.86","6.42","5.44","1.05","4.93","3.33","5.4","4.53","4.08","4.36","3.84","5.39","4.66","5.69","4.25","2.46","4.93","5.01","5.07","7.05","5.44","5.5","3.71","4.95","5.57","5.69","7.77","6.98","6.41","4.93","4.2","6.38","5.08","7.57","9.16","7.02","11.37"
"Q","Quarterly","LU","Luxembourg","R","Real","628","Index, 2010 = 100","Q:LU:R:628","","","","","","","","","","","","","","","","","","","","","","","","","","","","","","","","","","","","","","","","","","","","","","","","","","","","","","","","","","","","","","","","","","","","","","","","","","","","","","","","","","","","","","","","","","","","","","","","","","","","","","","","","","","","","","","","","","","","","","","","","","","","","","","","","","","","","","","","","","","","","","","","","","","","","","","","","","","","","","","","","","","","","","","","","","","","","","","","","","","","","","","","","","","","","","","","","","","","","","","","","","","","","","","","","","","","","","","","","","","","","","","","","","","","","","","","","","","","","","","","","","","","","","","","","","","","","","","","","","","","","","","","","","","","","","","","","","","","","","","","","","","","","","","","","","","","","","","","","","","","","","","","","","","","","","","","","","","","","","","","","97.39","96.97","100.91","98.97","97.8","98.91","98.21","99.11","97.42","97.09","95.92","97.64","101.24","98.66","99.73","100.39","98.85","99.91","99.88","102.35","100.44","101.4","101.54","103.62","103.66","104.23","105.52","106.62","105.08","108.41","110.11","112.12","112.49","113.7","115.52","115.34","117.77","120.01","121.89","123.41","123.84","125.56","125.53","126.57","130.32","130.26","132.78","135.4","136.68","142.21"
"Q","Quarterly","LU","Luxembourg","R","Real","771","Year-on-year changes, in per cent","Q:LU:R:771","","","","","","","","","","","","","","","","","","","","","","","","","","","","","","","","","","","","","","","","","","","","","","","","","","","","","","","","","","","","","","","","","","","","","","","","","","","","","","","","","","","","","","","","","","","","","","","","","","","","","","","","","","","","","","","","","","","","","","","","","","","","","","","","","","","","","","","","","","","","","","","","","","","","","","","","","","","","","","","","","","","","","","","","","","","","","","","","","","","","","","","","","","","","","","","","","","","","","","","","","","","","","","","","","","","","","","","","","","","","","","","","","","","","","","","","","","","","","","","","","","","","","","","","","","","","","","","","","","","","","","","","","","","","","","","","","","","","","","","","","","","","","","","","","","","","","","","","","","","","","","","","","","","","","","","","","","","","","","","","","","","","","0.42","2","-2.68","0.14","-0.39","-1.84","-2.33","-1.48","3.92","1.61","3.97","2.82","-2.36","1.27","0.15","1.96","1.61","1.49","1.66","1.24","3.2","2.79","3.92","2.9","1.37","4.01","4.35","5.15","7.05","4.88","4.92","2.87","4.69","5.55","5.51","7","5.15","4.62","2.99","2.57","5.23","3.75","5.78","6.98","4.88","9.17"
"Q","Quarterly","LV","Latvia","N","Nominal","628","Index, 2010 = 100","Q:LV:N:628","","","","","","","","","","","","","","","","","","","","","","","","","","","","","","","","","","","","","","","","","","","","","","","","","","","","","","","","","","","","","","","","","","","","","","","","","","","","","","","","","","","","","","","","","","","","","","","","","","","","","","","","","","","","","","","","","","","","","","","","","","","","","","","","","","","","","","","","","","","","","","","","","","","","","","","","","","","","","","","","","","","","","","","","","","","","","","","","","","","","","","","","","","","","","","","","","","","","","","","","","","","","","","","","","","","","","","","","","","","","","","","","","","","","","","","","","","","","","","","","","","","","","","","","","","","","","","","","","","","","","","","","","","","","","","","","","","","","","","","","","","","","","","","","","","","","","","","","","","","","","","","","","","","","","","","","","","","","","111.95","123.48","136.32","148.34","167.51","172.47","186.09","182.67","195.45","191.9","179","150.23","123.18","110.82","109.02","106.21","97.72","98.07","100.6","103.61","108.25","110.15","113.7","109.58","111.05","112.36","115.18","116.26","116.39","121.19","122.61","125.8","128.67","130.56","135.71","120.18","120.26","124.53","124.96","128.08","128.81","136.31","136.96","138.02","140.77","148.76","149","148.96","156.84","161.68","159.73","165.44","166.83","176.16"
"Q","Quarterly","LV","Latvia","N","Nominal","771","Year-on-year changes, in per cent","Q:LV:N:771","","","","","","","","","","","","","","","","","","","","","","","","","","","","","","","","","","","","","","","","","","","","","","","","","","","","","","","","","","","","","","","","","","","","","","","","","","","","","","","","","","","","","","","","","","","","","","","","","","","","","","","","","","","","","","","","","","","","","","","","","","","","","","","","","","","","","","","","","","","","","","","","","","","","","","","","","","","","","","","","","","","","","","","","","","","","","","","","","","","","","","","","","","","","","","","","","","","","","","","","","","","","","","","","","","","","","","","","","","","","","","","","","","","","","","","","","","","","","","","","","","","","","","","","","","","","","","","","","","","","","","","","","","","","","","","","","","","","","","","","","","","","","","","","","","","","","","","","","","","","","","","","","","","","","","","","","","","","","","","","","49.63","39.67","36.51","23.14","16.68","11.27","-3.81","-17.76","-36.98","-42.25","-39.09","-29.3","-20.67","-11.51","-7.72","-2.45","10.78","12.32","13.02","5.76","2.59","2.01","1.3","6.1","4.81","7.86","6.45","8.21","10.55","7.73","10.68","-4.47","-6.54","-4.62","-7.92","6.57","7.11","9.46","9.6","7.76","9.29","9.13","8.79","7.93","11.42","8.69","7.2","11.06","6.37","8.96"
"Q","Quarterly","LV","Latvia","R","Real","628","Index, 2010 = 100","Q:LV:R:628","","","","","","","","","","","","","","","","","","","","","","","","","","","","","","","","","","","","","","","","","","","","","","","","","","","","","","","","","","","","","","","","","","","","","","","","","","","","","","","","","","","","","","","","","","","","","","","","","","","","","","","","","","","","","","","","","","","","","","","","","","","","","","","","","","","","","","","","","","","","","","","","","","","","","","","","","","","","","","","","","","","","","","","","","","","","","","","","","","","","","","","","","","","","","","","","","","","","","","","","","","","","","","","","","","","","","","","","","","","","","","","","","","","","","","","","","","","","","","","","","","","","","","","","","","","","","","","","","","","","","","","","","","","","","","","","","","","","","","","","","","","","","","","","","","","","","","","","","","","","","","","","","","","","","","","","","","","","","149.19","161.64","176.24","188.63","207.37","207.88","218.09","204.38","207.87","196.51","181.22","150.04","119.96","108.35","108.64","107.22","98.87","97.98","100.39","102.73","105.34","105.04","108.53","104.27","104.49","104.75","108.06","108.89","109.1","113.1","115.13","118.17","120.14","121.04","126.56","112.25","112.3","114.54","116.52","119.52","120.82","126.27","127.43","126.92","127.97","133.68","134.75","133.57","139.77","141.94","140.42","144.16","144.51","149.75"
"Q","Quarterly","LV","Latvia","R","Real","771","Year-on-year changes, in per cent","Q:LV:R:771","","","","","","","","","","","","","","","","","","","","","","","","","","","","","","","","","","","","","","","","","","","","","","","","","","","","","","","","","","","","","","","","","","","","","","","","","","","","","","","","","","","","","","","","","","","","","","","","","","","","","","","","","","","","","","","","","","","","","","","","","","","","","","","","","","","","","","","","","","","","","","","","","","","","","","","","","","","","","","","","","","","","","","","","","","","","","","","","","","","","","","","","","","","","","","","","","","","","","","","","","","","","","","","","","","","","","","","","","","","","","","","","","","","","","","","","","","","","","","","","","","","","","","","","","","","","","","","","","","","","","","","","","","","","","","","","","","","","","","","","","","","","","","","","","","","","","","","","","","","","","","","","","","","","","","","","","","","","","","","","","39","28.61","23.75","8.35","0.24","-5.47","-16.9","-26.59","-42.29","-44.86","-40.05","-28.54","-17.58","-9.57","-7.59","-4.19","6.55","7.21","8.11","1.5","-0.81","-0.28","-0.44","4.44","4.41","7.98","6.55","8.52","10.12","7.02","9.93","-5.01","-6.53","-5.37","-7.93","6.48","7.59","10.24","9.36","6.2","5.91","5.87","5.74","5.23","9.22","6.18","4.21","7.93","3.39","5.5"
"Q","Quarterly","MA","Morocco","N","Nominal","628","Index, 2010 = 100","Q:MA:N:628","","","","","","","","","","","","","","","","","","","","","","","","","","","","","","","","","","","","","","","","","","","","","","","","","","","","","","","","","","","","","","","","","","","","","","","","","","","","","","","","","","","","","","","","","","","","","","","","","","","","","","","","","","","","","","","","","","","","","","","","","","","","","","","","","","","","","","","","","","","","","","","","","","","","","","","","","","","","","","","","","","","","","","","","","","","","","","","","","","","","","","","","","","","","","","","","","","","","","","","","","","","","","","","","","","","","","","","","","","","","","","","","","","","","","","","","","","","","","","","","","","","","","","","","","","","","","","","","","","","","","","","","","","","","","","","","","","","","","","","","","","","","","","","","","","","","","","","","","","","","","","","","","","","","","","","","","","","","","96.82","94.15","93.01","93.85","94.28","95.53","96.12","99.52","96.98","96.97","98.99","101.22","102.35","101.77","99.25","98.91","98.59","100.92","100.64","99.85","101.05","101.49","101.58","101.82","101.86","102.94","103.46","104.07","104.14","106.87","103.87","104.97","104.08","104.74","106.98","103.49","108.02","106.05","104.29","104.57","104.75","105.38","107.56","110.68","112.92","111.76","113.12","113.71","112.78","113.01","112.38","113.41","112.68","112.01"
"Q","Quarterly","MA","Morocco","N","Nominal","771","Year-on-year changes, in per cent","Q:MA:N:771","","","","","","","","","","","","","","","","","","","","","","","","","","","","","","","","","","","","","","","","","","","","","","","","","","","","","","","","","","","","","","","","","","","","","","","","","","","","","","","","","","","","","","","","","","","","","","","","","","","","","","","","","","","","","","","","","","","","","","","","","","","","","","","","","","","","","","","","","","","","","","","","","","","","","","","","","","","","","","","","","","","","","","","","","","","","","","","","","","","","","","","","","","","","","","","","","","","","","","","","","","","","","","","","","","","","","","","","","","","","","","","","","","","","","","","","","","","","","","","","","","","","","","","","","","","","","","","","","","","","","","","","","","","","","","","","","","","","","","","","","","","","","","","","","","","","","","","","","","","","","","","","","","","","","","","","","","","","","","","","","-2.62","1.46","3.33","6.05","2.86","1.51","2.99","1.7","5.53","4.96","0.26","-2.28","-3.67","-0.84","1.4","0.96","2.5","0.56","0.93","1.97","0.8","1.43","1.85","2.21","2.24","3.81","0.4","0.86","-0.06","-2","2.99","-1.41","3.78","1.25","-2.51","1.05","-3.03","-0.63","3.14","5.84","7.81","6.05","5.16","2.74","-0.13","1.12","-0.66","-0.26","-0.08","-0.89"
"Q","Quarterly","MA","Morocco","R","Real","628","Index, 2010 = 100","Q:MA:R:628","","","","","","","","","","","","","","","","","","","","","","","","","","","","","","","","","","","","","","","","","","","","","","","","","","","","","","","","","","","","","","","","","","","","","","","","","","","","","","","","","","","","","","","","","","","","","","","","","","","","","","","","","","","","","","","","","","","","","","","","","","","","","","","","","","","","","","","","","","","","","","","","","","","","","","","","","","","","","","","","","","","","","","","","","","","","","","","","","","","","","","","","","","","","","","","","","","","","","","","","","","","","","","","","","","","","","","","","","","","","","","","","","","","","","","","","","","","","","","","","","","","","","","","","","","","","","","","","","","","","","","","","","","","","","","","","","","","","","","","","","","","","","","","","","","","","","","","","","","","","","","","","","","","","","","","","","","","","","106.23","101.75","100.31","99.6","100.78","101.65","101.34","103.86","100.88","98.91","100.28","101.87","103.2","103.1","99.95","100.04","99.28","101","100.88","98.84","100.18","101.45","100.21","100.45","100.46","101.5","100.78","100.66","100.4","102.82","99.46","100.54","99.9","100.73","102.29","98","102.14","100.1","97.88","98.08","98.08","97.6","99.12","101.98","104.41","103.18","104.03","103.49","102.13","101.69","101.68","102.36","102.24","100.53"
"Q","Quarterly","MA","Morocco","R","Real","771","Year-on-year changes, in per cent","Q:MA:R:771","","","","","","","","","","","","","","","","","","","","","","","","","","","","","","","","","","","","","","","","","","","","","","","","","","","","","","","","","","","","","","","","","","","","","","","","","","","","","","","","","","","","","","","","","","","","","","","","","","","","","","","","","","","","","","","","","","","","","","","","","","","","","","","","","","","","","","","","","","","","","","","","","","","","","","","","","","","","","","","","","","","","","","","","","","","","","","","","","","","","","","","","","","","","","","","","","","","","","","","","","","","","","","","","","","","","","","","","","","","","","","","","","","","","","","","","","","","","","","","","","","","","","","","","","","","","","","","","","","","","","","","","","","","","","","","","","","","","","","","","","","","","","","","","","","","","","","","","","","","","","","","","","","","","","","","","","","","","","","","","","-5.12","-0.1","1.03","4.28","0.1","-2.7","-1.05","-1.92","2.29","4.24","-0.33","-1.8","-3.79","-2.03","0.93","-1.19","0.9","0.44","-0.66","1.63","0.28","0.05","0.57","0.21","-0.06","1.3","-1.31","-0.12","-0.5","-2.03","2.84","-2.53","2.24","-0.63","-4.31","0.09","-3.98","-2.5","1.27","3.98","6.46","5.72","4.95","1.47","-2.19","-1.45","-2.26","-1.09","0.11","-1.14"
"Q","Quarterly","MK","North Macedonia","N","Nominal","628","Index, 2010 = 100","Q:MK:N:628","","","","","","","","","","","","","","","","","","","","","","","","","","","","","","","","","","","","","","","","","","","","","","","","","","","","","","","","","","","","","","","","","","","","","","","","","","","","","","","","","","","","","","","","","","","","","","","","","","","","","","","","","","","","","","","","","","","","","","","","","","","","","","","","","","","","","","","","","","","","","","","","","","","","","","","","","","","","","","","","","","","","","","","","","","","","","","","","","","","","","","","","","","","","","","","","","","","","","","","","","","","","","","","","","","","","","","","","","","","","","","","","","","","","","","","","","","","","","","","","","","","","","","","","","","","","","","","","","","","","","","","","","","","","","","","","","","","","","","","","","","","","","","","","","","","","","56.49","58.95","61.13","67.03","68.3","67.02","67.08","67.15","70.83","73.92","76.91","75.83","78.23","78.33","76.75","80.32","78.55","77.37","77.46","78.65","76.57","78.52","76.46","77.53","77.86","75.62","77.57","74.21","77.57","78.3","76.77","82.29","87.26","93.42","95.64","102.95","99.05","100.6","97.4","94.86","100.26","100.47","98.84","100.43","97.09","98.88","99.01","98.97","98.84","97.34","95.88","95.22","93.58","93.22","94.32","92.04","91.02","92.92","96.32","91.24","92.68","93.8","93.06","92.24","95.74","93.64","92.93","91.4","89.49","89.77","92.66","94.45","95.21","94.59","92.48","92.68","94.43","100.07"
"Q","Quarterly","MK","North Macedonia","N","Nominal","771","Year-on-year changes, in per cent","Q:MK:N:771","","","","","","","","","","","","","","","","","","","","","","","","","","","","","","","","","","","","","","","","","","","","","","","","","","","","","","","","","","","","","","","","","","","","","","","","","","","","","","","","","","","","","","","","","","","","","","","","","","","","","","","","","","","","","","","","","","","","","","","","","","","","","","","","","","","","","","","","","","","","","","","","","","","","","","","","","","","","","","","","","","","","","","","","","","","","","","","","","","","","","","","","","","","","","","","","","","","","","","","","","","","","","","","","","","","","","","","","","","","","","","","","","","","","","","","","","","","","","","","","","","","","","","","","","","","","","","","","","","","","","","","","","","","","","","","","","","","","","","","","","","","","","","","","","","","","","","","","","20.91","13.69","9.73","0.18","3.7","10.3","14.65","12.93","10.45","5.97","-0.21","5.92","0.41","-1.23","0.93","-2.08","-2.52","1.49","-1.29","-1.42","1.68","-3.69","1.45","-4.28","-0.37","3.54","-1.03","10.89","12.49","19.31","24.58","25.11","13.51","7.69","1.84","-7.86","1.22","-0.13","1.48","5.87","-3.16","-1.58","0.17","-1.45","1.8","-1.56","-3.16","-3.79","-5.32","-4.23","-1.63","-3.34","-2.74","-0.32","2.12","-0.87","1.82","0.95","-3.38","1.1","3.3","-0.17","-0.14","-0.91","-6.53","-4.13","-0.29","3.34","6.39","5.37","-0.19","-1.87","-0.82","5.79"
"Q","Quarterly","MK","North Macedonia","R","Real","628","Index, 2010 = 100","Q:MK:R:628","","","","","","","","","","","","","","","","","","","","","","","","","","","","","","","","","","","","","","","","","","","","","","","","","","","","","","","","","","","","","","","","","","","","","","","","","","","","","","","","","","","","","","","","","","","","","","","","","","","","","","","","","","","","","","","","","","","","","","","","","","","","","","","","","","","","","","","","","","","","","","","","","","","","","","","","","","","","","","","","","","","","","","","","","","","","","","","","","","","","","","","","","","","","","","","","","","","","","","","","","","","","","","","","","","","","","","","","","","","","","","","","","","","","","","","","","","","","","","","","","","","","","","","","","","","","","","","","","","","","","","","","","","","","","","","","","","","","","","","","","","","","","","","","","","","","","72.26","72.71","76.47","82","82.61","79.12","79.28","79.09","82.23","85.06","90.37","88.24","91.1","89.99","88.55","91.96","89.87","89.33","90.87","91.23","88.27","90.25","88.49","89.01","87.35","84.02","86.7","82.63","86.12","86.07","83.89","87.6","88.67","93.57","96.6","103.22","99.71","101.27","99.62","97.12","100.79","100.29","99.13","99.79","93.92","94.31","95.75","95.19","93.33","90.77","89.35","87.35","85.4","83.9","85.53","83.34","82.56","84.39","87.66","82.94","84.81","84.98","84.85","84.18","87.61","85.35","84.86","83.57","81.55","80.84","83.35","84.5","85.31","83.97","81.93","81.99","83.61","87.75"
"Q","Quarterly","MK","North Macedonia","R","Real","771","Year-on-year changes, in per cent","Q:MK:R:771","","","","","","","","","","","","","","","","","","","","","","","","","","","","","","","","","","","","","","","","","","","","","","","","","","","","","","","","","","","","","","","","","","","","","","","","","","","","","","","","","","","","","","","","","","","","","","","","","","","","","","","","","","","","","","","","","","","","","","","","","","","","","","","","","","","","","","","","","","","","","","","","","","","","","","","","","","","","","","","","","","","","","","","","","","","","","","","","","","","","","","","","","","","","","","","","","","","","","","","","","","","","","","","","","","","","","","","","","","","","","","","","","","","","","","","","","","","","","","","","","","","","","","","","","","","","","","","","","","","","","","","","","","","","","","","","","","","","","","","","","","","","","","","","","","","","","","","","","14.32","8.81","3.68","-3.56","-0.47","7.5","13.98","11.57","10.79","5.8","-2.01","4.22","-1.35","-0.73","2.62","-0.79","-1.77","1.02","-2.62","-2.44","-1.05","-6.9","-2.03","-7.16","-1.4","2.44","-3.23","6.01","2.97","8.71","15.14","17.83","12.44","8.23","3.12","-5.91","1.09","-0.96","-0.49","2.75","-6.82","-5.96","-3.41","-4.61","-0.63","-3.76","-6.68","-8.23","-8.49","-7.57","-4.27","-4.59","-3.32","0.58","2.49","-0.48","2.72","0.7","-3.21","1.5","3.3","0.44","0.01","-0.73","-6.93","-5.28","-1.79","1.12","4.61","3.87","-1.7","-2.97","-1.99","4.49"
"Q","Quarterly","MT","Malta","N","Nominal","628","Index, 2010 = 100","Q:MT:N:628","","","","","","","","","","","","","","","","","","","","","","","","","","","","","","","","","","","","","","","","","","","","","","","","","","","","","","","","","","","","","","","","","","","","","","","","","","","","","","","","","","","","","","","","","","","","","","","","","","","","","","","","","","","","","","","","","","","","","","","","","","","","","","","","","","","","","","","","","","","","","","","","","","","","","","","","","","","","","","","","","","","","","","","","","","","","","","","","","","","","","","","","","","","","","","","","","","","","","","","","","","","","","","","","","","","","","","","","","","","","","","","","","","","","","","","","","","","","","","","","","","","","","","","","","","","","","","","","","","","","","","","","","","","","","","","","","","","","","","","","","","","","","","","","","","","","","","","","","","","","","","","","","","","","","","","","","62.23","62.04","67.19","65.28","68.48","76.17","78.64","84.45","88.85","93.1","94.73","95.67","103.69","99.45","105.93","104.56","100.77","98.62","99.82","96.55","100.51","100.13","103.3","96.06","97.38","99.73","99.99","97.47","99.41","98.3","105.48","103.4","100.37","98.97","103.62","101.97","101.96","101.86","103.89","107.56","104.68","105.53","112.83","116.35","110.16","112.9","118.22","122.06","116.01","119.6","124.15","128.07","122.2","126.86","131.01","136.04","130.29","134.76"
"Q","Quarterly","MT","Malta","N","Nominal","771","Year-on-year changes, in per cent","Q:MT:N:771","","","","","","","","","","","","","","","","","","","","","","","","","","","","","","","","","","","","","","","","","","","","","","","","","","","","","","","","","","","","","","","","","","","","","","","","","","","","","","","","","","","","","","","","","","","","","","","","","","","","","","","","","","","","","","","","","","","","","","","","","","","","","","","","","","","","","","","","","","","","","","","","","","","","","","","","","","","","","","","","","","","","","","","","","","","","","","","","","","","","","","","","","","","","","","","","","","","","","","","","","","","","","","","","","","","","","","","","","","","","","","","","","","","","","","","","","","","","","","","","","","","","","","","","","","","","","","","","","","","","","","","","","","","","","","","","","","","","","","","","","","","","","","","","","","","","","","","","","","","","","","","","","","","","","","","","","","","","","10.04","22.77","17.03","29.36","29.76","22.24","20.46","13.29","16.7","6.82","11.83","9.29","-2.82","-0.84","-5.78","-7.66","-0.26","1.54","3.49","-0.51","-3.11","-0.41","-3.2","1.46","2.09","-1.43","5.49","6.09","0.96","0.68","-1.77","-1.38","1.59","2.92","0.27","5.48","2.67","3.6","8.61","8.17","5.24","6.98","4.77","4.91","5.3","5.94","5.02","4.92","5.34","6.07","5.53","6.23","6.62","6.23"
"Q","Quarterly","MT","Malta","R","Real","628","Index, 2010 = 100","Q:MT:R:628","","","","","","","","","","","","","","","","","","","","","","","","","","","","","","","","","","","","","","","","","","","","","","","","","","","","","","","","","","","","","","","","","","","","","","","","","","","","","","","","","","","","","","","","","","","","","","","","","","","","","","","","","","","","","","","","","","","","","","","","","","","","","","","","","","","","","","","","","","","","","","","","","","","","","","","","","","","","","","","","","","","","","","","","","","","","","","","","","","","","","","","","","","","","","","","","","","","","","","","","","","","","","","","","","","","","","","","","","","","","","","","","","","","","","","","","","","","","","","","","","","","","","","","","","","","","","","","","","","","","","","","","","","","","","","","","","","","","","","","","","","","","","","","","","","","","","","","","","","","","","","","","","","","","","","","","","70.89","69.84","75.98","71.95","76.09","82.61","85.83","91.97","97.82","101.16","102.09","101.18","110.06","104.13","109.3","105.25","102.85","99.83","101.56","97.55","101.93","100.05","103.42","94.72","96.29","96.8","97.26","93.79","96.24","93.38","100.19","96.66","95.21","92.52","97.02","94.92","95.81","95.38","97.26","99.68","97.71","97.47","104.33","106.65","102.36","103.62","108.47","111.08","106.07","108.31","112.56","115.08","110.75","113.84","117.31","120.37","116.03","118.68"
"Q","Quarterly","MT","Malta","R","Real","771","Year-on-year changes, in per cent","Q:MT:R:771","","","","","","","","","","","","","","","","","","","","","","","","","","","","","","","","","","","","","","","","","","","","","","","","","","","","","","","","","","","","","","","","","","","","","","","","","","","","","","","","","","","","","","","","","","","","","","","","","","","","","","","","","","","","","","","","","","","","","","","","","","","","","","","","","","","","","","","","","","","","","","","","","","","","","","","","","","","","","","","","","","","","","","","","","","","","","","","","","","","","","","","","","","","","","","","","","","","","","","","","","","","","","","","","","","","","","","","","","","","","","","","","","","","","","","","","","","","","","","","","","","","","","","","","","","","","","","","","","","","","","","","","","","","","","","","","","","","","","","","","","","","","","","","","","","","","","","","","","","","","","","","","","","","","","","","","","","","","","7.34","18.28","12.96","27.82","28.56","22.46","18.95","10.02","12.52","2.93","7.06","4.03","-6.55","-4.13","-7.08","-7.32","-0.9","0.22","1.82","-2.9","-5.53","-3.25","-5.95","-0.98","-0.05","-3.53","3.01","3.06","-1.07","-0.92","-3.16","-1.79","0.63","3.09","0.24","5.02","1.98","2.2","7.27","6.99","4.77","6.31","3.97","4.16","3.62","4.52","3.77","3.6","4.41","5.11","4.22","4.59","4.76","4.25"
"Q","Quarterly","MX","Mexico","N","Nominal","628","Index, 2010 = 100","Q:MX:N:628","","","","","","","","","","","","","","","","","","","","","","","","","","","","","","","","","","","","","","","","","","","","","","","","","","","","","","","","","","","","","","","","","","","","","","","","","","","","","","","","","","","","","","","","","","","","","","","","","","","","","","","","","","","","","","","","","","","","","","","","","","","","","","","","","","","","","","","","","","","","","","","","","","","","","","","","","","","","","","","","","","","","","","","","","","","","","","","","","","","","","","","","","","","","","","","","","","","","","","","","","","","","","","","","","","","","","","","","","","","","","","","","","","","","","","","","","","","","","","","","","","","","","","","","","","","","","","","","","","","","","","","","","","","","","","","","","","","","","","","","","","","","","","","","","","","","","","","","","","","","","","","","","","","","","","","","","72.55","75.07","76.49","76.32","77.97","80.01","81.21","81.64","83.78","86.17","87.83","87.73","89.04","91.57","93.86","94.84","96.14","97.35","97.6","97.52","98.28","99.32","100.58","101.82","103.79","105.41","106.56","107.42","108.01","108.64","109.62","110.4","112.09","114.18","115.87","116.87","118.47","118.98","119.75","121.36","123.59","128.09","132.11","133.77","135.41","138.07","140.16","141.62","145.38","148.4","151.23","153.75","157.63","161.26","164.91","168.07","171.87","176.06"
"Q","Quarterly","MX","Mexico","N","Nominal","771","Year-on-year changes, in per cent","Q:MX:N:771","","","","","","","","","","","","","","","","","","","","","","","","","","","","","","","","","","","","","","","","","","","","","","","","","","","","","","","","","","","","","","","","","","","","","","","","","","","","","","","","","","","","","","","","","","","","","","","","","","","","","","","","","","","","","","","","","","","","","","","","","","","","","","","","","","","","","","","","","","","","","","","","","","","","","","","","","","","","","","","","","","","","","","","","","","","","","","","","","","","","","","","","","","","","","","","","","","","","","","","","","","","","","","","","","","","","","","","","","","","","","","","","","","","","","","","","","","","","","","","","","","","","","","","","","","","","","","","","","","","","","","","","","","","","","","","","","","","","","","","","","","","","","","","","","","","","","","","","","","","","","","","","","","","","","","","","","","","","","7.47","6.59","6.18","6.97","7.45","7.7","8.14","7.45","6.28","6.27","6.87","8.11","7.98","6.31","3.98","2.83","2.22","2.03","3.05","4.41","5.61","6.13","5.95","5.5","4.06","3.06","2.87","2.78","3.78","5.09","5.71","5.86","5.7","4.2","3.35","3.84","4.32","7.66","10.32","10.22","9.56","7.79","6.09","5.87","7.36","7.48","7.9","8.57","8.43","8.67","9.05","9.32","9.03","9.18"
"Q","Quarterly","MX","Mexico","R","Real","628","Index, 2010 = 100","Q:MX:R:628","","","","","","","","","","","","","","","","","","","","","","","","","","","","","","","","","","","","","","","","","","","","","","","","","","","","","","","","","","","","","","","","","","","","","","","","","","","","","","","","","","","","","","","","","","","","","","","","","","","","","","","","","","","","","","","","","","","","","","","","","","","","","","","","","","","","","","","","","","","","","","","","","","","","","","","","","","","","","","","","","","","","","","","","","","","","","","","","","","","","","","","","","","","","","","","","","","","","","","","","","","","","","","","","","","","","","","","","","","","","","","","","","","","","","","","","","","","","","","","","","","","","","","","","","","","","","","","","","","","","","","","","","","","","","","","","","","","","","","","","","","","","","","","","","","","","","","","","","","","","","","","","","","","","","","","","","91","93.62","94.96","93.59","94.31","96.76","97.38","96.13","97.34","100.23","101.27","99.5","99.58","101.52","102.6","101.31","101.27","101.85","101.48","100.19","98.82","99.96","100.87","100.34","100.87","102.7","103.39","102.28","101.04","101.91","101.69","100.97","101.13","102.53","103.92","103.12","102.63","103.14","103.12","102.78","103.88","107.88","110.87","110.77","110.82","113.38","114.43","113.59","113.34","114.86","115.95","115.69","116.7","119.36","120.52","120.66","122.23","125.05"
"Q","Quarterly","MX","Mexico","R","Real","771","Year-on-year changes, in per cent","Q:MX:R:771","","","","","","","","","","","","","","","","","","","","","","","","","","","","","","","","","","","","","","","","","","","","","","","","","","","","","","","","","","","","","","","","","","","","","","","","","","","","","","","","","","","","","","","","","","","","","","","","","","","","","","","","","","","","","","","","","","","","","","","","","","","","","","","","","","","","","","","","","","","","","","","","","","","","","","","","","","","","","","","","","","","","","","","","","","","","","","","","","","","","","","","","","","","","","","","","","","","","","","","","","","","","","","","","","","","","","","","","","","","","","","","","","","","","","","","","","","","","","","","","","","","","","","","","","","","","","","","","","","","","","","","","","","","","","","","","","","","","","","","","","","","","","","","","","","","","","","","","","","","","","","","","","","","","","","","","","","","","","3.64","3.36","2.55","2.71","3.22","3.58","4","3.51","2.3","1.29","1.32","1.81","1.7","0.33","-1.1","-1.1","-2.42","-1.86","-0.59","0.15","2.07","2.74","2.49","1.93","0.18","-0.77","-1.64","-1.28","0.09","0.61","2.19","2.13","1.48","0.6","-0.76","-0.33","1.21","4.59","7.51","7.77","6.69","5.1","3.22","2.54","2.27","1.3","1.33","1.85","2.97","3.92","3.94","4.29","4.74","4.76"
"Q","Quarterly","MY","Malaysia","N","Nominal","628","Index, 2010 = 100","Q:MY:N:628","","","","","","","","","","","","","","","","","","","","","","","","","","","","","","","","","","","","","","","","","","","","","","","","","","","","","","","","","","","","","","","","","","","","","","","","","","","","","","","","","","","","","","","","","","","","","","","","","","","","","","","","","","","","","","","","","","","","","","","","","","","","","","","","","","","","","","","","","","","","","","","","","","","","","","","","","","","","","","","","","","","","","","","","","","","","","","","","","","","","","","","","","","","","","","","","","","","","","","","","","","","","","","","","","","","","","","","","","","","","","","","","","","","","","","","","","","","","","","","","","","","","","31.45","31.69","32.78","33.06","33.46","33.63","33.76","33.61","33.98","34.02","34.33","37.54","40.56","43.87","45.11","45.97","47.47","49.25","49.87","50.25","50.8","51.36","51.78","52.41","54.02","53.96","55.87","58.97","62.27","64.87","67.16","69.34","71.97","74.13","75.48","76.11","77.32","77.49","75.86","72.7","71.6","69.15","67.04","67.06","66","66.28","67.34","68.68","69.18","71.15","71.65","71.79","71.08","71.65","72.36","72.36","72.36","73.56","74.62","75.82","75.75","75.68","78.15","78.57","79.7","79.92","80.13","80.55","81.26","82.6","82.25","82.6","83.17","83.73","83.94","86.49","87.19","87.41","88.47","88.96","90.94","91.08","92.85","91.15","91.51","93.39","94.68","95.77","96.26","99.43","101.02","103.29","105.37","108.15","110.92","114.88","118.74","122.7","125.58","131.32","131.81","136.77","142.21","143.6","145.28","150.53","154.79","156.08","158.65","161.23","165.49","166.18","170.14","172.72","176.78","177.77","181.53","184.5","188.26","188.66","189.35","191.24","193.41","193.41","194.11","192.92"
"Q","Quarterly","MY","Malaysia","N","Nominal","771","Year-on-year changes, in per cent","Q:MY:N:771","","","","","","","","","","","","","","","","","","","","","","","","","","","","","","","","","","","","","","","","","","","","","","","","","","","","","","","","","","","","","","","","","","","","","","","","","","","","","","","","","","","","","","","","","","","","","","","","","","","","","","","","","","","","","","","","","","","","","","","","","","","","","","","","","","","","","","","","","","","","","","","","","","","","","","","","","","","","","","","","","","","","","","","","","","","","","","","","","","","","","","","","","","","","","","","","","","","","","","","","","","","","","","","","","","","","","","","","","","","","","","","","","","","","","","","","","","","","","","","","","","","","","","","","","6.37","6.12","2.98","1.65","1.57","1.17","1.69","11.71","19.36","28.94","31.41","22.45","17.01","12.27","10.55","9.3","7.03","4.29","3.82","4.29","6.33","5.06","7.91","12.52","15.27","20.22","20.2","17.59","15.57","14.28","12.39","9.77","7.44","4.53","0.5","-4.49","-7.4","-10.77","-11.62","-7.76","-7.83","-4.15","0.44","2.42","4.82","7.36","6.4","4.53","2.76","0.7","0.99","0.79","1.79","2.66","3.13","4.79","4.69","2.88","4.73","3.63","5.22","5.6","2.53","2.52","1.95","3.36","2.65","2.54","2.35","1.37","2.06","4.7","4.84","4.39","5.39","2.86","4.29","4.2","4.95","2.46","0.63","2.54","1.97","5.06","5.19","6.47","6.69","7.86","9.47","8.76","9.8","11.22","12.69","13.46","13.21","14.31","11.01","11.46","13.25","9.35","10.22","10.07","8.84","8.69","9.2","7.11","6.91","6.47","7.24","7.13","6.82","6.97","6.69","6.82","6.5","6.13","4.31","3.65","2.74","2.52","2.51","0.88"
"Q","Quarterly","MY","Malaysia","R","Real","628","Index, 2010 = 100","Q:MY:R:628","","","","","","","","","","","","","","","","","","","","","","","","","","","","","","","","","","","","","","","","","","","","","","","","","","","","","","","","","","","","","","","","","","","","","","","","","","","","","","","","","","","","","","","","","","","","","","","","","","","","","","","","","","","","","","","","","","","","","","","","","","","","","","","","","","","","","","","","","","","","","","","","","","","","","","","","","","","","","","","","","","","","","","","","","","","","","","","","","","","","","","","","","","","","","","","","","","","","","","","","","","","","","","","","","","","","","","","","","","","","","","","","","","","","","","","","","","","","","","","","","","","","","59.47","59.61","60.79","60.97","61.29","61.33","61.17","60.49","60.44","60.01","60.63","65.3","69.63","74.11","75.92","76.67","78","79.53","79.89","79.9","80.06","80.22","80.33","80.68","81.82","81.61","83.7","87.46","91.28","94.53","97.26","99.54","102.05","104.23","105.44","105.73","106.33","106.37","103.65","98.3","94.35","89.78","86.64","86.06","83.62","83.84","85.11","86.33","86.23","88.66","89.13","88.83","87.3","87.93","88.83","88.43","87.58","88.53","89.73","91.07","90.55","90.28","93.12","93.3","94.41","94.29","94.06","93.61","93.88","94.63","93.41","93","92.63","92.13","92.06","94.47","94.62","94.78","95.28","95.09","96.25","94.2","92.25","91.99","93.33","95.34","96.27","96.85","96.86","99.88","100.8","102.42","103.16","105.12","107.08","110.37","113.65","117.25","119.62","124.53","124.3","128.4","132.6","132.25","132.42","136.83","140.11","139.79","143.64","143.47","145.44","145.07","148.92","150.78","153.3","152.7","152.53","155.11","157.53","156.5","156.3","158.68","161.07","159.96","160.71","159.07"
"Q","Quarterly","MY","Malaysia","R","Real","771","Year-on-year changes, in per cent","Q:MY:R:771","","","","","","","","","","","","","","","","","","","","","","","","","","","","","","","","","","","","","","","","","","","","","","","","","","","","","","","","","","","","","","","","","","","","","","","","","","","","","","","","","","","","","","","","","","","","","","","","","","","","","","","","","","","","","","","","","","","","","","","","","","","","","","","","","","","","","","","","","","","","","","","","","","","","","","","","","","","","","","","","","","","","","","","","","","","","","","","","","","","","","","","","","","","","","","","","","","","","","","","","","","","","","","","","","","","","","","","","","","","","","","","","","","","","","","","","","","","","","","","","","","","","","","","","","3.06","2.89","0.62","-0.79","-1.38","-2.16","-0.88","7.96","15.2","23.5","25.22","17.41","12.01","7.32","5.24","4.21","2.65","0.87","0.55","0.98","2.2","1.72","4.2","8.4","11.56","15.84","16.2","13.82","11.8","10.26","8.42","6.22","4.19","2.05","-1.69","-7.03","-11.26","-15.6","-16.42","-12.45","-11.37","-6.61","-1.76","0.32","3.12","5.75","4.72","2.89","1.24","-0.83","-0.34","-0.44","0.31","0.69","1.02","2.98","3.39","1.98","3.78","2.45","4.27","4.44","1.01","0.33","-0.56","0.36","-0.7","-0.65","-1.34","-2.65","-1.44","1.58","2.15","2.88","3.5","0.66","1.72","-0.61","-3.18","-3.26","-3.03","1.21","4.36","5.28","3.78","4.76","4.71","5.76","6.5","5.24","6.24","7.76","10.17","11.55","11.7","12.83","9.37","9.51","10.86","6.2","6.54","6.56","5.66","5.7","8.48","4.85","3.81","3.78","3.67","5.1","5.4","5.26","2.42","2.87","2.76","2.49","2.47","2.3","2.25","2.21","2.82","0.24"
"Q","Quarterly","NL","Netherlands","N","Nominal","628","Index, 2010 = 100","Q:NL:N:628","","","","","","","","","","","","","","","","","","","","","","","","","","","","","","","","","","","","","","","","","","","","","","","","","","","","","","","","","","","","","","","","","","","","","","","","","","","","","","","","","","","","","","","","","","","","","","","","","","","","","","","","","","","","","","","","","","","","","","","","","","","","","","","","","","","","","","","","","","","","","","","","","","","","","","","","","","","","","","","","","","","","","","","","","","","","","7.52","7.88","8.1","8.25","8.48","8.79","8.87","9.1","9.45","9.85","9.94","10.45","10.81","11.48","11.7","12.35","13.03","13.8","14.16","14.86","15.19","15.84","16.43","17.26","18.11","20.07","21.39","22.98","25.6","29.24","29.48","30.03","30.76","32.59","30.24","30.28","29.79","29.99","29.21","28.42","28.09","27.84","25.94","25.85","25.96","24.9","23.73","22.31","21.68","21.56","21.76","21.21","21.48","22.29","22.33","21.66","21.8","21.8","21.92","21.62","21.63","22.06","21.76","21.83","22.39","22.78","23.19","23.08","23.58","24.11","24.01","24.05","24.22","25.15","25.39","25.39","25.84","26.75","27.12","27.12","27.06","27.94","27.12","26.83","27.17","27.93","28.02","28.63","29.82","29.23","31.03","31.03","31.58","32.37","33.26","33.89","35.16","35.63","36.98","36.5","37.01","37.46","38.53","38.98","40.05","41.48","42.91","43.81","45.24","46.49","47.83","48.82","49.98","51.32","53.02","54.54","56.68","59.1","62.23","64.91","67.86","70.54","73.58","75.28","77.07","79.12","81.18","81.89","83.33","84.49","85.92","85.83","86.63","87.53","88.33","89.32","90.3","91.28","92.62","92.89","93.77","94.85","96.11","96.58","97.65","98.94","100.07","100.94","102.29","103.19","105.2","106.18","106.25","106.41","107.77","105.57","104.47","101.46","100.57","100.49","100.19","100.07","100.16","99.58","99.7","98.34","97.87","96.15","94.32","92.76","89.15","89.52","87.09","85.3","85.84","85.57","86","86.38","86.94","87.3","88.21","88.99","90.79","91.07","92.29","92.98","95.3","96.52","98.45","99.99","102.35","104.71","107.63","109.21","112.74","114.26","116.39","118.3"
"Q","Quarterly","NL","Netherlands","N","Nominal","771","Year-on-year changes, in per cent","Q:NL:N:771","","","","","","","","","","","","","","","","","","","","","","","","","","","","","","","","","","","","","","","","","","","","","","","","","","","","","","","","","","","","","","","","","","","","","","","","","","","","","","","","","","","","","","","","","","","","","","","","","","","","","","","","","","","","","","","","","","","","","","","","","","","","","","","","","","","","","","","","","","","","","","","","","","","","","","","","","","","","","","","","","","","","","","","","","","","","","","","","","12.83","11.52","9.47","10.37","11.42","12.01","11.99","14.78","14.39","16.55","17.74","18.19","20.48","20.26","21.05","20.41","16.56","14.75","15.99","16.1","19.24","26.72","30.23","33.14","41.36","45.67","37.82","30.71","20.17","11.43","2.58","0.82","-3.15","-7.96","-3.42","-6.14","-5.71","-7.17","-11.17","-9.04","-7.59","-10.55","-8.52","-13.7","-16.47","-13.44","-8.29","-4.94","-0.95","3.4","2.58","2.11","1.47","-2.18","-1.8","-0.19","-0.75","1.19","-0.73","1","3.5","3.26","6.53","5.73","5.33","5.85","3.57","4.18","2.69","4.32","5.74","5.59","6.7","6.33","6.81","6.79","4.74","4.48","0","-1.05","0.39","-0.05","3.32","6.71","9.75","4.68","10.74","8.36","5.9","10.72","7.16","9.22","11.36","10.06","11.2","7.7","5.26","5.15","4.2","6.8","8.21","10.74","11.37","12.39","12.95","12.07","11.46","11.43","10.47","10.38","10.84","11.72","13.42","15.16","17.37","19.02","19.72","19.36","18.25","15.98","13.57","12.17","10.33","8.79","8.12","6.78","5.84","4.8","3.97","3.6","2.81","4.06","4.23","4.29","4.86","4","3.84","3.91","3.77","3.97","4.14","4.32","4.12","4.52","4.75","4.29","5.12","5.19","3.87","3.12","2.45","-0.58","-1.67","-4.65","-6.68","-4.8","-4.1","-1.37","-0.41","-0.91","-0.48","-1.73","-2.29","-3.44","-5.4","-5.68","-8.91","-6.89","-7.66","-8.04","-3.71","-4.42","-1.26","1.27","1.28","2.02","2.58","3.02","4.43","4.32","4.62","4.48","4.96","5.98","6.67","7.54","7.4","8.49","9.33","9.22","10.15","9.12","8.14","8.33"
"Q","Quarterly","NL","Netherlands","R","Real","628","Index, 2010 = 100","Q:NL:R:628","","","","","","","","","","","","","","","","","","","","","","","","","","","","","","","","","","","","","","","","","","","","","","","","","","","","","","","","","","","","","","","","","","","","","","","","","","","","","","","","","","","","","","","","","","","","","","","","","","","","","","","","","","","","","","","","","","","","","","","","","","","","","","","","","","","","","","","","","","","","","","","","","","","","","","","","","","","","","","","","","","","","","","","","","","","","","30.65","31.67","32.17","32.3","32.48","32.83","32.73","32.97","33.48","34.09","34.14","35","35.61","36.74","37.15","38.28","39.45","40.56","40.92","41.57","41.59","42.21","42.92","44.08","45.43","48.85","51.65","54.19","59.83","66.68","66.82","67.31","68.78","71.77","65.76","65.23","63.91","63.44","61.19","58.6","56.92","55.27","50.74","49.92","49.29","46.44","43.51","40.18","38.52","37.79","37.76","36.52","36.97","38.09","37.78","36.28","36.2","35.95","36.07","35.2","35.11","35.45","34.99","34.94","35.97","36.52","37.49","37.07","38.36","39.11","38.84","38.78","39.24","40.53","40.71","40.55","41.52","42.62","43","42.75","42.55","43.58","41.94","41.14","41.55","42.38","41.89","42.38","44","42.75","45.09","44.83","45.46","46.23","47.02","47.7","49.15","49.44","50.91","50.03","50.53","50.87","52.23","52.64","53.71","55.21","57.04","57.83","59.47","60.72","62.1","62.93","64.34","65.56","67.6","69.07","71.43","73.85","77.59","80.49","83.9","86.3","89.57","90.84","91.68","92.73","94.75","95","95.52","95.82","97.16","96.83","96.95","97.29","97.85","98.89","99.84","100.06","101.49","101.57","102.01","102.4","103.53","103.73","105.05","105.34","106.46","107.44","108.35","107.93","110.49","111.03","110.18","108.79","109.72","107.87","106.27","102.08","102.1","101.74","101.02","99.73","100.12","99.14","98.69","95.97","95.11","93.39","91.1","88.56","84.69","84.55","81.7","79.26","79.35","79.57","79.8","79.49","79.63","80.45","81.72","81.18","82.55","83.41","85","84.81","86.64","87.81","89.31","90.08","91.78","93.98","96.46","96.91","99.08","100.51","101.72","102.26"
"Q","Quarterly","NL","Netherlands","R","Real","771","Year-on-year changes, in per cent","Q:NL:R:771","","","","","","","","","","","","","","","","","","","","","","","","","","","","","","","","","","","","","","","","","","","","","","","","","","","","","","","","","","","","","","","","","","","","","","","","","","","","","","","","","","","","","","","","","","","","","","","","","","","","","","","","","","","","","","","","","","","","","","","","","","","","","","","","","","","","","","","","","","","","","","","","","","","","","","","","","","","","","","","","","","","","","","","","","","","","","","","","","5.98","3.67","1.73","2.07","3.09","3.84","4.3","6.15","6.36","7.78","8.84","9.37","10.79","10.39","10.15","8.62","5.41","4.06","4.87","6.03","9.24","15.74","20.35","22.93","31.69","36.49","29.36","24.21","14.96","7.63","-1.58","-3.09","-7.08","-11.61","-6.95","-10.16","-10.94","-12.87","-17.07","-14.81","-13.4","-15.98","-14.25","-19.52","-21.86","-18.63","-13.22","-9.11","-4.03","0.79","0.07","-0.64","-2.08","-5.6","-4.54","-2.99","-3","-1.41","-3","-0.73","2.45","3.03","7.14","6.1","6.64","7.08","3.62","4.6","2.28","3.63","4.81","4.58","5.81","5.17","5.61","5.41","2.48","2.25","-2.45","-3.76","-2.33","-2.75","-0.11","3","5.89","0.86","7.62","5.78","3.31","8.14","4.3","6.41","8.12","6.96","8.27","4.88","2.8","2.88","2.58","5.22","6.29","8.55","9.22","9.86","10.73","9.96","8.87","8.81","8.2","7.98","8.85","9.76","11.02","12.64","14.78","16.53","17.46","16.87","15.44","12.86","9.27","7.45","5.78","4.59","4.18","3.33","2.54","1.92","1.5","1.54","0.7","2.13","2.99","2.85","3.72","2.72","2.17","2.34","2.01","2.12","2.98","2.87","2.84","3.59","3.14","2.46","3.78","3.34","1.69","0.79","-0.69","-2.85","-3.55","-6.16","-6.94","-5.68","-4.94","-2.31","-1.94","-2.55","-2.3","-3.77","-5.01","-5.81","-7.69","-7.71","-10.96","-9.47","-10.32","-10.5","-6.3","-5.89","-2.33","0.28","0.35","1.11","2.41","2.12","3.67","3.68","4.01","4.47","4.96","5.27","5.07","6.21","5.93","7.03","8","7.59","7.96","6.95","5.46","5.52"
"Q","Quarterly","NO","Norway","N","Nominal","628","Index, 2010 = 100","Q:NO:N:628","","","","","","","","","","","","","","","","","","","","","","","","","","","","","","","","","","","","","","","","","","","","","","","","","","","","","","","","","","","","","","","","","","","","","","","","","","","","","","","","","","","","","","","","","","","","","","","","","","","","","","","","","","","","","","","","","","","","","","","","","","","","","","","","","","","","","","","","","","","","","","","","","","","","","","","","","","","","","","","","","","","","","","","","","","","","","4.65","4.65","4.65","4.65","4.91","4.91","4.91","4.91","5.28","5.67","5.66","5.52","5.75","6.01","5.81","5.58","5.57","5.99","6.2","6.39","6.6","6.88","6.76","6.59","6.33","7.12","7.15","7.07","8","8.38","8.45","8.37","8.97","9.19","9.33","9.58","9.88","10","9.91","9.96","9.78","10.52","11.25","11.89","12.68","13.89","14.7","15.25","16.29","17.39","17.61","17.81","17.92","17.91","18.26","18.69","19.2","19.8","19.98","19.84","19.77","20.18","20.99","22.24","24.04","26.26","28.24","29.46","32.57","33.22","33.46","33.75","34.2","33.9","32.84","31.55","29.79","29.18","28.07","27.34","27.72","28.11","27.44","26.58","26.05","26.05","25.7","25.21","24.58","24.71","24.84","24.19","23.28","24.45","25.37","26.15","26.94","27.72","28.9","28.77","28.9","30.08","30.6","30.99","31.25","32.69","33.34","34.13","34.65","37.14","37.4","37.92","39.49","41.97","41.58","40.41","41.97","45.37","46.29","47.99","50.87","54.27","52.7","52.7","54.53","56.88","56.88","56.75","58.58","60.67","58.71","58.32","59.63","60.02","59.89","60.67","65.12","66.17","66.3","67.08","69.83","71.79","72.44","72.44","77.02","80.81","83.43","84.47","89.7","93.1","92.97","90.88","92.97","94.15","91.01","84.6","88.13","92.71","94.41","94.41","97.55","101.21","100.69","100.56","105.79","108.66","109.06","108.53","112.46","116.12","116.77","115.99","119.52","122.79","120.43","117.16","119.91","124.49","124.62","123.96","128.54","132.72","132.2","129.58","134.42","140.05","142.66","142.66","148.02","149.72","146.19","143.71","146.45","152.21","150.51","146.98","150.9","155.21"
"Q","Quarterly","NO","Norway","N","Nominal","771","Year-on-year changes, in per cent","Q:NO:N:771","","","","","","","","","","","","","","","","","","","","","","","","","","","","","","","","","","","","","","","","","","","","","","","","","","","","","","","","","","","","","","","","","","","","","","","","","","","","","","","","","","","","","","","","","","","","","","","","","","","","","","","","","","","","","","","","","","","","","","","","","","","","","","","","","","","","","","","","","","","","","","","","","","","","","","","","","","","","","","","","","","","","","","","","","","","","","","","","","","","","","","","","","","","","","","","","","","","","","","","","","","","","","","","","","","","","","","","","","","","","","","","","","","","","","","","","","","","","","","","","","","","","","","","","","","","","","","","","","","","","","","","","","-5.32","-1.06","2.11","8.11","15.73","13.37","13.92","10","7.28","8.49","5.88","7.73","8.14","8.7","8.97","10.13","10.88","13.6","12.16","11.11","13.96","13.03","11.19","6.55","6.29","8.1","11.32","18.77","21.18","19.6","13.84","9.81","7.2","4.82","7.94","7.69","7.43","6.67","3.22","2.76","1.79","-1.08","2","4.04","9.21","10.24","10.7","10.56","7.23","8.5","9.27","7.99","10.3","12.57","15.16","16.61","16.47","15.21","11.44","7.59","3.64","1.12","-2.11","-6.91","-5.2","-1.53","3.74","11.59","10.68","9.17","6.65","6.51","8.45","7.36","8.31","7.93","6.3","6.86","7.07","6.87","6.28","5.74","3.14","1.01","0.33","1.38","3.47","5.8","7.2","6.62","6.09","4.54","4.58","5.52","7.91","10.09","10.12","6.91","2.47","0.73","-1.06","1.66","2.95","2.27","3.04","1.98"
"Q","Quarterly","NO","Norway","R","Real","628","Index, 2010 = 100","Q:NO:R:628","","","","","","","","","","","","","","","","","","","","","","","","","","","","","","","","","","","","","","","","","","","","","","","","","","","","","","","","","","","","","","","","","","","","","","","","","","","","","","","","","","","","","","","","","","","","","","","","","","","","","","","","","","","","","","","","","","","","","","","","","","","","","","","","","","","","","","","","","","","","","","","","","","","","","","","","","","","","","","","","","","","","","","","","","","","","","34.28","33.83","33.13","32.46","33.63","33.38","32.98","32.43","34.18","36.12","35.21","33.99","34.68","35.45","33.86","31.9","30.81","32.5","32.95","33.2","32.79","33.47","31.88","30.66","28.75","31.41","30.92","30.44","33.36","33.99","33.51","32.95","34.33","34.57","34.37","34.86","35.83","35.84","35.04","34.7","32.91","34.19","35.44","36.61","37.19","39.59","40.77","41.81","42.71","44.66","44.06","43.73","42.78","42.16","42.4","42.79","43.13","43.77","43.71","42.85","42.02","42.18","43.41","45.47","48.31","51.74","54.07","55.37","59.5","59.67","59.37","59.06","58.36","56.9","54.66","52.06","48.55","46.78","44.7","43.27","43.29","43.42","42.09","40.23","39.15","38.75","38.09","37.21","36.11","35.9","35.99","34.92","33.32","34.68","35.98","37.01","38.09","38.94","40.36","40.02","39.8","41.13","41.77","42.2","42.66","44.27","44.89","45.66","45.89","48.97","49.22","49.63","51.2","54.14","53.51","51.68","53.22","57.11","58.37","59.78","62.68","66.37","64.25","63.66","64.91","66.93","67.62","67.2","69.02","71.06","68.82","67.56","67.16","68.75","68.88","69.44","74.4","75.16","75.34","75.83","79","80.33","80.9","80.41","85.22","88.31","91.14","91.52","98.27","101.43","101.4","97.13","98.38","99.35","94.81","87.31","91.02","94.86","96.6","96.07","97.86","100.94","101.15","100.04","104.68","106.84","107.95","107.09","110.37","113.72","115.18","113.07","115.86","117.95","115.33","111.66","113.84","117.38","116.82","115.78","119.69","122.43","121.5","118.08","121.33","124.85","126.08","125.52","130.24","130.73","127.29","124.77","126.32","129.79","126.89","123.46","126.37","129.2"
"Q","Quarterly","NO","Norway","R","Real","771","Year-on-year changes, in per cent","Q:NO:R:771","","","","","","","","","","","","","","","","","","","","","","","","","","","","","","","","","","","","","","","","","","","","","","","","","","","","","","","","","","","","","","","","","","","","","","","","","","","","","","","","","","","","","","","","","","","","","","","","","","","","","","","","","","","","","","","","","","","","","","","","","","","","","","","","","","","","","","","","","","","","","","","","","","","","","","","","","","","","","","","","","","","","","","","","","","","","","","","","","","","","","","","","","","","","","","","","","","","","","","","","","","","","","","","","","","","","","","","","","","","","","","","","","","","","","","","","","","","","","","","","","","","","","","","","","","","","","","","","","","","","","","","","","-7.72","-3.39","-0.04","6","14.31","12.27","12.19","8.12","4.5","5.64","3.48","5.44","7.18","7.63","7.49","8.21","7.58","10.62","9.65","8.69","11.56","10.55","8.7","4.13","3.95","5.49","9.09","15.66","17.78","16.21","10.07","6.5","3.55","0.85","5.25","5.57","6.33","6.17","1.77","0.52","-2.7","-3.25","0.09","2.79","10.79","9.33","9.38","9.2","6.18","6.87","7.37","6.04","7.87","9.94","12.66","13.82","15.31","14.85","11.27","6.13","0.11","-2.04","-6.5","-10.11","-7.47","-4.52","1.89","10.03","7.51","6.41","4.71","4.13","6.97","5.84","6.72","7.05","5.44","6.44","6.69","5.59","4.97","3.72","0.13","-1.25","-1.74","-0.48","1.3","3.69","5.14","4.3","4","1.98","1.37","1.98","3.77","6.3","7.35","4.71","0.96","-0.6","-3.01","-0.73","-0.32","-1.05","0.04","-0.45"
"Q","Quarterly","NZ","New Zealand","N","Nominal","628","Index, 2010 = 100","Q:NZ:N:628","","","","","","","","","","","","","","","","","","","","","","","","","","","","","","","","","","","","","","","","","","","","","","","","","","","","","","","","","","","","","","","","","","","","","","","","","","","","","","","","","","","","","","","","","","","","","","","","","","","","","","","","","","","","","","","","","","","","","","","","","","","","","","","","","","","","","","","","","","","","","","","","","","","","","","","","","","","","","","","","","","","","","","","","","","","","","2.51","2.57","2.63","2.7","2.79","2.87","2.93","3","3.11","3.24","3.34","3.48","3.69","3.96","4.26","4.66","5.19","5.7","6.05","6.22","6.25","6.25","6.34","6.48","6.62","6.75","6.82","6.93","7.09","7.25","7.29","7.28","7.29","7.33","7.4","7.49","7.63","7.73","7.82","7.91","8.09","8.34","8.62","8.89","9.26","10.06","10.82","11.7","12.7","13.76","14.08","14.39","14.59","14.86","15.23","15.73","16.28","16.82","17.29","17.78","18.4","19.11","19.85","20.47","20.89","21.18","21.65","22.1","23.36","24.52","25.71","26.89","27.67","28.46","28.65","28.82","29.56","29.83","30.4","30.93","31.6","31.92","31.99","31.8","31.24","30.91","31.17","31.01","30.86","31.31","31.51","31.54","31.87","32.17","32.79","33.53","35.42","36.61","37.71","38.42","39.17","39.85","40.97","41.83","43.79","44.47","44.52","45.22","46.78","47.23","47.37","47.41","46.88","46.05","46.13","46.33","47.09","47.44","47.37","47.39","47.48","47.34","46.97","46.84","47.49","47.67","48.09","48.9","50.84","52.07","53.71","55.73","58.79","60.83","64.92","69.31","72.39","73.68","75.19","77.91","81.51","83.8","86.44","89.78","91.5","92.31","94.46","97.79","101.86","104.72","105.13","105.28","104.65","100.05","98.12","95.88","95.23","96.95","99.15","101.05","101.13","100.02","99.42","99.42","99.66","100.15","101.5","101.69","102.76","103.97","106.03","108.24","110.72","113.08","116.62","117.94","119.17","120.35","122.23","126.38","130.37","134.86","141.14","142.34","147.53","155.32","161","162.65","165.38","165.7","166.88","169.25","171.31","171.69","173.32","174.86","175.74","174.64"
"Q","Quarterly","NZ","New Zealand","N","Nominal","771","Year-on-year changes, in per cent","Q:NZ:N:771","","","","","","","","","","","","","","","","","","","","","","","","","","","","","","","","","","","","","","","","","","","","","","","","","","","","","","","","","","","","","","","","","","","","","","","","","","","","","","","","","","","","","","","","","","","","","","","","","","","","","","","","","","","","","","","","","","","","","","","","","","","","","","","","","","","","","","","","","","","","","","","","","","","","","","","","","","","","","","","","","","","","","","","","","","","","","","","","","10.79","11.65","11.4","10.94","11.63","12.83","14.11","16.22","18.75","22.38","27.64","33.84","40.46","43.72","41.98","33.54","20.53","9.74","4.68","4.1","5.89","7.97","7.6","7","7.09","7.38","6.89","4.96","2.8","1.17","1.56","2.89","4.67","5.41","5.58","5.68","6.02","7.94","10.32","12.38","14.48","20.51","25.48","31.57","37.13","36.87","30.11","22.99","14.9","7.96","8.17","9.3","11.59","13.2","13.56","13.05","13.03","13.6","14.79","15.17","13.52","10.85","9.08","7.92","11.81","15.77","18.76","21.71","18.46","16.08","11.43","7.19","6.84","4.8","6.1","7.31","6.89","7.02","5.22","2.8","-1.14","-3.17","-2.54","-2.48","-1.22","1.28","1.07","1.72","3.3","2.77","4.07","6.31","11.13","13.79","15.01","14.57","10.57","8.86","8.64","8.89","11.8","11.58","8.68","8.08","6.82","6.2","6.4","4.86","0.22","-2.48","-2.62","-2.28","0.46","3.01","2.69","2.29","0.81","-0.22","-0.85","-1.16","0.03","0.7","2.38","4.39","7.06","9.23","11.69","13.96","15.64","16.82","20.88","24.36","23.13","21.12","15.82","12.41","12.6","13.73","14.96","15.24","12.25","10.16","9.28","8.92","11.32","13.44","11.29","7.65","2.74","-4.45","-6.67","-8.93","-9","-3.1","1.05","5.39","6.2","3.17","0.27","-1.61","-1.45","0.12","2.09","2.28","3.11","3.82","4.47","6.44","7.74","8.76","9.98","8.96","7.63","6.42","4.81","7.16","9.4","12.06","15.47","12.62","13.16","15.18","14.07","14.27","12.1","6.68","3.65","4.06","3.58","3.61","3.86","3.32","2.59","1.72"
"Q","Quarterly","NZ","New Zealand","R","Real","628","Index, 2010 = 100","Q:NZ:R:628","","","","","","","","","","","","","","","","","","","","","","","","","","","","","","","","","","","","","","","","","","","","","","","","","","","","","","","","","","","","","","","","","","","","","","","","","","","","","","","","","","","","","","","","","","","","","","","","","","","","","","","","","","","","","","","","","","","","","","","","","","","","","","","","","","","","","","","","","","","","","","","","","","","","","","","","","","","","","","","","","","","","","","","","","","","","","35.86","36.11","36.24","35.79","36.02","36.32","36.33","36.38","37.07","38.15","38.92","40.1","41.54","43.4","45.63","48.72","52.9","56.72","58.09","57.8","56.31","54.16","52.97","52","50.9","49.67","48.64","48.11","47.96","46.78","45.43","43.79","43.01","42.15","41.52","40.93","40.78","39.53","38.05","37.12","36.52","36.18","36.08","35.92","36.28","37.89","39.23","40.84","42.95","44.33","43.77","43.56","43.81","44.2","44.92","45.96","47.25","47.78","47.68","47.49","47.09","46.54","47.05","47.45","47.33","46.72","46.22","43.31","44.73","45.47","46.94","48.1","48.62","49.64","49.52","49.24","49.94","49.81","49.03","49.29","49.88","49.53","49.13","48.32","47.18","46.64","46.88","46.67","46.23","46.78","46.92","46.85","47.3","47.46","48.12","49.12","51.89","53.42","54.37","54.75","55.17","55.6","57.05","57.93","60.35","60.82","60.56","61.05","63.33","63.88","63.78","63.49","62.66","61.28","61.05","61.82","63.01","63.35","63.01","62.91","62.59","61.98","60.66","59.81","60.75","60.45","60.64","61.32","63.4","64.27","65.98","68.03","71.51","73.98","78.6","83.31","86.7","87.54","88.78","91.18","94.99","96.81","98.75","101.86","103.2","102.56","104.21","108.11","112.05","114.06","113.95","112.79","111.36","104.77","101.22","99.37","98.42","99.64","100.6","102.71","102.42","101.12","99.42","97.15","96.62","96.17","97.05","97.56","98.08","98.9","100.6","102.87","104.78","106.83","109.15","110.3","111.07","111.89","113.26","117.3","121.2","124.86","130.24","132","136.59","143.21","147.95","148.85","149.87","150.16","150.49","152.46","153.55","153.28","153.38","154.6","155.22","153.35"
"Q","Quarterly","NZ","New Zealand","R","Real","771","Year-on-year changes, in per cent","Q:NZ:R:771","","","","","","","","","","","","","","","","","","","","","","","","","","","","","","","","","","","","","","","","","","","","","","","","","","","","","","","","","","","","","","","","","","","","","","","","","","","","","","","","","","","","","","","","","","","","","","","","","","","","","","","","","","","","","","","","","","","","","","","","","","","","","","","","","","","","","","","","","","","","","","","","","","","","","","","","","","","","","","","","","","","","","","","","","","","","","","","","","0.44","0.56","0.23","1.67","2.92","5.05","7.15","10.2","12.06","13.76","17.22","21.5","27.34","30.69","27.32","18.64","6.46","-4.5","-8.81","-10.03","-9.62","-8.29","-8.18","-7.47","-5.78","-5.83","-6.6","-8.98","-10.32","-9.88","-8.6","-6.55","-5.19","-6.23","-8.34","-9.31","-10.45","-8.46","-5.18","-3.23","-0.66","4.72","8.71","13.71","18.41","17.01","11.58","6.67","2","-0.31","2.64","5.5","7.85","8.1","6.13","3.33","-0.33","-2.59","-1.32","-0.09","0.5","0.39","-1.76","-8.73","-5.48","-2.67","1.55","11.06","8.7","9.16","5.5","2.37","2.71","0.35","-0.99","0.1","-0.12","-0.56","0.21","-1.96","-5.42","-5.82","-4.59","-3.43","-2","0.3","0.1","0.39","2.31","1.44","2.55","4.85","9.7","12.56","13","11.45","6.31","4.09","4.92","5.81","9.38","9.39","6.16","5.4","4.95","5.03","5.32","4","-1.06","-4.07","-4.29","-2.64","0.55","3.39","3.21","1.77","-0.67","-2.18","-3.73","-4.94","-2.94","-2.45","-0.04","2.53","4.36","6.3","8.81","10.94","12.79","15.12","19.13","22.46","21.25","18.32","12.95","9.45","9.55","10.59","11.22","11.71","8.65","5.94","5.54","6.13","8.57","11.22","9.34","4.33","-0.61","-8.15","-11.17","-11.9","-11.62","-4.89","-0.61","3.37","4.07","1.48","-1.17","-5.42","-5.67","-4.89","-2.39","0.42","1.51","2.84","3.66","5.44","6.82","8.02","8.5","7.22","6.01","4.73","3.76","6.35","9.12","11.59","14.99","12.53","12.69","14.7","13.6","12.77","9.72","4.85","1.72","2.42","2.46","2.08","1.92","1.4","1.09","0.04"
"Q","Quarterly","PE","Peru","N","Nominal","628","Index, 2010 = 100","Q:PE:N:628","","","","","","","","","","","","","","","","","","","","","","","","","","","","","","","","","","","","","","","","","","","","","","","","","","","","","","","","","","","","","","","","","","","","","","","","","","","","","","","","","","","","","","","","","","","","","","","","","","","","","","","","","","","","","","","","","","","","","","","","","","","","","","","","","","","","","","","","","","","","","","","","","","","","","","","","","","","","","","","","","","","","","","","","","","","","","","","","","","","","","","","","","","","","","","","","","","","","","","","","","","","","","","","","","","","","","","","","","","","","","","","","","","","","","","","","","","","","","","","","","","","","","","","","","","","","","","","","","","","","","","","","","","","","","","","","","","","","","","","","","","","","","59.1","56.74","59.38","61.93","71.06","66.24","66.76","69.51","65.11","66.37","64.75","65.14","58.46","64.95","58.47","60.67","57.83","59.17","68.83","59.68","50.74","55.07","51.97","53.39","59.86","60.64","58.48","54.63","59.51","53.09","52.9","57.63","58","55.62","50.81","53.99","52.13","55.58","56.93","62.98","61.18","70.14","79.06","80.82","78.63","78.6","85.47","86.53","95.01","99.2","101.99","103.79","112.55","118.51","125.5","125.04","134.43","142.27","146.12","149.67","160.12","163.05","164.61","163.92","171.17","178.38","169.81","170.43","170.41","168.31","167.61","163.9","160.71","163.64","165.11","167.51","169.04","166.28","169.29","167.86","167.73","165.72","169.81","170.64","172.05","173.87"
"Q","Quarterly","PE","Peru","N","Nominal","771","Year-on-year changes, in per cent","Q:PE:N:771","","","","","","","","","","","","","","","","","","","","","","","","","","","","","","","","","","","","","","","","","","","","","","","","","","","","","","","","","","","","","","","","","","","","","","","","","","","","","","","","","","","","","","","","","","","","","","","","","","","","","","","","","","","","","","","","","","","","","","","","","","","","","","","","","","","","","","","","","","","","","","","","","","","","","","","","","","","","","","","","","","","","","","","","","","","","","","","","","","","","","","","","","","","","","","","","","","","","","","","","","","","","","","","","","","","","","","","","","","","","","","","","","","","","","","","","","","","","","","","","","","","","","","","","","","","","","","","","","","","","","","","","","","","","","","","","","","","","","","","","","","","","","","","","","20.23","16.74","12.42","12.24","-8.37","0.21","-3.01","-6.28","-10.22","-2.15","-9.7","-6.87","-1.07","-8.89","17.72","-1.62","-12.27","-6.93","-24.5","-10.54","17.98","10.1","12.52","2.32","-0.58","-12.45","-9.53","5.49","-2.53","4.77","-3.96","-6.32","-10.12","-0.08","12.06","16.66","17.36","26.19","38.87","28.32","28.52","12.07","8.1","7.07","20.83","26.21","19.33","19.95","18.46","19.46","23.04","20.48","19.44","20.05","16.43","19.7","19.11","14.6","12.65","9.52","6.9","9.4","3.16","3.97","-0.44","-5.64","-1.29","-3.83","-5.69","-2.78","-1.49","2.2","5.18","1.62","2.53","0.21","-0.77","-0.34","0.31","1.66","2.57","4.92"
"Q","Quarterly","PE","Peru","R","Real","628","Index, 2010 = 100","Q:PE:R:628","","","","","","","","","","","","","","","","","","","","","","","","","","","","","","","","","","","","","","","","","","","","","","","","","","","","","","","","","","","","","","","","","","","","","","","","","","","","","","","","","","","","","","","","","","","","","","","","","","","","","","","","","","","","","","","","","","","","","","","","","","","","","","","","","","","","","","","","","","","","","","","","","","","","","","","","","","","","","","","","","","","","","","","","","","","","","","","","","","","","","","","","","","","","","","","","","","","","","","","","","","","","","","","","","","","","","","","","","","","","","","","","","","","","","","","","","","","","","","","","","","","","","","","","","","","","","","","","","","","","","","","","","","","","","","","","","","","","","","","","","","","","","82.05","76.86","79.5","83.23","94.69","86.98","86.96","90.03","83.53","84.25","81.32","81.12","72.33","80.36","72.38","75.38","72.29","73.17","84.98","73.1","61.68","66.5","62.93","64.19","70.65","70.81","67.82","63.26","68.73","60.92","60.6","65.88","65.44","62.38","57.17","60.79","58.57","61.84","62.56","68.52","65.57","73.94","81.89","82.45","79.81","79.7","86.86","87.92","95.78","99.45","101.45","103.25","110.85","115.23","120.64","119.01","127.06","132.92","135.7","138.5","147.45","148.59","148.25","147.34","152.43","157.05","148.59","148.49","147.4","143.44","141.25","137.22","133.08","134.61","135.08","135.71","135.32","132.61","134.48","133.79","133.03","130.92","133.13","133.25","133.61","133.96"
"Q","Quarterly","PE","Peru","R","Real","771","Year-on-year changes, in per cent","Q:PE:R:771","","","","","","","","","","","","","","","","","","","","","","","","","","","","","","","","","","","","","","","","","","","","","","","","","","","","","","","","","","","","","","","","","","","","","","","","","","","","","","","","","","","","","","","","","","","","","","","","","","","","","","","","","","","","","","","","","","","","","","","","","","","","","","","","","","","","","","","","","","","","","","","","","","","","","","","","","","","","","","","","","","","","","","","","","","","","","","","","","","","","","","","","","","","","","","","","","","","","","","","","","","","","","","","","","","","","","","","","","","","","","","","","","","","","","","","","","","","","","","","","","","","","","","","","","","","","","","","","","","","","","","","","","","","","","","","","","","","","","","","","","","","","","","","","","15.4","13.17","9.38","8.17","-11.79","-3.13","-6.48","-9.89","-13.41","-4.62","-11","-7.08","-0.06","-8.95","17.41","-3.02","-14.68","-9.1","-25.94","-12.19","14.55","6.47","7.77","-1.46","-2.71","-13.97","-10.64","4.15","-4.79","2.4","-5.66","-7.73","-10.49","-0.87","9.43","12.71","11.95","19.57","30.89","20.33","21.71","7.79","6.07","6.63","20.01","24.78","16.8","17.44","15.74","15.86","18.91","15.26","14.62","15.35","12.48","16.38","16.05","11.79","9.25","6.38","3.38","5.69","0.23","0.79","-3.3","-8.67","-4.94","-7.6","-9.72","-6.15","-4.37","-1.1","1.68","-1.49","-0.45","-1.42","-1.69","-1.28","-1","-0.4","0.44","2.32"
"Q","Quarterly","PH","Philippines","N","Nominal","628","Index, 2010 = 100","Q:PH:N:628","","","","","","","","","","","","","","","","","","","","","","","","","","","","","","","","","","","","","","","","","","","","","","","","","","","","","","","","","","","","","","","","","","","","","","","","","","","","","","","","","","","","","","","","","","","","","","","","","","","","","","","","","","","","","","","","","","","","","","","","","","","","","","","","","","","","","","","","","","","","","","","","","","","","","","","","","","","","","","","","","","","","","","","","","","","","","","","","","","","","","","","","","","","","","","","","","","","","","","","","","","","","","","","","","","","","","","","","","","","","","","","","","","","","","","","","","","","","","","","","","","","","","","","","","","","","","","","","","","","","","","","","","","","","","","","","","","","","","","","","","","","","","","","","","","","","","","","","","","","","","","","","","","","","","","","","","","","","","","","","","","","","","95.8","100.84","101.12","100.92","100.19","100.19","98.91","98.4","98.4","99.32","100.81","101.47","102.42","105.22","106.31","108.34","113.15","114.5","115.12","117","121.37","125.68","130.05","134.36","137.74","141.06","144.43","147.81","151.48","155.2","158.87","162.59","166.65","170.72","174.74","178.85","184.56","190.26","192.59","197.45","203.36","209.21","217.2","228.06","242.89","251.37"
"Q","Quarterly","PH","Philippines","N","Nominal","771","Year-on-year changes, in per cent","Q:PH:N:771","","","","","","","","","","","","","","","","","","","","","","","","","","","","","","","","","","","","","","","","","","","","","","","","","","","","","","","","","","","","","","","","","","","","","","","","","","","","","","","","","","","","","","","","","","","","","","","","","","","","","","","","","","","","","","","","","","","","","","","","","","","","","","","","","","","","","","","","","","","","","","","","","","","","","","","","","","","","","","","","","","","","","","","","","","","","","","","","","","","","","","","","","","","","","","","","","","","","","","","","","","","","","","","","","","","","","","","","","","","","","","","","","","","","","","","","","","","","","","","","","","","","","","","","","","","","","","","","","","","","","","","","","","","","","","","","","","","","","","","","","","","","","","","","","","","","","","","","","","","","","","","","","","","","","","","","","","","","","","","","","","","","","","","","","4.58","-0.64","-2.19","-2.5","-1.79","-0.87","1.93","3.12","4.09","5.93","5.45","6.77","10.48","8.83","8.29","8","7.27","9.76","12.97","14.84","13.49","12.23","11.06","10","9.97","10.02","9.99","10","10.02","10","9.99","10.01","10.74","11.45","10.22","10.4","10.19","9.96","12.77","15.5","19.44","20.15"
"Q","Quarterly","PH","Philippines","R","Real","628","Index, 2010 = 100","Q:PH:R:628","","","","","","","","","","","","","","","","","","","","","","","","","","","","","","","","","","","","","","","","","","","","","","","","","","","","","","","","","","","","","","","","","","","","","","","","","","","","","","","","","","","","","","","","","","","","","","","","","","","","","","","","","","","","","","","","","","","","","","","","","","","","","","","","","","","","","","","","","","","","","","","","","","","","","","","","","","","","","","","","","","","","","","","","","","","","","","","","","","","","","","","","","","","","","","","","","","","","","","","","","","","","","","","","","","","","","","","","","","","","","","","","","","","","","","","","","","","","","","","","","","","","","","","","","","","","","","","","","","","","","","","","","","","","","","","","","","","","","","","","","","","","","","","","","","","","","","","","","","","","","","","","","","","","","","","","","","","","","","","","","","","","","107.78","109.67","106.76","107.04","105.42","104.39","102.32","100.67","99.64","99.67","100.41","100.27","99.23","100.64","101.1","102.33","106.11","106.38","105.82","107.3","110.68","114.09","117.02","119.63","121.19","123.33","124.87","127.94","131.28","134.38","137.43","140.34","143.59","146.41","149.03","151.33","154.55","158.66","159.98","162.18","163.97","166.51","169.8","176.8","188.62","194.33"
"Q","Quarterly","PH","Philippines","R","Real","771","Year-on-year changes, in per cent","Q:PH:R:771","","","","","","","","","","","","","","","","","","","","","","","","","","","","","","","","","","","","","","","","","","","","","","","","","","","","","","","","","","","","","","","","","","","","","","","","","","","","","","","","","","","","","","","","","","","","","","","","","","","","","","","","","","","","","","","","","","","","","","","","","","","","","","","","","","","","","","","","","","","","","","","","","","","","","","","","","","","","","","","","","","","","","","","","","","","","","","","","","","","","","","","","","","","","","","","","","","","","","","","","","","","","","","","","","","","","","","","","","","","","","","","","","","","","","","","","","","","","","","","","","","","","","","","","","","","","","","","","","","","","","","","","","","","","","","","","","","","","","","","","","","","","","","","","","","","","","","","","","","","","","","","","","","","","","","","","","","","","","","","","","","","","","","","","","-2.19","-4.81","-4.15","-5.95","-5.48","-4.52","-1.87","-0.4","-0.41","0.97","0.69","2.05","6.93","5.7","4.67","4.86","4.31","7.25","10.59","11.49","9.5","8.1","6.7","6.95","8.33","8.96","10.06","9.69","9.37","8.95","8.44","7.83","7.64","8.37","7.35","7.17","6.09","4.95","6.14","9.02","15.03","16.71"
"Q","Quarterly","PL","Poland","N","Nominal","628","Index, 2010 = 100","Q:PL:N:628","","","","","","","","","","","","","","","","","","","","","","","","","","","","","","","","","","","","","","","","","","","","","","","","","","","","","","","","","","","","","","","","","","","","","","","","","","","","","","","","","","","","","","","","","","","","","","","","","","","","","","","","","","","","","","","","","","","","","","","","","","","","","","","","","","","","","","","","","","","","","","","","","","","","","","","","","","","","","","","","","","","","","","","","","","","","","","","","","","","","","","","","","","","","","","","","","","","","","","","","","","","","","","","","","","","","","","","","","","","","","","","","","","","","","","","","","","","","","","","","","","","","","","","","","","","","","","","","","","","","","","","","","","","","","","","","","","","","","","","","","","","","","","","","","","","","","","","","","","","","","","","","","","","","","","","","","","","","","","","","","","","","","","","","","","","","","99.04","100.25","100.39","100.32","100.26","100.91","99.81","99.35","98","97.36","96.02","94.96","92.51","92.34","92.25","92.31","91.99","94.03","93.42","93.64","93.8","95.1","95.28","94.57","94.69","95.48","97.27","98.34","97.84","99.84","100.84","102.13","103.66","106","107.4","109.94","112.05","114.67"
"Q","Quarterly","PL","Poland","N","Nominal","771","Year-on-year changes, in per cent","Q:PL:N:771","","","","","","","","","","","","","","","","","","","","","","","","","","","","","","","","","","","","","","","","","","","","","","","","","","","","","","","","","","","","","","","","","","","","","","","","","","","","","","","","","","","","","","","","","","","","","","","","","","","","","","","","","","","","","","","","","","","","","","","","","","","","","","","","","","","","","","","","","","","","","","","","","","","","","","","","","","","","","","","","","","","","","","","","","","","","","","","","","","","","","","","","","","","","","","","","","","","","","","","","","","","","","","","","","","","","","","","","","","","","","","","","","","","","","","","","","","","","","","","","","","","","","","","","","","","","","","","","","","","","","","","","","","","","","","","","","","","","","","","","","","","","","","","","","","","","","","","","","","","","","","","","","","","","","","","","","","","","","","","","","","","","","","","","","","","","","","","","","1.22","0.66","-0.58","-0.97","-2.25","-3.52","-3.79","-4.41","-5.6","-5.15","-3.92","-2.79","-0.56","1.83","1.26","1.44","1.97","1.14","2","1","0.95","0.41","2.09","3.98","3.33","4.56","3.67","3.85","5.95","6.17","6.51","7.65","8.09","8.17"
"Q","Quarterly","PL","Poland","R","Real","628","Index, 2010 = 100","Q:PL:R:628","","","","","","","","","","","","","","","","","","","","","","","","","","","","","","","","","","","","","","","","","","","","","","","","","","","","","","","","","","","","","","","","","","","","","","","","","","","","","","","","","","","","","","","","","","","","","","","","","","","","","","","","","","","","","","","","","","","","","","","","","","","","","","","","","","","","","","","","","","","","","","","","","","","","","","","","","","","","","","","","","","","","","","","","","","","","","","","","","","","","","","","","","","","","","","","","","","","","","","","","","","","","","","","","","","","","","","","","","","","","","","","","","","","","","","","","","","","","","","","","","","","","","","","","","","","","","","","","","","","","","","","","","","","","","","","","","","","","","","","","","","","","","","","","","","","","","","","","","","","","","","","","","","","","","","","","","","","","","","","","","","","","","","","","","","","","","100.06","100.28","100.36","99.31","97.37","96.64","95.92","94.2","91.39","89.68","88.85","87.42","84.91","84.37","84.21","84.2","83.69","85.51","85.38","85.88","86.41","87.18","87.78","87.44","88.12","88.46","90.35","90.67","89.24","90.83","91.96","92.06","93.05","94.64","95.87","97.63","99.38","100.04"
"Q","Quarterly","PL","Poland","R","Real","771","Year-on-year changes, in per cent","Q:PL:R:771","","","","","","","","","","","","","","","","","","","","","","","","","","","","","","","","","","","","","","","","","","","","","","","","","","","","","","","","","","","","","","","","","","","","","","","","","","","","","","","","","","","","","","","","","","","","","","","","","","","","","","","","","","","","","","","","","","","","","","","","","","","","","","","","","","","","","","","","","","","","","","","","","","","","","","","","","","","","","","","","","","","","","","","","","","","","","","","","","","","","","","","","","","","","","","","","","","","","","","","","","","","","","","","","","","","","","","","","","","","","","","","","","","","","","","","","","","","","","","","","","","","","","","","","","","","","","","","","","","","","","","","","","","","","","","","","","","","","","","","","","","","","","","","","","","","","","","","","","","","","","","","","","","","","","","","","","","","","","","","","","","","","","","","","","","","","","","","","","-2.69","-3.63","-4.42","-5.15","-6.15","-7.21","-7.37","-7.2","-7.09","-5.91","-5.22","-3.68","-1.43","1.35","1.38","1.99","3.25","1.95","2.82","1.82","1.97","1.46","2.92","3.7","1.27","2.69","1.79","1.53","4.26","4.19","4.25","6.05","6.8","5.71"
"Q","Quarterly","PT","Portugal","N","Nominal","628","Index, 2010 = 100","Q:PT:N:628","","","","","","","","","","","","","","","","","","","","","","","","","","","","","","","","","","","","","","","","","","","","","","","","","","","","","","","","","","","","","","","","","","","","","","","","","","","","","","","","","","","","","","","","","","","","","","","","","","","","","","","","","","","","","","","","","","","","","","","","","","","","","","","","","","","","","","","","","","","","","","","","","","","","","","","","","","","","","","","","","","","","","","","","","","","","","","","","","","","","","","","","","","","","","","","","","","","","","","","","","","","","","","","","","","","","","","","","","","","","","","","","","","","","","","","","","","","","","","","","","","","","","","","","","","","","","","","","","","","","","","","","","","","","","","","","","","","","","","","","","","","","","","","","","","","","","","","","","","","","","","","","","","","","","","","","","","","","","","","","","","","","","101.74","102.08","99.26","97.56","98.43","99.34","99.39","99.79","100.36","100.75","99.97","98.93","98.22","96.11","94.53","91.52","90.2","88.15","87.28","87.85","86.11","85.93","86.39","88.39","89.57","91","90.64","90.33","90.3","93.68","93.75","94.86","96.57","99.58","100.89","102.06","104.22","107.59","111.4","112.76","116.97","119.68","120.83","123.27","127.74","131.79"
"Q","Quarterly","PT","Portugal","N","Nominal","771","Year-on-year changes, in per cent","Q:PT:N:771","","","","","","","","","","","","","","","","","","","","","","","","","","","","","","","","","","","","","","","","","","","","","","","","","","","","","","","","","","","","","","","","","","","","","","","","","","","","","","","","","","","","","","","","","","","","","","","","","","","","","","","","","","","","","","","","","","","","","","","","","","","","","","","","","","","","","","","","","","","","","","","","","","","","","","","","","","","","","","","","","","","","","","","","","","","","","","","","","","","","","","","","","","","","","","","","","","","","","","","","","","","","","","","","","","","","","","","","","","","","","","","","","","","","","","","","","","","","","","","","","","","","","","","","","","","","","","","","","","","","","","","","","","","","","","","","","","","","","","","","","","","","","","","","","","","","","","","","","","","","","","","","","","","","","","","","","","","","","","","","","","","","","","","","","-3.26","-2.68","0.13","2.28","1.96","1.42","0.58","-0.86","-2.13","-4.6","-5.43","-7.49","-8.16","-8.28","-7.68","-4.01","-4.53","-2.53","-1.01","0.61","4.01","5.91","4.92","2.2","0.81","2.94","3.43","5.01","6.94","6.3","7.61","7.59","7.93","8.04","10.42","10.49","12.24","11.24","8.46","9.32","9.21","10.12"
"Q","Quarterly","PT","Portugal","R","Real","628","Index, 2010 = 100","Q:PT:R:628","","","","","","","","","","","","","","","","","","","","","","","","","","","","","","","","","","","","","","","","","","","","","","","","","","","","","","","","","","","","","","","","","","","","","","","","","","","","","","","","","","","","","","","","","","","","","","","","","","","","","","","","","","","","","","","","","","","","","","","","","","","","","","","","","","","","","","","","","","","","","","","","","","","","","","","","","","","","","","","","","","","","","","","","","","","","","","","","","","","","","","","","","","","","","","","","","","","","","","","","","","","","","","","","","","","","","","","","","","","","","","","","","","","","","","","","","","","","","","","","","","","","","","","","","","","","","","","","","","","","","","","","","","","","","","","","","","","","","","","","","","","","","","","","","","","","","","","","","","","","","","","","","","","","","","","","","","","","","","","","","","","","","103.39","101.93","99.37","98.21","100.03","100.3","101.03","101.16","101.69","100.72","99.67","97.96","95.94","92.6","91.33","87.2","85.2","82.62","81.94","82.08","81.17","80.04","80.83","82.64","84.54","85.05","85.26","84.56","85.31","86.92","87.52","88.3","90.74","91.99","93.56","94.27","96.56","97.97","102.15","102.65","107.55","107.92","109.27","111.29","116.58","118.22"
"Q","Quarterly","PT","Portugal","R","Real","771","Year-on-year changes, in per cent","Q:PT:R:771","","","","","","","","","","","","","","","","","","","","","","","","","","","","","","","","","","","","","","","","","","","","","","","","","","","","","","","","","","","","","","","","","","","","","","","","","","","","","","","","","","","","","","","","","","","","","","","","","","","","","","","","","","","","","","","","","","","","","","","","","","","","","","","","","","","","","","","","","","","","","","","","","","","","","","","","","","","","","","","","","","","","","","","","","","","","","","","","","","","","","","","","","","","","","","","","","","","","","","","","","","","","","","","","","","","","","","","","","","","","","","","","","","","","","","","","","","","","","","","","","","","","","","","","","","","","","","","","","","","","","","","","","","","","","","","","","","","","","","","","","","","","","","","","","","","","","","","","","","","","","","","","","","","","","","","","","","","","","","","","","","","","","","","","","-3.25","-1.6","1.67","3","1.66","0.43","-1.34","-3.17","-5.65","-8.06","-8.37","-10.98","-11.2","-10.78","-10.29","-5.87","-4.73","-3.13","-1.35","0.68","4.15","6.26","5.48","2.32","0.91","2.2","2.65","4.43","6.36","5.83","6.91","6.76","6.42","6.5","9.18","8.89","11.38","10.15","6.97","8.42","8.39","9.54"
"Q","Quarterly","RO","Romania","N","Nominal","628","Index, 2010 = 100","Q:RO:N:628","","","","","","","","","","","","","","","","","","","","","","","","","","","","","","","","","","","","","","","","","","","","","","","","","","","","","","","","","","","","","","","","","","","","","","","","","","","","","","","","","","","","","","","","","","","","","","","","","","","","","","","","","","","","","","","","","","","","","","","","","","","","","","","","","","","","","","","","","","","","","","","","","","","","","","","","","","","","","","","","","","","","","","","","","","","","","","","","","","","","","","","","","","","","","","","","","","","","","","","","","","","","","","","","","","","","","","","","","","","","","","","","","","","","","","","","","","","","","","","","","","","","","","","","","","","","","","","","","","","","","","","","","","","","","","","","","","","","","","","","","","","","","","","","","","","","","","","","","","","","","","","","","","","","","","","","","","","","","","","","","","","","","","","","","111.01","106.21","105.83","109.53","103.67","102.05","98.27","96.01","92.13","90.44","85.58","82.6","85.11","84.61","81.51","81.74","84.48","84","82.01","81.64","82.29","81.04","80.31","81.66","84.5","83.45","82.71","83.95","86.71","89.16","88.55","90.09","91.15","95.59","94.06","95.15","97.12","100.1","99.45","100.24","100.31","101.88"
"Q","Quarterly","RO","Romania","N","Nominal","771","Year-on-year changes, in per cent","Q:RO:N:771","","","","","","","","","","","","","","","","","","","","","","","","","","","","","","","","","","","","","","","","","","","","","","","","","","","","","","","","","","","","","","","","","","","","","","","","","","","","","","","","","","","","","","","","","","","","","","","","","","","","","","","","","","","","","","","","","","","","","","","","","","","","","","","","","","","","","","","","","","","","","","","","","","","","","","","","","","","","","","","","","","","","","","","","","","","","","","","","","","","","","","","","","","","","","","","","","","","","","","","","","","","","","","","","","","","","","","","","","","","","","","","","","","","","","","","","","","","","","","","","","","","","","","","","","","","","","","","","","","","","","","","","","","","","","","","","","","","","","","","","","","","","","","","","","","","","","","","","","","","","","","","","","","","","","","","","","","","","","","","","","","","","","","","","","","","","","-6.61","-3.92","-7.14","-12.34","-11.13","-11.38","-12.91","-13.97","-7.63","-6.44","-4.76","-1.04","-0.74","-0.72","0.62","-0.12","-2.59","-3.53","-2.07","0.03","2.68","2.97","2.98","2.81","2.61","6.85","7.07","7.31","5.12","7.21","6.22","5.62","6.55","4.72","5.73","5.35","3.28","1.78"
"Q","Quarterly","RO","Romania","R","Real","628","Index, 2010 = 100","Q:RO:R:628","","","","","","","","","","","","","","","","","","","","","","","","","","","","","","","","","","","","","","","","","","","","","","","","","","","","","","","","","","","","","","","","","","","","","","","","","","","","","","","","","","","","","","","","","","","","","","","","","","","","","","","","","","","","","","","","","","","","","","","","","","","","","","","","","","","","","","","","","","","","","","","","","","","","","","","","","","","","","","","","","","","","","","","","","","","","","","","","","","","","","","","","","","","","","","","","","","","","","","","","","","","","","","","","","","","","","","","","","","","","","","","","","","","","","","","","","","","","","","","","","","","","","","","","","","","","","","","","","","","","","","","","","","","","","","","","","","","","","","","","","","","","","","","","","","","","","","","","","","","","","","","","","","","","","","","","","","","","","","","","","","","","","","","","","119.01","112.79","112.29","114.83","106.25","103.86","97.01","93.34","87.8","85.01","81.1","77.68","79.05","78.08","74.22","73.33","74.32","73.61","72.26","71.99","71.63","70.36","70.01","71.17","73.14","72.37","73.38","74.07","77.07","79.31","78.97","79.93","80.91","84.43","82.66","81.9","82.38","83.92","83.34","83.26","82.01","82.13"
"Q","Quarterly","RO","Romania","R","Real","771","Year-on-year changes, in per cent","Q:RO:R:771","","","","","","","","","","","","","","","","","","","","","","","","","","","","","","","","","","","","","","","","","","","","","","","","","","","","","","","","","","","","","","","","","","","","","","","","","","","","","","","","","","","","","","","","","","","","","","","","","","","","","","","","","","","","","","","","","","","","","","","","","","","","","","","","","","","","","","","","","","","","","","","","","","","","","","","","","","","","","","","","","","","","","","","","","","","","","","","","","","","","","","","","","","","","","","","","","","","","","","","","","","","","","","","","","","","","","","","","","","","","","","","","","","","","","","","","","","","","","","","","","","","","","","","","","","","","","","","","","","","","","","","","","","","","","","","","","","","","","","","","","","","","","","","","","","","","","","","","","","","","","","","","","","","","","","","","","","","","","","","","","","","","","","","","","","","","","-10.72","-7.92","-13.61","-18.72","-17.37","-18.15","-16.4","-16.78","-9.96","-8.15","-8.49","-5.59","-6","-5.73","-2.63","-1.83","-3.62","-4.42","-3.12","-1.14","2.12","2.87","4.81","4.07","5.37","9.58","7.61","7.92","4.98","6.45","4.67","2.46","1.82","-0.6","0.83","1.65","-0.45","-2.14"
"Q","Quarterly","RS","Serbia","N","Nominal","628","Index, 2010 = 100","Q:RS:N:628","","","","","","","","","","","","","","","","","","","","","","","","","","","","","","","","","","","","","","","","","","","","","","","","","","","","","","","","","","","","","","","","","","","","","","","","","","","","","","","","","","","","","","","","","","","","","","","","","","","","","","","","","","","","","","","","","","","","","","","","","","","","","","","","","","","","","","","","","","","","","","","","","","","","","","","","","","","","","","","","","","","","","","","","","","","","","","","","","","","","","","","","","","","","","","","","","","","","","","","","","","","","","","","","","","","","","","","","","","","","","","","","","","","","","","","","","","","","","","","","","","","","","","","","","","","","","","","","","","","","","","","","","","","","","","","","","","","","","","","","","","","","","","","","","","","","","19.65","23.4","27.18","29.3","29.73","30.39","31.3","31.67","31.52","31.2","30.72","33.78","40.32","43.63","43.73","45.59","49.2","50.67","50.03","51.79","55.92","58.95","60.94","61.45","60.5","60.58","61.71","61.68","60.48","60.82","62.73","65.37","68.7","73.13","78.71","83.95","88.75","91.24","91.4","92.76","95.29","98.5","102.45","103.75","102.39","99.48","94.95","93.66","95.6","96.48","96.31","94.31","90.53","89.2","90.33","92.42","95.43","96.26","94.91","96.47","100.92","101.5","98.15","97.43","99.32","105.88","117.18","120.1","114.62","112.97","115.16","118.46","122.81","126.37","129.18","127.19","120.46","113.77"
"Q","Quarterly","RS","Serbia","N","Nominal","771","Year-on-year changes, in per cent","Q:RS:N:771","","","","","","","","","","","","","","","","","","","","","","","","","","","","","","","","","","","","","","","","","","","","","","","","","","","","","","","","","","","","","","","","","","","","","","","","","","","","","","","","","","","","","","","","","","","","","","","","","","","","","","","","","","","","","","","","","","","","","","","","","","","","","","","","","","","","","","","","","","","","","","","","","","","","","","","","","","","","","","","","","","","","","","","","","","","","","","","","","","","","","","","","","","","","","","","","","","","","","","","","","","","","","","","","","","","","","","","","","","","","","","","","","","","","","","","","","","","","","","","","","","","","","","","","","","","","","","","","","","","","","","","","","","","","","","","","","","","","","","","","","","","","","","","","","","","","","","","","","51.33","29.86","15.14","8.1","6","2.66","-1.85","6.65","27.91","39.83","42.35","34.96","22.03","16.13","14.4","13.6","13.66","16.35","21.81","18.66","8.19","2.76","1.28","0.37","-0.03","0.4","1.64","5.98","13.59","20.25","25.48","28.43","29.19","24.76","16.12","10.5","7.37","7.96","12.09","11.85","7.45","1","-7.32","-9.73","-6.63","-3.01","1.42","0.7","-5.3","-7.55","-6.2","-2","5.41","7.92","5.06","4.38","5.75","5.44","3.42","0.99","-1.58","4.32","19.39","23.27","15.41","6.69","-1.73","-1.36","7.14","11.86","12.17","7.36","-1.92","-9.97"
"Q","Quarterly","RS","Serbia","R","Real","628","Index, 2010 = 100","Q:RS:R:628","","","","","","","","","","","","","","","","","","","","","","","","","","","","","","","","","","","","","","","","","","","","","","","","","","","","","","","","","","","","","","","","","","","","","","","","","","","","","","","","","","","","","","","","","","","","","","","","","","","","","","","","","","","","","","","","","","","","","","","","","","","","","","","","","","","","","","","","","","","","","","","","","","","","","","","","","","","","","","","","","","","","","","","","","","","","","","","","","","","","","","","","","","","","","","","","","","","","","","","","","","","","","","","","","","","","","","","","","","","","","","","","","","","","","","","","","","","","","","","","","","","","","","","","","","","","","","","","","","","","","","","","","","","","","","","","","","","","","","","","","","","","","","","","","","","","","135.28","144.82","141.3","101.69","93.39","80.87","76.52","73.26","72.11","69.99","65.51","69.83","82.22","87.25","86.3","87.5","92.44","91.92","87.88","87.99","90.58","91.79","92.61","89.4","85.37","82.52","84.13","83.81","81.29","79.88","80.11","80.46","82.07","83.79","89.74","93.43","96.33","96.12","96.54","97.53","99.02","99.76","101.65","99.53","94.46","88.7","85.15","83.26","84.28","82.63","79.86","74.64","71.16","69.21","70.08","71.73","73.06","73.37","72.27","73.41","76.58","76.04","73.62","73.11","74.29","78.92","87.01","88.75","83.15","81.21","83.03","85.1","87.69","89.2","90.96","89.51","83.96","78.52"
"Q","Quarterly","RS","Serbia","R","Real","771","Year-on-year changes, in per cent","Q:RS:R:771","","","","","","","","","","","","","","","","","","","","","","","","","","","","","","","","","","","","","","","","","","","","","","","","","","","","","","","","","","","","","","","","","","","","","","","","","","","","","","","","","","","","","","","","","","","","","","","","","","","","","","","","","","","","","","","","","","","","","","","","","","","","","","","","","","","","","","","","","","","","","","","","","","","","","","","","","","","","","","","","","","","","","","","","","","","","","","","","","","","","","","","","","","","","","","","","","","","","","","","","","","","","","","","","","","","","","","","","","","","","","","","","","","","","","","","","","","","","","","","","","","","","","","","","","","","","","","","","","","","","","","","","","","","","","","","","","","","","","","","","","","","","","","","","","","","","","","","","","-30.97","-44.16","-45.84","-27.95","-22.78","-13.46","-14.39","-4.68","14.02","24.67","31.73","25.3","12.43","5.35","1.84","0.56","-2.01","-0.14","5.38","1.61","-5.75","-10.1","-9.15","-6.26","-4.78","-3.2","-4.78","-3.99","0.95","4.9","12.01","16.12","17.39","14.71","7.58","4.39","2.79","3.79","5.29","2.06","-4.6","-11.09","-16.23","-16.35","-10.78","-6.84","-6.21","-10.35","-15.56","-16.25","-12.24","-3.9","2.67","6.02","3.12","2.34","4.82","3.64","1.86","-0.41","-2.99","3.79","18.2","21.4","11.93","2.9","-4.58","-4.12","5.46","9.84","9.56","5.18","-4.25","-11.97"
"Q","Quarterly","RU","Russia","N","Nominal","628","Index, 2010 = 100","Q:RU:N:628","","","","","","","","","","","","","","","","","","","","","","","","","","","","","","","","","","","","","","","","","","","","","","","","","","","","","","","","","","","","","","","","","","","","","","","","","","","","","","","","","","","","","","","","","","","","","","","","","","","","","","","","","","","","","","","","","","","","","","","","","","","","","","","","","","","","","","","","","","","","","","","","","","","","","","","","","","","","","","","","","","","","","","","","","","","","","","","","","","","","","","","","","","","","","","","","","","","","","","","","","","","","","","","","","","","","","","","","","","","","","","","","","","","","","","","","","","","","","","","","","","","","","","","","","","","","","","","","","","","","","","","","","","","","","","","","","","","","","","","","","","","","","","","","","","","","","","","","","12.29","13","13.95","15.27","16.49","17.65","18.6","19.45","20.9","21.52","22.46","23.51","26.22","27.69","28.98","30.18","32.97","33.94","35.28","37.31","43.27","47.45","54.35","61.63","70.52","72.91","75.73","79.45","87.97","92.26","96.14","95.09","97.29","92.67","90.27","89.03","99.31","99.65","100.05","100.98","77.7","78.54","79.33","81.2","87.37","89.81","92.32","94.88","94.25","94.25","94.67","95.06","94.13","95.31","96.14","97.76","98.86","98.14","96.33","94.73","93.13","92.22","91.25","90.86","89.25","88.8","88.01","88.11","89.48","90.17","90.8","92.44","95.94","96.4"
"Q","Quarterly","RU","Russia","N","Nominal","771","Year-on-year changes, in per cent","Q:RU:N:771","","","","","","","","","","","","","","","","","","","","","","","","","","","","","","","","","","","","","","","","","","","","","","","","","","","","","","","","","","","","","","","","","","","","","","","","","","","","","","","","","","","","","","","","","","","","","","","","","","","","","","","","","","","","","","","","","","","","","","","","","","","","","","","","","","","","","","","","","","","","","","","","","","","","","","","","","","","","","","","","","","","","","","","","","","","","","","","","","","","","","","","","","","","","","","","","","","","","","","","","","","","","","","","","","","","","","","","","","","","","","","","","","","","","","","","","","","","","","","","","","","","","","","","","","","","","","","","","","","","","","","","","","","","","","","","","","","","","","","","","","","","","","","","","","","","","","","","","","","","","","34.16","35.78","33.3","27.38","26.8","21.91","20.74","20.86","25.41","28.66","29.02","28.38","25.76","22.58","21.76","23.62","31.24","39.82","54.04","65.19","62.98","53.66","39.33","28.92","24.74","26.54","26.95","19.68","10.6","0.44","-6.1","-6.37","2.08","7.53","10.83","13.43","-21.77","-21.18","-20.71","-19.59","12.44","14.34","16.37","16.84","7.88","4.95","2.55","0.19","-0.13","1.13","1.55","2.84","5.02","2.97","0.2","-3.1","-5.8","-6.03","-5.27","-4.09","-4.16","-3.71","-3.55","-3.03","0.26","1.55","3.17","4.92","7.22","6.91"
"Q","Quarterly","RU","Russia","R","Real","628","Index, 2010 = 100","Q:RU:R:628","","","","","","","","","","","","","","","","","","","","","","","","","","","","","","","","","","","","","","","","","","","","","","","","","","","","","","","","","","","","","","","","","","","","","","","","","","","","","","","","","","","","","","","","","","","","","","","","","","","","","","","","","","","","","","","","","","","","","","","","","","","","","","","","","","","","","","","","","","","","","","","","","","","","","","","","","","","","","","","","","","","","","","","","","","","","","","","","","","","","","","","","","","","","","","","","","","","","","","","","","","","","","","","","","","","","","","","","","","","","","","","","","","","","","","","","","","","","","","","","","","","","","","","","","","","","","","","","","","","","","","","","","","","","","","","","","","","","","","","","","","","","","","","","","","","","","","","","","34.94","35","36.72","39.02","39.79","41.13","42.57","43.22","44.02","43.96","45.28","46.42","49.88","51.35","52.63","53.37","55.47","55.34","56.87","59.28","65.68","70.7","80.05","89.77","99.38","100.65","102.43","103.9","109.84","110.87","113.14","109.32","106.81","99.05","95.34","93.73","101.69","100.56","99.51","98.33","72.65","72.36","72.98","74.11","78.66","79.68","80.1","81.3","79.22","78.03","77.23","76.54","74.35","73.35","72.83","71.84","67.2","65.22","63.08","60.81","58.43","57.09","55.94","55.16","53.52","52.75","52.19","52.15","52.48","52.33","52.29","52.67","53.51","53.29"
"Q","Quarterly","RU","Russia","R","Real","771","Year-on-year changes, in per cent","Q:RU:R:771","","","","","","","","","","","","","","","","","","","","","","","","","","","","","","","","","","","","","","","","","","","","","","","","","","","","","","","","","","","","","","","","","","","","","","","","","","","","","","","","","","","","","","","","","","","","","","","","","","","","","","","","","","","","","","","","","","","","","","","","","","","","","","","","","","","","","","","","","","","","","","","","","","","","","","","","","","","","","","","","","","","","","","","","","","","","","","","","","","","","","","","","","","","","","","","","","","","","","","","","","","","","","","","","","","","","","","","","","","","","","","","","","","","","","","","","","","","","","","","","","","","","","","","","","","","","","","","","","","","","","","","","","","","","","","","","","","","","","","","","","","","","","","","","","","","","","","","","","","","","","13.87","17.51","15.94","10.75","10.62","6.89","6.36","7.4","13.33","16.8","16.22","14.97","11.21","7.76","8.05","11.07","18.4","27.77","40.78","51.45","51.3","42.36","27.95","15.74","10.53","10.15","10.45","5.22","-2.76","-10.66","-15.74","-14.26","-4.79","1.52","4.38","4.91","-28.56","-28.04","-26.66","-24.63","8.26","10.12","9.75","9.7","0.71","-2.07","-3.59","-5.85","-6.14","-6","-5.69","-6.14","-9.62","-11.09","-13.39","-15.35","-13.06","-12.47","-11.32","-9.3","-8.41","-7.59","-6.7","-5.46","-1.94","-0.8","0.19","1","1.97","1.83"
"Q","Quarterly","SE","Sweden","N","Nominal","628","Index, 2010 = 100","Q:SE:N:628","","","","","","","","","","","","","","","","","","","","","","","","","","","","","","","","","","","","","","","","","","","","","","","","","","","","","","","","","","","","","","","","","","","","","","","","","","","","","","","","","","","","","","","","","","","","","","","","","","","","","","","","","","","","","","","","","","","","","","","","","","","","","","","","","","","","","","","","","","","","","","","","","","","","","","","","","","","","","","","","","","","","","","","","","","","","","6.59","6.75","6.75","6.9","6.94","7.1","7.1","7.27","7.45","7.64","7.64","7.82","8","8.19","8.19","8.37","8.56","8.74","8.94","9.49","9.84","10.39","10.76","11.14","11.51","12.13","12.81","12.83","13.35","14.14","14.52","14.89","15.02","15.99","16.76","16.73","16.91","17.83","18.49","18.34","18.14","18.43","18.71","18.19","18.3","18.43","18.23","17.83","18.03","18.49","18.65","18.43","18.3","18.52","18.56","18.71","18.69","19.28","19.48","19.49","19.68","20.18","20.21","20.06","20.38","20.75","21.3","21.85","22.76","23.32","24.05","24.97","26.25","27.35","29.01","29.74","31.58","33.05","34.33","34.51","36.53","37.27","38","37.45","40.02","39.84","40.02","39.65","37.82","37.08","35.98","33.6","32.13","32.13","31.94","32.31","32.86","33.78","34.15","33.6","33.6","34.15","33.78","33.23","33.41","33.78","34.33","34.33","34.88","36.17","36.9","36.9","38","39.29","40.39","40.94","41.49","43.14","44.43","44.43","45.71","47.92","49.57","49.75","51.22","51.95","52.87","52.14","53.06","54.71","56.73","56.91","57.28","58.56","59.85","60.4","61.68","64.25","65.72","66.46","66.88","69.12","71.78","73.66","76.24","78.41","80.5","80.98","84.08","89.21","92.43","89.79","90.05","91.79","91.15","86.48","88.85","91.47","93.97","96.51","97.94","99.14","100.65","102.28","103.19","103.21","102.97","100.95","102.14","103.64","104.86","104.81","106.39","108.34","110.24","111.92","115.16","117.72","121.64","123.56","128.73","133","138.06","141.01","142.86","144.52","147.84","150.15","154.16","156.8","158.98","154.31","153.1","154.18","155.69","155.42","155.41","157.54"
"Q","Quarterly","SE","Sweden","N","Nominal","771","Year-on-year changes, in per cent","Q:SE:N:771","","","","","","","","","","","","","","","","","","","","","","","","","","","","","","","","","","","","","","","","","","","","","","","","","","","","","","","","","","","","","","","","","","","","","","","","","","","","","","","","","","","","","","","","","","","","","","","","","","","","","","","","","","","","","","","","","","","","","","","","","","","","","","","","","","","","","","","","","","","","","","","","","","","","","","","","","","","","","","","","","","","","","","","","","","","","","","","","","5.32","5.19","5.19","5.32","7.43","7.49","7.49","7.6","7.37","7.23","7.23","7.02","6.9","6.71","9.17","13.36","15","18.89","20.31","17.43","16.98","16.8","19.14","15.15","15.95","16.49","13.33","16.04","12.52","13.13","15.4","12.33","12.58","11.48","10.31","9.65","7.27","3.38","1.18","-0.79","0.91","0","-2.56","-2.02","-1.49","0.31","2.33","3.38","1.51","0.2","-0.49","1.5","2.12","4.06","4.94","4.21","5.3","4.67","3.77","2.92","3.55","2.82","5.36","8.88","11.71","12.39","12.93","14.29","15.32","17.32","20.61","19.12","20.28","20.81","18.35","16.05","15.7","12.78","10.7","8.51","9.55","6.9","5.31","5.88","-5.5","-6.91","-10.09","-15.28","-15.05","-13.37","-11.22","-3.83","2.29","5.14","6.9","3.98","2.23","1.09","-1.08","-1.09","-0.55","-1.08","1.63","3.31","4.4","7.07","7.49","7.49","8.95","8.63","9.45","10.95","9.18","9.81","10","8.52","10.18","11.06","11.57","11.98","12.05","8.43","6.67","4.8","3.58","5.3","7.29","9.15","7.96","7.05","5.5","6.13","7.69","9.72","9.82","10.03","8.43","7.57","9.22","10.83","13.99","13.44","12.14","9.95","10.29","13.77","14.81","10.88","7.1","2.9","-1.39","-3.69","-1.33","-0.36","3.1","11.6","10.22","8.39","7.1","5.98","5.36","4.1","2.31","-1.29","-1.02","0.42","1.83","3.83","4.16","4.53","5.14","6.77","8.24","8.66","10.34","10.41","11.78","12.98","13.5","14.12","10.97","8.66","7.08","6.49","7.91","8.49","7.54","2.77","-0.69","-1.67","-2.07","0.72","1.5","2.18"
"Q","Quarterly","SE","Sweden","R","Real","628","Index, 2010 = 100","Q:SE:R:628","","","","","","","","","","","","","","","","","","","","","","","","","","","","","","","","","","","","","","","","","","","","","","","","","","","","","","","","","","","","","","","","","","","","","","","","","","","","","","","","","","","","","","","","","","","","","","","","","","","","","","","","","","","","","","","","","","","","","","","","","","","","","","","","","","","","","","","","","","","","","","","","","","","","","","","","","","","","","","","","","","","","","","","","","","","","","49.21","49.71","48.95","49.28","47.71","48.91","48.18","48.4","48.77","49.36","48.63","49.26","49.37","49.67","48.99","48.91","48.08","48.68","48.99","49.6","50.91","52.61","52.85","53.45","53.7","55.22","57.51","56.22","56.94","58.06","57.72","57.94","56.43","59.2","61.52","60.54","60.02","62.22","63.09","60.76","56.89","56.77","56.23","52.54","50.9","50.18","48.6","46.85","45.99","46.36","46.12","44.47","42.94","42.76","42.02","41.45","40.46","40.97","40.96","40.14","39.45","39.7","39.69","38.81","38.8","39.29","40.15","40.77","41.91","42.72","43.3","44.3","45.98","47.07","49.35","49.83","51.93","53.39","54.96","54.29","55.09","54.73","54.75","52.98","54.22","53.05","53.17","52","49.56","48.35","46.79","43.27","40.11","39.9","39.72","39.85","40.37","41.12","41.39","40.47","40.23","40.46","40.02","39.17","39.44","39.71","40.61","40.57","41.26","42.43","43.19","42.94","44.7","46.03","47.57","48.17","48.83","50.45","51.98","51.73","53.38","55.56","57.5","57.3","58.91","58.64","59.64","58.57","59.44","60.55","62.84","62.58","62.31","63.64","65.26","65.58","67.06","69.54","71.27","71.81","72.52","74.58","77.43","79.01","82.03","83.34","85.47","85.55","88.74","93.13","96.27","91.97","92.06","92.33","91.03","86.46","90.12","92.53","95.21","97.21","98.66","99.38","100.83","101.11","101.31","100.2","99.85","97.21","98.54","99.5","101.05","100.86","102.7","104.3","106.15","107.62","111.55","113.32","117.32","119.08","124.68","128.29","133.23","135.79","137.47","138.28","141.21","142.56","146.19","147.4","148.64","143.96","142.76","142.24","142.54","142.03","142.25","142.45"
"Q","Quarterly","SE","Sweden","R","Real","771","Year-on-year changes, in per cent","Q:SE:R:771","","","","","","","","","","","","","","","","","","","","","","","","","","","","","","","","","","","","","","","","","","","","","","","","","","","","","","","","","","","","","","","","","","","","","","","","","","","","","","","","","","","","","","","","","","","","","","","","","","","","","","","","","","","","","","","","","","","","","","","","","","","","","","","","","","","","","","","","","","","","","","","","","","","","","","","","","","","","","","","","","","","","","","","","","","","","","","","","","-3.06","-1.6","-1.57","-1.79","2.24","0.91","0.93","1.78","1.23","0.64","0.73","-0.7","-2.63","-2.01","0.01","1.41","5.89","8.08","7.87","7.75","5.49","4.96","8.82","5.19","6.03","5.15","0.37","3.05","-0.9","1.96","6.58","4.49","6.37","5.09","2.55","0.36","-5.22","-8.75","-10.87","-13.52","-10.54","-11.6","-13.57","-10.84","-9.65","-7.62","-5.11","-5.08","-6.62","-7.78","-8.9","-6.79","-5.78","-4.18","-2.5","-3.15","-2.5","-3.08","-3.1","-3.31","-1.65","-1.03","1.17","5.05","8.03","8.71","7.82","8.64","9.7","10.2","13.98","12.49","12.95","13.43","11.37","8.95","6.07","2.51","-0.39","-2.41","-1.58","-3.07","-2.88","-1.85","-8.6","-8.87","-12","-16.8","-19.06","-17.47","-15.11","-7.9","0.64","3.05","4.2","1.57","-0.33","-1.61","-3.31","-3.21","-1.96","-1.85","1.47","3.57","4.59","6.86","6.35","5.83","8.35","8.48","10.14","12.19","9.25","9.61","9.27","7.38","9.3","10.12","10.63","10.78","10.37","5.55","3.72","2.2","0.89","3.26","5.35","6.86","4.83","5.09","3.85","4.78","7.64","9.27","9.21","9.51","8.14","7.25","8.65","10.03","13.11","11.74","10.39","8.28","8.18","11.75","12.63","7.5","3.74","-0.86","-5.44","-5.99","-2.11","0.22","4.58","12.43","9.48","7.4","5.91","4.01","2.68","0.82","-0.97","-3.85","-2.73","-0.69","1.2","3.75","4.22","4.82","5.04","6.7","8.62","8.65","10.52","10.65","11.77","13.21","13.57","14.04","10.26","7.79","5.98","4.98","6.34","6.6","5.27","0.98","-2.34","-3.5","-4.1","-1.34","-0.36","0.15"
"Q","Quarterly","SG","Singapore","N","Nominal","628","Index, 2010 = 100","Q:SG:N:628","","","","","","","","","","","","","","","","","","","","","","","","","","","","","","","","","","","","","","","","","","","","","","","","","","","","","","","","","","","","","","","","","","","","","","","","","","","","","","","","","","","","","","","","","","","","","","","","","","","","","","","","","","","","","","","","","","","","","","","","","","","","","","","","","","","","","","","","","","","","","","","","","","","","","","","","","","","","","","","","","","","","","","","","","","","","","","","","","","","","","","","","","","","","","","","","","","","","","","","","","","","","","","","","","","","","","","","","","","","","","","","","","","","","","","","","","","","","","","","","","","","","","","","","","","","","","","","","","","","","","","","","","","","","","","","","","","","","","","","","","","","","","73.98","67.81","58.93","53.81","56.75","63.44","68.56","72.17","74.43","75.56","73.45","71.42","68.56","67.96","65.93","63.07","62.31","61.86","62.16","61.94","61.41","61.03","60.73","60.66","60.43","60.51","60.73","61.19","61.64","61.94","62.69","63.59","64.57","65.7","67.43","70.07","73.45","79.47","86.1","91.89","95.35","95.5","93.25","87.6","75.26","71.72","83.01","89.11","94.15","99.12","101.98","104.76","107.09","109.2","110.63","110.93","110.78","111.31","111.98","114.02","114.69","115.9","116.35","115.3","113.87","112.66","111.83","110.63","109.5","108.52","107.09","106.57","105.81","105.36","103.78","103.25","102.88","102.8","103.56","104.38","108.45","112.14","112.66","112.59","111.83","113.49"
"Q","Quarterly","SG","Singapore","N","Nominal","771","Year-on-year changes, in per cent","Q:SG:N:771","","","","","","","","","","","","","","","","","","","","","","","","","","","","","","","","","","","","","","","","","","","","","","","","","","","","","","","","","","","","","","","","","","","","","","","","","","","","","","","","","","","","","","","","","","","","","","","","","","","","","","","","","","","","","","","","","","","","","","","","","","","","","","","","","","","","","","","","","","","","","","","","","","","","","","","","","","","","","","","","","","","","","","","","","","","","","","","","","","","","","","","","","","","","","","","","","","","","","","","","","","","","","","","","","","","","","","","","","","","","","","","","","","","","","","","","","","","","","","","","","","","","","","","","","","","","","","","","","","","","","","","","","","","","","","","","","","","","","","","","","","","","","","","","","-23.3","-6.44","16.35","34.13","31.17","19.1","7.14","-1.04","-7.89","-10.06","-10.25","-11.7","-9.11","-8.97","-5.71","-1.79","-1.45","-1.34","-2.3","-2.07","-1.59","-0.86","0","0.87","1.99","2.36","3.22","3.94","4.76","6.08","7.56","10.18","13.75","20.96","27.68","31.15","29.82","20.17","8.3","-4.67","-21.07","-24.9","-10.98","1.72","25.1","38.2","22.85","17.57","13.75","10.17","8.49","5.89","3.44","1.93","1.22","2.78","3.53","4.12","3.9","1.12","-0.72","-2.79","-3.88","-4.05","-3.83","-3.67","-4.24","-3.67","-3.37","-2.91","-3.09","-3.11","-2.77","-2.43","-0.22","1.09","5.41","9.08","8.79","7.86","3.12","1.21"
"Q","Quarterly","SG","Singapore","R","Real","628","Index, 2010 = 100","Q:SG:R:628","","","","","","","","","","","","","","","","","","","","","","","","","","","","","","","","","","","","","","","","","","","","","","","","","","","","","","","","","","","","","","","","","","","","","","","","","","","","","","","","","","","","","","","","","","","","","","","","","","","","","","","","","","","","","","","","","","","","","","","","","","","","","","","","","","","","","","","","","","","","","","","","","","","","","","","","","","","","","","","","","","","","","","","","","","","","","","","","","","","","","","","","","","","","","","","","","","","","","","","","","","","","","","","","","","","","","","","","","","","","","","","","","","","","","","","","","","","","","","","","","","","","","","","","","","","","","","","","","","","","","","","","","","","","","","","","","","","","","","","","","","","","","87.63","80.72","70.26","64.28","67.7","75.53","81.48","85.77","87.81","89.24","86.01","83.24","79.52","78.92","76.55","73.65","72.91","72.14","72.49","72.22","71.37","71.07","70.49","70.27","69.38","69.15","69.17","69.72","70.58","70.74","71.08","71.68","72.95","74.17","75.9","78.51","83.09","88.7","93.95","98.77","101.15","99.11","95.47","89.02","77.24","74.29","85.26","91.22","95.75","99.63","101.33","103.16","103.55","104.81","104.16","103.5","102.13","101.5","101.19","102.3","101.67","104","103.24","101.41","99.95","98.96","98.24","97.34","96.43","95.73","94.67","94.45","93.97","93.8","92.1","91.49","90.8","90.82","91.49","92.07","95.48","98.74","98.84","98.82","98","99.2"
"Q","Quarterly","SG","Singapore","R","Real","771","Year-on-year changes, in per cent","Q:SG:R:771","","","","","","","","","","","","","","","","","","","","","","","","","","","","","","","","","","","","","","","","","","","","","","","","","","","","","","","","","","","","","","","","","","","","","","","","","","","","","","","","","","","","","","","","","","","","","","","","","","","","","","","","","","","","","","","","","","","","","","","","","","","","","","","","","","","","","","","","","","","","","","","","","","","","","","","","","","","","","","","","","","","","","","","","","","","","","","","","","","","","","","","","","","","","","","","","","","","","","","","","","","","","","","","","","","","","","","","","","","","","","","","","","","","","","","","","","","","","","","","","","","","","","","","","","","","","","","","","","","","","","","","","","","","","","","","","","","","","","","","","","","","","","","","","","-22.74","-6.42","15.97","33.44","29.69","18.15","5.56","-2.95","-9.44","-11.57","-11","-11.52","-8.31","-8.58","-5.3","-1.94","-2.11","-1.49","-2.76","-2.7","-2.79","-2.7","-1.87","-0.78","1.72","2.31","2.75","2.81","3.36","4.84","6.78","9.53","13.9","19.6","23.79","25.81","21.74","11.74","1.61","-9.87","-23.64","-25.04","-10.7","2.48","23.96","34.1","18.86","13.08","8.15","5.2","2.79","0.34","-1.37","-3.16","-2.85","-1.16","-0.44","2.46","2.03","-0.87","-1.7","-4.84","-4.85","-4.01","-3.52","-3.27","-3.64","-2.97","-2.55","-2.01","-2.72","-3.13","-3.38","-3.18","-0.66","0.63","5.16","8.72","8.04","7.34","2.63","0.46"
"Q","Quarterly","SI","Slovenia","N","Nominal","628","Index, 2010 = 100","Q:SI:N:628","","","","","","","","","","","","","","","","","","","","","","","","","","","","","","","","","","","","","","","","","","","","","","","","","","","","","","","","","","","","","","","","","","","","","","","","","","","","","","","","","","","","","","","","","","","","","","","","","","","","","","","","","","","","","","","","","","","","","","","","","","","","","","","","","","","","","","","","","","","","","","","","","","","","","","","","","","","","","","","","","","","","","","","","","","","","","","","","","","","","","","","","","","","","","","","","","","","","","","","","","","","","","","","","","","","","","","","","","","","","","","","","","","","","","","","","","","","","","","","","","","","","","","","","","","","","","","","","","","","","","","","","","","","","","","","","","","","","","","","","","","","","","","","","","","","","","","","","","","","","","","","","","","","","","","","","","","","","","","","","","98.68","100.78","104.16","108.8","110.34","110.13","112.21","108.62","101.85","99.77","98.08","99.8","100.17","100.75","99.42","99.65","104.3","104","101.54","101.02","96.92","98.04","95.47","92.1","92.76","93.51","88.14","88.07","86.61","84.33","83.42","84.2","85.41","87.35","84.27","84.25","86.12","87.74","88.47","90.05","91.18","95.06","95.47","99.03","100.56","104.42","104.88","108.08","109","110.43"
"Q","Quarterly","SI","Slovenia","N","Nominal","771","Year-on-year changes, in per cent","Q:SI:N:771","","","","","","","","","","","","","","","","","","","","","","","","","","","","","","","","","","","","","","","","","","","","","","","","","","","","","","","","","","","","","","","","","","","","","","","","","","","","","","","","","","","","","","","","","","","","","","","","","","","","","","","","","","","","","","","","","","","","","","","","","","","","","","","","","","","","","","","","","","","","","","","","","","","","","","","","","","","","","","","","","","","","","","","","","","","","","","","","","","","","","","","","","","","","","","","","","","","","","","","","","","","","","","","","","","","","","","","","","","","","","","","","","","","","","","","","","","","","","","","","","","","","","","","","","","","","","","","","","","","","","","","","","","","","","","","","","","","","","","","","","","","","","","","","","","","","","","","","","","","","","","","","","","","","","","","","","","","","","","","","","","","","","11.81","9.28","7.73","-0.16","-7.69","-9.41","-12.6","-8.12","-1.64","0.98","1.37","-0.15","4.11","3.23","2.13","1.37","-7.07","-5.73","-5.97","-8.83","-4.3","-4.62","-7.69","-4.38","-6.63","-9.82","-5.35","-4.39","-1.38","3.58","1.02","0.05","0.83","0.45","4.98","6.89","5.87","8.34","7.91","9.98","10.28","9.85","9.86","9.14","8.39","5.75"
"Q","Quarterly","SI","Slovenia","R","Real","628","Index, 2010 = 100","Q:SI:R:628","","","","","","","","","","","","","","","","","","","","","","","","","","","","","","","","","","","","","","","","","","","","","","","","","","","","","","","","","","","","","","","","","","","","","","","","","","","","","","","","","","","","","","","","","","","","","","","","","","","","","","","","","","","","","","","","","","","","","","","","","","","","","","","","","","","","","","","","","","","","","","","","","","","","","","","","","","","","","","","","","","","","","","","","","","","","","","","","","","","","","","","","","","","","","","","","","","","","","","","","","","","","","","","","","","","","","","","","","","","","","","","","","","","","","","","","","","","","","","","","","","","","","","","","","","","","","","","","","","","","","","","","","","","","","","","","","","","","","","","","","","","","","","","","","","","","","","","","","","","","","","","","","","","","","","","","","","","","","","","","","110.17","109.61","112.19","115.18","115.57","112.35","113.89","111.26","104.79","101.07","99.78","101.09","101.66","100.02","99.08","99.27","104.06","101.49","99.9","98.2","94.33","93.39","91.33","87.28","88.21","87.72","82.57","82.56","81.94","78.61","78.34","79.01","81.13","81.96","79.51","79.52","82.4","82.53","83.34","84.5","85.7","88.18","88.87","91.72","93.29","95.08","95.81","98.26","99.8","98.91"
"Q","Quarterly","SI","Slovenia","R","Real","771","Year-on-year changes, in per cent","Q:SI:R:771","","","","","","","","","","","","","","","","","","","","","","","","","","","","","","","","","","","","","","","","","","","","","","","","","","","","","","","","","","","","","","","","","","","","","","","","","","","","","","","","","","","","","","","","","","","","","","","","","","","","","","","","","","","","","","","","","","","","","","","","","","","","","","","","","","","","","","","","","","","","","","","","","","","","","","","","","","","","","","","","","","","","","","","","","","","","","","","","","","","","","","","","","","","","","","","","","","","","","","","","","","","","","","","","","","","","","","","","","","","","","","","","","","","","","","","","","","","","","","","","","","","","","","","","","","","","","","","","","","","","","","","","","","","","","","","","","","","","","","","","","","","","","","","","","","","","","","","","","","","","","","","","","","","","","","","","","","","","","","","","","","","","","4.9","2.5","1.52","-3.4","-9.33","-10.04","-12.39","-9.14","-2.98","-1.04","-0.7","-1.8","2.36","1.47","0.82","-1.07","-9.35","-7.98","-8.58","-11.12","-6.49","-6.07","-9.59","-5.42","-7.11","-10.38","-5.12","-4.3","-0.99","4.26","1.49","0.64","1.56","0.69","4.82","6.27","4","6.85","6.63","8.54","8.87","7.82","7.82","7.13","6.97","4.04"
"Q","Quarterly","SK","Slovak Republic","N","Nominal","628","Index, 2010 = 100","Q:SK:N:628","","","","","","","","","","","","","","","","","","","","","","","","","","","","","","","","","","","","","","","","","","","","","","","","","","","","","","","","","","","","","","","","","","","","","","","","","","","","","","","","","","","","","","","","","","","","","","","","","","","","","","","","","","","","","","","","","","","","","","","","","","","","","","","","","","","","","","","","","","","","","","","","","","","","","","","","","","","","","","","","","","","","","","","","","","","","","","","","","","","","","","","","","","","","","","","","","","","","","","","","","","","","","","","","","","","","","","","","","","","","","","","","","","","","","","","","","","","","","","","","","","","","","","","","","","","","","","","","","","","","","","","","","","","","","","","","","","","","","","","","","","","","","","","","","","","","","","","","","","","","","","","","","","","","","","","","","","","","","74.15","77.12","79.13","83.65","90.36","96.73","104.94","113.02","120.48","124.39","118.59","114.11","106.83","101.87","106.62","101.35","100.79","100.18","99.46","99.56","99.72","98.24","98.75","97.28","96.65","95.78","96.42","94.49","96.65","96.9","96.67","96.57","96.45","98.03","97.87","99.88","101.54","103.49","103.55","104.71","106.61","109.63","111.35","113.4","110.64","116.85","119.46","120.06","123.55","125.02","124.71","128.15","130.6","135.4"
"Q","Quarterly","SK","Slovak Republic","N","Nominal","771","Year-on-year changes, in per cent","Q:SK:N:771","","","","","","","","","","","","","","","","","","","","","","","","","","","","","","","","","","","","","","","","","","","","","","","","","","","","","","","","","","","","","","","","","","","","","","","","","","","","","","","","","","","","","","","","","","","","","","","","","","","","","","","","","","","","","","","","","","","","","","","","","","","","","","","","","","","","","","","","","","","","","","","","","","","","","","","","","","","","","","","","","","","","","","","","","","","","","","","","","","","","","","","","","","","","","","","","","","","","","","","","","","","","","","","","","","","","","","","","","","","","","","","","","","","","","","","","","","","","","","","","","","","","","","","","","","","","","","","","","","","","","","","","","","","","","","","","","","","","","","","","","","","","","","","","","","","","","","","","","","","","","","","","","","","","","","","","","","","","","","","","","21.86","25.43","32.62","35.1","33.33","28.59","13.01","0.97","-11.33","-18.11","-10.09","-11.18","-5.65","-1.65","-6.72","-1.76","-1.07","-1.94","-0.72","-2.29","-3.08","-2.5","-2.35","-2.87","0","1.17","0.26","2.2","-0.2","1.17","1.24","3.43","5.27","5.56","5.81","4.83","5","5.93","7.53","8.3","3.78","6.59","7.28","5.88","11.66","6.99","4.39","6.74","5.71","8.3"
"Q","Quarterly","SK","Slovak Republic","R","Real","628","Index, 2010 = 100","Q:SK:R:628","","","","","","","","","","","","","","","","","","","","","","","","","","","","","","","","","","","","","","","","","","","","","","","","","","","","","","","","","","","","","","","","","","","","","","","","","","","","","","","","","","","","","","","","","","","","","","","","","","","","","","","","","","","","","","","","","","","","","","","","","","","","","","","","","","","","","","","","","","","","","","","","","","","","","","","","","","","","","","","","","","","","","","","","","","","","","","","","","","","","","","","","","","","","","","","","","","","","","","","","","","","","","","","","","","","","","","","","","","","","","","","","","","","","","","","","","","","","","","","","","","","","","","","","","","","","","","","","","","","","","","","","","","","","","","","","","","","","","","","","","","","","","","","","","","","","","","","","","","","","","","","","","","","","","","","","","","","","","82.42","85.11","87.07","91.65","97.7","104.17","112.67","119.89","125.26","128.19","121.2","115.51","107.87","103","107.68","102.13","101.24","100.14","99.39","99.24","96.96","94.55","94.9","92.79","90.5","89.07","89.4","87.11","88.59","88.66","88.5","88.59","88.46","89.77","89.71","91.65","93.52","94.85","95.2","96.54","98.7","101.16","103.13","104.69","101.46","106.8","108.98","108.83","110.76","111.18","110.76","113.7","114.35","117.43"
"Q","Quarterly","SK","Slovak Republic","R","Real","771","Year-on-year changes, in per cent","Q:SK:R:771","","","","","","","","","","","","","","","","","","","","","","","","","","","","","","","","","","","","","","","","","","","","","","","","","","","","","","","","","","","","","","","","","","","","","","","","","","","","","","","","","","","","","","","","","","","","","","","","","","","","","","","","","","","","","","","","","","","","","","","","","","","","","","","","","","","","","","","","","","","","","","","","","","","","","","","","","","","","","","","","","","","","","","","","","","","","","","","","","","","","","","","","","","","","","","","","","","","","","","","","","","","","","","","","","","","","","","","","","","","","","","","","","","","","","","","","","","","","","","","","","","","","","","","","","","","","","","","","","","","","","","","","","","","","","","","","","","","","","","","","","","","","","","","","","","","","","","","","","","","","","","","","","","","","","","","","","","","","","","","","","18.54","22.39","29.41","30.81","28.21","23.06","7.57","-3.65","-13.88","-19.64","-11.16","-11.59","-6.15","-2.78","-7.7","-2.83","-4.23","-5.58","-4.51","-6.5","-6.66","-5.8","-5.8","-6.12","-2.12","-0.46","-1","1.69","-0.15","1.25","1.37","3.45","5.72","5.67","6.12","5.34","5.54","6.65","8.33","8.43","2.79","5.58","5.67","3.95","9.17","4.1","1.63","4.47","3.24","5.62"
"Q","Quarterly","TH","Thailand","N","Nominal","628","Index, 2010 = 100","Q:TH:N:628","","","","","","","","","","","","","","","","","","","","","","","","","","","","","","","","","","","","","","","","","","","","","","","","","","","","","","","","","","","","","","","","","","","","","","","","","","","","","","","","","","","","","","","","","","","","","","","","","","","","","","","","","","","","","","","","","","","","","","","","","","","","","","","","","","","","","","","","","","","","","","","","","","","","","","","","","","","","","","","","","","","","","","","","","","","","","","","","","","","","","","","","","","","","","","","","","","","","","","","","","","","","","","","","","","","","","","","","","","","","","","","","","","","","","","","","","","","","","","","","","","","","","","","","","","","","","","","","","51.8","57.98","58.91","62.31","63.93","64.85","65.43","67.92","69.07","72.77","73","73.29","69.48","71.9","71.73","74.38","74.15","75.31","77.79","78.6","77.85","80.39","76.69","77.27","79.81","84.55","84.61","83.62","86.28","77.56","81.43","80.39","79.58","63.06","76.98","74.15","74.56","77.04","74.9","76.69","77.79","75.13","73.75","75.71","75.65","76.35","76.23","76.17","77.21","77.33","78.54","80.33","81.03","82.06","82.53","84.78","87.44","88.42","89.98","90.9","91.77","92.81","92.23","93.27","92.11","92.98","94.6","94.42","87.11","90.53","94.82","97.46","95.51","96.19","97.75","99.9","98.05","98.83","101.46","101.66","103.52","105.86","103.71","104","105.57","106.25","107.42","111.72","112.89","115.72","118.85","117.29","118.75","121.97","125.78","124.9","126.46","124.71","126.46","126.27","126.37","130.57","128.22","125.78","125.59","126.56","128.52","130.76","134.47","134.57","136.52","136.62","138.57","139.55"
"Q","Quarterly","TH","Thailand","N","Nominal","771","Year-on-year changes, in per cent","Q:TH:N:771","","","","","","","","","","","","","","","","","","","","","","","","","","","","","","","","","","","","","","","","","","","","","","","","","","","","","","","","","","","","","","","","","","","","","","","","","","","","","","","","","","","","","","","","","","","","","","","","","","","","","","","","","","","","","","","","","","","","","","","","","","","","","","","","","","","","","","","","","","","","","","","","","","","","","","","","","","","","","","","","","","","","","","","","","","","","","","","","","","","","","","","","","","","","","","","","","","","","","","","","","","","","","","","","","","","","","","","","","","","","","","","","","","","","","","","","","","","","","","","","","","","","","","","","","","","","","","","","","","","","","23.41","11.85","11.08","8.99","8.04","12.2","11.56","7.91","0.59","-1.19","-1.74","1.5","6.73","4.74","8.45","5.67","4.98","6.75","-1.41","-1.69","2.52","5.17","10.32","8.22","8.1","-8.27","-3.75","-3.87","-7.76","-18.69","-5.46","-7.76","-6.31","22.16","-2.7","3.43","4.34","-2.47","-1.54","-1.28","-2.75","1.61","3.37","0.61","2.06","1.29","3.03","5.46","4.94","6.12","5.07","5.54","7.91","7.74","9.03","7.22","4.95","4.96","2.5","2.6","0.38","0.19","2.57","1.24","-5.43","-2.64","0.24","3.22","9.64","6.26","3.09","2.51","2.66","2.74","3.8","1.76","5.58","7.11","2.21","2.31","1.98","0.37","3.58","7.42","6.94","8.92","10.64","4.98","5.19","5.4","5.83","6.49","6.5","2.24","0.54","1.09","-0.08","4.7","1.39","-0.39","-0.62","-3.07","0.23","3.96","7.08","6.33","6.23","4.48","3.05","3.7"
"Q","Quarterly","TH","Thailand","R","Real","628","Index, 2010 = 100","Q:TH:R:628","","","","","","","","","","","","","","","","","","","","","","","","","","","","","","","","","","","","","","","","","","","","","","","","","","","","","","","","","","","","","","","","","","","","","","","","","","","","","","","","","","","","","","","","","","","","","","","","","","","","","","","","","","","","","","","","","","","","","","","","","","","","","","","","","","","","","","","","","","","","","","","","","","","","","","","","","","","","","","","","","","","","","","","","","","","","","","","","","","","","","","","","","","","","","","","","","","","","","","","","","","","","","","","","","","","","","","","","","","","","","","","","","","","","","","","","","","","","","","","","","","","","","","","","","","","","","","","","","100.74","110.55","111.29","116.2","118.97","118.82","118.12","122.77","124.61","129.3","127.79","127.64","119.47","121.57","119.42","123.01","121.67","120.94","122.39","121.35","118.97","121.56","114.63","114.11","116.72","122.46","119.18","114.88","115.84","101.92","106.13","105.33","104.37","83.19","101.26","97.16","96.8","100.03","96.47","98.63","99.57","95.23","93.52","96.5","96.29","96.36","96.26","95.66","96.34","96","97.33","99.23","99.09","99.21","99.02","101.63","104.08","103.13","102.23","102.76","103.35","102.07","101.07","102.04","101.23","100.35","102.02","100.48","91.16","90.92","95.34","101.52","100.22","99.32","100.48","102.11","99.15","98.89","101","100.94","101.61","101.75","99.14","99.32","100.23","99.62","99.76","103.36","103.96","106.05","108.56","106.71","107.21","109.08","112.63","112.39","114.75","112.79","114.51","114.62","115.23","117.74","115.8","113.4","113.11","114.02","115.55","116.87","120.26","119.48","120.97","121.08","123.11","122.76"
"Q","Quarterly","TH","Thailand","R","Real","771","Year-on-year changes, in per cent","Q:TH:R:771","","","","","","","","","","","","","","","","","","","","","","","","","","","","","","","","","","","","","","","","","","","","","","","","","","","","","","","","","","","","","","","","","","","","","","","","","","","","","","","","","","","","","","","","","","","","","","","","","","","","","","","","","","","","","","","","","","","","","","","","","","","","","","","","","","","","","","","","","","","","","","","","","","","","","","","","","","","","","","","","","","","","","","","","","","","","","","","","","","","","","","","","","","","","","","","","","","","","","","","","","","","","","","","","","","","","","","","","","","","","","","","","","","","","","","","","","","","","","","","","","","","","","","","","","","","","","","","","","","","","","18.09","7.48","6.14","5.66","4.74","8.83","8.19","3.97","-4.12","-5.98","-6.55","-3.63","1.84","-0.52","2.49","-1.35","-2.22","0.51","-6.34","-5.96","-1.89","0.75","3.97","0.67","-0.76","-16.78","-10.95","-8.31","-9.9","-18.37","-4.59","-7.76","-7.25","20.24","-4.73","1.52","2.86","-4.79","-3.06","-2.16","-3.29","1.19","2.94","-0.88","0.05","-0.38","1.1","3.73","2.86","3.34","1.73","2.42","5.03","3.95","3.24","1.11","-0.7","-1.02","-1.13","-0.7","-2.06","-1.68","0.94","-1.54","-9.95","-9.4","-6.54","1.04","9.94","9.24","5.39","0.58","-1.07","-0.44","0.52","-1.14","2.48","2.89","-1.84","-1.6","-1.36","-2.1","0.63","4.07","3.73","6.46","8.82","3.24","3.13","2.86","3.76","5.32","7.03","3.41","1.67","1.98","0.42","4.38","1.13","-1.07","-1.85","-3.16","-0.22","3.06","6.33","4.79","4.69","3.61","2.37","2.74"
"Q","Quarterly","TR","Turkey","N","Nominal","628","Index, 2010 = 100","Q:TR:N:628","","","","","","","","","","","","","","","","","","","","","","","","","","","","","","","","","","","","","","","","","","","","","","","","","","","","","","","","","","","","","","","","","","","","","","","","","","","","","","","","","","","","","","","","","","","","","","","","","","","","","","","","","","","","","","","","","","","","","","","","","","","","","","","","","","","","","","","","","","","","","","","","","","","","","","","","","","","","","","","","","","","","","","","","","","","","","","","","","","","","","","","","","","","","","","","","","","","","","","","","","","","","","","","","","","","","","","","","","","","","","","","","","","","","","","","","","","","","","","","","","","","","","","","","","","","","","","","","","","","","","","","","","","","","","","","","","","","","","","","","","","","","","","","","","","","","","","","","","","","","","","","","","","","","","","","","","","","","","","","","","","","","","","","","","","","","","98.04","99.26","100.07","102.63","104.4","106.17","107.92","109.26","112.95","116.7","118.34","120.28","124.57","129.22","132.29","135.61","140.05","145.49","151.22","155.96","163.38","170.46","174.32","180.18","186.64","192.89","197.99","202.14","208.67","213.89","216.22","220.48","225.3","232.68","229.86","230.35","232.51","236.73"
"Q","Quarterly","TR","Turkey","N","Nominal","771","Year-on-year changes, in per cent","Q:TR:N:771","","","","","","","","","","","","","","","","","","","","","","","","","","","","","","","","","","","","","","","","","","","","","","","","","","","","","","","","","","","","","","","","","","","","","","","","","","","","","","","","","","","","","","","","","","","","","","","","","","","","","","","","","","","","","","","","","","","","","","","","","","","","","","","","","","","","","","","","","","","","","","","","","","","","","","","","","","","","","","","","","","","","","","","","","","","","","","","","","","","","","","","","","","","","","","","","","","","","","","","","","","","","","","","","","","","","","","","","","","","","","","","","","","","","","","","","","","","","","","","","","","","","","","","","","","","","","","","","","","","","","","","","","","","","","","","","","","","","","","","","","","","","","","","","","","","","","","","","","","","","","","","","","","","","","","","","","","","","","","","","","","","","","","","","","","","","","","","","","6.48","6.96","7.84","6.46","8.19","9.92","9.66","10.09","10.29","10.73","11.78","12.75","12.43","12.59","14.31","15","16.66","17.16","15.27","15.53","14.24","13.16","13.58","12.19","11.8","10.89","9.21","9.07","7.97","8.78","6.31","4.48","3.2","1.74"
"Q","Quarterly","TR","Turkey","R","Real","628","Index, 2010 = 100","Q:TR:R:628","","","","","","","","","","","","","","","","","","","","","","","","","","","","","","","","","","","","","","","","","","","","","","","","","","","","","","","","","","","","","","","","","","","","","","","","","","","","","","","","","","","","","","","","","","","","","","","","","","","","","","","","","","","","","","","","","","","","","","","","","","","","","","","","","","","","","","","","","","","","","","","","","","","","","","","","","","","","","","","","","","","","","","","","","","","","","","","","","","","","","","","","","","","","","","","","","","","","","","","","","","","","","","","","","","","","","","","","","","","","","","","","","","","","","","","","","","","","","","","","","","","","","","","","","","","","","","","","","","","","","","","","","","","","","","","","","","","","","","","","","","","","","","","","","","","","","","","","","","","","","","","","","","","","","","","","","","","","","","","","","","","","","","","","","","","","","99.33","99.53","100.64","100.49","101.36","100.53","102.03","97.97","99.25","101","102.61","101.02","102.1","104.54","105.9","105.97","106.28","107.58","110.82","112.05","115.37","117","119.05","119.68","121.36","123.82","125.16","124.83","123.11","123.14","123.64","121.28","120.53","118.76","110.05","103.55","103.73","102.44"
"Q","Quarterly","TR","Turkey","R","Real","771","Year-on-year changes, in per cent","Q:TR:R:771","","","","","","","","","","","","","","","","","","","","","","","","","","","","","","","","","","","","","","","","","","","","","","","","","","","","","","","","","","","","","","","","","","","","","","","","","","","","","","","","","","","","","","","","","","","","","","","","","","","","","","","","","","","","","","","","","","","","","","","","","","","","","","","","","","","","","","","","","","","","","","","","","","","","","","","","","","","","","","","","","","","","","","","","","","","","","","","","","","","","","","","","","","","","","","","","","","","","","","","","","","","","","","","","","","","","","","","","","","","","","","","","","","","","","","","","","","","","","","","","","","","","","","","","","","","","","","","","","","","","","","","","","","","","","","","","","","","","","","","","","","","","","","","","","","","","","","","","","","","","","","","","","","","","","","","","","","","","","","","","","","","","","","","","","","","","","","","","","2.05","1.01","1.38","-2.5","-2.08","0.46","0.57","3.11","2.87","3.5","3.21","4.9","4.09","2.92","4.65","5.74","8.55","8.75","7.43","6.81","5.19","5.83","5.13","4.3","1.44","-0.54","-1.22","-2.85","-2.09","-3.56","-10.99","-14.62","-13.94","-13.74"
"Q","Quarterly","US","United States","N","Nominal","628","Index, 2010 = 100","Q:US:N:628","","","","","","","","","","","","","","","","","","","","","","","","","","","","","","","","","","","","","","","","","","","","","","","","","","","","","","","","","","","","","","","","","","","","","","","","","","","","","","","","","","","","","","","","","","","","","","","","","","","","","","","","","","","","","","","","","","","","","","","","","","","","","","","","","","","","","","","","","","","","","","","","","","","","","","","","","","","","","","","","","","","","","","","","","","","","","10.75","10.83","11","11.14","11.44","11.75","11.88","12.17","12.2","12.55","12.8","13.08","13.66","13.99","14.35","14.65","15.01","15.3","15.71","15.81","16.23","16.69","16.99","17.3","17.05","17.15","17.85","18.53","19.29","20.15","20.87","21.57","22.38","23.17","24.04","24.87","25.89","27.01","28.05","29.03","29.66","30.2","30.98","31.64","32.24","32.68","32.96","33.29","33.47","33.52","33.54","33.75","34.1","34.56","35.04","35.48","35.93","36.38","36.83","37.16","37.63","38.26","38.79","39.54","40.29","41.1","42.05","42.93","44.06","45.1","46.07","46.99","47.79","48.94","50.33","51.59","52.71","53.47","54.19","54.96","55.55","55.67","55.5","55.19","54.89","55.05","55.01","54.86","54.95","54.85","54.78","54.96","55.11","55.34","55.73","56.21","56.44","56.74","57.02","57.25","57.51","57.85","58.28","58.63","59.1","59.53","59.85","60.23","60.72","61.32","62.08","63.04","64.16","65.14","66.28","67.5","68.56","69.9","71.3","72.81","74.64","76.53","78.21","80","81.84","83.34","84.9","86.3","87.88","90.13","92.37","94.33","96.22","98.3","101.14","104.45","108.07","112.23","116.23","120.52","125.5","130.44","134.94","138.84","141.09","140.65","139.58","139.19","137.65","133.74","129.68","125.6","120.52","114.84","109.58","104.02","100.96","100.9","101.33","101.68","101.67","101.04","99.13","98.16","97.28","96.94","97.39","97.42","98.47","100.84","102.86","105.06","107.72","110.59","113.26","115.55","117","117.79","119.37","121.23","122.76","124.27","126.01","127.78","129.38","130.87","132.74","134.84","136.66","138.58","140.79","143.15","145.5","147.18","148.32","149.45","150.63","152.18"
"Q","Quarterly","US","United States","N","Nominal","771","Year-on-year changes, in per cent","Q:US:N:771","","","","","","","","","","","","","","","","","","","","","","","","","","","","","","","","","","","","","","","","","","","","","","","","","","","","","","","","","","","","","","","","","","","","","","","","","","","","","","","","","","","","","","","","","","","","","","","","","","","","","","","","","","","","","","","","","","","","","","","","","","","","","","","","","","","","","","","","","","","","","","","","","","","","","","","","","","","","","","","","","","","","","","","","","","","","","","","","","6.45","8.54","8.02","9.23","6.65","6.78","7.73","7.5","11.91","11.44","12.07","12","9.89","9.4","9.5","7.89","8.11","9.07","8.13","9.47","5.05","2.78","5.11","7.12","13.17","17.47","16.91","16.37","16.01","15.02","15.18","15.31","15.69","16.55","16.68","16.71","14.56","11.82","10.46","9.02","8.69","8.22","6.38","5.21","3.84","2.56","1.76","1.38","1.88","3.12","4.45","5.11","5.37","5.25","5.11","4.73","4.71","5.17","5.33","6.41","7.08","7.44","8.4","8.6","9.35","9.72","9.56","9.44","8.47","8.52","9.25","9.8","10.3","9.25","7.67","6.53","5.38","4.12","2.42","0.42","-1.19","-1.11","-0.88","-0.6","0.12","-0.36","-0.41","0.17","0.28","0.88","1.72","2.28","2.42","2.53","2.31","1.86","1.9","1.97","2.22","2.41","2.76","2.89","2.69","2.73","2.73","3.01","3.73","4.66","5.67","6.23","6.76","7.09","6.86","7.3","7.57","7.86","8.87","9.49","9.7","9.88","9.66","8.89","8.54","7.88","7.37","8.15","8.8","9.3","9.49","9.07","9.49","10.74","12.31","14.18","14.92","15.38","16.13","16.22","16.1","15.2","12.42","7.82","3.44","0.26","-2.44","-4.91","-7.09","-9.77","-12.44","-14.13","-15.5","-17.18","-16.23","-12.14","-7.53","-2.25","0.7","0.14","-2.18","-3.46","-4.31","-4.06","-1.75","-0.76","1.22","4.03","5.62","7.84","9.39","9.66","10.11","9.99","8.61","6.51","5.4","4.92","4.93","5.5","5.56","5.4","5.39","5.31","5.35","5.53","5.63","5.89","6.06","6.16","6.47","6.21","5.35","4.4","3.52","3.4"
"Q","Quarterly","US","United States","R","Real","628","Index, 2010 = 100","Q:US:R:628","","","","","","","","","","","","","","","","","","","","","","","","","","","","","","","","","","","","","","","","","","","","","","","","","","","","","","","","","","","","","","","","","","","","","","","","","","","","","","","","","","","","","","","","","","","","","","","","","","","","","","","","","","","","","","","","","","","","","","","","","","","","","","","","","","","","","","","","","","","","","","","","","","","","","","","","","","","","","","","","","","","","","","","","","","","","","61.69","61.12","61.39","61.34","62.54","63.55","63.55","64.76","64.49","65.79","66.46","67.27","69.37","69.47","69.72","69.6","69.34","68.74","68.51","66.92","67.48","68.36","68.13","68.31","66.65","66.23","67.86","69.64","71.25","72.82","74.37","76.02","77.53","78.3","79.35","80.46","81.73","82.41","82.84","83.35","81.93","80.47","81.08","80.67","80.06","79.33","77.81","77.48","77.27","76.22","74.86","75.15","75.98","76.05","76.19","76.47","76.59","76.72","76.82","76.94","77.43","77.78","78.29","79.09","80.43","82.23","83.5","84.8","86.06","86.95","87.8","88.81","89.78","90.8","92.14","93.48","94.47","94.28","94.78","95.21","94.61","93.86","91.98","90.01","88.79","88.53","87.77","86.87","86.42","85.56","84.78","84.45","83.97","83.68","83.94","84.08","83.89","83.8","83.48","83.43","83.13","82.89","83.14","83.24","83.15","82.92","82.93","82.86","82.98","83.47","84.17","85.13","86.41","87.27","88.45","89.77","90.82","91.71","92.97","94.35","95.77","97.17","98.53","100.24","101.57","102.36","104.14","106.16","107.71","109.28","111.53","113.53","114.65","116.7","119.49","123.39","126.51","129.53","133.67","137.79","142.59","146.24","149.46","153","154.65","151.6","149.61","150.48","147.31","140.43","135.8","130.59","123.91","115.53","108.97","106.46","103.84","102.68","102.43","102.57","102.15","101.04","99.04","97.79","95.7","93.72","93.78","93.95","94.21","95.69","97.39","99.44","101.36","103.5","105.6","108.04","108.56","108.02","109.35","111.95","113.99","114.01","115.3","117.45","118.85","118.82","120.12","121.75","122.43","123.47","124.95","126.57","127.52","127.67","128.24","129.3","129.88","129.66"
"Q","Quarterly","US","United States","R","Real","771","Year-on-year changes, in per cent","Q:US:R:771","","","","","","","","","","","","","","","","","","","","","","","","","","","","","","","","","","","","","","","","","","","","","","","","","","","","","","","","","","","","","","","","","","","","","","","","","","","","","","","","","","","","","","","","","","","","","","","","","","","","","","","","","","","","","","","","","","","","","","","","","","","","","","","","","","","","","","","","","","","","","","","","","","","","","","","","","","","","","","","","","","","","","","","","","","","","","","","","","1.38","3.96","3.52","5.59","3.11","3.53","4.57","3.87","7.57","5.6","4.91","3.46","-0.04","-1.05","-1.74","-3.84","-2.68","-0.56","-0.55","2.07","-1.23","-3.11","-0.39","1.95","6.9","9.94","9.59","9.16","8.82","7.53","6.69","5.84","5.41","5.24","4.4","3.59","0.24","-2.35","-2.13","-3.22","-2.28","-1.42","-4.02","-3.96","-3.49","-3.93","-3.79","-3","-1.66","-0.21","1.78","1.75","0.8","0.87","0.82","0.62","1.09","1.38","1.92","2.79","3.88","5.73","6.65","7.22","7","5.74","5.15","4.73","4.32","4.42","4.94","5.26","5.23","3.84","2.86","1.84","0.14","-0.44","-2.95","-5.46","-6.15","-5.68","-4.58","-3.49","-2.67","-3.36","-3.4","-2.79","-2.83","-2.2","-0.99","-0.44","-0.1","0.15","-0.55","-0.78","-0.91","-1.09","-0.41","-0.23","0.02","0.04","-0.25","-0.45","-0.21","0.66","1.5","2.73","4.14","4.56","5.08","5.45","5.1","5.09","5.11","5.1","5.45","5.96","5.98","6.24","6.06","5.34","5.69","5.91","6.04","6.76","7.1","6.95","6.44","6.79","7.14","8.68","10.34","10.99","11.87","11.67","12.71","12.9","11.81","11.04","8.46","3.66","0.1","-1.65","-4.75","-7.37","-9.23","-13.22","-15.89","-17.73","-19.75","-18.48","-16.2","-11.12","-6","-3.65","-1.62","-1.6","-3.31","-4.67","-6.32","-7.24","-5.31","-3.92","-1.55","2.1","3.86","5.84","7.58","8.15","8.42","8.65","7.11","4.37","3.55","3.63","5","5.54","5.44","4.91","4.26","4.22","4.18","3.66","3.01","3.91","4.02","3.96","4.16","3.4","2.64","2.15","1.84","1.56"
"Q","Quarterly","XM","Euro area","N","Nominal","628","Index, 2010 = 100","Q:XM:N:628","","","","","","","","","","","","","","","","","","","","","","","","","","","","","","","","","","","","","","","","","","","","","","","","","","","","","","","","","","","","","","","","","","","","","","","","","","","","","","","","","","","","","","","","","","","","","","","","","","","","","","","","","","","","","","","","","","","","","","","","","","","","","","","","","","","","","","","","","","","","","","","","","","","","","","","","","","","","","","","","","","","","","","","","","","","","","","","","","","","","","","","","","","","","","","","","","12.63","12.89","13.1","13.26","13.59","14.35","14.9","15.24","15.63","16.29","16.87","17.31","17.78","18.35","18.89","19.45","20.33","21.07","21.54","21.66","22.11","23.07","24.41","25.42","26.6","27.43","27.55","27.53","27.85","28.22","28.69","28.88","29.38","29.81","30.34","30.2","30.25","30.41","30.67","30.58","30.75","30.94","31.37","31.51","31.62","32.1","32.67","33","33.72","34.36","34.83","35.75","36.32","37.33","38.56","39.32","40.63","41.74","43.08","44.06","45.62","46.98","48.36","48.95","49.97","51.14","52.16","52.79","53.18","53.8","54.36","54.34","54.3","54.96","55.6","55.57","55.49","55.78","56.42","56.19","56.12","56.46","57.19","57.05","57.12","57.55","58.17","58.2","57.92","58.58","59.14","59.29","59.07","59.8","60.66","60.98","61.62","62.53","63.87","64.24","65.25","66.25","67.35","67.73","68.64","69.64","70.76","71.12","72.72","74.2","75.53","75.92","77.11","78.51","79.86","80.66","81.67","83.54","85.28","86.48","87.93","89.61","91.35","92.55","93.44","95.67","97.66","98.3","99.26","100.45","101.85","102.12","102.92","103.43","103.28","101.76","100.18","99.01","99.06","99.12","98.82","99.83","100.53","100.82","100.59","101.08","101.45","100.35","99.74","99.5","98.86","98.3","96.95","97.05","97.54","96.86","96.73","97.65","98.14","97.52","97.59","98.84","99.77","100.08","100.95","102.51","104.04","104.54","105.28","106.8","108.45","109.27","110.31","111.94","113.74","114.44","114.79","116.51"
"Q","Quarterly","XM","Euro area","N","Nominal","771","Year-on-year changes, in per cent","Q:XM:N:771","","","","","","","","","","","","","","","","","","","","","","","","","","","","","","","","","","","","","","","","","","","","","","","","","","","","","","","","","","","","","","","","","","","","","","","","","","","","","","","","","","","","","","","","","","","","","","","","","","","","","","","","","","","","","","","","","","","","","","","","","","","","","","","","","","","","","","","","","","","","","","","","","","","","","","","","","","","","","","","","","","","","","","","","","","","","","","","","","","","","","","","","","","","","","","","","","","","","","7.58","11.28","13.68","14.95","15.03","13.54","13.25","13.57","13.76","12.64","11.98","12.39","14.33","14.85","14.04","11.32","8.74","9.48","13.29","17.41","20.31","18.9","12.88","8.28","4.71","2.86","4.12","4.91","5.49","5.66","5.77","4.58","2.96","1.99","1.08","1.25","1.66","1.77","2.29","3.03","2.81","3.72","4.15","4.72","6.64","7.05","6.61","8.33","7.71","8.65","10.71","9.99","11.88","11.79","11.71","12.06","12.27","12.56","12.26","11.09","9.53","8.86","7.87","7.86","6.44","5.21","4.22","2.94","2.1","2.15","2.28","2.26","2.19","1.49","1.48","1.1","1.14","1.23","1.36","1.53","1.79","1.93","1.71","2.03","1.4","1.79","1.67","1.87","1.99","2.09","2.56","2.85","4.31","4.57","5.29","5.35","5.89","5.94","5.44","5.43","5.2","5.11","5.06","5.01","5.94","6.56","6.74","6.74","6.04","5.81","5.74","6.25","5.91","6.4","6.79","7.22","7.67","7.27","7.12","7.01","6.26","6.76","6.91","6.21","6.22","5","4.28","3.89","3.69","2.97","1.4","-0.36","-2.67","-4.28","-4.08","-2.59","-1.36","0.83","1.49","1.72","1.8","1.25","0.91","-0.46","-0.85","-1.57","-2.55","-2.04","-2.79","-2.46","-1.33","-1.47","-0.22","0.62","0.61","0.68","0.88","1.23","1.66","2.63","3.45","3.71","4.28","4.46","4.3","4.19","4.25","4.53","4.78","4.81","4.88","4.73","4.06","4.08"
"Q","Quarterly","XM","Euro area","R","Real","628","Index, 2010 = 100","Q:XM:R:628","","","","","","","","","","","","","","","","","","","","","","","","","","","","","","","","","","","","","","","","","","","","","","","","","","","","","","","","","","","","","","","","","","","","","","","","","","","","","","","","","","","","","","","","","","","","","","","","","","","","","","","","","","","","","","","","","","","","","","","","","","","","","","","","","","","","","","","","","","","","","","","","","","","","","","","","","","","","","","","","","","","","","","","","","","","","","","","","","","","","","","","","","","","","","","","","","59.25","59","58.85","58.39","58.14","59.54","60.67","60.26","60","60.8","61.61","62.04","62.54","63.09","63.8","64.59","65.89","66.66","66.47","65.05","64.06","65.13","67.24","68.29","69.02","69.25","67.77","65.88","64.86","64.13","63.9","63.01","62.64","62.4","62.37","60.89","59.73","59.18","59","58.03","57.18","56.71","57.23","56.9","56.54","57.13","58","58.27","58.99","59.64","60.16","61.35","61.87","63.14","64.71","65.41","66.68","67.67","69.31","70.16","71.77","73.29","74.83","74.79","75.61","76.64","77.25","77.6","77.38","77.5","77.93","77.45","76.45","76.74","77.14","76.72","75.93","75.82","76.27","75.66","74.94","74.83","75.52","75.02","74.65","74.67","75.4","75.22","74.35","75","75.46","75.46","75.01","75.55","76.53","76.97","77.6","78.24","79.68","79.89","80.63","81.38","82.23","82.22","83.11","83.13","84.42","84.58","85.87","86.77","88.27","88.25","89.03","90.05","91.48","91.87","92.7","93.67","95.53","96.28","97.81","98.48","100.02","100.68","101.57","102.61","104.67","105.07","105.91","105.74","107.13","106.09","106.26","105.07","104.62","103.35","102.45","100.4","100.72","100.24","99.93","99.64","100.49","99.94","99.27","98.18","98.75","96.64","95.85","94.32","93.84","92.53","91.48","90.73","91.36","90.44","90.68","90.78","91.59","90.91","91.78","91.49","92.75","93.06","94.89","94.99","96.46","96.5","97.28","97.47","99.09","99.46","100.64","100.44","101.77","102.21","103.25","103.1"
"Q","Quarterly","XM","Euro area","R","Real","771","Year-on-year changes, in per cent","Q:XM:R:771","","","","","","","","","","","","","","","","","","","","","","","","","","","","","","","","","","","","","","","","","","","","","","","","","","","","","","","","","","","","","","","","","","","","","","","","","","","","","","","","","","","","","","","","","","","","","","","","","","","","","","","","","","","","","","","","","","","","","","","","","","","","","","","","","","","","","","","","","","","","","","","","","","","","","","","","","","","","","","","","","","","","","","","","","","","","","","","","","","","","","","","","","","","","","","","","","","","","","-1.87","0.91","3.08","3.21","3.2","2.13","1.55","2.95","4.23","3.75","3.56","4.11","5.35","5.67","4.18","0.71","-2.78","-2.3","1.16","4.98","7.75","6.31","0.79","-3.53","-6.03","-7.39","-5.71","-4.35","-3.43","-2.69","-2.39","-3.38","-4.63","-5.16","-5.4","-4.69","-4.28","-4.17","-3","-1.95","-1.11","0.74","1.34","2.4","4.32","4.4","3.72","5.28","4.89","5.86","7.57","6.61","7.78","7.18","7.11","7.26","7.62","8.3","7.97","6.61","5.36","4.58","3.23","3.75","2.33","1.12","0.88","-0.2","-1.19","-0.97","-1.01","-0.94","-0.69","-1.21","-1.13","-1.38","-1.3","-1.29","-0.98","-0.84","-0.4","-0.22","-0.16","0.26","-0.4","0.44","0.08","0.32","0.88","0.73","1.42","2.01","3.46","3.57","4.12","3.79","3.9","4","3.2","2.91","3.08","2.16","2.66","2.86","3.33","4.37","4.56","4.35","3.68","3.78","3.63","4.1","4.12","4.02","4.43","4.8","5.5","5.14","4.71","4.57","3.85","4.2","4.64","4.36","4.27","3.05","2.35","0.97","0.33","-0.64","-2.35","-2.58","-3.59","-4.44","-3.72","-3.01","-2.46","-0.76","-0.23","-0.3","-0.66","-1.46","-1.73","-3.3","-3.45","-3.93","-4.97","-4.25","-4.57","-3.81","-2.64","-2.26","-0.87","0.05","0.26","0.51","1.2","0.79","1.26","2.36","3.39","3.82","4.01","3.7","2.52","2.62","2.73","3.07","3.46","3.05","2.7","2.76","2.59","2.64"
"Q","Quarterly","ZA","South Africa","N","Nominal","628","Index, 2010 = 100","Q:ZA:N:628","","","","","","","","","","","","","","","","","","","","","","","","","","","","","","","","","","","","","","","","","","","","","","","","","","","","","","","","","","","","","","","","","","","","","","","","","","","","","","","","","","","","","","","","","","","","","","","","","","","","","","","","","","","","","","","","","","","","","","","","","","","","","","","","","","","","","","","","","","","","","","","","","","","","","","","","","","","","","0.95","0.97","0.96","1","1.11","1.14","1.18","1.18","1.16","1.17","1.22","1.26","1.28","1.32","1.36","1.39","1.47","1.53","1.57","1.59","1.61","1.64","1.66","1.68","1.69","1.69","1.74","1.8","1.88","1.94","2.05","2.13","2.13","2.17","2.18","2.19","2.32","2.35","2.36","2.42","2.46","2.52","2.52","2.51","2.52","2.56","2.56","2.57","2.6","2.61","2.67","2.76","2.82","2.92","3.04","3.16","3.28","3.5","3.82","4.18","4.54","4.93","5.31","5.64","5.87","6.06","6.23","6.4","6.78","7.2","7.56","7.99","8.17","8.16","8.05","7.82","7.59","7.46","7.34","7.33","7.24","7.11","7.07","7.11","7.36","7.68","7.95","8.32","8.63","8.81","9.14","9.46","9.75","10.2","10.57","10.8","11.27","11.78","12.06","12.3","12.69","13.22","13.73","14.13","14.19","13.93","13.83","14.17","14.4","14.52","14.85","15.15","15.56","16.16","16.62","16.89","17.24","17.56","17.63","17.72","17.96","18.11","18.21","18.41","18.62","19.17","20.16","21.22","21.9","22.34","22.92","22.95","22.89","23.42","23.74","24.49","26.07","27.22","28.12","29.31","30.52","30.88","31.99","33.15","34.21","35.23","36.25","37.73","39.25","41.26","43.59","47.11","51.42","55.13","58.82","63.66","68.72","72","75.2","78.81","81.58","84.55","87.57","90.15","93.32","98.08","101.01","101.06","100.47","97.79","95.53","95.73","95.65","95.04","95.57","97.07","99.22","100.2","100.02","100.56","101.32","102.76","103.79","104.82","106.27","107.56","109.22","110.85","112.7","114.29","116.15","118.68","121.85","123.57","125.17","126.74","129.15","131.52","132.84","134.64","137.21","139.44","140.13","140.92","143.66","145.22","145.96","146.7","148.32","150.68","151.71","152.86","153.55","155.83"
"Q","Quarterly","ZA","South Africa","N","Nominal","771","Year-on-year changes, in per cent","Q:ZA:N:771","","","","","","","","","","","","","","","","","","","","","","","","","","","","","","","","","","","","","","","","","","","","","","","","","","","","","","","","","","","","","","","","","","","","","","","","","","","","","","","","","","","","","","","","","","","","","","","","","","","","","","","","","","","","","","","","","","","","","","","","","","","","","","","","","","","","","","","","","","","","","","","","","","","","","","","","","","","","","","","","","16.5","18.1","23.08","18.52","5","2.42","3.13","7.03","10.32","12.6","11.36","10.22","14.39","16.08","15.65","13.91","9.43","7.23","5.88","5.81","5.17","2.81","5","7.14","11.48","14.75","17.46","18.46","13.24","11.9","6.31","2.6","8.66","8.51","8.47","10.55","6.37","7.06","6.64","3.82","2.25","1.47","1.47","2.57","3.3","2.17","4.33","7.17","8.51","11.66","13.84","14.38","16.01","19.94","25.84","32.46","38.59","40.9","39.13","34.88","29.27","23.03","17.19","13.58","15.57","18.72","21.33","24.78","20.54","13.33","6.59","-2.08","-7.11","-8.6","-8.82","-6.37","-4.62","-4.58","-3.77","-2.9","1.66","7.91","12.53","16.99","17.17","14.78","14.97","13.64","13.05","15.81","15.64","14.24","15.52","15.46","14.05","13.83","12.61","12.22","13.85","14.85","11.85","5.37","0.74","0.33","1.5","4.24","7.34","6.9","8.01","11.25","11.93","11.51","10.85","8.68","6.11","4.92","4.12","3.15","3.3","3.85","3.7","5.86","10.69","15.29","17.64","16.51","13.68","8.13","4.51","4.83","3.58","6.71","13.91","16.23","18.46","19.71","17.03","13.46","13.76","13.08","12.1","14.06","13.32","13.82","14.73","17.12","20.25","24.87","31.01","33.63","34.94","35.14","33.65","30.6","27.85","23.79","18.72","17.42","16.45","14.4","14.38","16.01","15.34","12.1","7.67","-0.3","-5.43","-5.28","-4.79","-2.81","0.04","1.4","3.73","5.43","4.66","3.59","2.12","2.56","3.76","4.23","4.88","4.66","5.24","5.75","6.05","6.26","6.34","7.06","8.12","8.12","7.76","6.8","6","6.43","6.13","6.23","6.24","6.02","5.49","4.66","4.7","4.15","4.16","4.11","3.24","3.76","3.94","4.2","3.53","3.42"
"Q","Quarterly","ZA","South Africa","R","Real","628","Index, 2010 = 100","Q:ZA:R:628","","","","","","","","","","","","","","","","","","","","","","","","","","","","","","","","","","","","","","","","","","","","","","","","","","","","","","","","","","","","","","","","","","","","","","","","","","","","","","","","","","","","","","","","","","","","","","","","","","","","","","","","","","","","","","","","","","","","","","","","","","","","","","","","","","","","","","","","","","","","","","","","","","","","","","","","","","","","","49.17","49.76","48.93","49.97","55.26","56.44","57.72","57.99","56.82","57.01","58.58","60.39","60.73","61.92","63.37","64.25","67.21","69.28","70.05","70.13","70.36","70.38","69.9","69.71","69.41","68.48","68.89","69.77","70.92","71.36","74.15","75.1","73.51","72.55","69.77","67.82","70.08","69.51","67.53","67.65","67.52","66.62","64.69","63.53","61.99","60.64","59.32","58.46","57.86","56.63","55.13","55.73","55.76","56.12","55.08","56.01","57.19","59.11","61.81","64.48","68.25","72.43","74.22","75.93","77.08","76.54","76.45","75.8","78.18","80.69","82.63","85.43","85.51","82.12","78.92","74.19","69.04","64.57","61.8","59.16","55.23","52.51","49.94","48.32","48.16","48.36","48.49","49.09","49.67","49.24","49.58","49.63","49.43","49.64","49.72","49.29","49.6","50.31","49.89","48.94","48.82","49.03","49.14","48.42","47.13","44.93","43.36","43.85","43.73","42.33","42.56","42.83","43.06","43.95","43.64","43.49","43.41","43.16","42.98","42.83","42.44","41.97","41.26","40.74","40.15","40.62","42.05","43.95","44.77","45.02","44.37","43.57","43.14","43.99","44.47","45.6","47.81","48.73","49.42","51.01","52.08","51.96","53.66","55.3","55.24","55.02","55.07","55.82","57.26","59.78","63.25","69.19","74.69","79.35","84.27","90.63","97.05","100.43","103.71","108.24","111.04","113.37","114.77","117.33","119.89","122.94","123.76","121.29","116.53","110.39","104.56","104.09","102.38","99.61","98.36","99.43","100.51","100.45","99.47","99.59","98.86","98.46","97.93","97.86","97.75","97.5","98.05","97.97","98.06","98.03","98.16","99.5","100.07","99.55","99.55","100.54","101.85","101.34","100.89","101.86","101.59","101.12","100.39","100.01","100.05","100.02","99.78","99.42","99.25","99.32","98.78","98.74","98.61","98.35"
"Q","Quarterly","ZA","South Africa","R","Real","771","Year-on-year changes, in per cent","Q:ZA:R:771","","","","","","","","","","","","","","","","","","","","","","","","","","","","","","","","","","","","","","","","","","","","","","","","","","","","","","","","","","","","","","","","","","","","","","","","","","","","","","","","","","","","","","","","","","","","","","","","","","","","","","","","","","","","","","","","","","","","","","","","","","","","","","","","","","","","","","","","","","","","","","","","","","","","","","","","","","","","","","","","","12.39","13.43","17.97","16.05","2.82","1.01","1.49","4.14","6.87","8.61","8.18","6.38","10.68","11.88","10.53","9.16","4.69","1.6","-0.21","-0.61","-1.35","-2.7","-1.45","0.09","2.17","4.2","7.64","7.64","3.66","1.67","-5.9","-9.7","-4.67","-4.18","-3.22","-0.24","-3.66","-4.15","-4.2","-6.09","-8.19","-8.98","-8.3","-7.97","-6.66","-6.61","-7.06","-4.67","-3.61","-0.9","-0.08","0.5","2.55","5.32","12.21","15.12","19.34","22.54","20.08","17.75","12.94","5.68","3.01","-0.17","1.43","5.42","8.07","12.71","9.37","1.77","-4.48","-13.15","-19.25","-21.36","-21.7","-20.27","-20.01","-18.69","-19.19","-18.32","-12.79","-7.89","-2.9","1.6","3.14","1.81","2.24","1.1","-0.49","0.81","0.29","-0.69","0.34","1.35","0.35","-0.71","-1.57","-2.54","-1.5","-1.07","-3.47","-8.37","-11.77","-9.43","-7.22","-5.79","-1.86","-2.33","-1.53","3.83","2.55","1.55","0.83","-1.8","-1.51","-1.53","-2.25","-2.75","-4.01","-4.87","-5.39","-3.22","1.92","7.88","11.51","10.83","5.51","-0.87","-3.64","-2.28","0.24","4.65","10.81","10.77","11.13","11.87","8.94","6.64","8.57","8.41","6.06","5.88","2.64","0.93","3.66","8.66","14.85","23.96","30.44","32.72","33.22","30.99","29.94","26.57","23.07","19.42","14.42","12.89","10.67","8.41","7.96","8.44","7.84","3.37","-2.8","-10.2","-15.51","-14.18","-12.14","-9.77","-5.93","-4.47","-1.82","0.84","1.13","0.16","-1.64","-1.98","-1.55","-1.73","-1.12","-0.97","0.12","0.11","0.31","0.54","0.11","1.56","2.05","1.55","1.42","1.05","1.78","1.8","1.34","1.31","-0.25","-0.21","-0.5","-1.82","-1.52","-1.09","-0.61","-0.58","-0.79","-0.69","-1","-0.69","-0.64","-0.98"
