TSET,Code,FREQ,FREQ#,BIS_TOPIC,BIS_TOPIC#,REF_AREA,REF_AREA#,BIS_SUFFIX,AVAILABILITY,AVAILABILITY#,COLLECTION,COLLECTION#,DECIMALS,TITLE,BIS_UNIT,BIS_UNIT#,UNIT_MULT,UNIT_MULT#,2012,sts,2013,sts,2014,sts,2015,sts,2016,sts,2017,sts,2018,sts
BIS_MACRO,A:ABBA:AR:R1,A,Annual,ABBA,"Money stock M1, national concept. , NSA",AR,Argentina,R1,A,All users,E,End of period,3,"MONEY STOCK M1, Y-END",ARS,Argentine peso,9,Billions,397.842,A,496.728,A,640.87,A,804.666,A,1033.908,A,1243.334,A,1514.752,A
BIS_MACRO,A:ABBA:AU:R1,A,Annual,ABBA,"Money stock M1, national concept. , NSA",AU,Australia,R1,A,All users,E,End of period,2,"MONEY STOCK M1, Y-END",AUD,Australian dollar,9,Billions,503.52,A,576.92,A,643.63,A,731.64,A,791.27,A,861.58,A,881.59,A
BIS_MACRO,A:ABBA:BR:R1,A,Annual,ABBA,"Money stock M1, national concept. , NSA",BR,Brazil,R1,A,All users,E,End of period,3,"MONEY STOCK M1, Y-END",BRL,Brazilian real,9,Billions,333.486,A,354.651,A,363.362,A,347.221,A,363.029,A,383.84,A,410.226,A
BIS_MACRO,A:ABBA:CA:R1,A,Annual,ABBA,"Money stock M1, national concept. , NSA",CA,Canada,R1,A,All users,E,End of period,2,"MONEY STOCK M1+ (GROSS), Y-END",CAD,Canadian dollar,9,Billions,660.67,A,720.35,A,768.86,A,832.07,A,912.37,A,981.52,A,1025.54,A
BIS_MACRO,A:ABBA:CH:R1,A,Annual,ABBA,"Money stock M1, national concept. , NSA",CH,Switzerland,R1,A,All users,E,End of period,1,"MONEY STOCK M1, Y-END",CHF,Swiss franc,6,Millions,536921,A,554429,A,567209,A,559297,A,593142,A,635615,A,670160,A
BIS_MACRO,A:ABBA:CN:R1,A,Annual,ABBA,"Money stock M1, national concept. , NSA",CN,China,R1,A,All users,E,End of period,2,"MONEY STOCK M1, Y-END",CNY,Renminbi,9,Billions,30866.42,A,33729,A,34806,A,40095,A,48655.72,A,54379.01,A,55168.59,A
BIS_MACRO,A:ABBA:GB:R1,A,Annual,ABBA,"Money stock M1, national concept. , NSA",GB,United Kingdom,R1,A,All users,E,End of period,2,"MONEY STOCK M2 (REPORTED UNDER M1 TOPIC FOR RED BOOK), Y-END",GBP,Pound (sterling),9,Billions,1341.58,A,1413.37,A,1501.46,A,1589.8,A,1639.32,A,1689.94,A,1754.95,A
BIS_MACRO,A:ABBA:HK:R1,A,Annual,ABBA,"Money stock M1, national concept. , NSA",HK,Hong Kong SAR,R1,A,All users,E,End of period,1,"MONEY STOCK M1, Y-END",HKD,Hong Kong dollar,6,Millions,920920,A,1000343.8,A,1116674.8,A,1253380.1,A,1428774.9,A,1598014.4,A,1555731.2,A
BIS_MACRO,A:ABBA:ID:R1,A,Annual,ABBA,"Money stock M1, national concept. , NSA",ID,Indonesia,R1,A,All users,E,End of period,3,"MONEY STOCK M1, Y-END",IDR,Rupiah,9,Billions,841721.5,A,887083,A,942221,A,1055440,A,1237643,A,1390806.95,A,1457149.68,A
BIS_MACRO,A:ABBA:IN:R1,A,Annual,ABBA,"Money stock M1, national concept. , NSA",IN,India,R1,A,All users,E,End of period,3,"MONEY STOCK M1, Y-END",INR,Indian rupee,9,Billions,18128.744,A,19896.858,A,21885.759,A,24581.536,A,20004.636,A,28863.249,A,32786.679,A
BIS_MACRO,A:ABBA:JP:R1,A,Annual,ABBA,"Money stock M1, national concept. , NSA",JP,Japan,R1,A,All users,E,End of period,1,"MONEY STOCK M1, Y-END",JPY,Yen,9,Billions,560219.2,A,591872.2,A,617780.6,A,644909.4,A,701235.2,A,747093.1,A,787355.8,A
BIS_MACRO,A:ABBA:KR:R1,A,Annual,ABBA,"Money stock M1, national concept. , NSA",KR,Korea,R1,A,All users,E,End of period,1,"MONEY STOCK M1, Y-END",KRW,Won,9,Billions,470010.6,A,515643.4,A,585822.6,A,708452.9,A,795531.1,A,849862.4,A,865851.8,A
BIS_MACRO,A:ABBA:MX:R1,A,Annual,ABBA,"Money stock M1, national concept. , NSA",MX,Mexico,R1,A,All users,E,End of period,2,"MONEY STOCK M1, Y-END",MXN,Mexican peso,9,Billions,2280.05,A,2513.76,A,2879.2,A,3351.98,A,3872.48,A,4267.37,A,,
BIS_MACRO,A:ABBA:RU:R1,A,Annual,ABBA,"Money stock M1, national concept. , NSA",RU,Russia,R1,A,All users,E,End of period,0,"MONEY STOCK M1, Y-END",RUB,Russian rouble,9,Billions,13694,A,15512,A,15341,A,16516,A,17642,A,19509,A,21624,A
BIS_MACRO,A:ABBA:SA:R1,A,Annual,ABBA,"Money stock M1, national concept. , NSA",SA,Saudi Arabia,R1,A,All users,E,End of period,2,"MONEY STOCK M1, Y-END",SAR,Saudi riyal,6,Millions,889676.07,A,1003410.23,A,1145134.56,A,1148642.45,A,1146409.27,A,1174514.11,A,1220797.4,A
BIS_MACRO,A:ABBA:SE:R1,A,Annual,ABBA,"Money stock M1, national concept. , NSA",SE,Sweden,R1,A,All users,E,End of period,2,"MONEY STOCK M1, Y-END",SEK,Swedish krona,9,Billions,1692.5,A,1844.9,A,2025.78,A,2282.6,A,2488.27,A,2692.91,A,2898.06,A
BIS_MACRO,A:ABBA:SG:R1,A,Annual,ABBA,"Money stock M1, national concept. , NSA",SG,Singapore,R1,A,All users,E,End of period,1,"MONEY STOCK M1, Y-END",SGD,Singapore dollar,6,Millions,140709.1,A,154597.3,A,160217.7,A,160445.8,A,172753.5,A,183699.3,A,184488.5,A
BIS_MACRO,A:ABBA:TR:R1,A,Annual,ABBA,"Money stock M1, national concept. , NSA",TR,Turkey,R1,A,All users,E,End of period,0,"MONEY STOCK M1, Y-END",TRY,Turkish lira,6,Millions,179935,A,229370,A,258294,A,311647,A,382725,A,450620,A,509725,A
BIS_MACRO,A:ABBA:US:R1,A,Annual,ABBA,"Money stock M1, national concept. , NSA",US,United States,R1,A,All users,E,End of period,1,"MONEY STOCK M1, Y-END",USD,US dollar,9,Billions,2509.7,A,2715.7,A,2992,A,3141.1,A,3384.1,A,3653.1,A,3794.3,A
BIS_MACRO,A:ABBA:XM:R1,A,Annual,ABBA,"Money stock M1, national concept. , NSA",XM,Euro area,R1,A,All users,E,End of period,2,"MONEY STOCK M1, Y-END",EUR,Euro,9,Billions,5151.39,A,5425.93,A,5967.95,A,6631.82,A,7194.13,A,7786.28,A,8307.18,A
BIS_MACRO,A:ABBA:ZA:R1,A,Annual,ABBA,"Money stock M1, national concept. , NSA",ZA,South Africa,R1,A,All users,E,End of period,0,"MONEY STOCK M1, Y-END",ZAR,Rand,6,Millions,1035142,A,1132039,A,1241272,A,1428508,A,1606911,A,1700966,A,1778087,A
BIS_MACRO,A:AFBA:AR:R1,A,Annual,AFBA,"Currency (notes & coins) held by non-banks (in M1). , NSA",AR,Argentina,R1,A,All users,A,Average of observations through period,2,"NOTES & COINS (CURRENCY) HELD BY NON-BANKS (IN M1), Y-END",ARS,Argentine peso,9,Billions,209.91,A,257.72,A,315.79,A,425.54,A,527.61,A,702.05,A,740.72,A
BIS_MACRO,A:AFBA:AU:R1,A,Annual,AFBA,"Currency (notes & coins) held by non-banks (in M1). , NSA",AU,Australia,R1,A,All users,E,End of period,2,"NOTES & COINS (CURRENCY) HELD BY NON-BANKS (IN M1), Y-END",AUD,Australian dollar,9,Billions,53.77,A,57.67,A,62,A,67.43,A,71.09,A,73.89,A,76.67,A
BIS_MACRO,A:AFBA:BR:R1,A,Annual,AFBA,"Currency (notes & coins) held by non-banks (in M1). , NSA",BR,Brazil,R1,A,All users,A,Average of observations through period,2,"NOTES & COINS (CURRENCY) HELD BY NON-BANKS (IN M1), Y-END",BRL,Brazilian real,9,Billions,149.64,A,163.88,A,178.25,A,185.28,A,191.97,A,203.91,A,218.16,A
BIS_MACRO,A:AFBA:CA:R1,A,Annual,AFBA,"Currency (notes & coins) held by non-banks (in M1). , NSA",CA,Canada,R1,A,All users,A,Average of observations through period,2,"NOTES & COINS (CURRENCY) HELD BY NON-BANKS (IN M1), Y-END",CAD,Canadian dollar,9,Billions,62.22,A,65.54,A,69.44,A,74.64,A,79.35,A,84.01,A,88.09,A
BIS_MACRO,A:AFBA:CH:R1,A,Annual,AFBA,"Currency (notes & coins) held by non-banks (in M1). , NSA",CH,Switzerland,R1,A,All users,E,End of period,0,"NOTES & COINS (CURRENCY) HELD BY N-BKS(IN M1)(INCL.LI),Y-END",CHF,Swiss franc,6,Millions,63388,A,66672,A,68780,A,74156,A,80352,A,86831,A,95889,A
BIS_MACRO,A:AFBA:CN:R1,A,Annual,AFBA,"Currency (notes & coins) held by non-banks (in M1). , NSA",CN,China,R1,A,All users,E,End of period,2,"NOTES & COINS (CURRENCY) HELD BY NON-BANKS (IN M1), Y-END",CNY,Renminbi,9,Billions,5465.98,A,5857.44,A,6025.95,A,6321.66,A,6830.39,A,7064.56,A,7320.84,A
BIS_MACRO,A:AFBA:GB:R1,A,Annual,AFBA,"Currency (notes & coins) held by non-banks (in M1). , NSA",GB,United Kingdom,R1,A,All users,E,End of period,2,"NOTES & COINS (CURRENCY) HELD BY M4 PRIVATE SECTOR, Y-END",GBP,Pound (sterling),9,Billions,57.84,A,60.55,A,63.83,A,67.67,A,73.89,A,75.11,A,75.37,A
BIS_MACRO,A:AFBA:HK:R1,A,Annual,AFBA,"Currency (notes & coins) held by non-banks (in M1). , NSA",HK,Hong Kong SAR,R1,A,All users,E,End of period,0,"NOTES & COINS (CURRENCY) HELD BY NON-BANKS (IN M1), Y-END",HKD,Hong Kong dollar,6,Millions,281865,A,313879,A,330086,A,349340,A,390470,A,438754,A,466539,A
BIS_MACRO,A:AFBA:ID:R1,A,Annual,AFBA,"Currency (notes & coins) held by non-banks (in M1). , NSA",ID,Indonesia,R1,A,All users,E,End of period,1,"NOTES & COINS (CURRENCY) HELD BY M4 PRIVATE SECTOR, Y-END",IDR,Rupiah,9,Billions,361897.3,A,399608.7,A,419261.8,A,469534.2,A,508123.7,A,586576.3,A,625370.5,A
BIS_MACRO,A:AFBA:IN:R1,A,Annual,AFBA,"Currency (notes & coins) held by non-banks (in M1). , NSA",IN,India,R1,A,All users,E,End of period,0,"NOTES & COINS (CURRENCY) HELD BY NON-BANKS (IN M1), Y-END",INR,Indian rupee,9,Billions,10914,A,12137,A,13265,A,14997,A,7859,A,16164,A,19509,A
BIS_MACRO,A:AFBA:JP:R1,A,Annual,AFBA,"Currency (notes & coins) held by non-banks (in M1). , NSA",JP,Japan,R1,A,All users,E,End of period,1,"NOTES & COINS (CURRENCY) HELD BY NON-BANKS (IN M1), Y-END",JPY,Yen,9,Billions,83070.2,A,85270.7,A,88161,A,93558.6,A,97300.9,A,101863.3,A,105545.7,A
BIS_MACRO,A:AFBA:KR:R1,A,Annual,AFBA,"Currency (notes & coins) held by non-banks (in M1). , NSA",KR,Korea,R1,A,All users,E,End of period,2,"NOTES & COINS (CURRENCY) HELD BY NON-BANKS (IN M1), Y-END",KRW,Won,9,Billions,44173.8,A,53316.2,A,64438.5,A,76343.4,A,86829.5,A,96842.8,A,103994.8,A
BIS_MACRO,A:AFBA:MX:R1,A,Annual,AFBA,"Currency (notes & coins) held by non-banks (in M1). , NSA",MX,Mexico,R1,A,All users,A,Average of observations through period,2,"NOTES & COINS (CURRENCY) HELD BY NON-BANKS (IN M1), Y-END",MXN,Mexican peso,9,Billions,733.45,A,792.26,A,928.05,A,1087.27,A,1261.7,A,1372.88,A,1494.95,A
BIS_MACRO,A:AFBA:RU:R1,A,Annual,AFBA,"Currency (notes & coins) held by non-banks (in M1). , NSA",RU,Russia,R1,A,All users,E,End of period,0,"NOTES & COINS (CURRENCY) HELD BY NON-BANKS (= M0), Y-END",RUB,Russian rouble,9,Billions,6430,A,6986,A,7171,A,7239,A,7715,A,8446,A,9339,A
BIS_MACRO,A:AFBA:SA:R1,A,Annual,AFBA,"Currency (notes & coins) held by non-banks (in M1). , NSA",SA,Saudi Arabia,R1,A,All users,E,End of period,2,"NOTES & COINS (CURRENCY) HELD BY NON-BANKS (IN M1), Y-END",SAR,Saudi riyal,6,Millions,133120.72,A,143140.03,A,153750.15,A,168491.79,A,170323.07,A,172046.36,A,180132.45,A
BIS_MACRO,A:AFBA:SE:R1,A,Annual,AFBA,"Currency (notes & coins) held by non-banks (in M1). , NSA",SE,Sweden,R1,A,All users,E,End of period,0,"NOTES & COINS (CURRENCY) HELD BY NON-BANKS, Y-END",SEK,Swedish krona,9,Billions,88,A,82,A,81,A,72,A,61,A,56,A,61,A
BIS_MACRO,A:AFBA:SG:R1,A,Annual,AFBA,"Currency (notes & coins) held by non-banks (in M1). , NSA",SG,Singapore,R1,A,All users,E,End of period,1,"NOTES & COINS (CURRENCY) HELD BY NON-BANKS (IN M1), Y-END",SGD,Singapore dollar,6,Millions,26361.3,A,28851.6,A,31506.9,A,34042.3,A,38525,A,42339.7,A,43697.7,A
BIS_MACRO,A:AFBA:TR:R1,A,Annual,AFBA,"Currency (notes & coins) held by non-banks (in M1). , NSA",TR,Turkey,R1,A,All users,E,End of period,2,"NOTES & COINS (CURRENCY) HELD BY NON-BANKS (IN M1), Y-END",TRY,Turkish lira,6,Millions,54565.77,A,67755.89,A,77420.14,A,94464.63,A,111762.36,A,119198.42,A,123370.55,A
BIS_MACRO,A:AFBA:US:R1,A,Annual,AFBA,"Currency (notes & coins) held by non-banks (in M1). , NSA",US,United States,R1,A,All users,A,Average of observations through period,2,"NOTES & COINS (CURRENCY) HELD BY NON-BANKS (IN M1), Y-END",USD,US dollar,9,Billions,1092.3,A,1162,A,1254.3,A,1340.4,A,1422.4,A,1527.4,A,1626.7,A
BIS_MACRO,A:AFBA:XM:R1,A,Annual,AFBA,"Currency (notes & coins) held by non-banks (in M1). , NSA",XM,Euro area,R1,I,"BIS, ECB and Central Banks only, not for publication",A,Average of observations through period,2,"NOTES & COINS (CURRENCY) HELD BY NON-BANKS (MU11-17), Y-END",EUR,Euro,9,Billions,876.79,A,921.22,A,980.63,A,1048.93,A,1087.49,A,1123.21,A,1175.44,A
BIS_MACRO,A:AFBA:ZA:R1,A,Annual,AFBA,"Currency (notes & coins) held by non-banks (in M1). , NSA",ZA,South Africa,R1,A,All users,A,Average of observations through period,1,"NOTES & COINS (CURRENCY) HELD BY NON-BANKS (IN M1), Y-END",ZAR,Rand,6,Millions,81042.2,A,87013.9,A,94193.2,A,101052.6,A,107573.3,A,114430.4,A,124946.1,A
BIS_MACRO,A:AFGA:AR:R1,A,Annual,AFGA,"Transferable Deposits. , NSA",AR,Argentina,R1,A,All users,E,End of period,2,"TRANSFERABLE DEPOSITS, Y-END",ARS,Argentine peso,9,Billions,187.93,A,239.01,A,325.08,A,379.13,A,506.3,A,541.29,A,774.03,A
BIS_MACRO,A:AFGA:AU:R1,A,Annual,AFGA,"Transferable Deposits. , NSA",AU,Australia,R1,A,All users,E,End of period,2,"SIGHT DEPOSITS WITH BANKS (IN M1), M-END NSA",AUD,Australian dollar,9,Billions,451.67,A,521.53,A,584.15,A,666.67,A,722.84,A,790.31,A,807.52,A
BIS_MACRO,A:AFGA:BE:R1,A,Annual,AFGA,"Transferable Deposits. , NSA",BE,Belgium,R1,A,All users,E,End of period,2,"TRANSFERABLE DEPOSITS, Y-END",EUR,Euro,9,Billions,154.81,A,165.8,A,186.25,A,201.7,A,218.99,A,221.33,A,221.32,A
BIS_MACRO,A:AFGA:BR:R1,A,Annual,AFGA,"Transferable Deposits. , NSA",BR,Brazil,R1,A,All users,E,End of period,2,"TRANSFERABLE DEPOSITS, Y-END",BRL,Brazilian real,9,Billions,183.85,A,190.77,A,185.11,A,161.94,A,171.06,A,179.93,A,192.07,A
BIS_MACRO,A:AFGA:CA:R1,A,Annual,AFGA,"Transferable Deposits. , NSA",CA,Canada,R1,A,All users,E,End of period,2,"TRANSFERABLE DEPOSITS, Y-END",CAD,Canadian dollar,9,Billions,598.45,A,654.81,A,699.42,A,757.44,A,833.03,A,897.51,A,937.46,A
BIS_MACRO,A:AFGA:CH:R1,A,Annual,AFGA,"Transferable Deposits. , NSA",CH,Switzerland,R1,A,All users,E,End of period,0,"SIGHT DEPOS HELD BY RESIDENTS(IN M1) (INCL.LIECHTENSTEIN), M,Y-END NSA",CHF,Swiss franc,6,Millions,334862,A,339258,A,328884,A,332902,A,377969,A,406112,A,432981,A
BIS_MACRO,A:AFGA:CN:R1,A,Annual,AFGA,"Transferable Deposits. , NSA",CN,China,R1,A,All users,E,End of period,2,Demand deposits,CNY,Renminbi,9,Billions,25400.45,A,27872,A,28780,A,33774,A,41825.34,A,47314.45,A,47847.75,A
BIS_MACRO,A:AFGA:DE:R1,A,Annual,AFGA,"Transferable Deposits. , NSA",DE,Germany,R1,A,All users,E,End of period,2,"TRANSFERABLE DEPOSITS, Y-END",EUR,Euro,9,Billions,1442.25,A,1533.2,A,1639.25,A,1849.87,A,2016.85,A,2185.46,A,2344.65,A
BIS_MACRO,A:AFGA:ES:R1,A,Annual,AFGA,"Transferable Deposits. , NSA",ES,Spain,R1,A,All users,E,End of period,2,"TRANSFERABLE DEPOSITS, Y-END",EUR,Euro,9,Billions,499.94,A,526.99,A,590.21,A,684.26,A,798.36,A,907.33,A,991.46,A
BIS_MACRO,A:AFGA:FR:R1,A,Annual,AFGA,"Transferable Deposits. , NSA",FR,France,R1,A,All users,E,End of period,0,"TRANSFERABLE DEPOSITS, Y-END",EUR,Euro,9,Billions,613,A,635,A,679,A,793,A,874,A,,M,,M
BIS_MACRO,A:AFGA:GB:R1,A,Annual,AFGA,"Transferable Deposits. , NSA",GB,United Kingdom,R1,A,All users,E,End of period,2,"TRANSFERABLE DEPOSITS, Y-END",GBP,Pound (sterling),9,Billions,1283.74,A,1352.82,A,1437.64,A,1522.13,A,1565.43,A,1614.83,A,1678.4,A
BIS_MACRO,A:AFGA:HK:R1,A,Annual,AFGA,"Transferable Deposits. , NSA",HK,Hong Kong SAR,R1,A,All users,E,End of period,1,"TRANSFERABLE DEPOSITS, Y-END",HKD,Hong Kong dollar,6,Millions,639056,A,686464.9,A,786589.2,A,904039.7,A,1038305,A,1159260.7,A,1089191.9,A
BIS_MACRO,A:AFGA:ID:R1,A,Annual,AFGA,"Transferable Deposits. , NSA",ID,Indonesia,R1,A,All users,E,End of period,2,"TRANSFERABLE DEPOSITS, Y-END",IDR,Rupiah,9,Billions,479754.78,A,487474.84,A,522959.5,A,585905.61,A,729518.83,A,804230.62,A,831779.2,A
BIS_MACRO,A:AFGA:IN:R1,A,Annual,AFGA,"Transferable Deposits. , NSA",IN,India,R1,A,All users,U,Unknown,3,"TRANSFERABLE DEPOSITS, Y-END",INR,Indian rupee,9,Billions,7199.42,A,7735.35,A,8539.77,A,9440.62,A,11934.54,A,12470.1,A,13025.31,A
BIS_MACRO,A:AFGA:IT:R1,A,Annual,AFGA,"Transferable Deposits. , NSA",IT,Italy,R1,A,All users,E,End of period,0,"TRANSFERABLE DEPOSITS, Y-END",EUR,Euro,9,Billions,759,A,758,A,828,A,902,A,1002,A,1080,A,1131,A
BIS_MACRO,A:AFGA:JP:R1,A,Annual,AFGA,"Transferable Deposits. , NSA",JP,Japan,R1,A,All users,E,End of period,0,"SIGHT DEPOSITS, DEPOSIT MONEY (IN M1), M-END, Y-END NSA",JPY,Yen,9,Billions,477149,A,506602,A,529620,A,551351,A,603934,A,645230,A,681810,A
BIS_MACRO,A:AFGA:KR:R1,A,Annual,AFGA,"Transferable Deposits. , NSA",KR,Korea,R1,A,All users,E,End of period,1,"TRANSFERABLE DEPOSITS, Y-END",KRW,Won,9,Billions,425836.8,A,462327.2,A,521384.1,A,632109.5,A,708701.6,A,753019.6,A,761857,A
BIS_MACRO,A:AFGA:MX:R1,A,Annual,AFGA,"Transferable Deposits. , NSA",MX,Mexico,R1,A,All users,E,End of period,2,"TRANSFERABLE DEPOSITS, Y-END",MXN,Mexican peso,9,Billions,1378.94,A,1527.6,A,1710.04,A,1922.67,A,2126.17,A,2333.33,A,2495.87,A
BIS_MACRO,A:AFGA:NL:R1,A,Annual,AFGA,"Transferable Deposits. , NSA",NL,Netherlands,R1,A,All users,E,End of period,2,"TRANSFERABLE DEPOSITS, Y-END",EUR,Euro,9,Billions,338.75,A,352.43,A,500.14,A,492.33,A,467.81,A,459.54,A,459.84,A
BIS_MACRO,A:AFGA:RU:R1,A,Annual,AFGA,"Transferable Deposits. , NSA",RU,Russia,R1,A,All users,A,Average of observations through period,1,DEMAND DEPOSITS AT COMMERCIAL BANKS& FORGN.REL.INSTNS(IN M1) NSA,RUB,Russian rouble,9,Billions,7264,A,8526.3,A,8170,A,9276.4,A,9927.6,A,11062.8,A,12285.1,A
BIS_MACRO,A:AFGA:SA:R1,A,Annual,AFGA,"Transferable Deposits. , NSA",SA,Saudi Arabia,R1,A,All users,E,End of period,2,"DEMAND DEPOSITS (IN M1) M-END, NSA",SAR,Saudi riyal,6,Millions,756555.35,A,860270.2,A,991384.41,A,980150.66,A,976086.2,A,1002467.75,A,1040664.95,A
BIS_MACRO,A:AFGA:SE:R1,A,Annual,AFGA,"Transferable Deposits. , NSA",SE,Sweden,R1,A,All users,E,End of period,2,"TRANSFERABLE DEPOSITS, Y-END",SEK,Swedish krona,9,Billions,1586.31,A,1746.36,A,1933.78,A,2210.78,A,2427.56,A,2636.66,A,2837.36,A
BIS_MACRO,A:AFGA:SG:R1,A,Annual,AFGA,"Transferable Deposits. , NSA",SG,Singapore,R1,A,All users,E,End of period,0,"TRANSFERABLE DEPOSITS, Y-END",SGD,Singapore dollar,6,Millions,114348,A,125746,A,128711,A,126404,A,134229,A,141360,A,139196,A
BIS_MACRO,A:AFGA:TR:R1,A,Annual,AFGA,"Transferable Deposits. , NSA",TR,Turkey,R1,A,All users,E,End of period,3,"TRANSFERABLE DEPOSITS, Y-END",TRY,Turkish lira,6,Millions,126864.863,A,163144.717,A,182900.063,A,219795.001,A,271448.066,A,332128.407,A,390618.682,A
BIS_MACRO,A:AFGA:US:R1,A,Annual,AFGA,"Transferable Deposits. , NSA",US,United States,R1,A,All users,A,Average of observations through period,1,DEMAND DEPOSITS AT COMMERCIAL BANKS& FORGN.REL.INSTNS(IN M1) NSA,USD,US dollar,9,Billions,1414,A,1550,A,1735,A,1798,A,1960,A,2124,A,2166,A
BIS_MACRO,A:AFGA:XM:R1,A,Annual,AFGA,"Transferable Deposits. , NSA",XM,Euro area,R1,A,All users,E,End of period,2,"TRANSFERABLE DEPOSITS, Y-END",EUR,Euro,9,Billions,4274.6,A,4504.71,A,4987.31,A,5582.89,A,6106.64,A,6663.07,A,7131.73,A
BIS_MACRO,A:AFGA:ZA:R1,A,Annual,AFGA,"Transferable Deposits. , NSA",ZA,South Africa,R1,A,All users,E,End of period,3,"TRANSFERABLE DEPOSITS, Y-END",ZAR,Rand,6,Millions,495991.06,A,549323.33,A,589601.79,A,657190.39,A,702821.87,A,748084.38,A,764218.85,A
BIS_MACRO,A:AFIA:CH:R1,A,Annual,AFIA,"Other items in M1. , NSA",CH,Switzerland,R1,A,All users,E,End of period,2,"CHEQUABLE ACC.DEPOS.HELD BY RESIDS(IN M1)(INCL.LIECHTENSTEIN), NSA",CHF,Swiss franc,6,Millions,138671,A,148499,A,169545,A,152239,A,134821,A,142672,A,141290,A
BIS_MACRO,A:AFIA:IN:R1,A,Annual,AFIA,"Other items in M1. , NSA",IN,India,R1,A,All users,E,End of period,2,OTHER COMPONENT OF NARROW MONEY SUPPLY,INR,Indian rupee,9,Billions,15,A,24.87,A,81.38,A,143.44,A,152.6,A,228.92,A,250.73,A
BIS_MACRO,A:AFIA:MX:R1,A,Annual,AFIA,"Other items in M1. , NSA",MX,Mexico,R1,A,All users,E,End of period,2,OTHER COMPONENT OF NARROW MONEY SUPPLY,MXN,Mexican peso,9,Billions,165.78,A,191.51,A,238.41,A,338.8,A,480.45,A,557.81,A,519.96,A
BIS_MACRO,A:AFIA:US:R1,A,Annual,AFIA,"Other items in M1. , NSA",US,United States,R1,A,All users,E,End of period,2,OTHER COMPONENT OF NARROW MONEY SUPPLY,USD,US dollar,9,Billions,3.4,A,3.7,A,2.7,A,2.7,A,1.7,A,1.7,A,1.6,A
BIS_MACRO,A:AFIA:ZA:R1,A,Annual,AFIA,"Other items in M1. , NSA",ZA,South Africa,R1,A,All users,E,End of period,2,OTHER COMPONENT OF NARROW MONEY SUPPLY,ZAR,Rand,6,Millions,458108.53,A,495701.68,A,557476.84,A,670265.01,A,796516.24,A,838450.91,A,888921.85,A
BIS_MACRO,A:BDCA:AR:01,A,Annual,BDCA,"Central bank (S121) liabilities, currency issued (derived from BDB, for Red Book use). , NSA",AR,Argentina,1,A,All users,A,Average of observations through period,3,"CURRENCY ISSUED (NOTES AND COINS), Y-END",ARS,Argentine peso,9,Billions,237.01,A,289.208,A,358.752,A,478.777,A,594.616,A,786.712,A,859.536,A
BIS_MACRO,A:BDCA:AR:11,A,Annual,BDCA,"Central bank (S121) liabilities, currency issued (derived from BDB, for Red Book use). , NSA",AR,Argentina,11,A,All users,E,End of period,3,"NOTES ISSUED, TOTAL, Y-END",ARS,Argentine peso,9,Billions,234.408,A,286.284,A,355.671,A,475.469,A,591.082,A,782.913,A,855.189,A
BIS_MACRO,A:BDCA:AR:13,A,Annual,BDCA,"Central bank (S121) liabilities, currency issued (derived from BDB, for Red Book use). , NSA",AR,Argentina,13,A,All users,E,End of period,3,"NOTES ISSUED, ARS 1000 DENOMINATION, Y-END",ARS,Argentine peso,9,Billions,,,,,,,,,0,A,19.4,A,109.1,A
BIS_MACRO,A:BDCA:AR:15,A,Annual,BDCA,"Central bank (S121) liabilities, currency issued (derived from BDB, for Red Book use). , NSA",AR,Argentina,15,A,All users,E,End of period,3,"NOTES ISSUED, ARS 500 DENOMINATION, Y-END",ARS,Argentine peso,9,Billions,,,,,,,,,126.971,A,235.75,A,316,A
BIS_MACRO,A:BDCA:AR:17,A,Annual,BDCA,"Central bank (S121) liabilities, currency issued (derived from BDB, for Red Book use). , NSA",AR,Argentina,17,A,All users,E,End of period,3,"NOTES ISSUED, ARS 200 DENOMINATION, Y-END",ARS,Argentine peso,9,Billions,,,,,,,,,3.868,A,44.22,A,66.26,A
BIS_MACRO,A:BDCA:AR:19,A,Annual,BDCA,"Central bank (S121) liabilities, currency issued (derived from BDB, for Red Book use). , NSA",AR,Argentina,19,A,All users,E,End of period,3,"NOTES ISSUED, ARS 100 DENOMINATION, Y-END",ARS,Argentine peso,9,Billions,211.094,A,261.296,A,330.933,A,442.934,A,429.817,A,458.26,A,343.2,A
BIS_MACRO,A:BDCA:AR:21,A,Annual,BDCA,"Central bank (S121) liabilities, currency issued (derived from BDB, for Red Book use). , NSA",AR,Argentina,21,A,All users,E,End of period,3,"NOTES ISSUED, ARS 50 DENOMINATION, Y-END",ARS,Argentine peso,9,Billions,16.45,A,17.771,A,16.749,A,23.259,A,20.727,A,14.635,A,10.435,A
BIS_MACRO,A:BDCA:AR:23,A,Annual,BDCA,"Central bank (S121) liabilities, currency issued (derived from BDB, for Red Book use). , NSA",AR,Argentina,23,A,All users,E,End of period,3,"NOTES ISSUED, ARS 20 DENOMINATION, Y-END",ARS,Argentine peso,9,Billions,1.189,A,1.444,A,1.605,A,1.979,A,1.798,A,1.856,A,2.062,A
BIS_MACRO,A:BDCA:AR:25,A,Annual,BDCA,"Central bank (S121) liabilities, currency issued (derived from BDB, for Red Book use). , NSA",AR,Argentina,25,A,All users,E,End of period,3,"NOTES ISSUED, ARS 10 DENOMINATION, Y-END",ARS,Argentine peso,9,Billions,3.53,A,3.271,A,3.662,A,4.322,A,4.698,A,5.299,A,5.48,A
BIS_MACRO,A:BDCA:AR:27,A,Annual,BDCA,"Central bank (S121) liabilities, currency issued (derived from BDB, for Red Book use). , NSA",AR,Argentina,27,A,All users,E,End of period,3,"NOTES ISSUED, ARS 5 DENOMINATION, Y-END",ARS,Argentine peso,9,Billions,1.331,A,1.631,A,1.792,A,2.09,A,2.349,A,2.668,A,2.652,A
BIS_MACRO,A:BDCA:AR:29,A,Annual,BDCA,"Central bank (S121) liabilities, currency issued (derived from BDB, for Red Book use). , NSA",AR,Argentina,29,A,All users,E,End of period,3,"NOTES ISSUED, ARS 2 DENOMINATION, Y-END",ARS,Argentine peso,9,Billions,0.813,A,0.871,A,0.93,A,0.885,A,0.853,A,0.825,A,0,A
BIS_MACRO,A:BDCA:AR:51,A,Annual,BDCA,"Central bank (S121) liabilities, currency issued (derived from BDB, for Red Book use). , NSA",AR,Argentina,51,A,All users,E,End of period,3,"COINS ISSUED, TOTAL, Y-END",ARS,Argentine peso,9,Billions,2.599,A,2.922,A,3.08,A,3.306,A,3.533,A,3.764,A,4.32,A
BIS_MACRO,A:BDCA:AR:53,A,Annual,BDCA,"Central bank (S121) liabilities, currency issued (derived from BDB, for Red Book use). , NSA",AR,Argentina,53,A,All users,E,End of period,3,"COINS ISSUED, ARS 5 DENOMINATION, Y-END",ARS,Argentine peso,9,Billions,0.005,A,0.005,A,0.005,A,0.005,A,0.005,A,0.005,A,0.099,A
BIS_MACRO,A:BDCA:AR:55,A,Annual,BDCA,"Central bank (S121) liabilities, currency issued (derived from BDB, for Red Book use). , NSA",AR,Argentina,55,A,All users,E,End of period,3,"COINS ISSUED, ARS 2 DENOMINATION, Y-END",ARS,Argentine peso,9,Billions,0.481,A,0.618,A,0.669,A,0.872,A,1.032,A,1.2,A,1.496,A
BIS_MACRO,A:BDCA:AR:57,A,Annual,BDCA,"Central bank (S121) liabilities, currency issued (derived from BDB, for Red Book use). , NSA",AR,Argentina,57,A,All users,E,End of period,3,"COINS ISSUED, ARS 1 DENOMINATION, Y-END",ARS,Argentine peso,9,Billions,1.165,A,1.336,A,1.441,A,1.464,A,1.531,A,1.593,A,1.76,A
BIS_MACRO,A:BDCA:AR:59,A,Annual,BDCA,"Central bank (S121) liabilities, currency issued (derived from BDB, for Red Book use). , NSA",AR,Argentina,59,A,All users,E,End of period,3,"COINS ISSUED, ARS 0.5 DENOMINATION, Y-END",ARS,Argentine peso,9,Billions,0.371,A,0.374,A,0.374,A,0.374,A,0.374,A,0.374,A,0.374,A
BIS_MACRO,A:BDCA:AR:61,A,Annual,BDCA,"Central bank (S121) liabilities, currency issued (derived from BDB, for Red Book use). , NSA",AR,Argentina,61,A,All users,E,End of period,3,"COINS ISSUED, ARS 0.25 DENOMINATION, Y-END",ARS,Argentine peso,9,Billions,0.251,A,0.252,A,0.252,A,0.252,A,0.252,A,0.252,A,0.252,A
BIS_MACRO,A:BDCA:AR:63,A,Annual,BDCA,"Central bank (S121) liabilities, currency issued (derived from BDB, for Red Book use). , NSA",AR,Argentina,63,A,All users,E,End of period,3,"COINS ISSUED, ARS 0.1 DENOMINATION, Y-END",ARS,Argentine peso,9,Billions,0.26,A,0.271,A,0.271,A,0.271,A,0.271,A,0.271,A,0.271,A
BIS_MACRO,A:BDCA:AR:65,A,Annual,BDCA,"Central bank (S121) liabilities, currency issued (derived from BDB, for Red Book use). , NSA",AR,Argentina,65,A,All users,E,End of period,3,"COINS ISSUED, ARS 0.05 DENOMINATION, Y-END",ARS,Argentine peso,9,Billions,0.062,A,0.064,A,0.064,A,0.064,A,0.064,A,0.064,A,0.064,A
BIS_MACRO,A:BDCA:AR:67,A,Annual,BDCA,"Central bank (S121) liabilities, currency issued (derived from BDB, for Red Book use). , NSA",AR,Argentina,67,A,All users,E,End of period,3,"COINS ISSUED, ARS 0.01 DENOMINATION, Y-END",ARS,Argentine peso,9,Billions,0.004,A,0.004,A,0.004,A,0.004,A,0.004,A,0.004,A,0.004,A
BIS_MACRO,A:BDCA:AU:01,A,Annual,BDCA,"Central bank (S121) liabilities, currency issued (derived from BDB, for Red Book use). , NSA",AU,Australia,1,A,All users,A,Average of observations through period,2,"CURRENCY ISSUED (NOTES AND COINS), Y-END",AUD,Australian dollar,9,Billions,62.38,A,66.54,A,70.49,A,75.66,A,79.75,A,82.21,A,85.24,A
BIS_MACRO,A:BDCA:AU:11,A,Annual,BDCA,"Central bank (S121) liabilities, currency issued (derived from BDB, for Red Book use). , NSA",AU,Australia,11,A,All users,E,End of period,2,"NOTES ISSUED, TOTAL, M-END NSA",AUD,Australian dollar,9,Billions,58.05,A,62.06,A,65.75,A,71.92,A,75.84,A,78.19,A,81.14,A
BIS_MACRO,A:BDCA:AU:13,A,Annual,BDCA,"Central bank (S121) liabilities, currency issued (derived from BDB, for Red Book use). , NSA",AU,Australia,13,A,All users,E,End of period,3,"NOTES ISSUED, AUD 100 DENOMINATION, Y-END",AUD,Australian dollar,9,Billions,24.583,A,26.836,A,29.204,A,32.447,A,34.646,A,34.672,A,36.151,A
BIS_MACRO,A:BDCA:AU:15,A,Annual,BDCA,"Central bank (S121) liabilities, currency issued (derived from BDB, for Red Book use). , NSA",AU,Australia,15,A,All users,E,End of period,3,"NOTES ISSUED, AUD 50 DENOMINATION, Y-END",AUD,Australian dollar,9,Billions,29,A,30.675,A,32.163,A,33.922,A,35.341,A,37.432,A,38.93,A
BIS_MACRO,A:BDCA:AU:17,A,Annual,BDCA,"Central bank (S121) liabilities, currency issued (derived from BDB, for Red Book use). , NSA",AU,Australia,17,A,All users,E,End of period,3,"NOTES ISSUED, AUD 20 DENOMINATION, Y-END",AUD,Australian dollar,9,Billions,3.464,A,3.515,A,3.431,A,3.439,A,3.506,A,3.581,A,3.628,A
BIS_MACRO,A:BDCA:AU:19,A,Annual,BDCA,"Central bank (S121) liabilities, currency issued (derived from BDB, for Red Book use). , NSA",AU,Australia,19,A,All users,E,End of period,3,"NOTES ISSUED, AUD 10 DENOMINATION, Y-END",AUD,Australian dollar,9,Billions,1.133,A,1.164,A,1.203,A,1.236,A,1.289,A,1.429,A,1.393,A
BIS_MACRO,A:BDCA:AU:21,A,Annual,BDCA,"Central bank (S121) liabilities, currency issued (derived from BDB, for Red Book use). , NSA",AU,Australia,21,A,All users,E,End of period,3,"NOTES ISSUED, AUD 5 DENOMINATION, Y-END",AUD,Australian dollar,9,Billions,0.801,A,0.828,A,0.854,A,0.879,A,1.058,A,1.08,A,1.037,A
BIS_MACRO,A:BDCA:AU:51,A,Annual,BDCA,"Central bank (S121) liabilities, currency issued (derived from BDB, for Red Book use). , NSA",AU,Australia,51,A,All users,E,End of period,3,"COINS ISSUED, TOTAL, Y-END",AUD,Australian dollar,9,Billions,3.398,A,3.527,A,3.634,A,3.735,A,3.912,A,4.015,A,4.1,A
BIS_MACRO,A:BDCA:AU:53,A,Annual,BDCA,"Central bank (S121) liabilities, currency issued (derived from BDB, for Red Book use). , NSA",AU,Australia,53,A,All users,E,End of period,3,"COINS ISSUED, AUD 2.0 DENOMINATION, Y-END",AUD,Australian dollar,9,Billions,1.439,A,1.514,A,1.576,A,1.644,A,1.659,A,1.72,A,1.772,A
BIS_MACRO,A:BDCA:AU:55,A,Annual,BDCA,"Central bank (S121) liabilities, currency issued (derived from BDB, for Red Book use). , NSA",AU,Australia,55,A,All users,E,End of period,3,"COINS ISSUED, AUD 1.0 DENOMINATION, Y-END",AUD,Australian dollar,9,Billions,0.767,A,0.79,A,0.811,A,0.838,A,0.924,A,0.947,A,0.965,A
BIS_MACRO,A:BDCA:AU:57,A,Annual,BDCA,"Central bank (S121) liabilities, currency issued (derived from BDB, for Red Book use). , NSA",AU,Australia,57,A,All users,E,End of period,3,"COINS ISSUED, AUD 0.5 DENOMINATION, Y-END",AUD,Australian dollar,9,Billions,0.431,A,0.442,A,0.449,A,0.449,A,0.495,A,0.502,A,0.507,A
BIS_MACRO,A:BDCA:AU:59,A,Annual,BDCA,"Central bank (S121) liabilities, currency issued (derived from BDB, for Red Book use). , NSA",AU,Australia,59,A,All users,E,End of period,3,"COINS ISSUED, AUD 0.2 DENOMINATION, Y-END",AUD,Australian dollar,9,Billions,0.332,A,0.342,A,0.351,A,0.351,A,0.381,A,0.387,A,0.394,A
BIS_MACRO,A:BDCA:AU:61,A,Annual,BDCA,"Central bank (S121) liabilities, currency issued (derived from BDB, for Red Book use). , NSA",AU,Australia,61,A,All users,E,End of period,3,"COINS ISSUED, AUD 0.1 DENOMINATION, Y-END",AUD,Australian dollar,9,Billions,0.219,A,0.225,A,0.229,A,0.234,A,0.235,A,0.238,A,0.24,A
BIS_MACRO,A:BDCA:AU:63,A,Annual,BDCA,"Central bank (S121) liabilities, currency issued (derived from BDB, for Red Book use). , NSA",AU,Australia,63,A,All users,E,End of period,3,"COINS ISSUED, AUD 0.05 DENOMINATION, Y-END",AUD,Australian dollar,9,Billions,0.21,A,0.214,A,0.217,A,0.219,A,0.22,A,0.222,A,0.223,A
BIS_MACRO,A:BDCA:BR:01,A,Annual,BDCA,"Central bank (S121) liabilities, currency issued (derived from BDB, for Red Book use). , NSA",BR,Brazil,1,A,All users,E,End of period,3,"CURRENCY ISSUED (NOTES AND COINS), Y-END",BRL,Brazilian real,9,Billions,187.435,A,204.052,A,220.854,A,225.485,A,232.146,A,250.364,A,264.968,A
BIS_MACRO,A:BDCA:BR:11,A,Annual,BDCA,"Central bank (S121) liabilities, currency issued (derived from BDB, for Red Book use). , NSA",BR,Brazil,11,A,All users,E,End of period,3,"NOTES ISSUED, TOTAL, Y-END",BRL,Brazilian real,9,Billions,182.61,A,198.693,A,215.163,A,219.526,A,225.941,A,243.861,A,258.179,A
BIS_MACRO,A:BDCA:BR:13,A,Annual,BDCA,"Central bank (S121) liabilities, currency issued (derived from BDB, for Red Book use). , NSA",BR,Brazil,13,A,All users,E,End of period,3,"NOTES ISSUED, BRL 100 DENOMINATION, Y-END",BRL,Brazilian real,9,Billions,61.543,A,68.794,A,79.628,A,84.606,A,89.561,A,104.884,A,122.342,A
BIS_MACRO,A:BDCA:BR:15,A,Annual,BDCA,"Central bank (S121) liabilities, currency issued (derived from BDB, for Red Book use). , NSA",BR,Brazil,15,A,All users,E,End of period,3,"NOTES ISSUED, BRL 50 DENOMINATION, Y-END",BRL,Brazilian real,9,Billions,92.622,A,101.303,A,107.226,A,108.18,A,110.585,A,112.711,A,109.834,A
BIS_MACRO,A:BDCA:BR:17,A,Annual,BDCA,"Central bank (S121) liabilities, currency issued (derived from BDB, for Red Book use). , NSA",BR,Brazil,17,A,All users,E,End of period,3,"NOTES ISSUED, BRL 20 DENOMINATION, Y-END",BRL,Brazilian real,9,Billions,16.891,A,16.322,A,15.819,A,14.826,A,14.322,A,14.245,A,14.266,A
BIS_MACRO,A:BDCA:BR:19,A,Annual,BDCA,"Central bank (S121) liabilities, currency issued (derived from BDB, for Red Book use). , NSA",BR,Brazil,19,A,All users,E,End of period,3,"NOTES ISSUED, BRL 10 DENOMINATION, Y-END",BRL,Brazilian real,9,Billions,7.223,A,7.308,A,7.189,A,6.837,A,6.441,A,6.49,A,6.09,A
BIS_MACRO,A:BDCA:BR:21,A,Annual,BDCA,"Central bank (S121) liabilities, currency issued (derived from BDB, for Red Book use). , NSA",BR,Brazil,21,A,All users,E,End of period,3,"NOTES ISSUED, BRL 5 DENOMINATION, Y-END",BRL,Brazilian real,9,Billions,2.354,A,2.74,A,2.943,A,2.683,A,2.569,A,2.838,A,2.88,A
BIS_MACRO,A:BDCA:BR:23,A,Annual,BDCA,"Central bank (S121) liabilities, currency issued (derived from BDB, for Red Book use). , NSA",BR,Brazil,23,A,All users,E,End of period,3,"NOTES ISSUED, BRL 2 DENOMINATION, Y-END",BRL,Brazilian real,9,Billions,1.827,A,2.077,A,2.209,A,2.245,A,2.314,A,2.544,A,2.617,A
BIS_MACRO,A:BDCA:BR:25,A,Annual,BDCA,"Central bank (S121) liabilities, currency issued (derived from BDB, for Red Book use). , NSA",BR,Brazil,25,A,All users,E,End of period,3,"NOTES ISSUED, BRL 1 DENOMINATION, Y-END",BRL,Brazilian real,9,Billions,0.15,A,0.149,A,0.149,A,0.149,A,0.149,A,0.149,A,0.149,A
BIS_MACRO,A:BDCA:BR:51,A,Annual,BDCA,"Central bank (S121) liabilities, currency issued (derived from BDB, for Red Book use). , NSA",BR,Brazil,51,A,All users,E,End of period,3,"COINS ISSUED, TOTAL, Y-END",BRL,Brazilian real,9,Billions,4.824,A,5.647,A,5.978,A,5.959,A,6.205,A,6.504,A,6.789,A
BIS_MACRO,A:BDCA:BR:53,A,Annual,BDCA,"Central bank (S121) liabilities, currency issued (derived from BDB, for Red Book use). , NSA",BR,Brazil,53,A,All users,E,End of period,3,"COINS ISSUED, BRL 1.00 DENOMINATION, Y-END",BRL,Brazilian real,9,Billions,2.355,A,2.642,A,2.821,A,2.997,A,3.151,A,3.306,A,3.475,A
BIS_MACRO,A:BDCA:BR:55,A,Annual,BDCA,"Central bank (S121) liabilities, currency issued (derived from BDB, for Red Book use). , NSA",BR,Brazil,55,A,All users,E,End of period,3,"COINS ISSUED, BRL 0.50 DENOMINATION, Y-END",BRL,Brazilian real,9,Billions,1.068,A,1.178,A,1.256,A,1.3,A,1.343,A,1.425,A,1.487,A
BIS_MACRO,A:BDCA:BR:57,A,Annual,BDCA,"Central bank (S121) liabilities, currency issued (derived from BDB, for Red Book use). , NSA",BR,Brazil,57,A,All users,E,End of period,3,"COINS ISSUED, BRL 0.25 DENOMINATION, Y-END",BRL,Brazilian real,9,Billions,0.576,A,0.641,A,0.675,A,0.696,A,0.712,A,0.741,A,0.764,A
BIS_MACRO,A:BDCA:BR:59,A,Annual,BDCA,"Central bank (S121) liabilities, currency issued (derived from BDB, for Red Book use). , NSA",BR,Brazil,59,A,All users,E,End of period,3,"COINS ISSUED, BRL 0.10 DENOMINATION, Y-END",BRL,Brazilian real,9,Billions,0.543,A,0.594,A,0.62,A,0.637,A,0.656,A,0.675,A,0.697,A
BIS_MACRO,A:BDCA:BR:61,A,Annual,BDCA,"Central bank (S121) liabilities, currency issued (derived from BDB, for Red Book use). , NSA",BR,Brazil,61,A,All users,E,End of period,3,"COINS ISSUED, BRL 0.05 DENOMINATION, Y-END",BRL,Brazilian real,9,Billions,0.25,A,0.271,A,0.286,A,0.294,A,0.308,A,0.321,A,0.331,A
BIS_MACRO,A:BDCA:BR:63,A,Annual,BDCA,"Central bank (S121) liabilities, currency issued (derived from BDB, for Red Book use). , NSA",BR,Brazil,63,A,All users,E,End of period,3,"COINS ISSUED, BRL 0.01 DENOMINATION, Y-END",BRL,Brazilian real,9,Billions,0.032,A,0.032,A,0.032,A,0.032,A,0.032,A,0.032,A,0.032,A
BIS_MACRO,A:BDCA:CA:01,A,Annual,BDCA,"Central bank (S121) liabilities, currency issued (derived from BDB, for Red Book use). , NSA",CA,Canada,1,A,All users,E,End of period,2,"CURRENCY ISSUED (NOTES AND COINS), Y-END",CAD,Canadian dollar,9,Billions,69.24,A,72.24,A,75.76,A,81.36,A,86.47,A,92.01,A,96.48,A
BIS_MACRO,A:BDCA:CA:11,A,Annual,BDCA,"Central bank (S121) liabilities, currency issued (derived from BDB, for Red Book use). , NSA",CA,Canada,11,A,All users,E,End of period,2,"CURRENCY ISSUED BY CENTRAL BANK, TOTAL, M-END, Y-END NSA",CAD,Canadian dollar,9,Billions,63.7,A,66.62,A,70.02,A,75.5,A,80.48,A,85.86,A,90.19,A
BIS_MACRO,A:BDCA:CA:13,A,Annual,BDCA,"Central bank (S121) liabilities, currency issued (derived from BDB, for Red Book use). , NSA",CA,Canada,13,A,All users,E,End of period,2,"NOTES ISSUED, CAD 1000, Y-END",CAD,Canadian dollar,9,Billions,0.9,A,0.86,A,0.82,A,0.79,A,0.77,A,0.74,A,0.67,A
BIS_MACRO,A:BDCA:CA:15,A,Annual,BDCA,"Central bank (S121) liabilities, currency issued (derived from BDB, for Red Book use). , NSA",CA,Canada,15,A,All users,E,End of period,2,"NOTES ISSUED, CAD 100, Y-END",CAD,Canadian dollar,9,Billions,32.74,A,35.04,A,37.32,A,41.03,A,44.18,A,47.1,A,50.11,A
BIS_MACRO,A:BDCA:CA:17,A,Annual,BDCA,"Central bank (S121) liabilities, currency issued (derived from BDB, for Red Book use). , NSA",CA,Canada,17,A,All users,E,End of period,2,"NOTES ISSUED, CAD 50, Y-END",CAD,Canadian dollar,9,Billions,10.14,A,10.74,A,11.23,A,12.02,A,13.08,A,14.85,A,16.41,A
BIS_MACRO,A:BDCA:CA:19,A,Annual,BDCA,"Central bank (S121) liabilities, currency issued (derived from BDB, for Red Book use). , NSA",CA,Canada,19,A,All users,E,End of period,2,"NOTES ISSUED, CAD 20, Y-END",CAD,Canadian dollar,9,Billions,17.2,A,17.23,A,17.8,A,18.73,A,19.46,A,19.95,A,19.57,A
BIS_MACRO,A:BDCA:CA:21,A,Annual,BDCA,"Central bank (S121) liabilities, currency issued (derived from BDB, for Red Book use). , NSA",CA,Canada,21,A,All users,E,End of period,2,"NOTES ISSUED, CAD 10, Y-END",CAD,Canadian dollar,9,Billions,1.2,A,1.26,A,1.28,A,1.32,A,1.36,A,1.5,A,1.63,A
BIS_MACRO,A:BDCA:CA:23,A,Annual,BDCA,"Central bank (S121) liabilities, currency issued (derived from BDB, for Red Book use). , NSA",CA,Canada,23,A,All users,E,End of period,2,"NOTES ISSUED, CAD 5, Y-END",CAD,Canadian dollar,9,Billions,1.13,A,1.1,A,1.19,A,1.23,A,1.27,A,1.35,A,1.43,A
BIS_MACRO,A:BDCA:CA:25,A,Annual,BDCA,"Central bank (S121) liabilities, currency issued (derived from BDB, for Red Book use). , NSA",CA,Canada,25,A,All users,E,End of period,2,"NOTES ISSUED, CAD 2, Y-END",CAD,Canadian dollar,9,Billions,0.21,A,0.21,A,0.21,A,0.21,A,0.21,A,0.21,A,0.21,A
BIS_MACRO,A:BDCA:CA:27,A,Annual,BDCA,"Central bank (S121) liabilities, currency issued (derived from BDB, for Red Book use). , NSA",CA,Canada,27,A,All users,E,End of period,2,"NOTES ISSUED, CAD 1, Y-END",CAD,Canadian dollar,9,Billions,0.15,A,0.15,A,0.15,A,0.15,A,0.15,A,0.15,A,0.15,A
BIS_MACRO,A:BDCA:CA:51,A,Annual,BDCA,"Central bank (S121) liabilities, currency issued (derived from BDB, for Red Book use). , NSA",CA,Canada,51,A,All users,E,End of period,2,"COINS ISSUED, TOTAL, Y-END",CAD,Canadian dollar,9,Billions,5.54,A,5.63,A,5.73,A,5.86,A,5.99,A,6.15,A,6.29,A
BIS_MACRO,A:BDCA:CH:01,A,Annual,BDCA,"Central bank (S121) liabilities, currency issued (derived from BDB, for Red Book use). , NSA",CH,Switzerland,1,A,All users,E,End of period,2,"CURRENCY ISSUED (NOTES AND COINS), Y-END",CHF,Swiss franc,6,Millions,64703.93,A,68720.85,A,70606.56,A,75943.33,A,81179,A,84780.88,A,85421.81,A
BIS_MACRO,A:BDCA:CH:11,A,Annual,BDCA,"Central bank (S121) liabilities, currency issued (derived from BDB, for Red Book use). , NSA",CH,Switzerland,11,A,All users,E,End of period,2,"NOTES ISSUED, TOTAL, Y-END",CHF,Swiss franc,6,Millions,61801.38,A,65766.36,A,67595.81,A,72881.89,A,78084.37,A,81638.89,A,82238.83,A
BIS_MACRO,A:BDCA:CH:13,A,Annual,BDCA,"Central bank (S121) liabilities, currency issued (derived from BDB, for Red Book use). , NSA",CH,Switzerland,13,A,All users,E,End of period,2,"NOTES ISSUED, CHF 1000, Y-END",CHF,Swiss franc,6,Millions,37420.8,A,40033.91,A,40536.11,A,45213.28,A,48259.1,A,49522.39,A,48621.86,A
BIS_MACRO,A:BDCA:CH:15,A,Annual,BDCA,"Central bank (S121) liabilities, currency issued (derived from BDB, for Red Book use). , NSA",CH,Switzerland,15,A,All users,E,End of period,2,"NOTES ISSUED, CHF 500, Y-END",CHF,Swiss franc,6,Millions,115.4,A,111.77,A,108.38,A,104.79,A,102.61,A,99.89,A,97.67,A
BIS_MACRO,A:BDCA:CH:17,A,Annual,BDCA,"Central bank (S121) liabilities, currency issued (derived from BDB, for Red Book use). , NSA",CH,Switzerland,17,A,All users,E,End of period,2,"NOTES ISSUED, CHF 200, Y-END",CHF,Swiss franc,6,Millions,8839.88,A,9526.92,A,10152.68,A,10428.91,A,11432.52,A,12236.19,A,13194.74,A
BIS_MACRO,A:BDCA:CH:19,A,Annual,BDCA,"Central bank (S121) liabilities, currency issued (derived from BDB, for Red Book use). , NSA",CH,Switzerland,19,A,All users,E,End of period,2,"NOTES ISSUED, CHF 100, Y-END",CHF,Swiss franc,6,Millions,10635.83,A,11210.02,A,11750.49,A,12076.75,A,12938.52,A,13969.65,A,14203.42,A
BIS_MACRO,A:BDCA:CH:21,A,Annual,BDCA,"Central bank (S121) liabilities, currency issued (derived from BDB, for Red Book use). , NSA",CH,Switzerland,21,A,All users,E,End of period,2,"NOTES ISSUED, CHF 50, Y-END",CHF,Swiss franc,6,Millions,2427.37,A,2488.3,A,2587.63,A,2582.6,A,2851,A,3200.63,A,3460.36,A
BIS_MACRO,A:BDCA:CH:23,A,Annual,BDCA,"Central bank (S121) liabilities, currency issued (derived from BDB, for Red Book use). , NSA",CH,Switzerland,23,A,All users,E,End of period,2,"NOTES ISSUED, CHF 20, Y-END",CHF,Swiss franc,6,Millions,1643.58,A,1666.39,A,1714.86,A,1721.76,A,1734.99,A,1818.45,A,1867.13,A
BIS_MACRO,A:BDCA:CH:25,A,Annual,BDCA,"Central bank (S121) liabilities, currency issued (derived from BDB, for Red Book use). , NSA",CH,Switzerland,25,A,All users,E,End of period,2,"NOTES ISSUED, CHF 10, Y-END",CHF,Swiss franc,6,Millions,718.63,A,729.17,A,745.76,A,753.93,A,765.75,A,791.81,A,793.78,A
BIS_MACRO,A:BDCA:CH:51,A,Annual,BDCA,"Central bank (S121) liabilities, currency issued (derived from BDB, for Red Book use). , NSA",CH,Switzerland,51,A,All users,E,End of period,2,"COINS ISSUED, TOTAL, Y-END",CHF,Swiss franc,6,Millions,2902.56,A,2954.49,A,3010.75,A,3061.44,A,3094.62,A,3141.99,A,3182.98,A
BIS_MACRO,A:BDCA:CH:53,A,Annual,BDCA,"Central bank (S121) liabilities, currency issued (derived from BDB, for Red Book use). , NSA",CH,Switzerland,53,A,All users,E,End of period,2,"COINS ISSUED, CHF 5, Y-END",CHF,Swiss franc,6,Millions,942.84,A,959.22,A,976.84,A,990.84,A,1000.6,A,1014.91,A,1027.5,A
BIS_MACRO,A:BDCA:CH:55,A,Annual,BDCA,"Central bank (S121) liabilities, currency issued (derived from BDB, for Red Book use). , NSA",CH,Switzerland,55,A,All users,E,End of period,2,"COINS ISSUED, CHF 2, Y-END",CHF,Swiss franc,6,Millions,658.35,A,671.39,A,686.36,A,699.46,A,708.73,A,721.22,A,734.29,A
BIS_MACRO,A:BDCA:CH:57,A,Annual,BDCA,"Central bank (S121) liabilities, currency issued (derived from BDB, for Red Book use). , NSA",CH,Switzerland,57,A,All users,E,End of period,2,"COINS ISSUED, CHF 1, Y-END",CHF,Swiss franc,6,Millions,439.9,A,447.46,A,457.33,A,466.16,A,471.55,A,480.54,A,486.84,A
BIS_MACRO,A:BDCA:CH:59,A,Annual,BDCA,"Central bank (S121) liabilities, currency issued (derived from BDB, for Red Book use). , NSA",CH,Switzerland,59,A,All users,E,End of period,2,"COINS ISSUED, CHF 0.50, Y-END",CHF,Swiss franc,6,Millions,390.34,A,397.96,A,406.07,A,414.17,A,418.85,A,424.34,A,429,A
BIS_MACRO,A:BDCA:CH:61,A,Annual,BDCA,"Central bank (S121) liabilities, currency issued (derived from BDB, for Red Book use). , NSA",CH,Switzerland,61,A,All users,E,End of period,2,"COINS ISSUED, CHF 0.20, Y-END",CHF,Swiss franc,6,Millions,202.06,A,205.65,A,208.64,A,212.77,A,215.04,A,218.93,A,221.57,A
BIS_MACRO,A:BDCA:CH:63,A,Annual,BDCA,"Central bank (S121) liabilities, currency issued (derived from BDB, for Red Book use). , NSA",CH,Switzerland,63,A,All users,E,End of period,2,"COINS ISSUED, CHF 0.10, Y-END",CHF,Swiss franc,6,Millions,107.24,A,109.27,A,111.02,A,112.48,A,113.55,A,115.34,A,116.71,A
BIS_MACRO,A:BDCA:CH:65,A,Annual,BDCA,"Central bank (S121) liabilities, currency issued (derived from BDB, for Red Book use). , NSA",CH,Switzerland,65,A,All users,E,End of period,2,"COINS ISSUED, CHF 0.05, Y-END",CHF,Swiss franc,6,Millions,51.39,A,53.86,A,55.52,A,57.44,A,58.9,A,60.61,A,62.17,A
BIS_MACRO,A:BDCA:CH:67,A,Annual,BDCA,"Central bank (S121) liabilities, currency issued (derived from BDB, for Red Book use). , NSA",CH,Switzerland,67,A,All users,E,End of period,2,"COINS ISSUED, CHF 0.01, Y-END",CHF,Swiss franc,6,Millions,2.41,A,2.41,A,2.41,A,2.41,A,2.41,A,2.41,A,2.4,A
BIS_MACRO,A:BDCA:CN:01,A,Annual,BDCA,"Central bank (S121) liabilities, currency issued (derived from BDB, for Red Book use). , NSA",CN,China,1,A,All users,E,End of period,2,"CURRENCY ISSUED (NOTES AND COINS), Y-END",CNY,Renminbi,9,Billions,6064.6,A,6498.09,A,6715.13,A,6988.59,A,7488.44,A,7707.36,A,7914.55,A
BIS_MACRO,A:BDCA:CN:11,A,Annual,BDCA,"Central bank (S121) liabilities, currency issued (derived from BDB, for Red Book use). , NSA",CN,China,11,A,All users,E,End of period,3,"NOTES ISSUED, TOTAL, Y-END",CNY,Renminbi,9,Billions,,M,,M,,M,,M,,M,,,,
BIS_MACRO,A:BDCA:CN:13,A,Annual,BDCA,"Central bank (S121) liabilities, currency issued (derived from BDB, for Red Book use). , NSA",CN,China,13,A,All users,E,End of period,3,"NOTES ISSUED, CNY 100 DENOMINATION, Y-END",CNY,Renminbi,9,Billions,,M,,M,,M,,M,,M,,,,
BIS_MACRO,A:BDCA:CN:15,A,Annual,BDCA,"Central bank (S121) liabilities, currency issued (derived from BDB, for Red Book use). , NSA",CN,China,15,A,All users,E,End of period,3,"NOTES ISSUED, CNY 50 DENOMINATION, Y-END",CNY,Renminbi,9,Billions,,M,,M,,M,,M,,M,,,,
BIS_MACRO,A:BDCA:CN:17,A,Annual,BDCA,"Central bank (S121) liabilities, currency issued (derived from BDB, for Red Book use). , NSA",CN,China,17,A,All users,E,End of period,3,"NOTES ISSUED, CNY 20 DENOMINATION, Y-END",CNY,Renminbi,9,Billions,,M,,M,,M,,M,,M,,,,
BIS_MACRO,A:BDCA:CN:19,A,Annual,BDCA,"Central bank (S121) liabilities, currency issued (derived from BDB, for Red Book use). , NSA",CN,China,19,A,All users,E,End of period,3,"NOTES ISSUED, CNY 10 DENOMINATION, Y-END",CNY,Renminbi,9,Billions,,M,,M,,M,,M,,M,,,,
BIS_MACRO,A:BDCA:CN:21,A,Annual,BDCA,"Central bank (S121) liabilities, currency issued (derived from BDB, for Red Book use). , NSA",CN,China,21,A,All users,E,End of period,3,"NOTES ISSUED, CNY 5 DENOMINATION, Y-END",CNY,Renminbi,9,Billions,,M,,M,,M,,M,,M,,,,
BIS_MACRO,A:BDCA:CN:23,A,Annual,BDCA,"Central bank (S121) liabilities, currency issued (derived from BDB, for Red Book use). , NSA",CN,China,23,A,All users,E,End of period,3,"NOTES ISSUED, CNY 2 DENOMINATION, Y-END",CNY,Renminbi,9,Billions,,M,,M,,M,,M,,M,,,,
BIS_MACRO,A:BDCA:CN:25,A,Annual,BDCA,"Central bank (S121) liabilities, currency issued (derived from BDB, for Red Book use). , NSA",CN,China,25,A,All users,E,End of period,3,"NOTES ISSUED, CNY 1 DENOMINATION, Y-END",CNY,Renminbi,9,Billions,,M,,M,,M,,M,,M,,,,
BIS_MACRO,A:BDCA:CN:27,A,Annual,BDCA,"Central bank (S121) liabilities, currency issued (derived from BDB, for Red Book use). , NSA",CN,China,27,A,All users,E,End of period,3,"NOTES ISSUED, CNY 0.5 DENOMINATION, Y-END",CNY,Renminbi,9,Billions,,M,,M,,M,,M,,M,,,,
BIS_MACRO,A:BDCA:CN:29,A,Annual,BDCA,"Central bank (S121) liabilities, currency issued (derived from BDB, for Red Book use). , NSA",CN,China,29,A,All users,E,End of period,3,"NOTES ISSUED, CNY 0.2 DENOMINATION, Y-END",CNY,Renminbi,9,Billions,,M,,M,,M,,M,,M,,,,
BIS_MACRO,A:BDCA:CN:51,A,Annual,BDCA,"Central bank (S121) liabilities, currency issued (derived from BDB, for Red Book use). , NSA",CN,China,51,A,All users,E,End of period,3,"COINS ISSUED, TOTAL, Y-END",CNY,Renminbi,9,Billions,,M,,M,,M,,M,,M,,,,
BIS_MACRO,A:BDCA:CN:53,A,Annual,BDCA,"Central bank (S121) liabilities, currency issued (derived from BDB, for Red Book use). , NSA",CN,China,53,A,All users,E,End of period,3,"COINS ISSUED, CNY 1.00 DENOMINATION, Y-END",CNY,Renminbi,9,Billions,,M,,M,,M,,M,,M,,,,
BIS_MACRO,A:BDCA:CN:55,A,Annual,BDCA,"Central bank (S121) liabilities, currency issued (derived from BDB, for Red Book use). , NSA",CN,China,55,A,All users,E,End of period,3,"COINS ISSUED, CNY 0.50 DENOMINATION, Y-END",CNY,Renminbi,9,Billions,,M,,M,,M,,M,,M,,,,
BIS_MACRO,A:BDCA:CN:57,A,Annual,BDCA,"Central bank (S121) liabilities, currency issued (derived from BDB, for Red Book use). , NSA",CN,China,57,A,All users,E,End of period,3,"COINS ISSUED, CNY 0.10 DENOMINATION, Y-END",CNY,Renminbi,9,Billions,,M,,M,,M,,M,,M,,,,
BIS_MACRO,A:BDCA:CN:59,A,Annual,BDCA,"Central bank (S121) liabilities, currency issued (derived from BDB, for Red Book use). , NSA",CN,China,59,A,All users,E,End of period,3,"COINS ISSUED, CNY 0.05 DENOMINATION, Y-END",CNY,Renminbi,9,Billions,,M,,M,,M,,M,,M,,,,
BIS_MACRO,A:BDCA:CN:61,A,Annual,BDCA,"Central bank (S121) liabilities, currency issued (derived from BDB, for Red Book use). , NSA",CN,China,61,A,All users,E,End of period,3,"COINS ISSUED, CNY 0.02 DENOMINATION, Y-END",CNY,Renminbi,9,Billions,,M,,M,,M,,M,,M,,,,
BIS_MACRO,A:BDCA:CN:63,A,Annual,BDCA,"Central bank (S121) liabilities, currency issued (derived from BDB, for Red Book use). , NSA",CN,China,63,A,All users,E,End of period,3,"COINS ISSUED, CNY 0.01 DENOMINATION, Y-END",CNY,Renminbi,9,Billions,,M,,M,,M,,M,,M,,,,
BIS_MACRO,A:BDCA:GB:01,A,Annual,BDCA,"Central bank (S121) liabilities, currency issued (derived from BDB, for Red Book use). , NSA",GB,United Kingdom,1,A,All users,E,End of period,2,"CURRENCY ISSUED (NOTES AND COINS), Y-END",GBP,Pound (sterling),9,Billions,60.4,A,62.08,A,65.81,A,69.5,A,68.12,A,73.03,A,73.53,A
BIS_MACRO,A:BDCA:GB:11,A,Annual,BDCA,"Central bank (S121) liabilities, currency issued (derived from BDB, for Red Book use). , NSA",GB,United Kingdom,11,A,All users,E,End of period,2,"NOTES ISSUED, TOTAL, Y-END",GBP,Pound (sterling),9,Billions,56.49,A,58.07,A,61.61,A,65.12,A,63.61,A,68.88,A,68.9,A
BIS_MACRO,A:BDCA:GB:13,A,Annual,BDCA,"Central bank (S121) liabilities, currency issued (derived from BDB, for Red Book use). , NSA",GB,United Kingdom,13,A,All users,E,End of period,2,"NOTES ISSUED, GBP 50, Y-END",GBP,Pound (sterling),9,Billions,10.31,A,11.22,A,11.73,A,12.98,A,13.16,A,15.6,A,16.51,A
BIS_MACRO,A:BDCA:GB:15,A,Annual,BDCA,"Central bank (S121) liabilities, currency issued (derived from BDB, for Red Book use). , NSA",GB,United Kingdom,15,A,All users,E,End of period,2,"NOTES ISSUED, GBP 20, Y-END",GBP,Pound (sterling),9,Billions,36.55,A,37.63,A,40.28,A,42.12,A,41.04,A,43.36,A,42.69,A
BIS_MACRO,A:BDCA:GB:17,A,Annual,BDCA,"Central bank (S121) liabilities, currency issued (derived from BDB, for Red Book use). , NSA",GB,United Kingdom,17,A,All users,E,End of period,2,"NOTES ISSUED, GBP 10, Y-END",GBP,Pound (sterling),9,Billions,7.99,A,7.6,A,7.91,A,8.3,A,7.77,A,8.01,A,7.79,A
BIS_MACRO,A:BDCA:GB:19,A,Annual,BDCA,"Central bank (S121) liabilities, currency issued (derived from BDB, for Red Book use). , NSA",GB,United Kingdom,19,A,All users,E,End of period,2,"NOTES ISSUED, GBP 5, Y-END",GBP,Pound (sterling),9,Billions,1.63,A,1.62,A,1.68,A,1.72,A,1.65,A,1.91,A,1.91,A
BIS_MACRO,A:BDCA:GB:51,A,Annual,BDCA,"Central bank (S121) liabilities, currency issued (derived from BDB, for Red Book use). , NSA",GB,United Kingdom,51,A,All users,E,End of period,2,"COINS ISSUED, TOTAL, Y-END",GBP,Pound (sterling),9,Billions,3.91,A,4.01,A,4.2,A,4.38,A,4.51,A,4.15,A,4.63,A
BIS_MACRO,A:BDCA:GB:53,A,Annual,BDCA,"Central bank (S121) liabilities, currency issued (derived from BDB, for Red Book use). , NSA",GB,United Kingdom,53,A,All users,E,End of period,2,"COINS ISSUED, GBP 2, Y-END",GBP,Pound (sterling),9,Billions,0.79,A,0.83,A,0.9,A,0.96,A,1.01,A,0.95,A,0.99,A
BIS_MACRO,A:BDCA:GB:55,A,Annual,BDCA,"Central bank (S121) liabilities, currency issued (derived from BDB, for Red Book use). , NSA",GB,United Kingdom,55,A,All users,E,End of period,2,"COINS ISSUED, GBP 1, Y-END",GBP,Pound (sterling),9,Billions,1.53,A,1.55,A,1.62,A,1.67,A,1.71,A,1.48,A,1.86,A
BIS_MACRO,A:BDCA:GB:57,A,Annual,BDCA,"Central bank (S121) liabilities, currency issued (derived from BDB, for Red Book use). , NSA",GB,United Kingdom,57,A,All users,E,End of period,2,"COINS ISSUED, GBP 0.50, Y-END",GBP,Pound (sterling),9,Billions,0.46,A,0.47,A,0.5,A,0.53,A,0.54,A,0.53,A,0.58,A
BIS_MACRO,A:BDCA:GB:59,A,Annual,BDCA,"Central bank (S121) liabilities, currency issued (derived from BDB, for Red Book use). , NSA",GB,United Kingdom,59,A,All users,E,End of period,2,"COINS ISSUED, GBP 0.20, Y-END",GBP,Pound (sterling),9,Billions,0.54,A,0.55,A,0.58,A,0.6,A,0.62,A,0.59,A,0.61,A
BIS_MACRO,A:BDCA:GB:61,A,Annual,BDCA,"Central bank (S121) liabilities, currency issued (derived from BDB, for Red Book use). , NSA",GB,United Kingdom,61,A,All users,E,End of period,2,"COINS ISSUED, GBP 0.10, Y-END",GBP,Pound (sterling),9,Billions,0.16,A,0.16,A,0.17,A,0.17,A,0.17,A,0.17,A,0.16,A
BIS_MACRO,A:BDCA:GB:63,A,Annual,BDCA,"Central bank (S121) liabilities, currency issued (derived from BDB, for Red Book use). , NSA",GB,United Kingdom,63,A,All users,E,End of period,2,"COINS ISSUED, GBP 0.05, Y-END",GBP,Pound (sterling),9,Billions,0.19,A,0.19,A,0.2,A,0.2,A,0.21,A,0.2,A,0.19,A
BIS_MACRO,A:BDCA:GB:65,A,Annual,BDCA,"Central bank (S121) liabilities, currency issued (derived from BDB, for Red Book use). , NSA",GB,United Kingdom,65,A,All users,E,End of period,2,"COINS ISSUED, GBP 0.02, Y-END",GBP,Pound (sterling),9,Billions,0.13,A,0.13,A,0.13,A,0.13,A,0.13,A,0.13,A,0.13,A
BIS_MACRO,A:BDCA:GB:67,A,Annual,BDCA,"Central bank (S121) liabilities, currency issued (derived from BDB, for Red Book use). , NSA",GB,United Kingdom,67,A,All users,E,End of period,2,"COINS ISSUED, GBP 0.01, Y-END",GBP,Pound (sterling),9,Billions,0.11,A,0.11,A,0.11,A,0.11,A,0.11,A,0.11,A,0.11,A
BIS_MACRO,A:BDCA:HK:01,A,Annual,BDCA,"Central bank (S121) liabilities, currency issued (derived from BDB, for Red Book use). , NSA",HK,Hong Kong SAR,1,A,All users,E,End of period,0,"CURRENCY ISSUED (NOTES AND COINS), Y-END",HKD,Hong Kong dollar,6,Millions,301925,A,340216,A,353510,A,371826,A,414052,A,460426,A,496690,A
BIS_MACRO,A:BDCA:HK:11,A,Annual,BDCA,"Central bank (S121) liabilities, currency issued (derived from BDB, for Red Book use). , NSA",HK,Hong Kong SAR,11,A,All users,E,End of period,0,"NOTES ISSUED, TOTAL, Y-END",HKD,Hong Kong dollar,6,Millions,295177,A,333132,A,346111,A,364203,A,412162,A,459992,A,488316,A
BIS_MACRO,A:BDCA:HK:13,A,Annual,BDCA,"Central bank (S121) liabilities, currency issued (derived from BDB, for Red Book use). , NSA",HK,Hong Kong SAR,13,A,All users,E,End of period,0,"NOTES ISSUED, HKD 1,000, Y-END",HKD,Hong Kong dollar,6,Millions,169229,A,190766,A,168724,A,169101,A,190896,A,213793,A,222527,A
BIS_MACRO,A:BDCA:HK:15,A,Annual,BDCA,"Central bank (S121) liabilities, currency issued (derived from BDB, for Red Book use). , NSA",HK,Hong Kong SAR,15,A,All users,E,End of period,0,"NOTES ISSUED, HKD 500, Y-END",HKD,Hong Kong dollar,6,Millions,74105,A,85681,A,116700,A,131741,A,152354,A,174583,A,189248,A
BIS_MACRO,A:BDCA:HK:17,A,Annual,BDCA,"Central bank (S121) liabilities, currency issued (derived from BDB, for Red Book use). , NSA",HK,Hong Kong SAR,17,A,All users,E,End of period,0,"NOTES ISSUED, HKD 150, Y-END",HKD,Hong Kong dollar,6,Millions,124,A,124,A,124,A,412,A,415,A,415,A,415,A
BIS_MACRO,A:BDCA:HK:19,A,Annual,BDCA,"Central bank (S121) liabilities, currency issued (derived from BDB, for Red Book use). , NSA",HK,Hong Kong SAR,19,A,All users,E,End of period,0,"NOTES ISSUED, HKD 100, Y-END",HKD,Hong Kong dollar,6,Millions,26854,A,29349,A,31497,A,32767,A,35565,A,37534,A,39705,A
BIS_MACRO,A:BDCA:HK:21,A,Annual,BDCA,"Central bank (S121) liabilities, currency issued (derived from BDB, for Red Book use). , NSA",HK,Hong Kong SAR,21,A,All users,E,End of period,0,"NOTES ISSUED, HKD 50, Y-END",HKD,Hong Kong dollar,6,Millions,6969,A,7941,A,8638,A,9356,A,10435,A,10927,A,12212,A
BIS_MACRO,A:BDCA:HK:23,A,Annual,BDCA,"Central bank (S121) liabilities, currency issued (derived from BDB, for Red Book use). , NSA",HK,Hong Kong SAR,23,A,All users,E,End of period,0,"NOTES ISSUED, HKD 20, Y-END",HKD,Hong Kong dollar,6,Millions,11434,A,12522,A,13553,A,13894,A,15256,A,15608,A,16894,A
BIS_MACRO,A:BDCA:HK:25,A,Annual,BDCA,"Central bank (S121) liabilities, currency issued (derived from BDB, for Red Book use). , NSA",HK,Hong Kong SAR,25,A,All users,E,End of period,0,"NOTES ISSUED, HKD 10, Y-END",HKD,Hong Kong dollar,6,Millions,6363,A,6650,A,6776,A,6833,A,7142,A,7033,A,7216,A
BIS_MACRO,A:BDCA:HK:27,A,Annual,BDCA,"Central bank (S121) liabilities, currency issued (derived from BDB, for Red Book use). , NSA",HK,Hong Kong SAR,27,A,All users,E,End of period,0,"NOTES ISSUED, OTHER DENOMINATIONS, Y-END",HKD,Hong Kong dollar,6,Millions,99,A,99,A,99,A,99,A,99,A,99,A,99,A
BIS_MACRO,A:BDCA:HK:51,A,Annual,BDCA,"Central bank (S121) liabilities, currency issued (derived from BDB, for Red Book use). , NSA",HK,Hong Kong SAR,51,A,All users,E,End of period,0,"COINS ISSUED, TOTAL, Y-END",HKD,Hong Kong dollar,6,Millions,6273,A,6609,A,6924,A,7148,A,7411,A,7686,A,7899,A
BIS_MACRO,A:BDCA:HK:53,A,Annual,BDCA,"Central bank (S121) liabilities, currency issued (derived from BDB, for Red Book use). , NSA",HK,Hong Kong SAR,53,A,All users,E,End of period,0,"COINS ISSUED, HKD 10, Y-END",HKD,Hong Kong dollar,6,Millions,1226,A,1275,A,1321,A,1347,A,1383,A,1422,A,1420,A
BIS_MACRO,A:BDCA:HK:55,A,Annual,BDCA,"Central bank (S121) liabilities, currency issued (derived from BDB, for Red Book use). , NSA",HK,Hong Kong SAR,55,A,All users,E,End of period,0,"COINS ISSUED, HKD 5, Y-END",HKD,Hong Kong dollar,6,Millions,1852,A,1969,A,2082,A,2174,A,2269,A,2373,A,2477,A
BIS_MACRO,A:BDCA:HK:57,A,Annual,BDCA,"Central bank (S121) liabilities, currency issued (derived from BDB, for Red Book use). , NSA",HK,Hong Kong SAR,57,A,All users,E,End of period,0,"COINS ISSUED, HKD 2, Y-END",HKD,Hong Kong dollar,6,Millions,1454,A,1554,A,1643,A,1704,A,1781,A,1856,A,1922,A
BIS_MACRO,A:BDCA:HK:59,A,Annual,BDCA,"Central bank (S121) liabilities, currency issued (derived from BDB, for Red Book use). , NSA",HK,Hong Kong SAR,59,A,All users,E,End of period,0,"COINS ISSUED, HKD 1, Y-END",HKD,Hong Kong dollar,6,Millions,1000,A,1047,A,1090,A,1122,A,1158,A,1200,A,1233,A
BIS_MACRO,A:BDCA:HK:61,A,Annual,BDCA,"Central bank (S121) liabilities, currency issued (derived from BDB, for Red Book use). , NSA",HK,Hong Kong SAR,61,A,All users,E,End of period,0,"COINS ISSUED, HKD 0.5, Y-END",HKD,Hong Kong dollar,6,Millions,356,A,369,A,382,A,391,A,401,A,410,A,419,A
BIS_MACRO,A:BDCA:HK:63,A,Annual,BDCA,"Central bank (S121) liabilities, currency issued (derived from BDB, for Red Book use). , NSA",HK,Hong Kong SAR,63,A,All users,E,End of period,0,"COINS ISSUED, HKD 0.2, Y-END",HKD,Hong Kong dollar,6,Millions,221,A,226,A,232,A,235,A,239,A,243,A,244,A
BIS_MACRO,A:BDCA:HK:65,A,Annual,BDCA,"Central bank (S121) liabilities, currency issued (derived from BDB, for Red Book use). , NSA",HK,Hong Kong SAR,65,A,All users,E,End of period,0,"COINS ISSUED, HKD 0.1, Y-END",HKD,Hong Kong dollar,6,Millions,159,A,164,A,169,A,170,A,175,A,177,A,179,A
BIS_MACRO,A:BDCA:HK:67,A,Annual,BDCA,"Central bank (S121) liabilities, currency issued (derived from BDB, for Red Book use). , NSA",HK,Hong Kong SAR,67,A,All users,E,End of period,0,"COINS ISSUED, HKD 0.05 (DEMONETISED), Y-END",HKD,Hong Kong dollar,6,Millions,5,A,5,A,5,A,5,A,5,A,5,A,5,A
BIS_MACRO,A:BDCA:ID:01,A,Annual,BDCA,"Central bank (S121) liabilities, currency issued (derived from BDB, for Red Book use). , NSA",ID,Indonesia,1,A,All users,E,End of period,3,"CURRENCY ISSUED (NOTES AND COINS), Y-END",IDR,Rupiah,9,Billions,439720.41,A,500020.35,A,528537.31,A,586762.55,A,612544.71,A,694829.6,A,749167.29,A
BIS_MACRO,A:BDCA:ID:11,A,Annual,BDCA,"Central bank (S121) liabilities, currency issued (derived from BDB, for Red Book use). , NSA",ID,Indonesia,11,A,All users,E,End of period,3,"NOTES ISSUED, TOTAL, Y-END",IDR,Rupiah,9,Billions,435302.02,A,494840.26,A,522639.79,A,580081.01,A,604908.8,A,686374.04,A,739842.76,A
BIS_MACRO,A:BDCA:ID:13,A,Annual,BDCA,"Central bank (S121) liabilities, currency issued (derived from BDB, for Red Book use). , NSA",ID,Indonesia,13,A,All users,E,End of period,3,"NOTES ISSUED, IDR 100,000 DENOMINATION, Y-END",IDR,Rupiah,9,Billions,266692.03,A,304487.15,A,328367.15,A,368310.14,A,398088.04,A,454231.9,A,494071.94,A
BIS_MACRO,A:BDCA:ID:15,A,Annual,BDCA,"Central bank (S121) liabilities, currency issued (derived from BDB, for Red Book use). , NSA",ID,Indonesia,15,A,All users,E,End of period,3,"NOTES ISSUED, IDR 50,000 DENOMINATION, Y-END",IDR,Rupiah,9,Billions,132382.89,A,152231.25,A,152491.53,A,166868.26,A,158438.49,A,180356.93,A,190875.38,A
BIS_MACRO,A:BDCA:ID:17,A,Annual,BDCA,"Central bank (S121) liabilities, currency issued (derived from BDB, for Red Book use). , NSA",ID,Indonesia,17,A,All users,E,End of period,3,"NOTES ISSUED, IDR 20,000 DENOMINATION, Y-END",IDR,Rupiah,9,Billions,10692.02,A,10591.06,A,11869.01,A,12985.78,A,14265.24,A,15304.94,A,16062.55,A
BIS_MACRO,A:BDCA:ID:19,A,Annual,BDCA,"Central bank (S121) liabilities, currency issued (derived from BDB, for Red Book use). , NSA",ID,Indonesia,19,A,All users,E,End of period,3,"NOTES ISSUED, IDR 10,000 DENOMINATION, Y-END",IDR,Rupiah,9,Billions,10646.28,A,10837.89,A,12236.74,A,13213.54,A,13992,A,15615.79,A,15997.29,A
BIS_MACRO,A:BDCA:ID:21,A,Annual,BDCA,"Central bank (S121) liabilities, currency issued (derived from BDB, for Red Book use). , NSA",ID,Indonesia,21,A,All users,E,End of period,3,"NOTES ISSUED, IDR 5,000 DENOMINATION, Y-END",IDR,Rupiah,9,Billions,8007.56,A,9262.61,A,9588.2,A,10243.34,A,11200.86,A,11451.41,A,12855.61,A
BIS_MACRO,A:BDCA:ID:23,A,Annual,BDCA,"Central bank (S121) liabilities, currency issued (derived from BDB, for Red Book use). , NSA",ID,Indonesia,23,A,All users,E,End of period,3,"NOTES ISSUED, IDR 2,000 DENOMINATION, Y-END",IDR,Rupiah,9,Billions,4382.6,A,5178.14,A,5787.32,A,6312.73,A,6903.48,A,7410.18,A,7975.29,A
BIS_MACRO,A:BDCA:ID:25,A,Annual,BDCA,"Central bank (S121) liabilities, currency issued (derived from BDB, for Red Book use). , NSA",ID,Indonesia,25,A,All users,E,End of period,3,"NOTES ISSUED, IDR 1,000 DENOMINATION, Y-END",IDR,Rupiah,9,Billions,2498.64,A,2252.16,A,2299.83,A,2147.22,A,2020.7,A,2002.88,A,2004.69,A
BIS_MACRO,A:BDCA:ID:51,A,Annual,BDCA,"Central bank (S121) liabilities, currency issued (derived from BDB, for Red Book use). , NSA",ID,Indonesia,51,A,All users,E,End of period,3,"COINS ISSUED, TOTAL, Y-END",IDR,Rupiah,9,Billions,4418.39,A,5180.09,A,5897.52,A,6681.54,A,7635.91,A,8455.59,A,9324.53,A
BIS_MACRO,A:BDCA:ID:53,A,Annual,BDCA,"Central bank (S121) liabilities, currency issued (derived from BDB, for Red Book use). , NSA",ID,Indonesia,53,A,All users,E,End of period,3,"COINS ISSUED, IDR 1,000 DENOMINATION, Y-END",IDR,Rupiah,9,Billions,1073.77,A,1512.77,A,1852.49,A,2282.65,A,2872.08,A,3338.18,A,3807.63,A
BIS_MACRO,A:BDCA:ID:55,A,Annual,BDCA,"Central bank (S121) liabilities, currency issued (derived from BDB, for Red Book use). , NSA",ID,Indonesia,55,A,All users,E,End of period,3,"COINS ISSUED, IDR 500 DENOMINATION, Y-END",IDR,Rupiah,9,Billions,2404.12,A,2649.89,A,2947.04,A,3228.11,A,3503.5,A,3765.82,A,4053.57,A
BIS_MACRO,A:BDCA:ID:57,A,Annual,BDCA,"Central bank (S121) liabilities, currency issued (derived from BDB, for Red Book use). , NSA",ID,Indonesia,57,A,All users,E,End of period,3,"COINS ISSUED, IDR 200 DENOMINATION, Y-END",IDR,Rupiah,9,Billions,398.07,A,450.48,A,500.05,A,550.96,A,605.33,A,667.91,A,737.76,A
BIS_MACRO,A:BDCA:ID:59,A,Annual,BDCA,"Central bank (S121) liabilities, currency issued (derived from BDB, for Red Book use). , NSA",ID,Indonesia,59,A,All users,E,End of period,3,"COINS ISSUED, IDR 100 DENOMINATION, Y-END",IDR,Rupiah,9,Billions,487.88,A,511.48,A,542.03,A,576.52,A,611.39,A,639.6,A,681.18,A
BIS_MACRO,A:BDCA:ID:61,A,Annual,BDCA,"Central bank (S121) liabilities, currency issued (derived from BDB, for Red Book use). , NSA",ID,Indonesia,61,A,All users,E,End of period,3,"COINS ISSUED, IDR 50 DENOMINATION, Y-END",IDR,Rupiah,9,Billions,41.6,A,42.54,A,43,A,43.22,A,43.54,A,44.01,A,44.31,A
BIS_MACRO,A:BDCA:ID:63,A,Annual,BDCA,"Central bank (S121) liabilities, currency issued (derived from BDB, for Red Book use). , NSA",ID,Indonesia,63,A,All users,E,End of period,3,"COINS ISSUED, IDR 25 DENOMINATION, Y-END",IDR,Rupiah,9,Billions,12.88,A,12.86,A,12.85,A,,M,,M,,M,,M
BIS_MACRO,A:BDCA:ID:65,A,Annual,BDCA,"Central bank (S121) liabilities, currency issued (derived from BDB, for Red Book use). , NSA",ID,Indonesia,65,A,All users,E,End of period,3,"COINS ISSUED, IDR 1 DENOMINATION, Y-END",IDR,Rupiah,9,Billions,0.07,A,0.07,A,0.07,A,0.07,A,0.07,A,0.07,A,0.07,A
BIS_MACRO,A:BDCA:IN:01,A,Annual,BDCA,"Central bank (S121) liabilities, currency issued (derived from BDB, for Red Book use). , NSA",IN,India,1,A,All users,E,End of period,2,"CURRENCY ISSUED (NOTES AND COINS), Y-END",INR,Indian rupee,9,Billions,11800.37,A,13006.67,A,14482.95,A,16634.32,A,13352.34,A,18296.58,A,21367.36,A
BIS_MACRO,A:BDCA:IN:11,A,Annual,BDCA,"Central bank (S121) liabilities, currency issued (derived from BDB, for Red Book use). , NSA",IN,India,11,A,All users,E,End of period,3,"NOTES ISSUED, TOTAL, M-END, Y-END NSA",INR,Indian rupee,9,Billions,11650.2,A,12833.54,A,14291.95,A,16418.8,A,13105.14,A,18040.51,A,21112.51,A
BIS_MACRO,A:BDCA:IN:13,A,Annual,BDCA,"Central bank (S121) liabilities, currency issued (derived from BDB, for Red Book use). , NSA",IN,India,13,A,All users,E,End of period,3,"NOTES ISSUED, INR 1000 DENOMINATION, Y-END",INR,Indian rupee,9,Billions,4299,A,5081.37,A,5612.45,A,6325.68,A,89.25,A,66.1,A,0,A
BIS_MACRO,A:BDCA:IN:15,A,Annual,BDCA,"Central bank (S121) liabilities, currency issued (derived from BDB, for Red Book use). , NSA",IN,India,15,A,All users,E,End of period,3,"NOTES ISSUED, INR 500 DENOMINATION, Y-END",INR,Indian rupee,9,Billions,5359.5,A,5702.48,A,6563.91,A,7853.75,A,2940.98,A,7734.29,A,10758.81,A
BIS_MACRO,A:BDCA:IN:17,A,Annual,BDCA,"Central bank (S121) liabilities, currency issued (derived from BDB, for Red Book use). , NSA",IN,India,17,A,All users,E,End of period,3,"NOTES ISSUED, INR 100 DENOMINATION, Y-END",INR,Indian rupee,9,Billions,1442.1,A,1476.46,A,1502.65,A,1577.83,A,2528.01,A,2221.49,A,2007.38,A
BIS_MACRO,A:BDCA:IN:19,A,Annual,BDCA,"Central bank (S121) liabilities, currency issued (derived from BDB, for Red Book use). , NSA",IN,India,19,A,All users,E,End of period,3,"NOTES ISSUED, INR 50 DENOMINATION, Y-END",INR,Indian rupee,9,Billions,173.05,A,172.42,A,174.36,A,194.5,A,355.64,A,367.15,A,430.07,A
BIS_MACRO,A:BDCA:IN:21,A,Annual,BDCA,"Central bank (S121) liabilities, currency issued (derived from BDB, for Red Book use). , NSA",IN,India,21,A,All users,E,End of period,3,"NOTES ISSUED, INR 20 DENOMINATION, Y-END",INR,Indian rupee,9,Billions,76.5,A,85.69,A,86.99,A,98.47,A,203.15,A,200.32,A,174.25,A
BIS_MACRO,A:BDCA:IN:23,A,Annual,BDCA,"Central bank (S121) liabilities, currency issued (derived from BDB, for Red Book use). , NSA",IN,India,23,A,All users,E,End of period,3,"NOTES ISSUED, INR 10 DENOMINATION, Y-END",INR,Indian rupee,9,Billions,251.68,A,266.48,A,303.04,A,320.15,A,369.29,A,306.45,A,312.6,A
BIS_MACRO,A:BDCA:IN:25,A,Annual,BDCA,"Central bank (S121) liabilities, currency issued (derived from BDB, for Red Book use). , NSA",IN,India,25,A,All users,E,End of period,3,"NOTES ISSUED, INR 5 DENOMINATION, Y-END",INR,Indian rupee,9,Billions,36.87,A,37.14,A,37.02,A,36.8,A,36.45,A,35.8,A,35.19,A
BIS_MACRO,A:BDCA:IN:27,A,Annual,BDCA,"Central bank (S121) liabilities, currency issued (derived from BDB, for Red Book use). , NSA",IN,India,27,A,All users,E,End of period,3,"NOTES ISSUED, INR 2 DENOMINATION, Y-END",INR,Indian rupee,9,Billions,8.51,A,8.51,A,8.54,A,8.53,A,8.53,A,8.53,A,8.53,A
BIS_MACRO,A:BDCA:IN:29,A,Annual,BDCA,"Central bank (S121) liabilities, currency issued (derived from BDB, for Red Book use). , NSA",IN,India,29,A,All users,E,End of period,3,"NOTES ISSUED, INR  1 DENOMINATION, Y-END",INR,Indian rupee,9,Billions,2.99,A,2.99,A,2.99,A,3.09,A,3.21,A,3.43,A,3.59,A
BIS_MACRO,A:BDCA:IN:31,A,Annual,BDCA,"Central bank (S121) liabilities, currency issued (derived from BDB, for Red Book use). , NSA",IN,India,31,A,All users,E,End of period,3,"NOTES ISSUED, INR 2000 DENOMINATION, Y-END",INR,Indian rupee,9,Billions,,M,,M,,M,0,A,6570.63,A,6726.42,A,6581.99,A
BIS_MACRO,A:BDCA:IN:33,A,Annual,BDCA,"Central bank (S121) liabilities, currency issued (derived from BDB, for Red Book use). , NSA",IN,India,33,A,All users,E,End of period,3,"NOTES ISSUED, INR 200 DENOMINATION, Y-END",INR,Indian rupee,9,Billions,,M,,M,,M,0,A,0,A,370.53,A,800.1,A
BIS_MACRO,A:BDCA:IN:51,A,Annual,BDCA,"Central bank (S121) liabilities, currency issued (derived from BDB, for Red Book use). , NSA",IN,India,51,A,All users,E,End of period,3,"COINS ISSUED, TOTAL, Y-END",INR,Indian rupee,9,Billions,150.17,A,176.12,A,191,A,215.52,A,247.2,A,256.07,A,254.85,A
BIS_MACRO,A:BDCA:IN:53,A,Annual,BDCA,"Central bank (S121) liabilities, currency issued (derived from BDB, for Red Book use). , NSA",IN,India,53,A,All users,E,End of period,3,"COINS ISSUED, INR 10 DENOMINATION, Y-END",INR,Indian rupee,9,Billions,12.67,A,20.17,A,27.5,A,37.03,A,52.04,A,50.49,A,49.05,A
BIS_MACRO,A:BDCA:IN:55,A,Annual,BDCA,"Central bank (S121) liabilities, currency issued (derived from BDB, for Red Book use). , NSA",IN,India,55,A,All users,E,End of period,3,"COINS ISSUED, INR 5 DENOMINATION, Y-END",INR,Indian rupee,9,Billions,53.38,A,57.89,A,63.8,A,70.45,A,78.91,A,83.24,A,85.76,A
BIS_MACRO,A:BDCA:IN:57,A,Annual,BDCA,"Central bank (S121) liabilities, currency issued (derived from BDB, for Red Book use). , NSA",IN,India,57,A,All users,E,End of period,3,"COINS ISSUED, INR 2 DENOMINATION, Y-END",INR,Indian rupee,9,Billions,44.23,A,49.65,A,54.07,A,59.26,A,64.11,A,65.71,A,66.31,A
BIS_MACRO,A:BDCA:IN:59,A,Annual,BDCA,"Central bank (S121) liabilities, currency issued (derived from BDB, for Red Book use). , NSA",IN,India,59,A,All users,E,End of period,3,"COINS ISSUED, INR 1 DENOMINATION, Y-END",INR,Indian rupee,9,Billions,32.89,A,38.42,A,38.63,A,41.78,A,45.14,A,49.63,A,46.73,A
BIS_MACRO,A:BDCA:IN:61,A,Annual,BDCA,"Central bank (S121) liabilities, currency issued (derived from BDB, for Red Book use). , NSA",IN,India,61,A,All users,E,End of period,3,"COINS ISSUED, INR SMALLEST DENOMINATION, Y-END",INR,Indian rupee,9,Billions,7,A,7,A,7,A,7,A,7,A,7,A,7,A
BIS_MACRO,A:BDCA:JP:01,A,Annual,BDCA,"Central bank (S121) liabilities, currency issued (derived from BDB, for Red Book use). , NSA",JP,Japan,1,A,All users,E,End of period,3,"CURRENCY ISSUED (NOTES AND COINS), Y-END",JPY,Yen,9,Billions,91230.8,A,94769.6,A,97737.9,A,103120,A,107203.4,A,111508.1,A,115207.5,A
BIS_MACRO,A:BDCA:JP:11,A,Annual,BDCA,"Central bank (S121) liabilities, currency issued (derived from BDB, for Red Book use). , NSA",JP,Japan,11,A,All users,E,End of period,3,"NOTES ISSUED, TOTAL, M-END",JPY,Yen,9,Billions,86653.3,A,90143.1,A,93081.7,A,98429.9,A,102461.2,A,106716.5,A,110362.5,A
BIS_MACRO,A:BDCA:JP:13,A,Annual,BDCA,"Central bank (S121) liabilities, currency issued (derived from BDB, for Red Book use). , NSA",JP,Japan,13,A,All users,E,End of period,3,"NOTES ISSUED, JPY 10,000, Y-END",JPY,Yen,9,Billions,79272.5,A,82559.8,A,85370.3,A,90679.4,A,94623.2,A,98730.5,A,102187.2,A
BIS_MACRO,A:BDCA:JP:15,A,Annual,BDCA,"Central bank (S121) liabilities, currency issued (derived from BDB, for Red Book use). , NSA",JP,Japan,15,A,All users,E,End of period,3,"NOTES ISSUED, JPY 5,000, Y-END",JPY,Yen,9,Billions,3020.9,A,3153.4,A,3252.6,A,3254.1,A,3271.1,A,3340,A,3435.4,A
BIS_MACRO,A:BDCA:JP:17,A,Annual,BDCA,"Central bank (S121) liabilities, currency issued (derived from BDB, for Red Book use). , NSA",JP,Japan,17,A,All users,E,End of period,3,"NOTES ISSUED, JPY 2,000, Y-END",JPY,Yen,9,Billions,203.6,A,201.3,A,198.6,A,197.3,A,196.7,A,197.6,A,196.4,A
BIS_MACRO,A:BDCA:JP:19,A,Annual,BDCA,"Central bank (S121) liabilities, currency issued (derived from BDB, for Red Book use). , NSA",JP,Japan,19,A,All users,E,End of period,3,"NOTES ISSUED, JPY 1,000, Y-END",JPY,Yen,9,Billions,4003.4,A,4077,A,4109.9,A,4150.2,A,4222.5,A,4301.8,A,4398.4,A
BIS_MACRO,A:BDCA:JP:51,A,Annual,BDCA,"Central bank (S121) liabilities, currency issued (derived from BDB, for Red Book use). , NSA",JP,Japan,51,A,All users,E,End of period,3,"COINS ISSUED, TOTAL, Y-END",JPY,Yen,9,Billions,4577.5,A,4626.5,A,4656.1,A,4690,A,4742.2,A,4791.6,A,4845,A
BIS_MACRO,A:BDCA:JP:53,A,Annual,BDCA,"Central bank (S121) liabilities, currency issued (derived from BDB, for Red Book use). , NSA",JP,Japan,53,A,All users,E,End of period,3,"COINS ISSUED, JPY 500, Y-END",JPY,Yen,9,Billions,2046.6,A,2092,A,2124.4,A,2165.9,A,2219.6,A,2269.1,A,2318.8,A
BIS_MACRO,A:BDCA:JP:55,A,Annual,BDCA,"Central bank (S121) liabilities, currency issued (derived from BDB, for Red Book use). , NSA",JP,Japan,55,A,All users,E,End of period,3,"COINS ISSUED, JPY 100, Y-END",JPY,Yen,9,Billions,1037.3,A,1049.6,A,1055,A,1057.4,A,1066.5,A,1075.4,A,1086.6,A
BIS_MACRO,A:BDCA:JP:57,A,Annual,BDCA,"Central bank (S121) liabilities, currency issued (derived from BDB, for Red Book use). , NSA",JP,Japan,57,A,All users,E,End of period,3,"COINS ISSUED, JPY 50, Y-END",JPY,Yen,9,Billions,216.8,A,218.2,A,220,A,220.4,A,220.1,A,221,A,221.8,A
BIS_MACRO,A:BDCA:JP:59,A,Annual,BDCA,"Central bank (S121) liabilities, currency issued (derived from BDB, for Red Book use). , NSA",JP,Japan,59,A,All users,E,End of period,3,"COINS ISSUED, JPY 10, Y-END",JPY,Yen,9,Billions,196,A,195.9,A,195.5,A,194.3,A,193.7,A,193.5,A,193.5,A
BIS_MACRO,A:BDCA:JP:61,A,Annual,BDCA,"Central bank (S121) liabilities, currency issued (derived from BDB, for Red Book use). , NSA",JP,Japan,61,A,All users,E,End of period,3,"COINS ISSUED, JPY 5, Y-END",JPY,Yen,9,Billions,55.4,A,55.1,A,54.9,A,54.6,A,54.2,A,53.8,A,53.5,A
BIS_MACRO,A:BDCA:JP:63,A,Annual,BDCA,"Central bank (S121) liabilities, currency issued (derived from BDB, for Red Book use). , NSA",JP,Japan,63,A,All users,E,End of period,3,"COINS ISSUED, JPY 1, Y-END",JPY,Yen,9,Billions,38.9,A,38.9,A,38.6,A,38.2,A,38,A,37.8,A,37.7,A
BIS_MACRO,A:BDCA:KR:01,A,Annual,BDCA,"Central bank (S121) liabilities, currency issued (derived from BDB, for Red Book use). , NSA",KR,Korea,1,A,All users,E,End of period,2,"CURRENCY ISSUED (NOTES AND COINS), Y-END",KRW,Won,9,Billions,54334.4,A,63365.9,A,74944.8,A,86757.2,A,97382.2,A,107907.6,A,115389.5,A
BIS_MACRO,A:BDCA:KR:11,A,Annual,BDCA,"Central bank (S121) liabilities, currency issued (derived from BDB, for Red Book use). , NSA",KR,Korea,11,A,All users,E,End of period,2,"NOTES ISSUED, TOTAL, Y-END",KRW,Won,9,Billions,52176.32,A,61135.22,A,72643.8,A,84361.98,A,94908.35,A,105415.41,A,112878.89,A
BIS_MACRO,A:BDCA:KR:13,A,Annual,BDCA,"Central bank (S121) liabilities, currency issued (derived from BDB, for Red Book use). , NSA",KR,Korea,13,A,All users,E,End of period,2,"NOTES ISSUED (KOREA WON 50,000), Y-END",KRW,Won,9,Billions,32766.49,A,40681.24,A,52003.42,A,64323.61,A,75775.16,A,86577.95,A,94726.75,A
BIS_MACRO,A:BDCA:KR:15,A,Annual,BDCA,"Central bank (S121) liabilities, currency issued (derived from BDB, for Red Book use). , NSA",KR,Korea,15,A,All users,E,End of period,2,"NOTES ISSUED (KOREA WON 10,000), Y-END",KRW,Won,9,Billions,16966.02,A,17878.08,A,17946.29,A,17229.86,A,16244.7,A,15860.62,A,15147.22,A
BIS_MACRO,A:BDCA:KR:17,A,Annual,BDCA,"Central bank (S121) liabilities, currency issued (derived from BDB, for Red Book use). , NSA",KR,Korea,17,A,All users,E,End of period,2,"NOTES ISSUED (KOREA WON 5,000), Y-END",KRW,Won,9,Billions,1097.13,A,1184.86,A,1249.77,A,1307.12,A,1346.16,A,1383.68,A,1393.73,A
BIS_MACRO,A:BDCA:KR:19,A,Annual,BDCA,"Central bank (S121) liabilities, currency issued (derived from BDB, for Red Book use). , NSA",KR,Korea,19,A,All users,E,End of period,2,"NOTES ISSUED (KOREA WON 1,000), Y-END",KRW,Won,9,Billions,1333.17,A,1377.53,A,1430.82,A,1487.88,A,1528.83,A,1579.65,A,1597.69,A
BIS_MACRO,A:BDCA:KR:21,A,Annual,BDCA,"Central bank (S121) liabilities, currency issued (derived from BDB, for Red Book use). , NSA",KR,Korea,21,A,All users,E,End of period,2,"NOTES ISSUED (OTHER BANKNOTES), Y-END",KRW,Won,9,Billions,13.51,A,13.51,A,13.51,A,13.51,A,13.51,A,13.51,A,13.51,A
BIS_MACRO,A:BDCA:KR:51,A,Annual,BDCA,"Central bank (S121) liabilities, currency issued (derived from BDB, for Red Book use). , NSA",KR,Korea,51,A,All users,E,End of period,2,"COINS ISSUED, TOTAL, Y-END",KRW,Won,9,Billions,2046.55,A,2114.73,A,2179.88,A,2269.39,A,2345.92,A,2358.07,A,2375.47,A
BIS_MACRO,A:BDCA:KR:53,A,Annual,BDCA,"Central bank (S121) liabilities, currency issued (derived from BDB, for Red Book use). , NSA",KR,Korea,53,A,All users,E,End of period,2,"COINS ISSUED (KOREA WON 500), Y-END",KRW,Won,9,Billions,1018.99,A,1050.46,A,1084.13,A,1144.82,A,1197.92,A,1211.6,A,1222,A
BIS_MACRO,A:BDCA:KR:55,A,Annual,BDCA,"Central bank (S121) liabilities, currency issued (derived from BDB, for Red Book use). , NSA",KR,Korea,55,A,All users,E,End of period,2,"COINS ISSUED (KOREA WON 100), Y-END",KRW,Won,9,Billions,852.91,A,884.57,A,912.06,A,937.05,A,958.54,A,956.79,A,961.83,A
BIS_MACRO,A:BDCA:KR:57,A,Annual,BDCA,"Central bank (S121) liabilities, currency issued (derived from BDB, for Red Book use). , NSA",KR,Korea,57,A,All users,E,End of period,2,"COINS ISSUED (KOREA WON 50), Y-END",KRW,Won,9,Billions,97.56,A,99.19,A,100.69,A,102.55,A,103.42,A,103.09,A,103.77,A
BIS_MACRO,A:BDCA:KR:59,A,Annual,BDCA,"Central bank (S121) liabilities, currency issued (derived from BDB, for Red Book use). , NSA",KR,Korea,59,A,All users,E,End of period,2,"COINS ISSUED (KOREA WON 10), Y-END",KRW,Won,9,Billions,75.45,A,78.86,A,81.37,A,83.34,A,84.41,A,84.96,A,86.24,A
BIS_MACRO,A:BDCA:KR:61,A,Annual,BDCA,"Central bank (S121) liabilities, currency issued (derived from BDB, for Red Book use). , NSA",KR,Korea,61,A,All users,E,End of period,2,"COINS ISSUED (OTHER COINS INCLUDING KOREA WON 5, 1), Y-END",KRW,Won,9,Billions,1.64,A,1.64,A,1.64,A,1.64,A,1.64,A,1.64,A,1.64,A
BIS_MACRO,A:BDCA:MX:01,A,Annual,BDCA,"Central bank (S121) liabilities, currency issued (derived from BDB, for Red Book use). , NSA",MX,Mexico,1,A,All users,E,End of period,2,"CURRENCY ISSUED (NOTES AND COINS), Y-END",MXN,Mexican peso,9,Billions,845.4,A,917.88,A,1062.89,A,1239.33,A,1419.75,A,1542.61,A,1673.21,A
BIS_MACRO,A:BDCA:MX:11,A,Annual,BDCA,"Central bank (S121) liabilities, currency issued (derived from BDB, for Red Book use). , NSA",MX,Mexico,11,A,All users,E,End of period,2,"NOTES ISSUED, TOTAL, Y-END",MXN,Mexican peso,9,Billions,814.37,A,885.39,A,1027.23,A,1200.16,A,1376.62,A,1493.84,A,1620.76,A
BIS_MACRO,A:BDCA:MX:13,A,Annual,BDCA,"Central bank (S121) liabilities, currency issued (derived from BDB, for Red Book use). , NSA",MX,Mexico,13,A,All users,E,End of period,2,"NOTES ISSUED, MXN 1,000, Y-END",MXN,Mexican peso,9,Billions,71.67,A,72.54,A,82.08,A,83.28,A,82.33,A,79.09,A,76.93,A
BIS_MACRO,A:BDCA:MX:15,A,Annual,BDCA,"Central bank (S121) liabilities, currency issued (derived from BDB, for Red Book use). , NSA",MX,Mexico,15,A,All users,E,End of period,2,"NOTES ISSUED, MXN 500, Y-END",MXN,Mexican peso,9,Billions,503.59,A,561.1,A,686.29,A,838.42,A,990.49,A,1095.5,A,1218.14,A
BIS_MACRO,A:BDCA:MX:17,A,Annual,BDCA,"Central bank (S121) liabilities, currency issued (derived from BDB, for Red Book use). , NSA",MX,Mexico,17,A,All users,E,End of period,2,"NOTES ISSUED, MXN 200, Y-END",MXN,Mexican peso,9,Billions,153.57,A,162.36,A,165.2,A,176.15,A,191.17,A,199.36,A,203.12,A
BIS_MACRO,A:BDCA:MX:19,A,Annual,BDCA,"Central bank (S121) liabilities, currency issued (derived from BDB, for Red Book use). , NSA",MX,Mexico,19,A,All users,E,End of period,2,"NOTES ISSUED, MXN 100, Y-END",MXN,Mexican peso,9,Billions,55.84,A,58.32,A,60.7,A,65.25,A,71.01,A,76.62,A,77.25,A
BIS_MACRO,A:BDCA:MX:21,A,Annual,BDCA,"Central bank (S121) liabilities, currency issued (derived from BDB, for Red Book use). , NSA",MX,Mexico,21,A,All users,E,End of period,2,"NOTES ISSUED, MXN 50, Y-END",MXN,Mexican peso,9,Billions,22.18,A,23.19,A,24.59,A,27.2,A,29.73,A,31.1,A,32.93,A
BIS_MACRO,A:BDCA:MX:23,A,Annual,BDCA,"Central bank (S121) liabilities, currency issued (derived from BDB, for Red Book use). , NSA",MX,Mexico,23,A,All users,E,End of period,2,"NOTES ISSUED, MXN 20, Y-END",MXN,Mexican peso,9,Billions,7.13,A,7.49,A,7.99,A,9.47,A,11.49,A,11.77,A,11.99,A
BIS_MACRO,A:BDCA:MX:25,A,Annual,BDCA,"Central bank (S121) liabilities, currency issued (derived from BDB, for Red Book use). , NSA",MX,Mexico,25,A,All users,E,End of period,2,"NOTES ISSUED, MXN 10, Y-END",MXN,Mexican peso,9,Billions,0.26,A,0.26,A,0.26,A,0.26,A,0.26,A,0.26,A,0.26,A
BIS_MACRO,A:BDCA:MX:51,A,Annual,BDCA,"Central bank (S121) liabilities, currency issued (derived from BDB, for Red Book use). , NSA",MX,Mexico,51,A,All users,E,End of period,2,"COINS ISSUED, TOTAL, Y-END",MXN,Mexican peso,9,Billions,31.19,A,32.98,A,36.05,A,39.56,A,43.82,A,49.5,A,56.81,A
BIS_MACRO,A:BDCA:MX:53,A,Annual,BDCA,"Central bank (S121) liabilities, currency issued (derived from BDB, for Red Book use). , NSA",MX,Mexico,53,A,All users,E,End of period,2,"COINS ISSUED, MXN 100, Y-END",MXN,Mexican peso,9,Billions,0.94,A,0.94,A,0.94,A,0.94,A,0.94,A,0.95,A,0.95,A
BIS_MACRO,A:BDCA:MX:55,A,Annual,BDCA,"Central bank (S121) liabilities, currency issued (derived from BDB, for Red Book use). , NSA",MX,Mexico,55,A,All users,E,End of period,2,"COINS ISSUED, MXN 50, Y-END",MXN,Mexican peso,9,Billions,0.09,A,0.09,A,0.09,A,0.09,A,0.09,A,0.09,A,0.09,A
BIS_MACRO,A:BDCA:MX:57,A,Annual,BDCA,"Central bank (S121) liabilities, currency issued (derived from BDB, for Red Book use). , NSA",MX,Mexico,57,A,All users,E,End of period,2,"COINS ISSUED, MXN 20, Y-END",MXN,Mexican peso,9,Billions,0.35,A,0.47,A,0.81,A,0.91,A,1,A,1.24,A,1.34,A
BIS_MACRO,A:BDCA:MX:59,A,Annual,BDCA,"Central bank (S121) liabilities, currency issued (derived from BDB, for Red Book use). , NSA",MX,Mexico,59,A,All users,E,End of period,2,"COINS ISSUED, MXN 10, Y-END",MXN,Mexican peso,9,Billions,10.16,A,10.81,A,12.05,A,13.65,A,15.54,A,18.09,A,21.67,A
BIS_MACRO,A:BDCA:MX:61,A,Annual,BDCA,"Central bank (S121) liabilities, currency issued (derived from BDB, for Red Book use). , NSA",MX,Mexico,61,A,All users,E,End of period,2,"COINS ISSUED, MXN 5, Y-END",MXN,Mexican peso,9,Billions,8.2,A,8.63,A,9.37,A,10.28,A,11.28,A,12.46,A,14.67,A
BIS_MACRO,A:BDCA:MX:63,A,Annual,BDCA,"Central bank (S121) liabilities, currency issued (derived from BDB, for Red Book use). , NSA",MX,Mexico,63,A,All users,E,End of period,2,"COINS ISSUED, MXN 2, Y-END",MXN,Mexican peso,9,Billions,3,A,3.09,A,3.22,A,3.37,A,3.63,A,4.12,A,4.73,A
BIS_MACRO,A:BDCA:MX:65,A,Annual,BDCA,"Central bank (S121) liabilities, currency issued (derived from BDB, for Red Book use). , NSA",MX,Mexico,65,A,All users,E,End of period,2,"COINS ISSUED, MXN 1, Y-END",MXN,Mexican peso,9,Billions,4.67,A,4.93,A,5.33,A,5.8,A,6.48,A,7.44,A,8.02,A
BIS_MACRO,A:BDCA:MX:67,A,Annual,BDCA,"Central bank (S121) liabilities, currency issued (derived from BDB, for Red Book use). , NSA",MX,Mexico,67,A,All users,E,End of period,2,"COINS ISSUED, MXN 0.5 , Y-END",MXN,Mexican peso,9,Billions,1.76,A,1.92,A,2.09,A,2.3,A,2.63,A,2.86,A,3.08,A
BIS_MACRO,A:BDCA:MX:69,A,Annual,BDCA,"Central bank (S121) liabilities, currency issued (derived from BDB, for Red Book use). , NSA",MX,Mexico,69,A,All users,E,End of period,2,"COINS ISSUED, MXN 0.2, Y-END",MXN,Mexican peso,9,Billions,0.79,A,0.83,A,0.86,A,0.89,A,0.9,A,0.9,A,0.91,A
BIS_MACRO,A:BDCA:MX:71,A,Annual,BDCA,"Central bank (S121) liabilities, currency issued (derived from BDB, for Red Book use). , NSA",MX,Mexico,71,A,All users,E,End of period,2,"COINS ISSUED, MXN 0.1, Y-END",MXN,Mexican peso,9,Billions,1.1,A,1.14,A,1.17,A,1.2,A,1.21,A,1.22,A,1.22,A
BIS_MACRO,A:BDCA:MX:73,A,Annual,BDCA,"Central bank (S121) liabilities, currency issued (derived from BDB, for Red Book use). , NSA",MX,Mexico,73,A,All users,E,End of period,2,"COINS ISSUED, MXN 0.05, Y-END",MXN,Mexican peso,9,Billions,0.12,A,0.12,A,0.12,A,0.12,A,0.12,A,0.12,A,0.12,A
BIS_MACRO,A:BDCA:RU:01,A,Annual,BDCA,"Central bank (S121) liabilities, currency issued (derived from BDB, for Red Book use). , NSA",RU,Russia,1,A,All users,E,End of period,1,"CURRENCY ISSUED (EXCL. CBR VAULTS), Y-END",RUB,Russian rouble,9,Billions,7667.7,A,8307.5,A,8840.5,A,8522.2,A,8789.8,A,9539,A,10312.5,A
BIS_MACRO,A:BDCA:RU:11,A,Annual,BDCA,"Central bank (S121) liabilities, currency issued (derived from BDB, for Red Book use). , NSA",RU,Russia,11,A,All users,E,End of period,3,"NOTES ISSUED, TOTAL, Y-END",RUB,Russian rouble,9,Billions,7616.214,A,8246.582,A,8770.502,A,8448.358,A,8713.086,A,9451.918,A,10220.383,A
BIS_MACRO,A:BDCA:RU:13,A,Annual,BDCA,"Central bank (S121) liabilities, currency issued (derived from BDB, for Red Book use). , NSA",RU,Russia,13,A,All users,E,End of period,3,"NOTES ISSUED, RUR 5000 DENOMINATION, Y-END",RUB,Russian rouble,9,Billions,4790.627,A,5523.594,A,6018.754,A,5952.721,A,6308.252,A,7035.735,A,7656.656,A
BIS_MACRO,A:BDCA:RU:15,A,Annual,BDCA,"Central bank (S121) liabilities, currency issued (derived from BDB, for Red Book use). , NSA",RU,Russia,15,A,All users,E,End of period,3,"NOTES ISSUED, RUR 1000 DENOMINATION, Y-END",RUB,Russian rouble,9,Billions,2230.522,A,2163.714,A,2184.706,A,1990.987,A,1936.199,A,1929.607,A,1663.464,A
BIS_MACRO,A:BDCA:RU:17,A,Annual,BDCA,"Central bank (S121) liabilities, currency issued (derived from BDB, for Red Book use). , NSA",RU,Russia,17,A,All users,E,End of period,3,"NOTES ISSUED, RUR 500 DENOMINATION, Y-END",RUB,Russian rouble,9,Billions,441.356,A,403.242,A,403.496,A,343.925,A,311.778,A,300.39,A,271.111,A
BIS_MACRO,A:BDCA:RU:19,A,Annual,BDCA,"Central bank (S121) liabilities, currency issued (derived from BDB, for Red Book use). , NSA",RU,Russia,19,A,All users,E,End of period,3,"NOTES ISSUED, RUR 100 DENOMINATION, Y-END",RUB,Russian rouble,9,Billions,115.159,A,118.484,A,126.509,A,124.599,A,122.725,A,124.35,A,117.923,A
BIS_MACRO,A:BDCA:RU:21,A,Annual,BDCA,"Central bank (S121) liabilities, currency issued (derived from BDB, for Red Book use). , NSA",RU,Russia,21,A,All users,E,End of period,3,"NOTES ISSUED, RUR 50 DENOMINATION, Y-END",RUB,Russian rouble,9,Billions,32.369,A,32.31,A,32.196,A,31.493,A,29.753,A,28.78,A,28.69,A
BIS_MACRO,A:BDCA:RU:23,A,Annual,BDCA,"Central bank (S121) liabilities, currency issued (derived from BDB, for Red Book use). , NSA",RU,Russia,23,A,All users,E,End of period,3,"NOTES ISSUED, RUR 10 DENOMINATION, Y-END",RUB,Russian rouble,9,Billions,6.145,A,5.203,A,4.806,A,4.596,A,4.343,A,4.049,A,3.847,A
BIS_MACRO,A:BDCA:RU:25,A,Annual,BDCA,"Central bank (S121) liabilities, currency issued (derived from BDB, for Red Book use). , NSA",RU,Russia,25,A,All users,E,End of period,3,"NOTES ISSUED, RUR 5 DENOMINATION, Y-END",RUB,Russian rouble,9,Billions,0.036,A,0.036,A,0.036,A,0.036,A,0.036,A,0.036,A,0.036,A
BIS_MACRO,A:BDCA:RU:39,A,Annual,BDCA,"Central bank (S121) liabilities, currency issued (derived from BDB, for Red Book use). , NSA",RU,Russia,39,A,All users,E,End of period,3,"NOTES ISSUED, RUR 2000 DENOMINATION, Y-END",RUB,Russian rouble,9,Billions,,,,,,,,,,,27.653,A,447.021,A
BIS_MACRO,A:BDCA:RU:41,A,Annual,BDCA,"Central bank (S121) liabilities, currency issued (derived from BDB, for Red Book use). , NSA",RU,Russia,41,A,All users,E,End of period,3,"NOTES ISSUED, RUR 200 DENOMINATION, Y-END",RUB,Russian rouble,9,Billions,,,,,,,,,,,1.319,A,31.635,A
BIS_MACRO,A:BDCA:RU:51,A,Annual,BDCA,"Central bank (S121) liabilities, currency issued (derived from BDB, for Red Book use). , NSA",RU,Russia,51,A,All users,E,End of period,3,"COINS ISSUED, TOTAL, Y-END",RUB,Russian rouble,9,Billions,59.173,A,68.436,A,77.716,A,82.748,A,88.913,A,95.725,A,102.424,A
BIS_MACRO,A:BDCA:RU:53,A,Annual,BDCA,"Central bank (S121) liabilities, currency issued (derived from BDB, for Red Book use). , NSA",RU,Russia,53,A,All users,E,End of period,3,"COINS ISSUED, RUR 25 DENOMINATION, Y-END",RUB,Russian rouble,9,Billions,0.264,A,1.093,A,1.998,A,1.999,A,2,A,2.824,A,3.475,A
BIS_MACRO,A:BDCA:RU:55,A,Annual,BDCA,"Central bank (S121) liabilities, currency issued (derived from BDB, for Red Book use). , NSA",RU,Russia,55,A,All users,E,End of period,3,"COINS ISSUED, RUR 10 DENOMINATION, Y-END",RUB,Russian rouble,9,Billions,32.301,A,39.173,A,45.565,A,49.338,A,53.67,A,58.408,A,62.672,A
BIS_MACRO,A:BDCA:RU:57,A,Annual,BDCA,"Central bank (S121) liabilities, currency issued (derived from BDB, for Red Book use). , NSA",RU,Russia,57,A,All users,E,End of period,3,"COINS ISSUED, RUR 5 DENOMINATION, Y-END",RUB,Russian rouble,9,Billions,10.341,A,10.781,A,11.513,A,11.905,A,12.718,A,13.265,A,14.23,A
BIS_MACRO,A:BDCA:RU:59,A,Annual,BDCA,"Central bank (S121) liabilities, currency issued (derived from BDB, for Red Book use). , NSA",RU,Russia,59,A,All users,E,End of period,3,"COINS ISSUED, RUR 2 DENOMINATION, Y-END",RUB,Russian rouble,9,Billions,5.057,A,5.416,A,5.841,A,6.122,A,6.552,A,6.844,A,7.252,A
BIS_MACRO,A:BDCA:RU:61,A,Annual,BDCA,"Central bank (S121) liabilities, currency issued (derived from BDB, for Red Book use). , NSA",RU,Russia,61,A,All users,E,End of period,3,"COINS ISSUED, RUR 1 DENOMINATION, Y-END",RUB,Russian rouble,9,Billions,5.873,A,6.241,A,6.655,A,6.995,A,7.425,A,7.829,A,8.241,A
BIS_MACRO,A:BDCA:RU:63,A,Annual,BDCA,"Central bank (S121) liabilities, currency issued (derived from BDB, for Red Book use). , NSA",RU,Russia,63,A,All users,E,End of period,3,"COINS ISSUED, RUR 0.5 DENOMINATION, Y-END",RUB,Russian rouble,9,Billions,2.799,A,3.073,A,3.348,A,3.535,A,3.646,A,3.65,A,3.65,A
BIS_MACRO,A:BDCA:RU:65,A,Annual,BDCA,"Central bank (S121) liabilities, currency issued (derived from BDB, for Red Book use). , NSA",RU,Russia,65,A,All users,E,End of period,3,"COINS ISSUED, RUR 0.1 DENOMINATION, Y-END",RUB,Russian rouble,9,Billions,2.177,A,2.298,A,2.435,A,2.493,A,2.541,A,2.543,A,2.543,A
BIS_MACRO,A:BDCA:RU:67,A,Annual,BDCA,"Central bank (S121) liabilities, currency issued (derived from BDB, for Red Book use). , NSA",RU,Russia,67,A,All users,E,End of period,3,"COINS ISSUED, RUR 0.05 DENOMINATION, Y-END",RUB,Russian rouble,9,Billions,0.288,A,0.288,A,0.288,A,0.288,A,0.289,A,0.289,A,0.288,A
BIS_MACRO,A:BDCA:RU:69,A,Annual,BDCA,"Central bank (S121) liabilities, currency issued (derived from BDB, for Red Book use). , NSA",RU,Russia,69,A,All users,E,End of period,3,"COINS ISSUED, RUR 0.01 DENOMINATION, Y-END",RUB,Russian rouble,9,Billions,0,A,0,A,0,A,0,A,0,A,0,A,0,A
BIS_MACRO,A:BDCA:SA:01,A,Annual,BDCA,"Central bank (S121) liabilities, currency issued (derived from BDB, for Red Book use). , NSA",SA,Saudi Arabia,1,A,All users,E,End of period,3,"CURRENCY ISSUED (NOTES AND COINS), Y-END",SAR,Saudi riyal,6,Millions,152812.108,A,166388.074,A,180892.092,A,197912.092,A,199989.458,A,203356.953,A,210865.373,A
BIS_MACRO,A:BDCA:SA:11,A,Annual,BDCA,"Central bank (S121) liabilities, currency issued (derived from BDB, for Red Book use). , NSA",SA,Saudi Arabia,11,A,All users,E,End of period,3,"NOTES ISSUED, TOTAL, Y-END",SAR,Saudi riyal,6,Millions,152538.335,A,166094.043,A,180579.095,A,197577.555,A,199640.067,A,202968.999,A,210316.936,A
BIS_MACRO,A:BDCA:SA:13,A,Annual,BDCA,"Central bank (S121) liabilities, currency issued (derived from BDB, for Red Book use). , NSA",SA,Saudi Arabia,13,A,All users,E,End of period,3,"NOTES ISSUED, SAR 500 DENOMINATION, Y-END",SAR,Saudi riyal,6,Millions,122032.932,A,133127.397,A,144494.152,A,160368.606,A,162649.835,A,164379.32,A,170525.299,A
BIS_MACRO,A:BDCA:SA:15,A,Annual,BDCA,"Central bank (S121) liabilities, currency issued (derived from BDB, for Red Book use). , NSA",SA,Saudi Arabia,15,A,All users,E,End of period,3,"NOTES ISSUED, SAR 200 DENOMINATION, Y-END",SAR,Saudi riyal,6,Millions,602.068,A,412.776,A,295.002,A,215.304,A,148.956,A,81.427,A,34.517,A
BIS_MACRO,A:BDCA:SA:17,A,Annual,BDCA,"Central bank (S121) liabilities, currency issued (derived from BDB, for Red Book use). , NSA",SA,Saudi Arabia,17,A,All users,E,End of period,3,"NOTES ISSUED, SAR 100 DENOMINATION, Y-END",SAR,Saudi riyal,6,Millions,20942.049,A,22920.365,A,25151.457,A,25678.172,A,25802.337,A,26879.805,A,27899.013,A
BIS_MACRO,A:BDCA:SA:19,A,Annual,BDCA,"Central bank (S121) liabilities, currency issued (derived from BDB, for Red Book use). , NSA",SA,Saudi Arabia,19,A,All users,E,End of period,3,"NOTES ISSUED, SAR 50 DENOMINATION, Y-END",SAR,Saudi riyal,6,Millions,5133.081,A,5513.443,A,6262.883,A,6565.197,A,6353.644,A,6586.504,A,6728.059,A
BIS_MACRO,A:BDCA:SA:21,A,Annual,BDCA,"Central bank (S121) liabilities, currency issued (derived from BDB, for Red Book use). , NSA",SA,Saudi Arabia,21,A,All users,E,End of period,3,"NOTES ISSUED, SAR 20 DENOMINATION, Y-END",SAR,Saudi riyal,6,Millions,180.564,A,155.319,A,128.408,A,104.759,A,90.808,A,82.145,A,76.582,A
BIS_MACRO,A:BDCA:SA:23,A,Annual,BDCA,"Central bank (S121) liabilities, currency issued (derived from BDB, for Red Book use). , NSA",SA,Saudi Arabia,23,A,All users,E,End of period,3,"NOTES ISSUED, SAR 10 DENOMINATION, Y-END",SAR,Saudi riyal,6,Millions,1691.125,A,1861.183,A,2019.117,A,2219.049,A,2178.874,A,2346.817,A,2342.274,A
BIS_MACRO,A:BDCA:SA:25,A,Annual,BDCA,"Central bank (S121) liabilities, currency issued (derived from BDB, for Red Book use). , NSA",SA,Saudi Arabia,25,A,All users,E,End of period,3,"NOTES ISSUED, SAR 5 DENOMINATION, Y-END",SAR,Saudi riyal,6,Millions,965.691,A,1059.143,A,1136.556,A,1244.518,A,1242.619,A,1398.85,A,1521.188,A
BIS_MACRO,A:BDCA:SA:27,A,Annual,BDCA,"Central bank (S121) liabilities, currency issued (derived from BDB, for Red Book use). , NSA",SA,Saudi Arabia,27,A,All users,E,End of period,3,"NOTES ISSUED, SAR 1 DENOMINATION, Y-END",SAR,Saudi riyal,6,Millions,990.825,A,1044.417,A,1091.52,A,1181.95,A,1172.994,A,1214.131,A,1190.005,A
BIS_MACRO,A:BDCA:SA:51,A,Annual,BDCA,"Central bank (S121) liabilities, currency issued (derived from BDB, for Red Book use). , NSA",SA,Saudi Arabia,51,A,All users,E,End of period,3,"COINS ISSUED, TOTAL, Y-END",SAR,Saudi riyal,6,Millions,273.582,A,294.03,A,312.997,A,334.538,A,349.389,A,387.967,A,548.436,A
BIS_MACRO,A:BDCA:SA:53,A,Annual,BDCA,"Central bank (S121) liabilities, currency issued (derived from BDB, for Red Book use). , NSA",SA,Saudi Arabia,53,A,All users,E,End of period,3,"COINS ISSUED, SAR 1.00 DENOMINATION, Y-END",SAR,Saudi riyal,6,Millions,32.819,A,33.435,A,33.582,A,33.894,A,34.345,A,45.119,A,105.809,A
BIS_MACRO,A:BDCA:SA:55,A,Annual,BDCA,"Central bank (S121) liabilities, currency issued (derived from BDB, for Red Book use). , NSA",SA,Saudi Arabia,55,A,All users,E,End of period,3,"COINS ISSUED, SAR 0.50 DENOMINATION, Y-END",SAR,Saudi riyal,6,Millions,130.573,A,142.928,A,158.329,A,175.222,A,184.223,A,196.93,A,239.097,A
BIS_MACRO,A:BDCA:SA:57,A,Annual,BDCA,"Central bank (S121) liabilities, currency issued (derived from BDB, for Red Book use). , NSA",SA,Saudi Arabia,57,A,All users,E,End of period,3,"COINS ISSUED, SAR 0.25 DENOMINATION, Y-END",SAR,Saudi riyal,6,Millions,66.997,A,74.375,A,77.769,A,82.066,A,87.213,A,92.215,A,112.334,A
BIS_MACRO,A:BDCA:SA:59,A,Annual,BDCA,"Central bank (S121) liabilities, currency issued (derived from BDB, for Red Book use). , NSA",SA,Saudi Arabia,59,A,All users,E,End of period,3,"COINS ISSUED, SAR 0.20 DENOMINATION, Y-END",SAR,Saudi riyal,6,Millions,2.505,A,2.505,A,2.505,A,2.505,A,2.505,A,2.505,A,2.505,A
BIS_MACRO,A:BDCA:SA:61,A,Annual,BDCA,"Central bank (S121) liabilities, currency issued (derived from BDB, for Red Book use). , NSA",SA,Saudi Arabia,61,A,All users,E,End of period,3,"COINS ISSUED, SAR 0.10 DENOMINATION, Y-END",SAR,Saudi riyal,6,Millions,32.125,A,32.191,A,32.213,A,32.236,A,32.322,A,32.593,A,36.98,A
BIS_MACRO,A:BDCA:SA:63,A,Annual,BDCA,"Central bank (S121) liabilities, currency issued (derived from BDB, for Red Book use). , NSA",SA,Saudi Arabia,63,A,All users,E,End of period,3,"COINS ISSUED, SAR 0.05 DENOMINATION, Y-END",SAR,Saudi riyal,6,Millions,8.207,A,8.239,A,8.243,A,8.259,A,8.317,A,8.477,A,10.518,A
BIS_MACRO,A:BDCA:SA:65,A,Annual,BDCA,"Central bank (S121) liabilities, currency issued (derived from BDB, for Red Book use). , NSA",SA,Saudi Arabia,65,A,All users,E,End of period,3,"COINS ISSUED, SAR 0.01 DENOMINATION, Y-END",SAR,Saudi riyal,6,Millions,0.356,A,0.357,A,0.356,A,0.356,A,0.356,A,0.364,A,0.606,A
BIS_MACRO,A:BDCA:SE:01,A,Annual,BDCA,"Central bank (S121) liabilities, currency issued (derived from BDB, for Red Book use). , NSA",SE,Sweden,1,A,All users,E,End of period,2,"CURRENCY ISSUED (NOTES AND COINS), Y-END",SEK,Swedish krona,9,Billions,96,A,86,A,83,A,73,A,62,A,58,A,62.18,A
BIS_MACRO,A:BDCA:SE:11,A,Annual,BDCA,"Central bank (S121) liabilities, currency issued (derived from BDB, for Red Book use). , NSA",SE,Sweden,11,A,All users,E,End of period,2,"NOTES ISSUED, TOTAL, Y-END",SEK,Swedish krona,9,Billions,91.06,A,80.29,A,77.89,A,68.19,A,57.54,A,55.21,A,59.15,A
BIS_MACRO,A:BDCA:SE:13,A,Annual,BDCA,"Central bank (S121) liabilities, currency issued (derived from BDB, for Red Book use). , NSA",SE,Sweden,13,A,All users,E,End of period,2,"NOTES ISSUED, SEK 1000, Y-END",SEK,Swedish krona,9,Billions,21.38,A,9.71,A,7.77,A,5.61,A,4.79,A,4.8,A,4.54,A
BIS_MACRO,A:BDCA:SE:15,A,Annual,BDCA,"Central bank (S121) liabilities, currency issued (derived from BDB, for Red Book use). , NSA",SE,Sweden,15,A,All users,E,End of period,2,"NOTES ISSUED, SEK 500, Y-END",SEK,Swedish krona,9,Billions,56.82,A,57.6,A,57.41,A,49.98,A,37.94,A,36.83,A,41.87,A
BIS_MACRO,A:BDCA:SE:17,A,Annual,BDCA,"Central bank (S121) liabilities, currency issued (derived from BDB, for Red Book use). , NSA",SE,Sweden,17,A,All users,E,End of period,2,"NOTES ISSUED, SEK 200, Y-END",SEK,Swedish krona,9,Billions,,M,,M,,M,0.93,A,6.51,A,6.24,A,5.45,A
BIS_MACRO,A:BDCA:SE:19,A,Annual,BDCA,"Central bank (S121) liabilities, currency issued (derived from BDB, for Red Book use). , NSA",SE,Sweden,19,A,All users,E,End of period,2,"NOTES ISSUED, SEK 100, Y-END",SEK,Swedish krona,9,Billions,9.78,A,9.92,A,9.63,A,8.45,A,5.17,A,4.27,A,4.22,A
BIS_MACRO,A:BDCA:SE:21,A,Annual,BDCA,"Central bank (S121) liabilities, currency issued (derived from BDB, for Red Book use). , NSA",SE,Sweden,21,A,All users,E,End of period,2,"NOTES ISSUED, SEK 50, Y-END",SEK,Swedish krona,9,Billions,1.24,A,1.24,A,1.26,A,1.28,A,1.39,A,1.37,A,1.35,A
BIS_MACRO,A:BDCA:SE:23,A,Annual,BDCA,"Central bank (S121) liabilities, currency issued (derived from BDB, for Red Book use). , NSA",SE,Sweden,23,A,All users,E,End of period,2,"NOTES ISSUED, SEK 20, Y-END",SEK,Swedish krona,9,Billions,1.83,A,1.83,A,1.82,A,1.94,A,1.73,A,1.7,A,1.71,A
BIS_MACRO,A:BDCA:SE:25,A,Annual,BDCA,"Central bank (S121) liabilities, currency issued (derived from BDB, for Red Book use). , NSA",SE,Sweden,25,A,All users,E,End of period,2,"NOTES ISSUED, SEK 10, Y-END",SEK,Swedish krona,9,Billions,,M,,M,,M,,M,,M,,M,,M
BIS_MACRO,A:BDCA:SE:27,A,Annual,BDCA,"Central bank (S121) liabilities, currency issued (derived from BDB, for Red Book use). , NSA",SE,Sweden,27,A,All users,E,End of period,2,"NOTES ISSUED, SEK 5, Y-END",SEK,Swedish krona,9,Billions,,M,,M,,M,,M,,M,,M,,M
BIS_MACRO,A:BDCA:SE:29,A,Annual,BDCA,"Central bank (S121) liabilities, currency issued (derived from BDB, for Red Book use). , NSA",SE,Sweden,29,A,All users,E,End of period,2,"NOTES, NO LONGER LEGAL TENDER, Y-END",SEK,Swedish krona,9,Billions,0.76,A,0.72,A,,M,,M,,M,,M,,
BIS_MACRO,A:BDCA:SE:51,A,Annual,BDCA,"Central bank (S121) liabilities, currency issued (derived from BDB, for Red Book use). , NSA",SE,Sweden,51,A,All users,E,End of period,2,"COINS ISSUED, TOTAL, Y-END",SEK,Swedish krona,9,Billions,5.39,A,5.41,A,5.34,A,5.26,A,4.86,A,2.77,A,3.03,A
BIS_MACRO,A:BDCA:SE:53,A,Annual,BDCA,"Central bank (S121) liabilities, currency issued (derived from BDB, for Red Book use). , NSA",SE,Sweden,53,A,All users,E,End of period,2,"COINS ISSUED, SEK 10, Y-END",SEK,Swedish krona,9,Billions,2.56,A,2.57,A,2.51,A,2.49,A,2.32,A,2.1,A,2.14,A
BIS_MACRO,A:BDCA:SE:55,A,Annual,BDCA,"Central bank (S121) liabilities, currency issued (derived from BDB, for Red Book use). , NSA",SE,Sweden,55,A,All users,E,End of period,2,"COINS ISSUED, SEK 5, Y-END",SEK,Swedish krona,9,Billions,1.32,A,1.34,A,1.34,A,1.31,A,1.19,A,0.33,A,0.44,A
BIS_MACRO,A:BDCA:SE:57,A,Annual,BDCA,"Central bank (S121) liabilities, currency issued (derived from BDB, for Red Book use). , NSA",SE,Sweden,57,A,All users,E,End of period,2,"COINS ISSUED, SEK 2, Y-END",SEK,Swedish krona,9,Billions,0.01,A,0.01,A,0.01,A,0.01,A,0.06,A,0.18,A,0.27,A
BIS_MACRO,A:BDCA:SE:59,A,Annual,BDCA,"Central bank (S121) liabilities, currency issued (derived from BDB, for Red Book use). , NSA",SE,Sweden,59,A,All users,E,End of period,2,"COINS ISSUED, SEK 1, Y-END",SEK,Swedish krona,9,Billions,1.38,A,1.39,A,1.4,A,1.39,A,1.25,A,0.13,A,0.17,A
BIS_MACRO,A:BDCA:SE:61,A,Annual,BDCA,"Central bank (S121) liabilities, currency issued (derived from BDB, for Red Book use). , NSA",SE,Sweden,61,A,All users,E,End of period,2,"COINS ISSUED, SEK 0.50, Y-END",SEK,Swedish krona,9,Billions,,M,,M,,M,,M,,M,,M,,M
BIS_MACRO,A:BDCA:SG:01,A,Annual,BDCA,"Central bank (S121) liabilities, currency issued (derived from BDB, for Red Book use). , NSA",SG,Singapore,1,A,All users,E,End of period,0,"CURRENCY ISSUED (NOTES AND COINS), Y-END",SGD,Singapore dollar,6,Millions,29113,A,31654,A,34419,A,38432,A,42508,A,45786,A,48969,A
BIS_MACRO,A:BDCA:SG:11,A,Annual,BDCA,"Central bank (S121) liabilities, currency issued (derived from BDB, for Red Book use). , NSA",SG,Singapore,11,A,All users,E,End of period,0,"NOTES ISSUED, TOTAL, Y-END",SGD,Singapore dollar,6,Millions,28043,A,30540,A,33252,A,37212,A,41234,A,44472,A,47635,A
BIS_MACRO,A:BDCA:SG:13,A,Annual,BDCA,"Central bank (S121) liabilities, currency issued (derived from BDB, for Red Book use). , NSA",SG,Singapore,13,A,All users,E,End of period,0,"NOTES ISSUED, SGD 10,000, Y-END",SGD,Singapore dollar,6,Millions,1914,A,2004,A,1933,A,1691,A,1575,A,1471,A,1409,A
BIS_MACRO,A:BDCA:SG:15,A,Annual,BDCA,"Central bank (S121) liabilities, currency issued (derived from BDB, for Red Book use). , NSA",SG,Singapore,15,A,All users,E,End of period,0,"NOTES ISSUED, SGD 1,000, Y-END",SGD,Singapore dollar,6,Millions,10703,A,12160,A,13742,A,15378,A,18467,A,22046,A,23212,A
BIS_MACRO,A:BDCA:SG:17,A,Annual,BDCA,"Central bank (S121) liabilities, currency issued (derived from BDB, for Red Book use). , NSA",SG,Singapore,17,A,All users,E,End of period,0,"NOTES ISSUED, SGD 500, Y-END",SGD,Singapore dollar,6,Millions,247,A,243,A,240,A,238,A,236,A,233,A,231,A
BIS_MACRO,A:BDCA:SG:19,A,Annual,BDCA,"Central bank (S121) liabilities, currency issued (derived from BDB, for Red Book use). , NSA",SG,Singapore,19,A,All users,E,End of period,0,"NOTES ISSUED, SGD 100, Y-END",SGD,Singapore dollar,6,Millions,2156,A,2679,A,2945,A,3614,A,3898,A,4296,A,5368,A
BIS_MACRO,A:BDCA:SG:21,A,Annual,BDCA,"Central bank (S121) liabilities, currency issued (derived from BDB, for Red Book use). , NSA",SG,Singapore,21,A,All users,E,End of period,0,"NOTES ISSUED, SGD 50, Y-END",SGD,Singapore dollar,6,Millions,9701,A,9950,A,10705,A,12031,A,12714,A,12040,A,12855,A
BIS_MACRO,A:BDCA:SG:23,A,Annual,BDCA,"Central bank (S121) liabilities, currency issued (derived from BDB, for Red Book use). , NSA",SG,Singapore,23,A,All users,E,End of period,0,"NOTES ISSUED, SGD 25, Y-END",SGD,Singapore dollar,6,Millions,10,A,10,A,10,A,10,A,10,A,10,A,10,A
BIS_MACRO,A:BDCA:SG:25,A,Annual,BDCA,"Central bank (S121) liabilities, currency issued (derived from BDB, for Red Book use). , NSA",SG,Singapore,25,A,All users,E,End of period,0,"NOTES ISSUED, SGD 20, Y-END",SGD,Singapore dollar,6,Millions,173,A,175,A,175,A,175,A,175,A,174,A,174,A
BIS_MACRO,A:BDCA:SG:27,A,Annual,BDCA,"Central bank (S121) liabilities, currency issued (derived from BDB, for Red Book use). , NSA",SG,Singapore,27,A,All users,E,End of period,0,"NOTES ISSUED, SGD 10, Y-END",SGD,Singapore dollar,6,Millions,1948,A,2071,A,2197,A,2692,A,2719,A,2723,A,2855,A
BIS_MACRO,A:BDCA:SG:29,A,Annual,BDCA,"Central bank (S121) liabilities, currency issued (derived from BDB, for Red Book use). , NSA",SG,Singapore,29,A,All users,E,End of period,0,"NOTES ISSUED, SGD 5, Y-END",SGD,Singapore dollar,6,Millions,324,A,340,A,359,A,385,A,408,A,417,A,433,A
BIS_MACRO,A:BDCA:SG:35,A,Annual,BDCA,"Central bank (S121) liabilities, currency issued (derived from BDB, for Red Book use). , NSA",SG,Singapore,35,A,All users,E,End of period,0,"NOTES ISSUED, SGD 2, Y-END",SGD,Singapore dollar,6,Millions,726,A,767,A,807,A,858,A,893,A,924,A,952,A
BIS_MACRO,A:BDCA:SG:37,A,Annual,BDCA,"Central bank (S121) liabilities, currency issued (derived from BDB, for Red Book use). , NSA",SG,Singapore,37,A,All users,E,End of period,0,"NOTES ISSUED, SGD 1, Y-END",SGD,Singapore dollar,6,Millions,140,A,140,A,139,A,139,A,138,A,138,A,138,A
BIS_MACRO,A:BDCA:SG:51,A,Annual,BDCA,"Central bank (S121) liabilities, currency issued (derived from BDB, for Red Book use). , NSA",SG,Singapore,51,A,All users,E,End of period,0,"COINS ISSUED, TOTAL, Y-END",SGD,Singapore dollar,6,Millions,1071,A,1114,A,1167,A,1221,A,1274,A,1314,A,1334,A
BIS_MACRO,A:BDCA:SG:53,A,Annual,BDCA,"Central bank (S121) liabilities, currency issued (derived from BDB, for Red Book use). , NSA",SG,Singapore,53,A,All users,E,End of period,0,"COINS ISSUED, SGD 5, Y-END",SGD,Singapore dollar,6,Millions,6,A,6,A,6,A,6,A,6,A,6,A,6,A
BIS_MACRO,A:BDCA:SG:55,A,Annual,BDCA,"Central bank (S121) liabilities, currency issued (derived from BDB, for Red Book use). , NSA",SG,Singapore,55,A,All users,E,End of period,0,"COINS ISSUED, SGD 1, Y-END",SGD,Singapore dollar,6,Millions,540,A,559,A,584,A,609,A,637,A,659,A,668,A
BIS_MACRO,A:BDCA:SG:57,A,Annual,BDCA,"Central bank (S121) liabilities, currency issued (derived from BDB, for Red Book use). , NSA",SG,Singapore,57,A,All users,E,End of period,0,"COINS ISSUED, SGD 0.50, Y-END",SGD,Singapore dollar,6,Millions,207,A,218,A,232,A,245,A,257,A,265,A,271,A
BIS_MACRO,A:BDCA:SG:59,A,Annual,BDCA,"Central bank (S121) liabilities, currency issued (derived from BDB, for Red Book use). , NSA",SG,Singapore,59,A,All users,E,End of period,0,"COINS ISSUED, SGD 0.20, Y-END",SGD,Singapore dollar,6,Millions,154,A,161,A,171,A,180,A,187,A,193,A,197,A
BIS_MACRO,A:BDCA:SG:61,A,Annual,BDCA,"Central bank (S121) liabilities, currency issued (derived from BDB, for Red Book use). , NSA",SG,Singapore,61,A,All users,E,End of period,0,"COINS ISSUED, SGD 0.10, Y-END",SGD,Singapore dollar,6,Millions,119,A,122,A,127,A,132,A,136,A,139,A,140,A
BIS_MACRO,A:BDCA:SG:63,A,Annual,BDCA,"Central bank (S121) liabilities, currency issued (derived from BDB, for Red Book use). , NSA",SG,Singapore,63,A,All users,E,End of period,0,"COINS ISSUED, SGD 0.05, Y-END",SGD,Singapore dollar,6,Millions,39,A,40,A,42,A,43,A,44,A,45,A,46,A
BIS_MACRO,A:BDCA:SG:65,A,Annual,BDCA,"Central bank (S121) liabilities, currency issued (derived from BDB, for Red Book use). , NSA",SG,Singapore,65,A,All users,E,End of period,0,"COINS ISSUED, SGD 0.01, Y-END",SGD,Singapore dollar,6,Millions,7,A,7,A,7,A,7,A,7,A,7,A,7,A
BIS_MACRO,A:BDCA:TR:01,A,Annual,BDCA,"Central bank (S121) liabilities, currency issued (derived from BDB, for Red Book use). , NSA",TR,Turkey,1,A,All users,E,End of period,3,"CURRENCY ISSUED (NOTES AND COINS), Y-END",TRY,Turkish lira,6,Millions,61664.807,A,76105.498,A,86619.777,A,104857.55,A,125046.544,A,133738.134,A,134992.841,A
BIS_MACRO,A:BDCA:TR:11,A,Annual,BDCA,"Central bank (S121) liabilities, currency issued (derived from BDB, for Red Book use). , NSA",TR,Turkey,11,A,All users,E,End of period,3,"NOTES ISSUED, TOTAL, Y-END",TRY,Turkish lira,6,Millions,60525.482,A,74814.59,A,85118.222,A,103042.636,A,122959.913,A,131457.662,A,132261.722,A
BIS_MACRO,A:BDCA:TR:13,A,Annual,BDCA,"Central bank (S121) liabilities, currency issued (derived from BDB, for Red Book use). , NSA",TR,Turkey,13,A,All users,E,End of period,3,"NOTES ISSUED, TRY 200 DENOMINATION, Y-END",TRY,Turkish lira,6,Millions,14279.015,A,18584.78,A,22455.699,A,28742.042,A,33345.12,A,33910.867,A,37451.976,A
BIS_MACRO,A:BDCA:TR:15,A,Annual,BDCA,"Central bank (S121) liabilities, currency issued (derived from BDB, for Red Book use). , NSA",TR,Turkey,15,A,All users,E,End of period,3,"NOTES ISSUED, TRY 100 DENOMINATION, Y-END",TRY,Turkish lira,6,Millions,29495.564,A,37680.016,A,43517.845,A,53102.831,A,66253.607,A,72679.221,A,70991.012,A
BIS_MACRO,A:BDCA:TR:17,A,Annual,BDCA,"Central bank (S121) liabilities, currency issued (derived from BDB, for Red Book use). , NSA",TR,Turkey,17,A,All users,E,End of period,3,"NOTES ISSUED, TRY 50 DENOMINATION, Y-END",TRY,Turkish lira,6,Millions,11108.885,A,12312.721,A,12623.8,A,14042.305,A,15900.096,A,16875.189,A,15835.818,A
BIS_MACRO,A:BDCA:TR:19,A,Annual,BDCA,"Central bank (S121) liabilities, currency issued (derived from BDB, for Red Book use). , NSA",TR,Turkey,19,A,All users,E,End of period,3,"NOTES ISSUED, TRY 20 DENOMINATION, Y-END",TRY,Turkish lira,6,Millions,3311.884,A,3705.924,A,3837.108,A,4231.191,A,4416.691,A,4685.897,A,4551.299,A
BIS_MACRO,A:BDCA:TR:21,A,Annual,BDCA,"Central bank (S121) liabilities, currency issued (derived from BDB, for Red Book use). , NSA",TR,Turkey,21,A,All users,E,End of period,3,"NOTES ISSUED, TRY 10 DENOMINATION, Y-END",TRY,Turkish lira,6,Millions,1522.256,A,1631.29,A,1732.696,A,1895.481,A,2010.455,A,2167.863,A,2208.412,A
BIS_MACRO,A:BDCA:TR:23,A,Annual,BDCA,"Central bank (S121) liabilities, currency issued (derived from BDB, for Red Book use). , NSA",TR,Turkey,23,A,All users,E,End of period,3,"NOTES ISSUED, TRY 5 DENOMINATION, Y-END",TRY,Turkish lira,6,Millions,754.913,A,846.992,A,898.257,A,976.04,A,1024.772,A,1129.458,A,1214.04,A
BIS_MACRO,A:BDCA:TR:25,A,Annual,BDCA,"Central bank (S121) liabilities, currency issued (derived from BDB, for Red Book use). , NSA",TR,Turkey,25,A,All users,E,End of period,3,"NOTES ISSUED, OTHER DENOMINATION, Y-END",TRY,Turkish lira,6,Millions,52.966,A,52.866,A,52.817,A,52.747,A,9.173,A,9.169,A,9.166,A
BIS_MACRO,A:BDCA:TR:51,A,Annual,BDCA,"Central bank (S121) liabilities, currency issued (derived from BDB, for Red Book use). , NSA",TR,Turkey,51,A,All users,E,End of period,3,"COINS ISSUED, TOTAL, Y-END",TRY,Turkish lira,6,Millions,1139.325,A,1290.909,A,1501.555,A,1814.914,A,2086.632,A,2280.472,A,2731.118,A
BIS_MACRO,A:BDCA:TR:53,A,Annual,BDCA,"Central bank (S121) liabilities, currency issued (derived from BDB, for Red Book use). , NSA",TR,Turkey,53,A,All users,E,End of period,3,"COINS ISSUED, TRY 1.00 DENOMINATION, Y-END",TRY,Turkish lira,6,Millions,720.898,A,809.149,A,934.15,A,1146.864,A,1330.679,A,1464.379,A,1763.271,A
BIS_MACRO,A:BDCA:TR:55,A,Annual,BDCA,"Central bank (S121) liabilities, currency issued (derived from BDB, for Red Book use). , NSA",TR,Turkey,55,A,All users,E,End of period,3,"COINS ISSUED, TRY 0.50 DENOMINATION, Y-END",TRY,Turkish lira,6,Millions,181.766,A,204.499,A,237.987,A,274.507,A,307,A,327.61,A,400.155,A
BIS_MACRO,A:BDCA:TR:57,A,Annual,BDCA,"Central bank (S121) liabilities, currency issued (derived from BDB, for Red Book use). , NSA",TR,Turkey,57,A,All users,E,End of period,3,"COINS ISSUED, TRY 0.25 DENOMINATION, Y-END",TRY,Turkish lira,6,Millions,115.698,A,135.561,A,162.235,A,196.641,A,222.91,A,243.301,A,287.584,A
BIS_MACRO,A:BDCA:TR:59,A,Annual,BDCA,"Central bank (S121) liabilities, currency issued (derived from BDB, for Red Book use). , NSA",TR,Turkey,59,A,All users,E,End of period,3,"COINS ISSUED, TRY 0.10 DENOMINATION, Y-END",TRY,Turkish lira,6,Millions,82.99,A,96.346,A,113.3,A,133.488,A,151.653,A,163.097,A,185.014,A
BIS_MACRO,A:BDCA:TR:61,A,Annual,BDCA,"Central bank (S121) liabilities, currency issued (derived from BDB, for Red Book use). , NSA",TR,Turkey,61,A,All users,E,End of period,3,"COINS ISSUED, TRY 0.05 DENOMINATION, Y-END",TRY,Turkish lira,6,Millions,37.342,A,44.196,A,52.573,A,61.704,A,72.303,A,79.806,A,92.333,A
BIS_MACRO,A:BDCA:TR:63,A,Annual,BDCA,"Central bank (S121) liabilities, currency issued (derived from BDB, for Red Book use). , NSA",TR,Turkey,63,A,All users,E,End of period,3,"COINS ISSUED, TRY 0.01 DENOMINATION, Y-END",TRY,Turkish lira,6,Millions,0.63,A,1.157,A,1.309,A,1.71,A,2.086,A,2.279,A,2.762,A
BIS_MACRO,A:BDCA:US:01,A,Annual,BDCA,"Central bank (S121) liabilities, currency issued (derived from BDB, for Red Book use). , NSA",US,United States,1,A,All users,E,End of period,2,"CURRENCY ISSUED (NOTES AND COINS), Y-END",USD,US dollar,9,Billions,1169.16,A,1241.23,A,1342.96,A,1424.97,A,1509.44,A,1618.01,A,1719.26,A
BIS_MACRO,A:BDCA:US:11,A,Annual,BDCA,"Central bank (S121) liabilities, currency issued (derived from BDB, for Red Book use). , NSA",US,United States,11,A,All users,E,End of period,2,"NOTES ISSUED, TOTAL, Y-END",USD,US dollar,9,Billions,1127.1,A,1198.35,A,1299.14,A,1379.96,A,1463.36,A,1571.15,A,1671.86,A
BIS_MACRO,A:BDCA:US:13,A,Annual,BDCA,"Central bank (S121) liabilities, currency issued (derived from BDB, for Red Book use). , NSA",US,United States,13,A,All users,E,End of period,2,"NOTES ISSUED, USD 100, Y-END",USD,US dollar,9,Billions,863.07,A,924.71,A,1014.5,A,1082.24,A,1154.77,A,1251.72,A,1343.51,A
BIS_MACRO,A:BDCA:US:15,A,Annual,BDCA,"Central bank (S121) liabilities, currency issued (derived from BDB, for Red Book use). , NSA",US,United States,15,A,All users,E,End of period,2,"NOTES ISSUED, USD 50, Y-END",USD,US dollar,9,Billions,72.52,A,74.48,A,76.93,A,79.81,A,83.49,A,86.37,A,89.15,A
BIS_MACRO,A:BDCA:US:17,A,Annual,BDCA,"Central bank (S121) liabilities, currency issued (derived from BDB, for Red Book use). , NSA",US,United States,17,A,All users,E,End of period,2,"NOTES ISSUED, USD 20, Y-END",USD,US dollar,9,Billions,148.95,A,155,A,162.17,A,171.28,A,177.24,A,183.79,A,188.52,A
BIS_MACRO,A:BDCA:US:19,A,Annual,BDCA,"Central bank (S121) liabilities, currency issued (derived from BDB, for Red Book use). , NSA",US,United States,19,A,All users,E,End of period,2,"NOTES ISSUED, USD 10, Y-END",USD,US dollar,9,Billions,17.75,A,18.46,A,18.89,A,18.95,A,19.24,A,19.64,A,20.11,A
BIS_MACRO,A:BDCA:US:21,A,Annual,BDCA,"Central bank (S121) liabilities, currency issued (derived from BDB, for Red Book use). , NSA",US,United States,21,A,All users,E,End of period,2,"NOTES ISSUED, USD 5, Y-END",USD,US dollar,9,Billions,12.22,A,12.7,A,13.12,A,13.71,A,14.22,A,14.82,A,15.37,A
BIS_MACRO,A:BDCA:US:23,A,Annual,BDCA,"Central bank (S121) liabilities, currency issued (derived from BDB, for Red Book use). , NSA",US,United States,23,A,All users,E,End of period,2,"NOTES ISSUED, USD 1, Y-END",USD,US dollar,9,Billions,10.3,A,10.61,A,11.04,A,11.39,A,11.74,A,12.06,A,12.37,A
BIS_MACRO,A:BDCA:US:25,A,Annual,BDCA,"Central bank (S121) liabilities, currency issued (derived from BDB, for Red Book use). , NSA",US,United States,25,A,All users,E,End of period,2,"NOTES ISSUED, OTHER, Y-END",USD,US dollar,9,Billions,2.3,A,2.4,A,2.49,A,2.58,A,2.66,A,2.75,A,2.83,A
BIS_MACRO,A:BDCA:US:51,A,Annual,BDCA,"Central bank (S121) liabilities, currency issued (derived from BDB, for Red Book use). , NSA",US,United States,51,A,All users,E,End of period,2,"COINS ISSUED, TOTAL, Y-END",USD,US dollar,9,Billions,42.03,A,42.82,A,43.74,A,44.97,A,45.97,A,46.77,A,49.29,A
BIS_MACRO,A:BDCA:US:53,A,Annual,BDCA,"Central bank (S121) liabilities, currency issued (derived from BDB, for Red Book use). , NSA",US,United States,53,A,All users,E,End of period,2,"COINS ISSUED, USD 1, Y-END",USD,US dollar,9,Billions,4.93,A,5.02,A,5.08,A,5.17,A,5.24,A,5.31,A,6.55,A
BIS_MACRO,A:BDCA:US:55,A,Annual,BDCA,"Central bank (S121) liabilities, currency issued (derived from BDB, for Red Book use). , NSA",US,United States,55,A,All users,E,End of period,2,"COINS ISSUED (FRACTIONAL COINS), USD, Y-END",USD,US dollar,9,Billions,37.1,A,37.8,A,38.66,A,39.79,A,40.74,A,41.45,A,42.74,A
BIS_MACRO,A:BDCA:XM:01,A,Annual,BDCA,"Central bank (S121) liabilities, currency issued (derived from BDB, for Red Book use). , NSA",XM,Euro area,1,A,All users,E,End of period,2,"CURRENCY ISSUED (NOTES AND COINS) (MU11-17), M-END NSA",EUR,Euro,9,Billions,938.17,A,982.43,A,1043.81,A,1111.81,A,1155.4,A,1201.1,A,1262.62,A
BIS_MACRO,A:BDCA:XM:11,A,Annual,BDCA,"Central bank (S121) liabilities, currency issued (derived from BDB, for Red Book use). , NSA",XM,Euro area,11,A,All users,E,End of period,2,"NOTES ISSUED, TOTAL, M-END",EUR,Euro,9,Billions,912.59,A,956.18,A,1016.54,A,1083.43,A,1126.22,A,1170.73,A,1231.13,A
BIS_MACRO,A:BDCA:XM:13,A,Annual,BDCA,"Central bank (S121) liabilities, currency issued (derived from BDB, for Red Book use). , NSA",XM,Euro area,13,A,All users,E,End of period,2,"NOTES ISSUED, EUR 500, M-END",EUR,Euro,9,Billions,293.73,A,291.57,A,303.02,A,306.78,A,269.93,A,256.76,A,260.82,A
BIS_MACRO,A:BDCA:XM:15,A,Annual,BDCA,"Central bank (S121) liabilities, currency issued (derived from BDB, for Red Book use). , NSA",XM,Euro area,15,A,All users,E,End of period,2,"NOTES ISSUED, EUR 200, M-END",EUR,Euro,9,Billions,36.85,A,39.78,A,40.78,A,41.38,A,46.72,A,49.34,A,51.14,A
BIS_MACRO,A:BDCA:XM:17,A,Annual,BDCA,"Central bank (S121) liabilities, currency issued (derived from BDB, for Red Book use). , NSA",XM,Euro area,17,A,All users,E,End of period,2,"NOTES ISSUED, EUR 100, M-END",EUR,Euro,9,Billions,170.61,A,185,A,201.62,A,214.48,A,243.26,A,262.37,A,280.45,A
BIS_MACRO,A:BDCA:XM:19,A,Annual,BDCA,"Central bank (S121) liabilities, currency issued (derived from BDB, for Red Book use). , NSA",XM,Euro area,19,A,All users,E,End of period,2,"NOTES ISSUED, EUR 50, M-END",EUR,Euro,9,Billions,321.86,A,348.14,A,375.43,A,419.91,A,461.57,A,491.31,A,522.34,A
BIS_MACRO,A:BDCA:XM:21,A,Annual,BDCA,"Central bank (S121) liabilities, currency issued (derived from BDB, for Red Book use). , NSA",XM,Euro area,21,A,All users,E,End of period,2,"NOTES ISSUED, EUR 20, M-END",EUR,Euro,9,Billions,59.77,A,61.78,A,64.67,A,68.79,A,71.83,A,76.59,A,80.41,A
BIS_MACRO,A:BDCA:XM:23,A,Annual,BDCA,"Central bank (S121) liabilities, currency issued (derived from BDB, for Red Book use). , NSA",XM,Euro area,23,A,All users,E,End of period,2,"NOTES ISSUED, EUR 10, M-END",EUR,Euro,9,Billions,21.71,A,21.56,A,22.44,A,23.26,A,23.89,A,25.04,A,26.3,A
BIS_MACRO,A:BDCA:XM:25,A,Annual,BDCA,"Central bank (S121) liabilities, currency issued (derived from BDB, for Red Book use). , NSA",XM,Euro area,25,A,All users,E,End of period,2,"NOTES ISSUED, EUR 5, M-END",EUR,Euro,9,Billions,8.07,A,8.36,A,8.58,A,8.83,A,9.03,A,9.32,A,9.68,A
BIS_MACRO,A:BDCA:XM:51,A,Annual,BDCA,"Central bank (S121) liabilities, currency issued (derived from BDB, for Red Book use). , NSA",XM,Euro area,51,A,All users,E,End of period,2,"COINS ISSUED, TOTAL, M-END",EUR,Euro,9,Billions,23.66,A,24.21,A,25,A,26.01,A,26.93,A,28.01,A,29,A
BIS_MACRO,A:BDCA:XM:53,A,Annual,BDCA,"Central bank (S121) liabilities, currency issued (derived from BDB, for Red Book use). , NSA",XM,Euro area,53,A,All users,E,End of period,2,"COINS ISSUED, EUR 2, M-END",EUR,Euro,9,Billions,9.87,A,10.19,A,10.58,A,11.14,A,11.63,A,12.16,A,12.67,A
BIS_MACRO,A:BDCA:XM:55,A,Annual,BDCA,"Central bank (S121) liabilities, currency issued (derived from BDB, for Red Book use). , NSA",XM,Euro area,55,A,All users,E,End of period,2,"COINS ISSUED, EUR 1, M-END",EUR,Euro,9,Billions,6.46,A,6.51,A,6.66,A,6.82,A,6.98,A,7.21,A,7.39,A
BIS_MACRO,A:BDCA:XM:57,A,Annual,BDCA,"Central bank (S121) liabilities, currency issued (derived from BDB, for Red Book use). , NSA",XM,Euro area,57,A,All users,E,End of period,2,"COINS ISSUED, EUR 0.50, M-END",EUR,Euro,9,Billions,2.67,A,2.72,A,2.79,A,2.88,A,2.95,A,3.05,A,3.15,A
BIS_MACRO,A:BDCA:XM:59,A,Annual,BDCA,"Central bank (S121) liabilities, currency issued (derived from BDB, for Red Book use). , NSA",XM,Euro area,59,A,All users,E,End of period,2,"COINS ISSUED, EUR 0.20, M-END",EUR,Euro,9,Billions,1.91,A,1.95,A,2.01,A,2.09,A,2.16,A,2.24,A,2.33,A
BIS_MACRO,A:BDCA:XM:61,A,Annual,BDCA,"Central bank (S121) liabilities, currency issued (derived from BDB, for Red Book use). , NSA",XM,Euro area,61,A,All users,E,End of period,2,"COINS ISSUED, EUR 0.10, M-END",EUR,Euro,9,Billions,1.24,A,1.27,A,1.32,A,1.37,A,1.41,A,1.46,A,1.51,A
BIS_MACRO,A:BDCA:XM:63,A,Annual,BDCA,"Central bank (S121) liabilities, currency issued (derived from BDB, for Red Book use). , NSA",XM,Euro area,63,A,All users,E,End of period,2,"COINS ISSUED, EUR 0.05, M-END",EUR,Euro,9,Billions,0.83,A,0.86,A,0.9,A,0.94,A,0.98,A,1.02,A,1.06,A
BIS_MACRO,A:BDCA:XM:65,A,Annual,BDCA,"Central bank (S121) liabilities, currency issued (derived from BDB, for Red Book use). , NSA",XM,Euro area,65,A,All users,E,End of period,2,"COINS ISSUED, EUR 0.02, M-END",EUR,Euro,9,Billions,0.41,A,0.43,A,0.46,A,0.48,A,0.5,A,0.53,A,0.55,A
BIS_MACRO,A:BDCA:XM:67,A,Annual,BDCA,"Central bank (S121) liabilities, currency issued (derived from BDB, for Red Book use). , NSA",XM,Euro area,67,A,All users,E,End of period,2,"COINS ISSUED, EUR 0.01, M-END",EUR,Euro,9,Billions,0.26,A,0.28,A,0.29,A,0.31,A,0.33,A,0.34,A,0.36,A
BIS_MACRO,A:BDCA:ZA:01,A,Annual,BDCA,"Central bank (S121) liabilities, currency issued (derived from BDB, for Red Book use). , NSA",ZA,South Africa,1,A,All users,A,Average of observations through period,0,"CURRENCY ISSUED (NOTES AND COINS), Y-END",ZAR,Rand,6,Millions,112169,A,119057,A,131334,A,137991,A,149194,A,156212,A,166572,A
BIS_MACRO,A:BDCA:ZA:11,A,Annual,BDCA,"Central bank (S121) liabilities, currency issued (derived from BDB, for Red Book use). , NSA",ZA,South Africa,11,A,All users,E,End of period,3,"NOTES ISSUED, TOTAL, Y-END",ZAR,Rand,6,Millions,107593,A,114242,A,126249,A,132572,A,143576,A,150319,A,160393,A
BIS_MACRO,A:BDCA:ZA:13,A,Annual,BDCA,"Central bank (S121) liabilities, currency issued (derived from BDB, for Red Book use). , NSA",ZA,South Africa,13,A,All users,E,End of period,3,"NOTES ISSUED, ZAR 200 DENOMINATION, Y-END",ZAR,Rand,6,Millions,21448,A,30048,A,40984,A,46975,A,57369,A,63216,A,66589,A
BIS_MACRO,A:BDCA:ZA:15,A,Annual,BDCA,"Central bank (S121) liabilities, currency issued (derived from BDB, for Red Book use). , NSA",ZA,South Africa,15,A,All users,E,End of period,3,"NOTES ISSUED, ZAR 100 DENOMINATION, Y-END",ZAR,Rand,6,Millions,72909,A,70447,A,70783,A,70756,A,71361,A,71812,A,75646,A
BIS_MACRO,A:BDCA:ZA:17,A,Annual,BDCA,"Central bank (S121) liabilities, currency issued (derived from BDB, for Red Book use). , NSA",ZA,South Africa,17,A,All users,E,End of period,3,"NOTES ISSUED, ZAR 50 DENOMINATION, Y-END",ZAR,Rand,6,Millions,8079,A,8588,A,8903,A,9283,A,9374,A,9531,A,11807,A
BIS_MACRO,A:BDCA:ZA:19,A,Annual,BDCA,"Central bank (S121) liabilities, currency issued (derived from BDB, for Red Book use). , NSA",ZA,South Africa,19,A,All users,E,End of period,3,"NOTES ISSUED, ZAR 20 DENOMINATION, Y-END",ZAR,Rand,6,Millions,3479,A,3402,A,3708,A,3642,A,3575,A,3831,A,4381,A
BIS_MACRO,A:BDCA:ZA:21,A,Annual,BDCA,"Central bank (S121) liabilities, currency issued (derived from BDB, for Red Book use). , NSA",ZA,South Africa,21,A,All users,E,End of period,3,"NOTES ISSUED, ZAR 10 DENOMINATION, Y-END",ZAR,Rand,6,Millions,1678,A,1757,A,1871,A,1916,A,1896,A,1928,A,1970,A
BIS_MACRO,A:BDCA:ZA:51,A,Annual,BDCA,"Central bank (S121) liabilities, currency issued (derived from BDB, for Red Book use). , NSA",ZA,South Africa,51,A,All users,E,End of period,3,"COINS ISSUED, TOTAL, Y-END",ZAR,Rand,6,Millions,4576,A,4814,A,5085,A,5419,A,5618,A,5893,A,6179,A
BIS_MACRO,A:BDCA:ZA:53,A,Annual,BDCA,"Central bank (S121) liabilities, currency issued (derived from BDB, for Red Book use). , NSA",ZA,South Africa,53,A,All users,E,End of period,3,"COINS ISSUED, ZAR 5.00 DENOMINATION, Y-END",ZAR,Rand,6,Millions,1392.24,A,1494.46,A,1584.99,A,1704.79,A,1748.43,A,1864.18,A,1991.81,A
BIS_MACRO,A:BDCA:ZA:55,A,Annual,BDCA,"Central bank (S121) liabilities, currency issued (derived from BDB, for Red Book use). , NSA",ZA,South Africa,55,A,All users,E,End of period,3,"COINS ISSUED, ZAR 2.00 DENOMINATION, Y-END",ZAR,Rand,6,Millions,1057.62,A,1109.11,A,1177.09,A,1262.36,A,1309.1,A,1364.15,A,1422.81,A
BIS_MACRO,A:BDCA:ZA:57,A,Annual,BDCA,"Central bank (S121) liabilities, currency issued (derived from BDB, for Red Book use). , NSA",ZA,South Africa,57,A,All users,E,End of period,3,"COINS ISSUED, ZAR 1.00 DENOMINATION, Y-END",ZAR,Rand,6,Millions,725.8,A,746.33,A,792.3,A,838.85,A,879.84,A,918.46,A,952.76,A
BIS_MACRO,A:BDCA:ZA:59,A,Annual,BDCA,"Central bank (S121) liabilities, currency issued (derived from BDB, for Red Book use). , NSA",ZA,South Africa,59,A,All users,E,End of period,3,"COINS ISSUED, ZAR 0.50 DENOMINATION, Y-END",ZAR,Rand,6,Millions,384.49,A,396.17,A,405.68,A,425.39,A,438.04,A,447.24,A,456.35,A
BIS_MACRO,A:BDCA:ZA:61,A,Annual,BDCA,"Central bank (S121) liabilities, currency issued (derived from BDB, for Red Book use). , NSA",ZA,South Africa,61,A,All users,E,End of period,3,"COINS ISSUED, ZAR 0.20 DENOMINATION, Y-END",ZAR,Rand,6,Millions,334.21,A,346.07,A,363.03,A,382.22,A,403.87,A,417.53,A,433.94,A
BIS_MACRO,A:BDCA:ZA:63,A,Annual,BDCA,"Central bank (S121) liabilities, currency issued (derived from BDB, for Red Book use). , NSA",ZA,South Africa,63,A,All users,E,End of period,3,"COINS ISSUED, ZAR 0.10 DENOMINATION, Y-END",ZAR,Rand,6,Millions,311.76,A,352.51,A,392.34,A,435.59,A,469.52,A,511.71,A,551.45,A
BIS_MACRO,A:BDCA:ZA:65,A,Annual,BDCA,"Central bank (S121) liabilities, currency issued (derived from BDB, for Red Book use). , NSA",ZA,South Africa,65,A,All users,E,End of period,3,"COINS ISSUED, ZAR 0.05 DENOMINATION, Y-END",ZAR,Rand,6,Millions,369.71,A,369.67,A,369.67,A,369.57,A,369.57,A,369.57,A,369.57,A
BIS_MACRO,A:BFHA:AR:R1,A,Annual,BFHA,"Central bank liabs, non-banks currency holdings. , NSA",AR,Argentina,R1,A,All users,A,Average of observations through period,2,"NOTES & COINS (CURRENCY) HELD BY NON-BANKS (IN M1), Y-END",ARS,Argentine peso,9,Billions,209.91,A,257.72,A,315.79,A,425.54,A,527.61,A,702.05,A,740.72,A
BIS_MACRO,A:BFHA:AU:R1,A,Annual,BFHA,"Central bank liabs, non-banks currency holdings. , NSA",AU,Australia,R1,A,All users,E,End of period,2,"NOTES & COINS (CURRENCY) HELD BY NON-BANKS (IN M1), Y-END",AUD,Australian dollar,9,Billions,53.77,A,57.67,A,62,A,67.43,A,71.09,A,73.89,A,76.67,A
BIS_MACRO,A:BFHA:BR:R1,A,Annual,BFHA,"Central bank liabs, non-banks currency holdings. , NSA",BR,Brazil,R1,A,All users,A,Average of observations through period,2,"NOTES & COINS (CURRENCY) HELD BY NON-BANKS (IN M1), Y-END",BRL,Brazilian real,9,Billions,149.64,A,163.88,A,178.25,A,185.28,A,191.97,A,203.91,A,218.16,A
BIS_MACRO,A:BFHA:CA:R1,A,Annual,BFHA,"Central bank liabs, non-banks currency holdings. , NSA",CA,Canada,R1,A,All users,E,End of period,2,"CURRENCY (NOTES AND COINS IN CIRCULATION) OUTSIDE BANKS, Y-END",CAD,Canadian dollar,9,Billions,62.22,A,65.54,A,69.44,A,74.64,A,79.35,A,84.01,A,88.09,A
BIS_MACRO,A:BFHA:CH:R1,A,Annual,BFHA,"Central bank liabs, non-banks currency holdings. , NSA",CH,Switzerland,R1,A,All users,E,End of period,0,"NOTES & COINS (CURRENCY) HELD BY N-BKS(IN M1)(INCL.LI),Y-END",CHF,Swiss franc,6,Millions,56933,A,60480,A,62687,A,68581,A,73632,A,77417,A,78309,A
BIS_MACRO,A:BFHA:CN:R1,A,Annual,BFHA,"Central bank liabs, non-banks currency holdings. , NSA",CN,China,R1,A,All users,E,End of period,3,"CURRENCY (NOTES AND COINS) IN CIRCULATION OUTSIDE BANKS, Y-END",CNY,Renminbi,9,Billions,5465.977,A,5857.444,A,6025.953,A,6321.658,A,6830.387,A,7064.56,A,7320.84,A
BIS_MACRO,A:BFHA:GB:R1,A,Annual,BFHA,"Central bank liabs, non-banks currency holdings. , NSA",GB,United Kingdom,R1,A,All users,E,End of period,2,"CURRENCY (NOTES AND COINS IN CIRCULATION) OUTSIDE BANKS, Y-END",GBP,Pound (sterling),9,Billions,57.84,A,60.55,A,63.83,A,67.67,A,73.89,A,75.11,A,75.37,A
BIS_MACRO,A:BFHA:HK:R1,A,Annual,BFHA,"Central bank liabs, non-banks currency holdings. , NSA",HK,Hong Kong SAR,R1,A,All users,E,End of period,0,"CURRENCY (NOTES AND COINS IN CIRCULATION) OUTSIDE BANKS, Y-END",HKD,Hong Kong dollar,6,Millions,281865,A,313879,A,330086,A,349340,A,390470,A,438754,A,466539,A
BIS_MACRO,A:BFHA:ID:R1,A,Annual,BFHA,"Central bank liabs, non-banks currency holdings. , NSA",ID,Indonesia,R1,A,All users,E,End of period,1,"NOTES & COINS (CURRENCY) HELD BY M4 PRIVATE SECTOR, Y-END",IDR,Rupiah,9,Billions,361897.3,A,399608.7,A,419261.8,A,469534.2,A,508123.7,A,586576.3,A,625370.5,A
BIS_MACRO,A:BFHA:IN:R1,A,Annual,BFHA,"Central bank liabs, non-banks currency holdings. , NSA",IN,India,R1,A,All users,E,End of period,2,"NOTES & COINS (CURRENCY) HELD BY NON-BANKS (IN M1), Y-END",INR,Indian rupee,9,Billions,10914.32,A,12136.64,A,13264.61,A,14997.48,A,7858.59,A,16164.23,A,19509.35,A
BIS_MACRO,A:BFHA:JP:R1,A,Annual,BFHA,"Central bank liabs, non-banks currency holdings. , NSA",JP,Japan,R1,A,All users,E,End of period,1,"CURRENCY (NOTES AND COINS IN CIRCULATION) OUTSIDE BANKS, Y-END",JPY,Yen,9,Billions,83070.2,A,85270.7,A,88161,A,93558.6,A,97300.9,A,101863.3,A,105545.7,A
BIS_MACRO,A:BFHA:KR:R1,A,Annual,BFHA,"Central bank liabs, non-banks currency holdings. , NSA",KR,Korea,R1,A,All users,E,End of period,2,"CURRENCY (NOTES AND COINS IN CIRCULATION) OUTSIDE BANKS, Y-END",KRW,Won,9,Billions,44173.8,A,53316.2,A,64438.5,A,76343.4,A,86829.5,A,96842.8,A,103994.8,A
BIS_MACRO,A:BFHA:MX:R1,A,Annual,BFHA,"Central bank liabs, non-banks currency holdings. , NSA",MX,Mexico,R1,A,All users,A,Average of observations through period,2,"NOTES & COINS (CURRENCY) HELD BY NON-BANKS (IN M1), Y-END",MXN,Mexican peso,9,Billions,733.45,A,792.26,A,928.05,A,1087.27,A,1261.7,A,1372.88,A,1494.95,A
BIS_MACRO,A:BFHA:RU:R1,A,Annual,BFHA,"Central bank liabs, non-banks currency holdings. , NSA",RU,Russia,R1,A,All users,E,End of period,0,"NOTES & COINS (CURRENCY) HELD BY NON-BANKS (= M0), Y-END",RUB,Russian rouble,9,Billions,6430,A,6986,A,7171,A,7239,A,7715,A,8446,A,9339,A
BIS_MACRO,A:BFHA:SA:R1,A,Annual,BFHA,"Central bank liabs, non-banks currency holdings. , NSA",SA,Saudi Arabia,R1,A,All users,E,End of period,3,"CURRENCY (NOTES AND COINS) IN CIRCULATION OUTSIDE BANKS, Y-END",SAR,Saudi riyal,6,Millions,133120.728,A,143140.04,A,153750.143,A,168491.79,A,170323.069,A,172046.351,A,180132.446,A
BIS_MACRO,A:BFHA:SE:R1,A,Annual,BFHA,"Central bank liabs, non-banks currency holdings. , NSA",SE,Sweden,R1,A,All users,E,End of period,2,"CURRENCY (NOTES AND COINS IN CIRCULATION) OUTSIDE BANKS, Y-END",SEK,Swedish krona,9,Billions,88,A,82.45,A,81.09,A,71.7,A,60.72,A,56.25,A,60.7,A
BIS_MACRO,A:BFHA:SG:R1,A,Annual,BFHA,"Central bank liabs, non-banks currency holdings. , NSA",SG,Singapore,R1,A,All users,E,End of period,1,"CURRENCY (NOTES AND COINS IN CIRCULATION) OUTSIDE BANKS, Y-END",SGD,Singapore dollar,6,Millions,26361.3,A,28851.6,A,31506.9,A,34042.3,A,38525,A,42339.7,A,43697.7,A
BIS_MACRO,A:BFHA:TR:R1,A,Annual,BFHA,"Central bank liabs, non-banks currency holdings. , NSA",TR,Turkey,R1,A,All users,E,End of period,2,"NOTES & COINS (CURRENCY) HELD BY NON-BANKS (IN M1), Y-END",TRY,Turkish lira,6,Millions,54565.77,A,67755.89,A,77420.14,A,94464.63,A,111762.36,A,119198.42,A,123370.55,A
BIS_MACRO,A:BFHA:US:R1,A,Annual,BFHA,"Central bank liabs, non-banks currency holdings. , NSA",US,United States,R1,A,All users,E,End of period,2,"CURRENCY (NOTES AND COINS IN CIRCULATION) OUTSIDE BANKS, Y-END",USD,US dollar,9,Billions,1092,A,1162,A,1254,A,1340,A,1422,A,1527,A,1627,A
BIS_MACRO,A:BFHA:XM:R1,A,Annual,BFHA,"Central bank liabs, non-banks currency holdings. , NSA",XM,Euro area,R1,A,All users,E,End of period,2,"CURRENCY (NOTES AND COINS IN CIRCULATION) OUTSIDE BANKS(MFIs), M-END",EUR,Euro,9,Billions,876.79,A,921.22,A,980.63,A,1048.93,A,1087.49,A,1123.21,A,1175.44,A
BIS_MACRO,A:BFHA:ZA:R1,A,Annual,BFHA,"Central bank liabs, non-banks currency holdings. , NSA",ZA,South Africa,R1,A,All users,A,Average of observations through period,0,"NOTES & COINS (CURRENCY) HELD BY NON-BANKS (IN M1), Y-END",ZAR,Rand,6,Millions,81042,A,87014,A,94193,A,101053,A,107573,A,114430,A,124946,A
BIS_MACRO,A:BGHA:AR:R1,A,Annual,BGHA,"Banks' (monetary institutions') required reserves/blocked liquidity. , NSA",AR,Argentina,R1,A,All users,E,End of period,2,"BANKS' DEPOSITS AT CENTRAL BANK, REQUIRED RESERVES, M-END NSA",ARS,Argentine peso,9,Billions,106.97,A,145.71,A,171.32,A,271.84,A,459.61,A,492.65,A,1068.01,A
BIS_MACRO,A:BGHA:AU:R1,A,Annual,BGHA,"Banks' (monetary institutions') required reserves/blocked liquidity. , NSA",AU,Australia,R1,A,All users,E,End of period,3,"BANKS' DEPOSITS AT CENTRAL BANK, REQUIRED RESERVES, Y-END",AUD,Australian dollar,9,Billions,0,A,0,A,0,A,0,A,0,A,0,A,0,A
BIS_MACRO,A:BGHA:BE:R1,A,Annual,BGHA,"Banks' (monetary institutions') required reserves/blocked liquidity. , NSA",BE,Belgium,R1,A,All users,U,Unknown,2,"BANKS' DEPOSITS AT CENTRAL BANK, REQUIRED RESERVES, Y-END",EUR,Euro,9,Billions,5.34,A,5.51,A,5.72,A,6.31,A,6.56,A,6.7,A,6.79,A
BIS_MACRO,A:BGHA:BR:R1,A,Annual,BGHA,"Banks' (monetary institutions') required reserves/blocked liquidity. , NSA",BR,Brazil,R1,A,All users,E,End of period,3,"BANKS' DEPOSITS AT CENTRAL BANK, REQUIRED RESERVES, Y-END",BRL,Brazilian real,9,Billions,55.197,A,47.176,A,46.578,A,37.899,A,41.712,A,44.069,A,41.48,A
BIS_MACRO,A:BGHA:CA:R1,A,Annual,BGHA,"Banks' (monetary institutions') required reserves/blocked liquidity. , NSA",CA,Canada,R1,A,All users,V,Other,2,"BANKS' DEPOSITS AT CENTRAL BANK, REQUIRED RESERVES, Y-END",CAD,Canadian dollar,9,Billions,,M,,M,,M,,M,,M,,M,,
BIS_MACRO,A:BGHA:CH:R1,A,Annual,BGHA,"Banks' (monetary institutions') required reserves/blocked liquidity. , NSA",CH,Switzerland,R1,A,All users,U,Unknown,2,"BANKS' DEPOSITS AT CENTRAL BANK, REQUIRED RESERVES, Y-END",CHF,Swiss franc,6,Millions,,M,,M,,M,,M,,M,,M,,
BIS_MACRO,A:BGHA:CN:R1,A,Annual,BGHA,"Banks' (monetary institutions') required reserves/blocked liquidity. , NSA",CN,China,R1,A,All users,E,End of period,0,"BANKS' DEPOSITS AT CENTRAL BANK, REQUIRED RESERVES, Y-END",CNY,Renminbi,9,Billions,,M,,M,,M,,M,,M,,,,
BIS_MACRO,A:BGHA:DE:R1,A,Annual,BGHA,"Banks' (monetary institutions') required reserves/blocked liquidity. , NSA",DE,Germany,R1,A,All users,E,End of period,2,"BANKS' DEPOSITS AT CENTRAL BANK, REQUIRED RESERVES, Y-END",EUR,Euro,9,Billions,28.57,A,27.26,A,28.59,A,31.2,A,33.55,A,34.4,A,35.48,A
BIS_MACRO,A:BGHA:ES:R1,A,Annual,BGHA,"Banks' (monetary institutions') required reserves/blocked liquidity. , NSA",ES,Spain,R1,A,All users,E,End of period,2,"BANKS' DEPOSITS AT CENTRAL BANK, REQUIRED RESERVES, Y-END",EUR,Euro,9,Billions,11.28,A,10.48,A,11.12,A,11.82,A,12.21,A,12.37,A,12.88,A
BIS_MACRO,A:BGHA:FR:R1,A,Annual,BGHA,"Banks' (monetary institutions') required reserves/blocked liquidity. , NSA",FR,France,R1,A,All users,V,Other,1,"BANKS' DEPOSITS AT CENTRAL BANK, REQUIRED RESERVES, Y-END",EUR,Euro,9,Billions,19.4,A,19.6,A,19.9,A,20.6,A,21.9,A,23.7,A,25.1,A
BIS_MACRO,A:BGHA:GB:R1,A,Annual,BGHA,"Banks' (monetary institutions') required reserves/blocked liquidity. , NSA",GB,United Kingdom,R1,A,All users,U,Unknown,2,"BANKS' DEPOSITS AT CENTRAL BANK, REQUIRED RESERVES, Y-END",GBP,Pound (sterling),9,Billions,2.38,A,4.08,A,4.1,A,4.14,A,4.42,A,4.42,A,4.1,A
BIS_MACRO,A:BGHA:HK:R1,A,Annual,BGHA,"Banks' (monetary institutions') required reserves/blocked liquidity. , NSA",HK,Hong Kong SAR,R1,A,All users,V,Other,0,"BANKS' DEPOSITS AT CENTRAL BANK, REQUIRED RESERVES, Y-END",HKD,Hong Kong dollar,6,Millions,,M,,M,,M,,M,,M,,M,,M
BIS_MACRO,A:BGHA:ID:R1,A,Annual,BGHA,"Banks' (monetary institutions') required reserves/blocked liquidity. , NSA",ID,Indonesia,R1,A,All users,E,End of period,3,"BANKS' DEPOSITS AT CENTRAL BANK, REQUIRED RESERVES, Y-END",IDR,Rupiah,9,Billions,272411.58,A,311525.02,A,352990.66,A,359995,A,351519.62,A,320032.01,A,235007.98,A
BIS_MACRO,A:BGHA:IN:R1,A,Annual,BGHA,"Banks' (monetary institutions') required reserves/blocked liquidity. , NSA",IN,India,R1,A,All users,E,End of period,3,"BANKS' DEPOSITS AT CENTRAL BANK, REQUIRED RESERVES, Y-END",INR,Indian rupee,9,Billions,3019.1,A,4070.933,A,4396.8,A,4739.286,A,5088.15,A,,,,
BIS_MACRO,A:BGHA:IT:R1,A,Annual,BGHA,"Banks' (monetary institutions') required reserves/blocked liquidity. , NSA",IT,Italy,R1,A,All users,U,Unknown,2,"BANKS' DEPOSITS AT CENTRAL BANK, REQUIRED RESERVES, Y-END",EUR,Euro,9,Billions,13.14,A,13.2,A,13.69,A,14.18,A,14.48,A,15.24,A,15.3,A
BIS_MACRO,A:BGHA:JP:R1,A,Annual,BGHA,"Banks' (monetary institutions') required reserves/blocked liquidity. , NSA",JP,Japan,R1,A,All users,E,End of period,4,"BANKS' DEPOSITS AT CENTRAL BANK, REQUIRED RESERVES, Y-END",JPY,Yen,9,Billions,7827.8,A,8200.5,A,8556.5,A,8795.3,A,9367.2,A,9874.3,A,10078.4,A
BIS_MACRO,A:BGHA:KR:R1,A,Annual,BGHA,"Banks' (monetary institutions') required reserves/blocked liquidity. , NSA",KR,Korea,R1,A,All users,E,End of period,2,"BANKS' DEPOSITS AT CENTRAL BANK, REQUIRED RESERVES, Y-END",KRW,Won,9,Billions,39277.09,A,41618.17,A,45319.3,A,51109.35,A,55759.83,A,59025.93,A,61520.59,A
BIS_MACRO,A:BGHA:MX:R1,A,Annual,BGHA,"Banks' (monetary institutions') required reserves/blocked liquidity. , NSA",MX,Mexico,R1,A,All users,V,Other,2,"BANKS' DEPOSITS AT CENTRAL BANK, REQUIRED RESERVES, Y-END",MXN,Mexican peso,9,Billions,279.22,A,278.53,A,319.99,A,264.99,A,214.99,A,,,,
BIS_MACRO,A:BGHA:NL:R1,A,Annual,BGHA,"Banks' (monetary institutions') required reserves/blocked liquidity. , NSA",NL,Netherlands,R1,A,All users,U,Unknown,2,"BANKS' DEPOSITS AT CENTRAL BANK, REQUIRED RESERVES, Y-END",EUR,Euro,9,Billions,11.08,A,10.32,A,10.38,A,11.72,A,12.04,A,12.46,A,11.97,A
BIS_MACRO,A:BGHA:RU:R1,A,Annual,BGHA,"Banks' (monetary institutions') required reserves/blocked liquidity. , NSA",RU,Russia,R1,A,All users,E,End of period,1,"BANKS' DEPOSITS AT CENTRAL BANK, REQUIRED RESERVES, Y-END",RUB,Russian rouble,9,Billions,425.6,A,408.8,A,471.3,A,369.8,A,484.7,A,506.2,A,575.3,A
BIS_MACRO,A:BGHA:SA:R1,A,Annual,BGHA,"Banks' (monetary institutions') required reserves/blocked liquidity. , NSA",SA,Saudi Arabia,R1,A,All users,E,End of period,3,"BANKS' DEPOSITS AT CENTRAL BANK, REQUIRED RESERVES, Y-END",SAR,Saudi riyal,6,Millions,70741,A,81826,A,92500,A,97974,A,97267,A,96282,A,98060,A
BIS_MACRO,A:BGHA:SE:R1,A,Annual,BGHA,"Banks' (monetary institutions') required reserves/blocked liquidity. , NSA",SE,Sweden,R1,A,All users,E,End of period,3,"BANKS' DEPOSITS AT CENTRAL BANK, REQUIRED RESERVES, M-END, Y-END NSA",SEK,Swedish krona,9,Billions,0,A,0,A,0,A,0,A,0,A,0,A,0,A
BIS_MACRO,A:BGHA:SG:R1,A,Annual,BGHA,"Banks' (monetary institutions') required reserves/blocked liquidity. , NSA",SG,Singapore,R1,A,All users,V,Other,2,"BANKS' DEPOSITS AT CENTRAL BANK, REQUIRED RESERVES, Y-END",SGD,Singapore dollar,6,Millions,16058.9,A,16583.84,A,16868.31,A,6515.15,A,,M,,M,,M
BIS_MACRO,A:BGHA:TR:R1,A,Annual,BGHA,"Banks' (monetary institutions') required reserves/blocked liquidity. , NSA",TR,Turkey,R1,A,All users,E,End of period,0,"BANKS' DEPOSITS AT CENTRAL BANK, REQUIRED RESERVES, Y-END",TRY,Turkish lira,6,Millions,23760,A,29490,A,34446,A,38958,A,70359,A,76622,A,137864,A
BIS_MACRO,A:BGHA:US:R1,A,Annual,BGHA,"Banks' (monetary institutions') required reserves/blocked liquidity. , NSA",US,United States,R1,A,All users,A,Average of observations through period,5,"BANKS' DEPOSITS AT CENTRAL BANK, REQUIRED RESERVES, NSA",USD,US dollar,9,Billions,57.672,A,69.011,A,84.766,A,89.889,A,109.347,A,130.01,A,131.444,A
BIS_MACRO,A:BGHA:ZA:R1,A,Annual,BGHA,"Banks' (monetary institutions') required reserves/blocked liquidity. , NSA",ZA,South Africa,R1,A,All users,E,End of period,0,"BANKS' DEPOSITS AT CENTRAL BANK, REQUIRED RESERVES, Y-END",ZAR,Rand,6,Millions,63792,A,69310,A,78008,A,87016,A,90892,A,98032,A,104266,A
BIS_MACRO,A:BGNA:AR:R1,A,Annual,BGNA,"Banks' (monetary institutions') free reserves/free liquidity. , NSA",AR,Argentina,R1,A,All users,V,Other,2,"TRANSFERABLE BALANCES HELD AT CENTRAL BANK, FREE RESERVES, Y-END",ARS,Argentine peso,9,Billions,0.41,A,2.27,A,3.51,A,7.4,A,-1.07,A,2.01,A,4.62,A
BIS_MACRO,A:BGNA:AU:R1,A,Annual,BGNA,"Banks' (monetary institutions') free reserves/free liquidity. , NSA",AU,Australia,R1,A,All users,E,End of period,3,"TRANSFERABLE BALANCES HELD AT CENTRAL BANK, FREE RESERVES, Y-END",AUD,Australian dollar,9,Billions,2.301,A,23.811,A,23.368,A,25.383,A,25.062,A,27.735,A,28.493,A
BIS_MACRO,A:BGNA:BE:R1,A,Annual,BGNA,"Banks' (monetary institutions') free reserves/free liquidity. , NSA",BE,Belgium,R1,A,All users,U,Unknown,2,"TRANSFERABLE BALANCES HELD AT CENTRAL BANK, FREE RESERVES, Y-END",EUR,Euro,9,Billions,3.47,A,2.57,A,1.23,A,6.48,A,11.65,A,15.92,A,21.34,A
BIS_MACRO,A:BGNA:BR:R1,A,Annual,BGNA,"Banks' (monetary institutions') free reserves/free liquidity. , NSA",BR,Brazil,R1,A,All users,E,End of period,9,"TRANSFERABLE BALANCES HELD AT CENTRAL BANK, FREE RESERVES, Y-END",BRL,Brazilian real,9,Billions,0,A,0,A,0,A,0,A,0,A,0,A,0,A
BIS_MACRO,A:BGNA:CA:R1,A,Annual,BGNA,"Banks' (monetary institutions') free reserves/free liquidity. , NSA",CA,Canada,R1,A,All users,V,Other,2,"TRANSFERABLE BALANCES HELD AT CENTRAL BANK, FREE RESERVES, Y-END",CAD,Canadian dollar,9,Billions,0.06,A,0.19,A,0.18,A,0.71,A,0.5,A,0.38,A,0.42,A
BIS_MACRO,A:BGNA:CH:R1,A,Annual,BGNA,"Banks' (monetary institutions') free reserves/free liquidity. , NSA",CH,Switzerland,R1,A,All users,U,Unknown,2,"TRANSFERABLE BALANCES HELD AT CENTRAL BANK, FREE RESERVES, Y-END",CHF,Swiss franc,6,Millions,,M,,M,,M,,M,,M,,M,,
BIS_MACRO,A:BGNA:CN:R1,A,Annual,BGNA,"Banks' (monetary institutions') free reserves/free liquidity. , NSA",CN,China,R1,A,All users,E,End of period,0,"TRANSFERABLE BALANCES HELD AT CENTRAL BANK, FREE RESERVES, Y-END",CNY,Renminbi,9,Billions,,M,,M,,M,,M,,M,,,,
BIS_MACRO,A:BGNA:DE:R1,A,Annual,BGNA,"Banks' (monetary institutions') free reserves/free liquidity. , NSA",DE,Germany,R1,A,All users,V,Other,2,"TRANSFERABLE BALANCES HELD AT CENTRAL BANK, FREE RESERVES, Y-END",EUR,Euro,9,Billions,185.75,A,58.82,A,61.66,A,193.21,A,401.1,A,594.5,A,632.53,A
BIS_MACRO,A:BGNA:ES:R1,A,Annual,BGNA,"Banks' (monetary institutions') free reserves/free liquidity. , NSA",ES,Spain,R1,A,All users,E,End of period,2,"TRANSFERABLE BALANCES HELD AT CENTRAL BANK, FREE RESERVES, Y-END",EUR,Euro,9,Billions,409.13,A,238.15,A,197.03,A,270.81,A,391.09,A,501.76,A,539.78,A
BIS_MACRO,A:BGNA:FR:R1,A,Annual,BGNA,"Banks' (monetary institutions') free reserves/free liquidity. , NSA",FR,France,R1,A,All users,V,Other,1,"TRANSFERABLE BALANCES HELD AT CENTRAL BANK, FREE RESERVES, Y-END",EUR,Euro,9,Billions,56.6,A,23.5,A,16.5,A,84,A,150.2,A,202.2,A,197,A
BIS_MACRO,A:BGNA:GB:R1,A,Annual,BGNA,"Banks' (monetary institutions') free reserves/free liquidity. , NSA",GB,United Kingdom,R1,A,All users,U,Unknown,2,"TRANSFERABLE BALANCES HELD AT CENTRAL BANK, FREE RESERVES, Y-END",GBP,Pound (sterling),9,Billions,218.81,A,301.8,A,302.07,A,308.92,A,356.84,A,409.7,A,308.96,A
BIS_MACRO,A:BGNA:HK:R1,A,Annual,BGNA,"Banks' (monetary institutions') free reserves/free liquidity. , NSA",HK,Hong Kong SAR,R1,A,All users,V,Other,0,"TRANSFERABLE BALANCES HELD AT CENTRAL BANK, FREE RESERVES, Y-END",HKD,Hong Kong dollar,6,Millions,255851,A,164093,A,239183,A,391343,A,259593,A,179790,A,78584,A
BIS_MACRO,A:BGNA:ID:R1,A,Annual,BGNA,"Banks' (monetary institutions') free reserves/free liquidity. , NSA",ID,Indonesia,R1,A,All users,E,End of period,3,"TRANSFERABLE BALANCES HELD AT CENTRAL BANK, FREE RESERVES, Y-END",IDR,Rupiah,9,Billions,17952.47,A,11002.53,A,9392.5,A,32789.69,A,17872.78,A,66206.62,A,182614.32,A
BIS_MACRO,A:BGNA:IN:R1,A,Annual,BGNA,"Banks' (monetary institutions') free reserves/free liquidity. , NSA",IN,India,R1,A,All users,E,End of period,3,"TRANSFERABLE BALANCES HELD AT CENTRAL BANK, FREE RESERVES, Y-END",INR,Indian rupee,9,Billions,,M,,M,,M,,M,,M,,,,
BIS_MACRO,A:BGNA:IT:R1,A,Annual,BGNA,"Banks' (monetary institutions') free reserves/free liquidity. , NSA",IT,Italy,R1,A,All users,E,End of period,2,"TRANSFERABLE BALANCES HELD AT CENTRAL BANK, FREE RESERVES, Y-END",EUR,Euro,9,Billions,24.89,A,8.88,A,2.36,A,5.45,A,20.48,A,90.6,A,82.25,A
BIS_MACRO,A:BGNA:JP:R1,A,Annual,BGNA,"Banks' (monetary institutions') free reserves/free liquidity. , NSA",JP,Japan,R1,A,All users,E,End of period,4,"TRANSFERABLE BALANCES HELD AT CENTRAL BANK, FREE RESERVES, Y-END",JPY,Yen,9,Billions,35051.2,A,88606.4,A,153557,A,221774,A,288175.1,A,316684.9,A,327432.6,A
BIS_MACRO,A:BGNA:KR:R1,A,Annual,BGNA,"Banks' (monetary institutions') free reserves/free liquidity. , NSA",KR,Korea,R1,A,All users,E,End of period,2,"TRANSFERABLE BALANCES HELD AT CENTRAL BANK, FREE RESERVES, Y-END",KRW,Won,9,Billions,14.42,A,13.32,A,20.51,A,36.75,A,44.65,A,65.84,A,67.12,A
BIS_MACRO,A:BGNA:MX:R1,A,Annual,BGNA,"Banks' (monetary institutions') free reserves/free liquidity. , NSA",MX,Mexico,R1,A,All users,V,Other,2,"TRANSFERABLE BALANCES HELD AT CENTRAL BANK, FREE RESERVES, Y-END",MXN,Mexican peso,9,Billions,0.27,A,0.81,A,1.2,A,0.91,A,1.05,A,,,,
BIS_MACRO,A:BGNA:NL:R1,A,Annual,BGNA,"Banks' (monetary institutions') free reserves/free liquidity. , NSA",NL,Netherlands,R1,A,All users,U,Unknown,2,"TRANSFERABLE BALANCES HELD AT CENTRAL BANK, FREE RESERVES, Y-END",EUR,Euro,9,Billions,101.14,A,22.95,A,31.36,A,103.53,A,163.67,A,168.33,A,197.4,A
BIS_MACRO,A:BGNA:RU:R1,A,Annual,BGNA,"Banks' (monetary institutions') free reserves/free liquidity. , NSA",RU,Russia,R1,A,All users,E,End of period,1,"CREDIT INSTITUTIONS' DEPOSITS AT CENT BANK FREE RESERVES, M-END NSA",RUB,Russian rouble,9,Billions,403.3,A,517.6,A,804.6,A,557.8,A,785.6,A,2373.2,A,1903.5,A
BIS_MACRO,A:BGNA:SA:R1,A,Annual,BGNA,"Banks' (monetary institutions') free reserves/free liquidity. , NSA",SA,Saudi Arabia,R1,A,All users,E,End of period,0,"TRANSFERABLE BALANCES HELD AT CENTRAL BANK, FREE RESERVES, Y-END",SAR,Saudi riyal,6,Millions,274,A,225,A,478,A,358,A,328,A,268,A,1401,A
BIS_MACRO,A:BGNA:SE:R1,A,Annual,BGNA,"Banks' (monetary institutions') free reserves/free liquidity. , NSA",SE,Sweden,R1,A,All users,E,End of period,3,"TRANSFERABLE BALANCES HELD AT CENTRAL BANK, FREE RESERVES, Y-END",SEK,Swedish krona,9,Billions,26.153,A,21.665,A,14.803,A,70.922,A,144.341,A,27.339,A,104.521,A
BIS_MACRO,A:BGNA:SG:R1,A,Annual,BGNA,"Banks' (monetary institutions') free reserves/free liquidity. , NSA",SG,Singapore,R1,A,All users,V,Other,2,"TRANSFERABLE BALANCES HELD AT CENTRAL BANK, FREE RESERVES, Y-END",SGD,Singapore dollar,6,Millions,3444.4,A,15523.17,A,3442.69,A,15703.35,A,,M,,M,,M
BIS_MACRO,A:BGNA:TR:R1,A,Annual,BGNA,"Banks' (monetary institutions') free reserves/free liquidity. , NSA",TR,Turkey,R1,A,All users,E,End of period,1,"TRANSFERABLE BALANCES HELD AT CENTRAL BANK, FREE RESERVES, Y-END",TRY,Turkish lira,6,Millions,1129.8,A,535.3,A,575.7,A,3104.3,A,3282.5,A,2645,A,13151.6,A
BIS_MACRO,A:BGNA:US:R1,A,Annual,BGNA,"Banks' (monetary institutions') free reserves/free liquidity. , NSA",US,United States,R1,A,All users,A,Average of observations through period,3,BANKS' (DEPOS.INSTITNS') EXCESS RESERVES NSA,USD,US dollar,9,Billions,1452.679,A,2421.997,A,2494.709,A,2115.34,A,1779.02,A,1981.006,A,1497.339,A
BIS_MACRO,A:BGNA:ZA:R1,A,Annual,BGNA,"Banks' (monetary institutions') free reserves/free liquidity. , NSA",ZA,South Africa,R1,A,All users,E,End of period,0,"TRANSFERABLE BALANCES HELD AT CENTRAL BANK, FREE RESERVES, Y-END",ZAR,Rand,6,Millions,889,A,5536,A,294,A,894,A,-221,A,2649,A,9390,A
BIS_MACRO,A:BGUA:AR:R1,A,Annual,BGUA,"Banks' (monetary institutions') currency holdings in vault. , NSA",AR,Argentina,R1,A,All users,E,End of period,2,"BANKNOTES AND COINS HELD BY BANKS, M-END NSA",ARS,Argentine peso,9,Billions,27.1,A,31.49,A,42.97,A,53.24,A,67,A,84.67,A,118.82,A
BIS_MACRO,A:BGUA:AU:R1,A,Annual,BGUA,"Banks' (monetary institutions') currency holdings in vault. , NSA",AU,Australia,R1,A,All users,E,End of period,2,"BANKNOTES AND COINS HELD BY BANKS, M-END NSA",AUD,Australian dollar,9,Billions,8.78,A,8.92,A,8.55,A,8.34,A,8.72,A,8.31,A,8.51,A
BIS_MACRO,A:BGUA:BR:R1,A,Annual,BGUA,"Banks' (monetary institutions') currency holdings in vault. , NSA",BR,Brazil,R1,A,All users,E,End of period,3,"CURRENCY ISSUED (NOTES AND COINS), Y-END",BRL,Brazilian real,9,Billions,37.796,A,40.173,A,42.602,A,40.205,A,40.172,A,46.454,A,46.811,A
BIS_MACRO,A:BGUA:CA:R1,A,Annual,BGUA,"Banks' (monetary institutions') currency holdings in vault. , NSA",CA,Canada,R1,A,All users,E,End of period,2,"BANKNOTES AND COINS HELD BY BANKS, Y-END",CAD,Canadian dollar,9,Billions,7.01,A,6.7,A,6.32,A,6.72,A,7.12,A,8,A,8.39,A
BIS_MACRO,A:BGUA:CH:R1,A,Annual,BGUA,"Banks' (monetary institutions') currency holdings in vault. , NSA",CH,Switzerland,R1,A,All users,E,End of period,2,"BANKNOTES AND COINS HELD BY BANKS, Y-END",CHF,Swiss franc,6,Millions,7770.5,A,8240.83,A,7919.8,A,7362,A,7547.06,A,7364.19,A,7112.61,A
BIS_MACRO,A:BGUA:CN:R1,A,Annual,BGUA,"Banks' (monetary institutions') currency holdings in vault. , NSA",CN,China,R1,A,All users,E,End of period,3,"BANKNOTES AND COINS HELD BY BANKS, Y-END",CNY,Renminbi,9,Billions,598.619,A,640.649,A,689.175,A,666.937,A,658.057,A,642.798,A,593.71,A
BIS_MACRO,A:BGUA:DE:R1,A,Annual,BGUA,"Banks' (monetary institutions') currency holdings in vault. , NSA",DE,Germany,R1,A,All users,E,End of period,2,"BANKNOTES AND COINS HELD BY BANKS, Y-END",EUR,Euro,9,Billions,,M,,M,,M,,M,,M,,M,,M
BIS_MACRO,A:BGUA:ES:R1,A,Annual,BGUA,"Banks' (monetary institutions') currency holdings in vault. , NSA",ES,Spain,R1,A,All users,E,End of period,2,"BANKNOTES AND COINS HELD BY BANKS, Y-END",EUR,Euro,9,Billions,7.43,A,7.27,A,7.61,A,7.97,A,7.48,A,8.09,A,8.68,A
BIS_MACRO,A:BGUA:GB:R1,A,Annual,BGUA,"Banks' (monetary institutions') currency holdings in vault. , NSA",GB,United Kingdom,R1,A,All users,E,End of period,2,"BANKNOTES AND COINS HELD BY BANKS, Y-END",GBP,Pound (sterling),9,Billions,5.49,A,4.59,A,6.82,A,5.21,A,5.55,A,5.95,A,4.74,A
BIS_MACRO,A:BGUA:HK:R1,A,Annual,BGUA,"Banks' (monetary institutions') currency holdings in vault. , NSA",HK,Hong Kong SAR,R1,A,All users,E,End of period,0,"BANKNOTES AND COINS HELD BY BANKS, Y-END",HKD,Hong Kong dollar,6,Millions,20060,A,26337,A,23424,A,22486,A,23582,A,21672,A,30151,A
BIS_MACRO,A:BGUA:ID:R1,A,Annual,BGUA,"Banks' (monetary institutions') currency holdings in vault. , NSA",ID,Indonesia,R1,A,All users,E,End of period,3,"BANKNOTES AND COINS HELD BY BANKS, Y-END",IDR,Rupiah,9,Billions,77823.07,A,100411.7,A,109275.48,A,117228.33,A,104420.97,A,108253.3,A,123796.81,A
BIS_MACRO,A:BGUA:IN:R1,A,Annual,BGUA,"Banks' (monetary institutions') currency holdings in vault. , NSA",IN,India,R1,A,All users,E,End of period,2,"CURRENCY ISSUED (NOTES AND COINS), Y-END",INR,Indian rupee,9,Billions,886.05,A,870.03,A,1218.34,A,1636.84,A,5493.75,A,2132.35,A,1858.01,A
BIS_MACRO,A:BGUA:IT:R1,A,Annual,BGUA,"Banks' (monetary institutions') currency holdings in vault. , NSA",IT,Italy,R1,A,All users,E,End of period,2,"BANKNOTES AND COINS HELD BY BANKS, Y-END",EUR,Euro,9,Billions,,M,,M,,M,,M,,M,,,,
BIS_MACRO,A:BGUA:JP:R1,A,Annual,BGUA,"Banks' (monetary institutions') currency holdings in vault. , NSA",JP,Japan,R1,A,All users,E,End of period,3,"BANKNOTES AND COINS HELD BY BANKS, Y-END",JPY,Yen,9,Billions,8160.6,A,9498.9,A,9576.9,A,9561.4,A,9902.5,A,9644.8,A,9661.8,A
BIS_MACRO,A:BGUA:KR:R1,A,Annual,BGUA,"Banks' (monetary institutions') currency holdings in vault. , NSA",KR,Korea,R1,A,All users,E,End of period,2,"BANKNOTES AND COINS HELD BY BANKS, Y-END",KRW,Won,9,Billions,10041.3,A,9925.35,A,10376.38,A,10274.76,A,10410.53,A,10920.22,A,11248.8,A
BIS_MACRO,A:BGUA:MX:R1,A,Annual,BGUA,"Banks' (monetary institutions') currency holdings in vault. , NSA",MX,Mexico,R1,A,All users,E,End of period,2,"CURRENCY ISSUED (NOTES AND COINS), Y-END",MXN,Mexican peso,9,Billions,111.94,A,125.61,A,134.84,A,152.06,A,158.06,A,169.73,A,178.26,A
BIS_MACRO,A:BGUA:NL:R1,A,Annual,BGUA,"Banks' (monetary institutions') currency holdings in vault. , NSA",NL,Netherlands,R1,A,All users,E,End of period,2,"BANKNOTES AND COINS HELD BY BANKS, Y-END",EUR,Euro,9,Billions,1.82,A,1.98,A,1.67,A,1.65,A,1.41,A,1.57,A,,
BIS_MACRO,A:BGUA:RU:R1,A,Annual,BGUA,"Banks' (monetary institutions') currency holdings in vault. , NSA",RU,Russia,R1,A,All users,E,End of period,1,"CURRENCY ISSUED (EXCL. CBR VAULTS), Y-END",RUB,Russian rouble,9,Billions,1237.6,A,1321.9,A,1669,A,1283.1,A,1075,A,1093,A,973.4,A
BIS_MACRO,A:BGUA:SA:R1,A,Annual,BGUA,"Banks' (monetary institutions') currency holdings in vault. , NSA",SA,Saudi Arabia,R1,A,All users,E,End of period,3,"BANKNOTES AND COINS HELD BY BANKS, Y-END",SAR,Saudi riyal,6,Millions,19691.189,A,23248.04,A,27141.949,A,29420.302,A,29666.389,A,31310.603,A,30732.927,A
BIS_MACRO,A:BGUA:SE:R1,A,Annual,BGUA,"Banks' (monetary institutions') currency holdings in vault. , NSA",SE,Sweden,R1,A,All users,E,End of period,2,"BANKNOTES AND COINS HELD BY BANKS, M-END",SEK,Swedish krona,9,Billions,8.44,A,3.25,A,2.13,A,1.75,A,1.67,A,1.74,A,1.49,A
BIS_MACRO,A:BGUA:SG:R1,A,Annual,BGUA,"Banks' (monetary institutions') currency holdings in vault. , NSA",SG,Singapore,R1,A,All users,E,End of period,0,"BANKNOTES AND COINS HELD BY BANKS, Y-END",SGD,Singapore dollar,6,Millions,2756,A,2808,A,2917,A,4396,A,3989,A,3455,A,3204,A
BIS_MACRO,A:BGUA:TR:R1,A,Annual,BGUA,"Banks' (monetary institutions') currency holdings in vault. , NSA",TR,Turkey,R1,A,All users,E,End of period,3,"BANKNOTES AND COINS HELD BY BANKS, Y-END",TRY,Turkish lira,6,Millions,7099.037,A,8349.604,A,9199.636,A,10392.92,A,13284.181,A,14539.715,A,11622.287,A
BIS_MACRO,A:BGUA:US:R1,A,Annual,BGUA,"Banks' (monetary institutions') currency holdings in vault. , NSA",US,United States,R1,A,All users,E,End of period,2,"CURRENCY ISSUED (NOTES AND COINS), Y-END",USD,US dollar,9,Billions,77.16,A,79.23,A,88.96,A,84.97,A,87.44,A,91.01,A,92.26,A
BIS_MACRO,A:BGUA:XM:R1,A,Annual,BGUA,"Banks' (monetary institutions') currency holdings in vault. , NSA",XM,Euro area,R1,A,All users,E,End of period,2,"BANKNOTES AND COINS HELD BY BANKS (MFIs) (MU11-17), M-END",EUR,Euro,9,Billions,61.39,A,61.2,A,63.18,A,62.88,A,67.91,A,77.89,A,87.17,A
BIS_MACRO,A:BGUA:ZA:R1,A,Annual,BGUA,"Banks' (monetary institutions') currency holdings in vault. , NSA",ZA,South Africa,R1,A,All users,A,Average of observations through period,0,"CURRENCY ISSUED (NOTES AND COINS), Y-END",ZAR,Rand,6,Millions,31127,A,32043,A,37140,A,36938,A,41621,A,41782,A,41626,A
BIS_MACRO,A:BHBA:AR:R1,A,Annual,BHBA,"Central bank liabilities, deposits held by banks. , NSA",AR,Argentina,R1,A,All users,E,End of period,2,"BANKS' ASSETS, DEPOSITS DUE FROM RBA, M-END NSA",ARS,Argentine peso,9,Billions,107.38,A,147.99,A,174.82,A,279.24,A,458.54,A,494.66,A,1072.63,A
BIS_MACRO,A:BHBA:AU:R1,A,Annual,BHBA,"Central bank liabilities, deposits held by banks. , NSA",AU,Australia,R1,A,All users,E,End of period,2,"BANKS' ASSETS, DEPOSITS DUE FROM RBA, M-END NSA",AUD,Australian dollar,9,Billions,2.3,A,23.81,A,23.37,A,25.38,A,25.06,A,27.74,A,28.49,A
BIS_MACRO,A:BHBA:BE:R1,A,Annual,BHBA,"Central bank liabilities, deposits held by banks. , NSA",BE,Belgium,R1,A,All users,U,Unknown,2,"TRANSFERABLE BALANCES HELD AT THE CENTRAL BANK, Y-END",EUR,Euro,9,Billions,8.8,A,8.08,A,6.96,A,12.8,A,18.21,A,22.62,A,28.13,A
BIS_MACRO,A:BHBA:BR:R1,A,Annual,BHBA,"Central bank liabilities, deposits held by banks. , NSA",BR,Brazil,R1,A,All users,E,End of period,3,"BANKS' DEPOSITS AT CENTRAL BANK, M-END, Y-END NSA",BRL,Brazilian real,9,Billions,55.197,A,47.176,A,46.578,A,37.899,A,41.712,A,44.069,A,41.48,A
BIS_MACRO,A:BHBA:CA:R1,A,Annual,BHBA,"Central bank liabilities, deposits held by banks. , NSA",CA,Canada,R1,A,All users,E,End of period,1,"CENTRAL BANK LIABS., BANKS' DEPOSITS, M-END Y-END NSA",CAD,Canadian dollar,9,Billions,0.1,A,0.2,A,0.2,A,0.7,A,0.5,A,0.4,A,0.4,A
BIS_MACRO,A:BHBA:CH:R1,A,Annual,BHBA,"Central bank liabilities, deposits held by banks. , NSA",CH,Switzerland,R1,A,All users,U,Unknown,2,"TRANSFERABLE BALANCES HELD AT THE CENTRAL BANK, Y-END",CHF,Swiss franc,6,Millions,284986.9,A,319331.4,A,332406.9,A,403260,A,465090,A,469093,A,476756,A
BIS_MACRO,A:BHBA:CN:R1,A,Annual,BHBA,"Central bank liabilities, deposits held by banks. , NSA",CN,China,R1,A,All users,E,End of period,2,"BANKS' DEPOSITS AT CENTRAL BANK, M-END NSA",CNY,Renminbi,9,Billions,19114.63,A,20536.91,A,22659.7,A,21266.07,A,23986.66,A,,,,
BIS_MACRO,A:BHBA:DE:R1,A,Annual,BHBA,"Central bank liabilities, deposits held by banks. , NSA",DE,Germany,R1,A,All users,E,End of period,2,"TRANSFERABLE BALANCES HELD AT THE CENTRAL BANK, Y-END",EUR,Euro,9,Billions,214.32,A,86.08,A,90.25,A,224.41,A,434.65,A,628.91,A,606.7,A
BIS_MACRO,A:BHBA:ES:R1,A,Annual,BHBA,"Central bank liabilities, deposits held by banks. , NSA",ES,Spain,R1,A,All users,E,End of period,2,"TRANSFERABLE BALANCES HELD AT THE CENTRAL BANK, Y-END",EUR,Euro,9,Billions,420.41,A,248.64,A,208.15,A,282.63,A,403.3,A,514.13,A,552.66,A
BIS_MACRO,A:BHBA:FR:R1,A,Annual,BHBA,"Central bank liabilities, deposits held by banks. , NSA",FR,France,R1,A,All users,V,Other,1,"TRANSFERABLE BALANCES HELD AT THE CENTRAL BANK, Y-END",EUR,Euro,9,Billions,75.9,A,43.1,A,36.4,A,104.7,A,172,A,225.9,A,222.1,A
BIS_MACRO,A:BHBA:GB:R1,A,Annual,BHBA,"Central bank liabilities, deposits held by banks. , NSA",GB,United Kingdom,R1,A,All users,E,End of period,2,"BANKERS' BALANCES WITH BANK OF ENGLAND, OTHER, M-END NSA",GBP,Pound (sterling),9,Billions,221.19,A,305.87,A,306.17,A,313.06,A,361.27,A,414.12,A,313.06,A
BIS_MACRO,A:BHBA:HK:R1,A,Annual,BHBA,"Central bank liabilities, deposits held by banks. , NSA",HK,Hong Kong SAR,R1,A,All users,E,End of period,0,"BANKS' DEPOSITS AT CENTRAL BANK, M-END, Y-END NSA",HKD,Hong Kong dollar,6,Millions,255851,A,164093,A,239183,A,391343,A,259593,A,179790,A,78584,A
BIS_MACRO,A:BHBA:ID:R1,A,Annual,BHBA,"Central bank liabilities, deposits held by banks. , NSA",ID,Indonesia,R1,A,All users,E,End of period,3,"CENTRAL BANK LIABS., BANKS' DEPOSITS, M-END Y-END NSA",IDR,Rupiah,9,Billions,290364.05,A,322527.55,A,362383.16,A,392784.69,A,369392.4,A,386238.64,A,417622.29,A
BIS_MACRO,A:BHBA:IN:R1,A,Annual,BHBA,"Central bank liabilities, deposits held by banks. , NSA",IN,India,R1,A,All users,E,End of period,3,"CENTRAL BANK LIABS., BANKS' DEPOSITS, M-END Y-END NSA",INR,Indian rupee,9,Billions,3206.712,A,4297.028,A,4655.609,A,5018.26,A,5441.27,A,,,,
BIS_MACRO,A:BHBA:IT:R1,A,Annual,BHBA,"Central bank liabilities, deposits held by banks. , NSA",IT,Italy,R1,A,All users,E,End of period,2,"TRANSFERABLE BALANCES HELD AT THE CENTRAL BANK, Y-END",EUR,Euro,9,Billions,38.03,A,22.08,A,16.05,A,19.63,A,34.96,A,105.84,A,97.54,A
BIS_MACRO,A:BHBA:JP:R1,A,Annual,BHBA,"Central bank liabilities, deposits held by banks. , NSA",JP,Japan,R1,A,All users,V,Other,4,"TRANSFERABLE BALANCES HELD AT THE CENTRAL BANK, Y-END",JPY,Yen,9,Billions,42879,A,96806.9,A,162113.5,A,230569.3,A,297542.3,A,326559.2,A,337511,A
BIS_MACRO,A:BHBA:KR:R1,A,Annual,BHBA,"Central bank liabilities, deposits held by banks. , NSA",KR,Korea,R1,A,All users,U,Unknown,2,"TRANSFERABLE BALANCES HELD AT THE CENTRAL BANK, Y-END",KRW,Won,9,Billions,39291.51,A,41631.49,A,45339.81,A,51146.1,A,55804.47,A,59091.76,A,61587.7,A
BIS_MACRO,A:BHBA:MX:R1,A,Annual,BHBA,"Central bank liabilities, deposits held by banks. , NSA",MX,Mexico,R1,A,All users,E,End of period,2,"BANKS' DEPOSITS AT CENTRAL BANK, M-END NSA",MXN,Mexican peso,9,Billions,279.48,A,279.34,A,321.19,A,265.9,A,216.04,A,,,,
BIS_MACRO,A:BHBA:NL:R1,A,Annual,BHBA,"Central bank liabilities, deposits held by banks. , NSA",NL,Netherlands,R1,A,All users,U,Unknown,2,"TRANSFERABLE BALANCES HELD AT THE CENTRAL BANK, Y-END",EUR,Euro,9,Billions,112.22,A,33.28,A,41.73,A,115.26,A,175.71,A,180.79,A,209.37,A
BIS_MACRO,A:BHBA:RU:R1,A,Annual,BHBA,"Central bank liabilities, deposits held by banks. , NSA",RU,Russia,R1,A,All users,E,End of period,0,"CREDIT INSTITUTIONS' DEPOSITS AT CENTRAL BANK, M-END NSA",RUB,Russian rouble,9,Billions,829,A,926,A,1276,A,928,A,1270,A,2879,A,2479,A
BIS_MACRO,A:BHBA:SA:R1,A,Annual,BHBA,"Central bank liabilities, deposits held by banks. , NSA",SA,Saudi Arabia,R1,A,All users,E,End of period,2,"BANKS' DEPOSITS AT CENT.BANK, CURRENT ACCOUNT, M-END NSA",SAR,Saudi riyal,6,Millions,71014.88,A,82051.07,A,92977.72,A,98332.06,A,97594.79,A,96549.86,A,99461.06,A
BIS_MACRO,A:BHBA:SE:R1,A,Annual,BHBA,"Central bank liabilities, deposits held by banks. , NSA",SE,Sweden,R1,A,All users,E,End of period,3,"BANK CHEQUE ACCOUNT DEPOSITS AT CENTRAL BANK ,M-END, Y-END NSA",SEK,Swedish krona,9,Billions,26.153,A,21.665,A,14.803,A,70.922,A,144.341,A,27.339,A,104.521,A
BIS_MACRO,A:BHBA:SG:R1,A,Annual,BHBA,"Central bank liabilities, deposits held by banks. , NSA",SG,Singapore,R1,A,All users,V,Other,2,"TRANSFERABLE BALANCES HELD AT THE CENTRAL BANK, Y-END",SGD,Singapore dollar,6,Millions,19503.3,A,32107,A,20311.6,A,22218.5,A,21967.4,A,22294.5,A,22463.9,A
BIS_MACRO,A:BHBA:TR:R1,A,Annual,BHBA,"Central bank liabilities, deposits held by banks. , NSA",TR,Turkey,R1,A,All users,E,End of period,3,"BANKS' DEPOSITS AT CENTRAL BANK, M-END, Y-END NSA",TRY,Turkish lira,6,Millions,24889.409,A,30025.606,A,35022.081,A,42061.771,A,73641.505,A,79266.632,A,151015.947,A
BIS_MACRO,A:BHBA:US:R1,A,Annual,BHBA,"Central bank liabilities, deposits held by banks. , NSA",US,United States,R1,A,All users,V,Other,1,"TRANSFERABLE BALANCES HELD AT THE CENTRAL BANK, Y-END",USD,US dollar,9,Billions,1510,A,2491,A,2579,A,2205,A,1888,A,2111,A,1629,A
BIS_MACRO,A:BHBA:XM:R1,A,Annual,BHBA,"Central bank liabilities, deposits held by banks. , NSA",XM,Euro area,R1,A,All users,E,End of period,2,"TRANSFERABLE BALANCES HELD AT THE CENTRAL BANK, Y-END",EUR,Euro,9,Billions,,,,,,,,,,,,,,
BIS_MACRO,A:BHBA:ZA:R1,A,Annual,BHBA,"Central bank liabilities, deposits held by banks. , NSA",ZA,South Africa,R1,A,All users,E,End of period,0,"BANKS' DEPOSITS AT CENTRAL BANK, M-END NSA",ZAR,Rand,6,Millions,64681,A,74845,A,78302,A,87910,A,90672,A,100682,A,113656,A
BIS_MACRO,A:BMPA:AR:R1,A,Annual,BMPA,"Central bank (monetary authority) total refinancing. , NSA",AR,Argentina,R1,A,All users,V,Other,0,"CREDIT EXTENDED BY THE CENTRAL BANK, INTRADAY, Y-END",ARS,Argentine peso,9,Billions,0,A,0,A,0,A,0,A,0,A,0,A,0,A
BIS_MACRO,A:BMPA:AU:R1,A,Annual,BMPA,"Central bank (monetary authority) total refinancing. , NSA",AU,Australia,R1,A,All users,V,Other,3,"CREDIT EXTENDED BY THE CENTRAL BANK, INTRADAY, Y-END",AUD,Australian dollar,9,Billions,16.094,A,4.452,A,4.882,A,4.491,A,4.554,A,3.488,A,,
BIS_MACRO,A:BMPA:BE:R1,A,Annual,BMPA,"Central bank (monetary authority) total refinancing. , NSA",BE,Belgium,R1,A,All users,U,Unknown,2,"CREDIT EXTENDED BY THE CENTRAL BANK, INTRADAY, Y-END",EUR,Euro,9,Billions,1.8,A,4.17,A,1.49,A,0.85,A,0.12,A,0.17,A,0.02,A
BIS_MACRO,A:BMPA:BR:R1,A,Annual,BMPA,"Central bank (monetary authority) total refinancing. , NSA",BR,Brazil,R1,A,All users,E,End of period,3,"CREDIT EXTENDED BY THE CENTRAL BANK, INTRADAY, Y-END",BRL,Brazilian real,9,Billions,54.728,A,56.14,A,81.421,A,69.995,A,63.156,A,62.276,A,89.16,A
BIS_MACRO,A:BMPA:CA:R1,A,Annual,BMPA,"Central bank (monetary authority) total refinancing. , NSA",CA,Canada,R1,A,All users,V,Other,3,"CREDIT EXTENDED BY THE CENTRAL BANK, INTRADAY, Y-END",CAD,Canadian dollar,9,Billions,0,A,0,A,0,A,0,A,0,A,0,A,0,A
BIS_MACRO,A:BMPA:CH:R1,A,Annual,BMPA,"Central bank (monetary authority) total refinancing. , NSA",CH,Switzerland,R1,A,All users,U,Unknown,2,"CREDIT EXTENDED BY THE CENTRAL BANK, INTRADAY, Y-END",CHF,Swiss franc,6,Millions,2251,A,1858,A,1547,A,1629,A,1060,A,1086,A,1061,A
BIS_MACRO,A:BMPA:CN:R1,A,Annual,BMPA,"Central bank (monetary authority) total refinancing. , NSA",CN,China,R1,A,All users,E,End of period,0,"CREDIT EXTENDED BY THE CENTRAL BANK, INTRADAY, Y-END",CNY,Renminbi,9,Billions,,M,,M,,M,,M,,M,,,,
BIS_MACRO,A:BMPA:DE:R1,A,Annual,BMPA,"Central bank (monetary authority) total refinancing. , NSA",DE,Germany,R1,A,All users,E,End of period,2,"CREDIT EXTENDED BY THE CENTRAL BANK, INTRADAY, Y-END",EUR,Euro,9,Billions,,M,,M,,M,,M,,M,,M,,M
BIS_MACRO,A:BMPA:ES:R1,A,Annual,BMPA,"Central bank (monetary authority) total refinancing. , NSA",ES,Spain,R1,A,All users,E,End of period,2,"CREDIT EXTENDED BY THE CENTRAL BANK, INTRADAY, Y-END",EUR,Euro,9,Billions,3.63,A,3.23,A,1.83,A,2.02,A,0.53,A,0.22,A,,M
BIS_MACRO,A:BMPA:FR:R1,A,Annual,BMPA,"Central bank (monetary authority) total refinancing. , NSA",FR,France,R1,A,All users,V,Other,2,"CREDIT EXTENDED BY THE CENTRAL BANK, INTRADAY, Y-END",EUR,Euro,9,Billions,,M,,M,,M,,M,,M,,M,,
BIS_MACRO,A:BMPA:GB:R1,A,Annual,BMPA,"Central bank (monetary authority) total refinancing. , NSA",GB,United Kingdom,R1,A,All users,E,End of period,2,"CREDIT EXTENDED BY THE CENTRAL BANK, INTRADAY, Y-END",GBP,Pound (sterling),9,Billions,30.46,A,,M,,M,,M,,M,,M,,M
BIS_MACRO,A:BMPA:HK:R1,A,Annual,BMPA,"Central bank (monetary authority) total refinancing. , NSA",HK,Hong Kong SAR,R1,A,All users,V,Other,2,"CREDIT EXTENDED BY THE CENTRAL BANK, INTRADAY, Y-END",HKD,Hong Kong dollar,6,Millions,,M,,M,,M,30115.57,A,30506.57,A,40346.68,A,77171.47,A
BIS_MACRO,A:BMPA:ID:R1,A,Annual,BMPA,"Central bank (monetary authority) total refinancing. , NSA",ID,Indonesia,R1,A,All users,E,End of period,3,"CREDIT EXTENDED BY THE CENTRAL BANK, INTRADAY, Y-END",IDR,Rupiah,9,Billions,0,A,0,A,697.84,A,22305.4,A,0,A,0,A,6655.39,A
BIS_MACRO,A:BMPA:IN:R1,A,Annual,BMPA,"Central bank (monetary authority) total refinancing. , NSA",IN,India,R1,A,All users,E,End of period,3,"CREDIT EXTENDED BY THE CENTRAL BANK, INTRADAY, Y-END",INR,Indian rupee,9,Billions,,M,,M,,M,,M,,M,,,,
BIS_MACRO,A:BMPA:IT:R1,A,Annual,BMPA,"Central bank (monetary authority) total refinancing. , NSA",IT,Italy,R1,A,All users,E,End of period,2,"CREDIT EXTENDED BY THE CENTRAL BANK, INTRADAY, Y-END",EUR,Euro,9,Billions,6.02,A,12.92,A,14.22,A,24.45,A,9.78,A,3.56,A,,
BIS_MACRO,A:BMPA:JP:R1,A,Annual,BMPA,"Central bank (monetary authority) total refinancing. , NSA",JP,Japan,R1,A,All users,V,Other,2,"CREDIT EXTENDED BY THE CENTRAL BANK, INTRADAY, Y-END",JPY,Yen,9,Billions,28310.32,A,28986.44,A,29380.1,A,21908.67,A,6780.46,A,6260.59,A,6770.51,A
BIS_MACRO,A:BMPA:KR:R1,A,Annual,BMPA,"Central bank (monetary authority) total refinancing. , NSA",KR,Korea,R1,A,All users,U,Unknown,2,"CREDIT EXTENDED BY THE CENTRAL BANK, INTRADAY, Y-END",KRW,Won,9,Billions,1906.4,A,1380.8,A,1539,A,988.91,A,1255.4,A,880.8,A,1763.9,A
BIS_MACRO,A:BMPA:MX:R1,A,Annual,BMPA,"Central bank (monetary authority) total refinancing. , NSA",MX,Mexico,R1,A,All users,V,Other,2,"CREDIT EXTENDED BY THE CENTRAL BANK, INTRADAY, Y-END",MXN,Mexican peso,9,Billions,361.71,A,337.69,A,349.59,A,356.85,A,373.47,A,,,,
BIS_MACRO,A:BMPA:NL:R1,A,Annual,BMPA,"Central bank (monetary authority) total refinancing. , NSA",NL,Netherlands,R1,A,All users,U,Unknown,2,"CREDIT EXTENDED BY THE CENTRAL BANK, INTRADAY, Y-END",EUR,Euro,9,Billions,1.19,A,10.34,A,11.05,A,4.89,A,5.05,A,0.2,A,0.16,A
BIS_MACRO,A:BMPA:RU:R1,A,Annual,BMPA,"Central bank (monetary authority) total refinancing. , NSA",RU,Russia,R1,A,All users,E,End of period,3,"CREDIT EXTENDED BY THE CENTRAL BANK, INTRADAY, Y-END",RUB,Russian rouble,9,Billions,274.864,A,310.463,A,418.476,A,259.41,A,267.559,A,,,,
BIS_MACRO,A:BMPA:SA:R1,A,Annual,BMPA,"Central bank (monetary authority) total refinancing. , NSA",SA,Saudi Arabia,R1,A,All users,U,Unknown,2,"CREDIT EXTENDED BY THE CENTRAL BANK, INTRADAY, Y-END",SAR,Saudi riyal,6,Millions,,M,,M,,M,,M,,M,,M,,M
BIS_MACRO,A:BMPA:SE:R1,A,Annual,BMPA,"Central bank (monetary authority) total refinancing. , NSA",SE,Sweden,R1,A,All users,E,End of period,2,"CREDIT EXTENDED BY THE CENTRAL BANK, INTRADAY, Y-END",SEK,Swedish krona,9,Billions,,M,,M,,M,,M,,M,,M,,M
BIS_MACRO,A:BMPA:SG:R1,A,Annual,BMPA,"Central bank (monetary authority) total refinancing. , NSA",SG,Singapore,R1,A,All users,V,Other,2,"CREDIT EXTENDED BY THE CENTRAL BANK, INTRADAY, Y-END",SGD,Singapore dollar,6,Millions,,M,,M,,M,,M,,M,,M,,M
BIS_MACRO,A:BMPA:TR:R1,A,Annual,BMPA,"Central bank (monetary authority) total refinancing. , NSA",TR,Turkey,R1,A,All users,U,Unknown,0,"CREDIT EXTENDED BY THE CENTRAL BANK, INTRADAY, Y-END",TRY,Turkish lira,6,Millions,11,A,34,A,26,A,18,A,238,A,2699,A,1666,A
BIS_MACRO,A:BMPA:US:R1,A,Annual,BMPA,"Central bank (monetary authority) total refinancing. , NSA",US,United States,R1,A,All users,V,Other,3,"CREDIT EXTENDED BY THE CENTRAL BANK, INTRADAY, PEAK, Y-END",USD,US dollar,9,Billions,19.107,A,5.219,A,3.924,A,5.208,A,5.483,A,5.653,A,7.797,A
BIS_MACRO,A:CESA:AR:R1,A,Annual,CESA,"Bank liabilities, transferable deposits from banks. , NSA",AR,Argentina,R1,A,All users,E,End of period,3,"TRANSFERABLE BALANCES HELD AT OTHER BANKS, Y-END",ARS,Argentine peso,9,Billions,0.427,A,0.479,A,0.59,A,0.499,A,0.832,A,0.898,A,1.28,A
BIS_MACRO,A:CESA:AU:R1,A,Annual,CESA,"Bank liabilities, transferable deposits from banks. , NSA",AU,Australia,R1,A,All users,E,End of period,2,"TRANSFERABLE BALANCES HELD AT OTHER BANKS, Y-END",AUD,Australian dollar,9,Billions,,M,,M,,M,,M,,M,,M,,M
BIS_MACRO,A:CESA:BE:R1,A,Annual,CESA,"Bank liabilities, transferable deposits from banks. , NSA",BE,Belgium,R1,A,All users,U,Unknown,2,"TRANSFERABLE BALANCES HELD AT OTHER BANKS, Y-END",EUR,Euro,9,Billions,68.33,A,60.78,A,40.51,A,38.59,A,41.55,A,47.03,A,36.76,A
BIS_MACRO,A:CESA:BR:R1,A,Annual,CESA,"Bank liabilities, transferable deposits from banks. , NSA",BR,Brazil,R1,A,All users,E,End of period,3,"TRANSFERABLE BALANCES HELD AT OTHER BANKS, Y-END",BRL,Brazilian real,9,Billions,0,A,0,A,0,A,0,A,0,A,0,A,0,A
BIS_MACRO,A:CESA:CA:R1,A,Annual,CESA,"Bank liabilities, transferable deposits from banks. , NSA",CA,Canada,R1,A,All users,E,End of period,2,"TRANSFERABLE BALANCES HELD AT OTHER BANKS, Y-END",CAD,Canadian dollar,9,Billions,1.89,A,2.02,A,1.89,A,2.46,A,2.96,A,4.52,A,4.62,A
BIS_MACRO,A:CESA:CH:R1,A,Annual,CESA,"Bank liabilities, transferable deposits from banks. , NSA",CH,Switzerland,R1,A,All users,U,Unknown,2,"TRANSFERABLE BALANCES HELD AT OTHER BANKS, Y-END",CHF,Swiss franc,6,Millions,96910,A,94820,A,79220,A,69590,A,82530,A,75850,A,77375,A
BIS_MACRO,A:CESA:CN:R1,A,Annual,CESA,"Bank liabilities, transferable deposits from banks. , NSA",CN,China,R1,A,All users,E,End of period,0,"TRANSFERABLE BALANCES HELD AT OTHER BANKS, Y-END",CNY,Renminbi,9,Billions,,M,,M,,M,,M,,M,,,,
BIS_MACRO,A:CESA:DE:R1,A,Annual,CESA,"Bank liabilities, transferable deposits from banks. , NSA",DE,Germany,R1,A,All users,E,End of period,2,"TRANSFERABLE BALANCES HELD AT OTHER BANKS, Y-END",EUR,Euro,9,Billions,119.19,A,93.68,A,124.53,A,125.77,A,165.11,A,171.64,A,171.41,A
BIS_MACRO,A:CESA:ES:R1,A,Annual,CESA,"Bank liabilities, transferable deposits from banks. , NSA",ES,Spain,R1,A,All users,E,End of period,2,"TRANSFERABLE BALANCES HELD AT OTHER BANKS, Y-END",EUR,Euro,9,Billions,409.46,A,244.47,A,208.05,A,282.44,A,384.78,A,491.25,A,533.32,A
BIS_MACRO,A:CESA:FR:R1,A,Annual,CESA,"Bank liabilities, transferable deposits from banks. , NSA",FR,France,R1,A,All users,E,End of period,2,"TRANSFERABLE BALANCES HELD AT OTHER BANKS, Q-END",EUR,Euro,9,Billions,111.42,A,84.66,A,115.36,A,137.18,A,130.45,A,125.16,A,140.86,A
BIS_MACRO,A:CESA:GB:R1,A,Annual,CESA,"Bank liabilities, transferable deposits from banks. , NSA",GB,United Kingdom,R1,A,All users,E,End of period,2,"TRANSFERABLE BALANCES HELD AT OTHER BANKS, Y-END",GBP,Pound (sterling),9,Billions,654.23,A,730.24,A,458.37,A,474.22,A,490.93,A,525.55,A,472.69,A
BIS_MACRO,A:CESA:HK:R1,A,Annual,CESA,"Bank liabilities, transferable deposits from banks. , NSA",HK,Hong Kong SAR,R1,A,All users,V,Other,0,"TRANSFERABLE BALANCES HELD AT OTHER BANKS, Y-END",HKD,Hong Kong dollar,6,Millions,,M,,M,,M,,M,,M,,M,,M
BIS_MACRO,A:CESA:ID:R1,A,Annual,CESA,"Bank liabilities, transferable deposits from banks. , NSA",ID,Indonesia,R1,A,All users,E,End of period,3,"TRANSFERABLE BALANCES HELD AT OTHER BANKS, Y-END",IDR,Rupiah,9,Billions,,M,,M,,M,,M,,M,,M,,M
BIS_MACRO,A:CESA:IN:R1,A,Annual,CESA,"Bank liabilities, transferable deposits from banks. , NSA",IN,India,R1,A,All users,E,End of period,3,"TRANSFERABLE BALANCES HELD AT OTHER BANKS, Y-END",INR,Indian rupee,9,Billions,,M,,M,,M,,M,,M,,,,
BIS_MACRO,A:CESA:IT:R1,A,Annual,CESA,"Bank liabilities, transferable deposits from banks. , NSA",IT,Italy,R1,A,All users,E,End of period,2,"TRANSFERABLE BALANCES HELD AT OTHER BANKS, Y-END",EUR,Euro,9,Billions,22.97,A,22.37,A,21.25,A,21.29,A,21.74,A,20.58,A,20.07,A
BIS_MACRO,A:CESA:JP:R1,A,Annual,CESA,"Bank liabilities, transferable deposits from banks. , NSA",JP,Japan,R1,A,All users,E,End of period,0,"TRANSFERABLE BALANCES HELD AT OTHER BANKS, Y-END",JPY,Yen,9,Billions,5342,A,8524,A,8058,A,8888,A,23665,A,29856,A,25553,A
BIS_MACRO,A:CESA:KR:R1,A,Annual,CESA,"Bank liabilities, transferable deposits from banks. , NSA",KR,Korea,R1,A,All users,U,Unknown,2,"TRANSFERABLE BALANCES HELD AT OTHER BANKS, Y-END",KRW,Won,9,Billions,,M,,M,,M,,M,,M,,M,,
BIS_MACRO,A:CESA:MX:R1,A,Annual,CESA,"Bank liabilities, transferable deposits from banks. , NSA",MX,Mexico,R1,A,All users,V,Other,2,"TRANSFERABLE BALANCES HELD AT OTHER BANKS, Y-END",MXN,Mexican peso,9,Billions,13.4,A,12.46,A,10.66,A,10.66,A,20.89,A,,,,
BIS_MACRO,A:CESA:NL:R1,A,Annual,CESA,"Bank liabilities, transferable deposits from banks. , NSA",NL,Netherlands,R1,A,All users,U,Unknown,2,"TRANSFERABLE BALANCES HELD AT OTHER BANKS, Y-END",EUR,Euro,9,Billions,42.99,A,43.73,A,47,A,72.41,A,81.03,A,91.51,A,63.87,A
BIS_MACRO,A:CESA:RU:R1,A,Annual,CESA,"Bank liabilities, transferable deposits from banks. , NSA",RU,Russia,R1,A,All users,E,End of period,3,"TRANSFERABLE BALANCES HELD AT OTHER BANKS, Y-END",RUB,Russian rouble,9,Billions,225.194,A,246.011,A,263.33,A,242.491,A,375.27,A,,,,
BIS_MACRO,A:CESA:SA:R1,A,Annual,CESA,"Bank liabilities, transferable deposits from banks. , NSA",SA,Saudi Arabia,R1,A,All users,E,End of period,3,"TRANSFERABLE BALANCES HELD AT OTHER BANKS, Y-END",SAR,Saudi riyal,6,Millions,187,A,140,A,414,A,1648,A,96,A,502,A,123,A
BIS_MACRO,A:CESA:SE:R1,A,Annual,CESA,"Bank liabilities, transferable deposits from banks. , NSA",SE,Sweden,R1,A,All users,E,End of period,2,"TRANSFERABLE BALANCES HELD AT OTHER BANKS, Y-END",SEK,Swedish krona,9,Billions,197,A,230,A,225,A,236,A,233,A,154,A,175,A
BIS_MACRO,A:CESA:SG:R1,A,Annual,CESA,"Bank liabilities, transferable deposits from banks. , NSA",SG,Singapore,R1,A,All users,V,Other,0,"TRANSFERABLE BALANCES HELD AT OTHER BANKS, Y-END",SGD,Singapore dollar,6,Millions,,M,,M,,M,,M,,M,,M,,M
BIS_MACRO,A:CESA:TR:R1,A,Annual,CESA,"Bank liabilities, transferable deposits from banks. , NSA",TR,Turkey,R1,A,All users,E,End of period,2,"TRANSFERABLE BALANCES HELD AT OTHER BANKS, Y-END",TRY,Turkish lira,6,Millions,33141.21,A,40666.69,A,45289.74,A,58958.47,A,61537.02,A,80713.55,A,109370.15,A
BIS_MACRO,A:CESA:US:R1,A,Annual,CESA,"Bank liabilities, transferable deposits from banks. , NSA",US,United States,R1,A,All users,V,Other,3,"TRANSFERABLE BALANCES HELD AT OTHER BANKS, Y-END",USD,US dollar,9,Billions,38.029,A,32.528,A,31.648,A,36.329,A,42.442,A,32.778,A,36.344,A
BIS_MACRO,A:CESA:XM:R1,A,Annual,CESA,"Bank liabilities, transferable deposits from banks. , NSA",XM,Euro area,R1,A,All users,E,End of period,2,"TRANSFERABLE BALANCES HELD AT OTHER BANKS, Y-END",EUR,Euro,9,Billions,,,,,,,,,,,,,,
BIS_MACRO,A:CESA:ZA:R1,A,Annual,CESA,"Bank liabilities, transferable deposits from banks. , NSA",ZA,South Africa,R1,A,All users,E,End of period,3,"TRANSFERABLE BALANCES HELD AT OTHER BANKS, Y-END",ZAR,Rand,6,Millions,86704.025,A,103400.593,A,96117.606,A,105191.61,A,111732.024,A,97523.306,A,105021.841,A
BIS_MACRO,A:QBCA:AR:L1,A,Annual,QBCA,"Exchange rates against US dollar, spot. ",AR,Argentina,L1,A,All users,E,End of period,16,"EXCH.RATE AR PESO/1 USD (BIS-SPLICED), D (M,Q,A-END)",ARS,Argentine peso,0,Units,4.917462483,A,6.518744108,A,8.467177333,A,12.94690916,A,15.92998767,A,18.92995914,A,37.66803493,A
BIS_MACRO,A:QBCA:AR:L2,A,Annual,QBCA,"Exchange rates against US dollar, spot. ",AR,Argentina,L2,A,All users,A,Average of observations through period,16,"EXCH.RATE AR PESO/1 USD (BIS-SPLICED), D (M,Q,A-AVG)",ARS,Argentine peso,0,Units,4.544686215,A,5.47165726,A,8.115349483,A,9.246237345,A,14.76917019,A,16.5532078,A,28.06564538,A
BIS_MACRO,A:QBCA:AU:L1,A,Annual,QBCA,"Exchange rates against US dollar, spot. ",AU,Australia,L1,A,All users,E,End of period,6,"EXCH.RATE AU DOLLAR/1 USD (BIS-SPLICED), D (M,Q,A-END)",AUD,Australian dollar,0,Units,0.963468,A,1.118338,A,1.221399,A,1.368329,A,1.384688,A,1.27958,A,1.416594,A
BIS_MACRO,A:QBCA:AU:L2,A,Annual,QBCA,"Exchange rates against US dollar, spot. ",AU,Australia,L2,A,All users,A,Average of observations through period,6,"EXCH.RATE AU DOLLAR/1 USD (BIS-SPLICED), D (M,Q,A-AVG)",AUD,Australian dollar,0,Units,0.965948,A,1.036882,A,1.109239,A,1.332359,A,1.344874,A,1.304983,A,1.339015,A
BIS_MACRO,A:QBCA:BE:L1,A,Annual,QBCA,"Exchange rates against US dollar, spot. ",BE,Belgium,L1,A,All users,E,End of period,6,"EXCH.RATE EUR/1 USD, FOR BELGIUM SERIES (BIS-SPLICED), D (M,Q,A-END)",EUR,Euro,0,Units,0.75792,A,0.725111,A,0.823655,A,0.918527,A,0.948677,A,0.83382,A,0.873362,A
BIS_MACRO,A:QBCA:BE:L2,A,Annual,QBCA,"Exchange rates against US dollar, spot. ",BE,Belgium,L2,A,All users,A,Average of observations through period,6,"EXCH.RATE EUR/1 USD, FOR BELGIUM SERIES (BIS-SPLICED), D (M,Q,A-AVG)",EUR,Euro,0,Units,0.778848,A,0.753234,A,0.753941,A,0.901896,A,0.90389,A,0.887039,A,0.847582,A
BIS_MACRO,A:QBCA:BR:L1,A,Annual,QBCA,"Exchange rates against US dollar, spot. ",BR,Brazil,L1,A,All users,E,End of period,16,"EXCH.RATE BR REAL/1 USD (BIS-SPLICED), D (M,Q,A-END)",BRL,Brazilian real,0,Units,2.049113233,A,2.362120223,A,2.652746891,A,3.9604115,A,3.254435063,A,3.312682398,A,3.881222707,A
BIS_MACRO,A:QBCA:BR:L2,A,Annual,QBCA,"Exchange rates against US dollar, spot. ",BR,Brazil,L2,A,All users,A,Average of observations through period,16,"EXCH.RATE BR REAL/1 USD (BIS-SPLICED), D (M,Q,A-AVG)",BRL,Brazilian real,0,Units,1.954152025,A,2.158620172,A,2.35353505,A,3.339092283,A,3.484095497,A,3.190632719,A,3.655838389,A
BIS_MACRO,A:QBCA:CA:L1,A,Annual,QBCA,"Exchange rates against US dollar, spot. ",CA,Canada,L1,A,All users,E,End of period,6,"EXCH.RATE CA DOLLAR/1 USD (BIS-SPLICED), D (M,Q,A-END)",CAD,Canadian dollar,0,Units,0.99568,A,1.06381,A,1.158307,A,1.388445,A,1.345982,A,1.253981,A,1.362882,A
BIS_MACRO,A:QBCA:CA:L2,A,Annual,QBCA,"Exchange rates against US dollar, spot. ",CA,Canada,L2,A,All users,A,Average of observations through period,6,"EXCH.RATE CA DOLLAR/1 USD (BIS-SPLICED), D (M,Q,A-AVG)",CAD,Canadian dollar,0,Units,0.999739,A,1.030191,A,1.104261,A,1.27911,A,1.324811,A,1.298099,A,1.29571,A
BIS_MACRO,A:QBCA:CH:L1,A,Annual,QBCA,"Exchange rates against US dollar, spot. ",CH,Switzerland,L1,A,All users,E,End of period,6,"EXCH.RATE CH FRANC/1 USD (BIS-SPLICED), D (M,Q,A-END)",CHF,Swiss franc,0,Units,0.914961,A,0.890146,A,0.990363,A,0.995224,A,1.018784,A,0.975736,A,0.984192,A
BIS_MACRO,A:QBCA:CH:L2,A,Annual,QBCA,"Exchange rates against US dollar, spot. ",CH,Switzerland,L2,A,All users,A,Average of observations through period,6,"EXCH.RATE CH FRANC/1 USD (BIS-SPLICED), D (M,Q,A-AVG)",CHF,Swiss franc,0,Units,0.938684,A,0.927282,A,0.915544,A,0.96285,A,0.985258,A,0.98465,A,0.97856,A
BIS_MACRO,A:QBCA:CN:L1,A,Annual,QBCA,"Exchange rates against US dollar, spot. ",CN,China,L1,A,All users,E,End of period,6,"EXCH.RATE CN RENMINBI YUAN/1 USD (BIS-SPLICED), D (M,Q,A-END)",CNY,Renminbi,0,Units,6.230635,A,6.054021,A,6.206902,A,6.485533,A,6.944502,A,6.507463,A,6.877817,A
BIS_MACRO,A:QBCA:CN:L2,A,Annual,QBCA,"Exchange rates against US dollar, spot. ",CN,China,L2,A,All users,A,Average of observations through period,6,"EXCH.RATE CN RENMINBI YUAN/1 USD (BIS-SPLICED), D (M,Q,A-AVG)",CNY,Renminbi,0,Units,6.309354,A,6.148014,A,6.161199,A,6.285394,A,6.644414,A,6.758703,A,6.618697,A
BIS_MACRO,A:QBCA:DE:L1,A,Annual,QBCA,"Exchange rates against US dollar, spot. ",DE,Germany,L1,A,All users,E,End of period,6,"EXCH.RATE EUR/1 USD, FOR GERMANY SERIES (BIS-SPLICED), D (M,Q,A-END)",EUR,Euro,0,Units,0.75792,A,0.725111,A,0.823655,A,0.918527,A,0.948677,A,0.83382,A,0.873362,A
BIS_MACRO,A:QBCA:DE:L2,A,Annual,QBCA,"Exchange rates against US dollar, spot. ",DE,Germany,L2,A,All users,A,Average of observations through period,6,"EXCH.RATE EUR/1 USD, FOR GERMANY SERIES (BIS-SPLICED), D (M,Q,A-AVG)",EUR,Euro,0,Units,0.778848,A,0.753234,A,0.753941,A,0.901896,A,0.90389,A,0.887039,A,0.847582,A
BIS_MACRO,A:QBCA:ES:L1,A,Annual,QBCA,"Exchange rates against US dollar, spot. ",ES,Spain,L1,A,All users,E,End of period,6,"EXCH.RATE EUR/1 USD, FOR SPAIN SERIES (BIS-SPLICED), D (M,Q,A-END)",EUR,Euro,0,Units,0.75792,A,0.725111,A,0.823655,A,0.918527,A,0.948677,A,0.83382,A,0.873362,A
BIS_MACRO,A:QBCA:ES:L2,A,Annual,QBCA,"Exchange rates against US dollar, spot. ",ES,Spain,L2,A,All users,A,Average of observations through period,6,"EXCH.RATE EUR/1 USD, FOR SPAIN SERIES (BIS-SPLICED), D (M,Q,A-AVG)",EUR,Euro,0,Units,0.778848,A,0.753234,A,0.753941,A,0.901896,A,0.90389,A,0.887039,A,0.847582,A
BIS_MACRO,A:QBCA:FR:L1,A,Annual,QBCA,"Exchange rates against US dollar, spot. ",FR,France,L1,A,All users,E,End of period,6,"EXCH.RATE EUR/1 USD, FOR FRANCE SERIES (BIS-SPLICED), D (M,Q,A-END)",EUR,Euro,0,Units,0.75792,A,0.725111,A,0.823655,A,0.918527,A,0.948677,A,0.83382,A,0.873362,A
BIS_MACRO,A:QBCA:FR:L2,A,Annual,QBCA,"Exchange rates against US dollar, spot. ",FR,France,L2,A,All users,A,Average of observations through period,6,"EXCH.RATE EUR/1 USD, FOR FRANCE SERIES (BIS-SPLICED), D (M,Q,A-AVG)",EUR,Euro,0,Units,0.778848,A,0.753234,A,0.753941,A,0.901896,A,0.90389,A,0.887039,A,0.847582,A
BIS_MACRO,A:QBCA:GB:L1,A,Annual,QBCA,"Exchange rates against US dollar, spot. ",GB,United Kingdom,L1,A,All users,E,End of period,6,"EXCH.RATE GB POUND/1 USD (BIS-SPLICED), D (M,Q,A-END)",GBP,Pound (sterling),0,Units,0.618539,A,0.604525,A,0.641545,A,0.674153,A,0.812238,A,0.73979,A,0.781249,A
BIS_MACRO,A:QBCA:GB:L2,A,Annual,QBCA,"Exchange rates against US dollar, spot. ",GB,United Kingdom,L2,A,All users,A,Average of observations through period,6,"EXCH.RATE GB POUND/1 USD (BIS-SPLICED), D (M,Q,A-AVG)",GBP,Pound (sterling),0,Units,0.631273,A,0.639738,A,0.607358,A,0.654322,A,0.740907,A,0.776964,A,0.749947,A
BIS_MACRO,A:QBCA:HK:L1,A,Annual,QBCA,"Exchange rates against US dollar, spot. ",HK,Hong Kong SAR,L1,A,All users,E,End of period,6,"EXCH.RATE HK DOLLAR/1 USD (BIS-SPLICED), D (M,Q,A-END)",HKD,Hong Kong dollar,0,Units,7.750493,A,7.753825,A,7.756363,A,7.750161,A,7.755526,A,7.814558,A,7.831878,A
BIS_MACRO,A:QBCA:HK:L2,A,Annual,QBCA,"Exchange rates against US dollar, spot. ",HK,Hong Kong SAR,L2,A,All users,A,Average of observations through period,6,"EXCH.RATE HK DOLLAR/1 USD (BIS-SPLICED), D (M,Q,A-AVG)",HKD,Hong Kong dollar,0,Units,7.757122,A,7.75656,A,7.754944,A,7.752421,A,7.762394,A,7.792856,A,7.837712,A
BIS_MACRO,A:QBCA:ID:L1,A,Annual,QBCA,"Exchange rates against US dollar, spot. ",ID,Indonesia,L1,A,All users,E,End of period,6,"EXCH.RATE ID RUPIAH/1 USD (BIS-SPLICED), D (M,Q,A-END)",IDR,Rupiah,0,Units,9636.175534,A,12156.31934,A,12417.51091,A,13814.63213,A,13446.00133,A,13540.49862,A,14410.48035,A
BIS_MACRO,A:QBCA:ID:L2,A,Annual,QBCA,"Exchange rates against US dollar, spot. ",ID,Indonesia,L2,A,All users,A,Average of observations through period,6,"EXCH.RATE ID RUPIAH/1 USD (BIS-SPLICED), D (M,Q,A-AVG)",IDR,Rupiah,0,Units,9377.96342,A,10422.33946,A,11864.43002,A,13405.43562,A,13301.22978,A,13380.65297,A,14242.18753,A
BIS_MACRO,A:QBCA:IN:L1,A,Annual,QBCA,"Exchange rates against US dollar, spot. ",IN,India,L1,A,All users,E,End of period,6,"EXCH.RATE IN RUPEE/1 USD (BIS-SPLICED), D (M,Q,A-END)",INR,Indian rupee,0,Units,54.994695,A,61.89979,A,63.190017,A,66.15367,A,67.919078,A,63.875177,A,69.633013,A
BIS_MACRO,A:QBCA:IN:L2,A,Annual,QBCA,"Exchange rates against US dollar, spot. ",IN,India,L2,A,All users,A,Average of observations through period,6,"EXCH.RATE IN RUPEE/1 USD (BIS-SPLICED), D (M,Q,A-AVG)",INR,Indian rupee,0,Units,53.434264,A,58.638576,A,61.02262,A,64.178069,A,67.197565,A,65.128888,A,68.448351,A
BIS_MACRO,A:QBCA:IT:L1,A,Annual,QBCA,"Exchange rates against US dollar, spot. ",IT,Italy,L1,A,All users,E,End of period,6,"EXCH.RATE EUR/1 USD, FOR ITALY SERIES (BIS-SPLICED), D (M,Q,A-END)",EUR,Euro,0,Units,0.75792,A,0.725111,A,0.823655,A,0.918527,A,0.948677,A,0.83382,A,0.873362,A
BIS_MACRO,A:QBCA:IT:L2,A,Annual,QBCA,"Exchange rates against US dollar, spot. ",IT,Italy,L2,A,All users,A,Average of observations through period,6,"EXCH.RATE EUR/1 USD, FOR ITALY SERIES (BIS-SPLICED), D (M,Q,A-AVG)",EUR,Euro,0,Units,0.778848,A,0.753234,A,0.753941,A,0.901896,A,0.90389,A,0.887039,A,0.847582,A
BIS_MACRO,A:QBCA:JP:L1,A,Annual,QBCA,"Exchange rates against US dollar, spot. ",JP,Japan,L1,A,All users,E,End of period,6,"EXCH.RATE JP YEN/1 USD (BIS-SPLICED), D (M,Q,A-END)",JPY,Yen,0,Units,86.107322,A,104.938003,A,119.619471,A,120.391292,A,117.066692,A,112.574002,A,109.912664,A
BIS_MACRO,A:QBCA:JP:L2,A,Annual,QBCA,"Exchange rates against US dollar, spot. ",JP,Japan,L2,A,All users,A,Average of observations through period,6,"EXCH.RATE JP YEN/1 USD (BIS-SPLICED), D (M,Q,A-AVG)",JPY,Yen,0,Units,79.75303,A,97.617765,A,105.81779,A,121.079599,A,108.654779,A,112.194306,A,110.473675,A
BIS_MACRO,A:QBCA:KR:L1,A,Annual,QBCA,"Exchange rates against US dollar, spot. ",KR,Korea,L1,A,All users,E,End of period,6,"EXCH.RATE KR WON/1 USD (BIS-SPLICED), D (M,Q,A-END)",KRW,Won,0,Units,1065.810217,A,1052.084693,A,1091.178651,A,1176.430605,A,1204.212124,A,1066.964062,A,1116.09607,A
BIS_MACRO,A:QBCA:KR:L2,A,Annual,QBCA,"Exchange rates against US dollar, spot. ",KR,Korea,L2,A,All users,A,Average of observations through period,6,"EXCH.RATE KR WON/1 USD (BIS-SPLICED), D (M,Q,A-AVG)",KRW,Won,0,Units,1127.089744,A,1095.113793,A,1053.047067,A,1132.720611,A,1160.496416,A,1130.818294,A,1100.726341,A
BIS_MACRO,A:QBCA:MX:L1,A,Annual,QBCA,"Exchange rates against US dollar, spot. ",MX,Mexico,L1,A,All users,E,End of period,6,"EXCH.RATE MX PESO/1 USD (BIS-SPLICED), D (M,Q,A-END)",MXN,Mexican peso,0,Units,13.024481,A,13.104996,A,14.716992,A,17.373473,A,20.654492,A,19.729175,A,19.643755,A
BIS_MACRO,A:QBCA:MX:L2,A,Annual,QBCA,"Exchange rates against US dollar, spot. ",MX,Mexico,L2,A,All users,A,Average of observations through period,6,"EXCH.RATE MX PESO/1 USD (BIS-SPLICED), D (M,Q,A-AVG)",MXN,Mexican peso,0,Units,13.162566,A,12.769587,A,13.302096,A,15.883301,A,18.685217,A,18.911244,A,19.240696,A
BIS_MACRO,A:QBCA:NL:L1,A,Annual,QBCA,"Exchange rates against US dollar, spot. ",NL,Netherlands,L1,A,All users,E,End of period,6,"EXCH.RATE EUR/1 USD, FOR NETHERLANDS SERIES (BIS-SPLICED),D(M,Q,A-END)",EUR,Euro,0,Units,0.75792,A,0.725111,A,0.823655,A,0.918527,A,0.948677,A,0.83382,A,0.873362,A
BIS_MACRO,A:QBCA:NL:L2,A,Annual,QBCA,"Exchange rates against US dollar, spot. ",NL,Netherlands,L2,A,All users,A,Average of observations through period,6,"EXCH.RATE EUR/1 USD, FOR NETHERLANDS SERIES (BIS-SPLICED),D(M,Q,A-AVG)",EUR,Euro,0,Units,0.778848,A,0.753234,A,0.753941,A,0.901896,A,0.90389,A,0.887039,A,0.847582,A
BIS_MACRO,A:QBCA:RU:L1,A,Annual,QBCA,"Exchange rates against US dollar, spot. ",RU,Russia,L1,A,All users,E,End of period,6,"EXCH.RATE RU RUBLE/1 USD (BIS-SPLICED), D (M,Q,A-END)",RUB,Russian rouble,0,Units,30.566545,A,32.865347,A,59.580759,A,74.100854,A,60.999905,A,57.860419,A,69.620349,A
BIS_MACRO,A:QBCA:RU:L2,A,Annual,QBCA,"Exchange rates against US dollar, spot. ",RU,Russia,L2,A,All users,A,Average of observations through period,6,"EXCH.RATE RU RUBLE/1 USD (BIS-SPLICED), D (M,Q,A-AVG)",RUB,Russian rouble,0,Units,31.10157,A,31.872508,A,38.565863,A,61.339214,A,66.982709,A,58.36246,A,62.806241,A
BIS_MACRO,A:QBCA:SA:L1,A,Annual,QBCA,"Exchange rates against US dollar, spot. ",SA,Saudi Arabia,L1,A,All users,E,End of period,6,"EXCH.RATE SA RIYAL/1 USD (BIS-SPLICED), D (M,Q,A-END)",SAR,Saudi riyal,0,Units,3.7506,A,3.7506,A,3.7545,A,3.7556,A,3.7515,A,3.75,A,3.75,A
BIS_MACRO,A:QBCA:SA:L2,A,Annual,QBCA,"Exchange rates against US dollar, spot. ",SA,Saudi Arabia,L2,A,All users,A,Average of observations through period,6,"EXCH.RATE SA RIYAL/1 USD (BIS-SPLICED), D (M,Q,A-AVG)",SAR,Saudi riyal,0,Units,3.750273,A,3.750328,A,3.750917,A,3.751223,A,3.750709,A,3.750123,A,3.75,A
BIS_MACRO,A:QBCA:SE:L1,A,Annual,QBCA,"Exchange rates against US dollar, spot. ",SE,Sweden,L1,A,All users,E,End of period,6,"EXCH.RATE SE KRONA/1 USD (BIS-SPLICED), D (M,Q,A-END)",SEK,Swedish krona,0,Units,6.504472,A,6.423827,A,7.736595,A,8.440801,A,9.062233,A,8.207955,A,8.956157,A
BIS_MACRO,A:QBCA:SE:L2,A,Annual,QBCA,"Exchange rates against US dollar, spot. ",SE,Sweden,L2,A,All users,A,Average of observations through period,6,"EXCH.RATE SE KRONA/1 USD (BIS-SPLICED), D (M,Q,A-AVG)",SEK,Swedish krona,0,Units,6.777225,A,6.514909,A,6.863611,A,8.434721,A,8.561069,A,8.544253,A,8.697642,A
BIS_MACRO,A:QBCA:SG:L1,A,Annual,QBCA,"Exchange rates against US dollar, spot. ",SG,Singapore,L1,A,All users,E,End of period,6,"EXCH.RATE SG DOLLAR/1 USD (BIS-SPLICED), D (M,Q,A-END)",SGD,Singapore dollar,0,Units,1.221085,A,1.262708,A,1.322626,A,1.416093,A,1.445214,A,1.336113,A,1.361659,A
BIS_MACRO,A:QBCA:SG:L2,A,Annual,QBCA,"Exchange rates against US dollar, spot. ",SG,Singapore,L2,A,All users,A,Average of observations through period,6,"EXCH.RATE SG DOLLAR/1 USD (BIS-SPLICED), D (M,Q,A-AVG)",SGD,Singapore dollar,0,Units,1.249759,A,1.251321,A,1.266935,A,1.375221,A,1.380625,A,1.381058,A,1.349319,A
BIS_MACRO,A:QBCA:TR:L1,A,Annual,QBCA,"Exchange rates against US dollar, spot. ",TR,Turkey,L1,A,All users,E,End of period,16,"EXCH.RATE TR LIRA/1 USD (BIS-SPLICED), D (M,Q,A-END)",TRY,Turkish lira,0,Units,1.784978,A,2.14669,A,2.332592,A,2.9177,A,3.516934,A,3.790878,A,5.291528,A
BIS_MACRO,A:QBCA:TR:L2,A,Annual,QBCA,"Exchange rates against US dollar, spot. ",TR,Turkey,L2,A,All users,A,Average of observations through period,16,"EXCH.RATE TR LIRA/1 USD (BIS-SPLICED), D (M,Q,A-AVG)",TRY,Turkish lira,0,Units,1.801055,A,1.906482,A,2.18954,A,2.728672,A,3.023956,A,3.648063,A,4.854929,A
BIS_MACRO,A:QBCA:US:L1,A,Annual,QBCA,"Exchange rates against US dollar, spot. ",US,United States,L1,A,All users,E,End of period,6,"EXCH.RATE US DOLLAR/1 USD (BIS-SPLICED), M,Q,A-END",USD,US dollar,0,Units,1,A,1,A,1,A,1,A,1,A,1,A,1,A
BIS_MACRO,A:QBCA:US:L2,A,Annual,QBCA,"Exchange rates against US dollar, spot. ",US,United States,L2,A,All users,A,Average of observations through period,6,"EXCH.RATE US DOLLAR/1 USD (BIS-SPLICED), D (M,Q,A-AVG)",USD,US dollar,0,Units,1,A,1,A,1,A,1,A,1,A,1,A,1,A
BIS_MACRO,A:QBCA:XM:L1,A,Annual,QBCA,"Exchange rates against US dollar, spot. ",XM,Euro area,L1,A,All users,E,End of period,6,"EXCH.RATE EURO/1 USD (BIS-SPLICED), D (M,Q,A-END)",EUR,Euro,0,Units,0.75792,A,0.725111,A,0.823655,A,0.918527,A,0.948677,A,0.83382,A,0.873362,A
BIS_MACRO,A:QBCA:XM:L2,A,Annual,QBCA,"Exchange rates against US dollar, spot. ",XM,Euro area,L2,A,All users,A,Average of observations through period,6,"EXCH.RATE EURO/1 USD (BIS-SPLICED), D (M,Q,A-AVG)",EUR,Euro,0,Units,0.778848,A,0.753234,A,0.753941,A,0.901896,A,0.90389,A,0.887039,A,0.847582,A
BIS_MACRO,A:QBCA:ZA:L1,A,Annual,QBCA,"Exchange rates against US dollar, spot. ",ZA,South Africa,L1,A,All users,E,End of period,6,"EXCH.RATE ZA RAND/1 USD (BIS-SPLICED), D (M,Q,A-END)",ZAR,Rand,0,Units,8.468016,A,10.561961,A,11.56025,A,15.571783,A,13.715018,A,12.345035,A,14.375022,A
BIS_MACRO,A:QBCA:ZA:L2,A,Annual,QBCA,"Exchange rates against US dollar, spot. ",ZA,South Africa,L2,A,All users,A,Average of observations through period,6,"EXCH.RATE ZA RAND/1 USD (BIS-SPLICED), D (M,Q,A-AVG)",ZAR,Rand,0,Units,8.216184,A,9.658115,A,10.851273,A,12.783734,A,14.692312,A,13.319565,A,13.254854,A
BIS_MACRO,A:RBGA:AR:R1,A,Annual,RBGA,"Gross domestic product, at market prices - current prices. , NSA",AR,Argentina,R1,A,All users,S,Summed through period,3,"GDP, AT MARKET PRICES - CURR. PRICES",ARS,Argentine peso,9,Billions,2850.17,A,3679.896,A,5010.564,A,6552.14,A,8963.808,A,11699.508,A,16923.845,A
BIS_MACRO,A:RBGA:AU:R1,A,Annual,RBGA,"Gross domestic product, at market prices - current prices. , NSA",AU,Australia,R1,A,All users,S,Summed through period,1,"GDP, AT MARKET PRICES - CURR. PRICES",AUD,Australian dollar,9,Billions,1515.3,A,1568.1,A,1614,A,1640.8,A,1705.2,A,1808.3,A,1899,A
BIS_MACRO,A:RBGA:BE:R1,A,Annual,RBGA,"Gross domestic product, at market prices - current prices. , NSA",BE,Belgium,R1,A,All users,S,Summed through period,1,"GDP, AT MARKET PRICES - CURR. PRICES",EUR,Euro,9,Billions,387.5,A,392.3,A,400.1,A,411.1,A,424.6,A,439.2,A,450.5,A
BIS_MACRO,A:RBGA:BR:R1,A,Annual,RBGA,"Gross domestic product, at market prices - current prices. , NSA",BR,Brazil,R1,A,All users,S,Summed through period,3,"GDP, AT MARKET PRICES (SNA 93-FISIM) - CURR.PR., NSA",BRL,Brazilian real,9,Billions,4814.76,A,5331.619,A,5778.953,A,5995.787,A,6267.205,A,6553.843,A,6827.586,A
BIS_MACRO,A:RBGA:CA:R1,A,Annual,RBGA,"Gross domestic product, at market prices - current prices. , NSA",CA,Canada,R1,A,All users,Y,Annualised summed,3,"GDP, AT MARKET PRICES - CURR. PRICES",CAD,Canadian dollar,9,Billions,1827.202,A,1902.247,A,1994.892,A,1990.439,A,2028.223,A,2141.508,A,2219.061,A
BIS_MACRO,A:RBGA:CH:R1,A,Annual,RBGA,"Gross domestic product, at market prices - current prices. , NSA",CH,Switzerland,R1,A,All users,S,Summed through period,3,"GDP, AT MARKET PRICES - CURR. PRICES",CHF,Swiss franc,9,Billions,626.414,A,638.177,A,649.718,A,654.258,A,661.504,A,669.542,A,689.545,A
BIS_MACRO,A:RBGA:CN:R1,A,Annual,RBGA,"Gross domestic product, at market prices - current prices. , NSA",CN,China,R1,A,All users,S,Summed through period,2,"GDP, AT MARKET PRICES - CURR. PRICES, NSA",CNY,Renminbi,9,Billions,54098.89,A,59696.29,A,64718.2,A,69910.9,A,74563.2,A,81203.8,A,88442.6,A
BIS_MACRO,A:RBGA:DE:R1,A,Annual,RBGA,"Gross domestic product, at market prices - current prices. , NSA",DE,Germany,R1,A,All users,S,Summed through period,3,"GDP, AT MARKET PRICES - CURR. PRICES",EUR,Euro,9,Billions,2745.31,A,2811.35,A,2938.63,A,3048.89,A,3159.75,A,3277.34,A,3386,A
BIS_MACRO,A:RBGA:ES:R1,A,Annual,RBGA,"Gross domestic product, at market prices - current prices. , NSA",ES,Spain,R1,A,All users,S,Summed through period,1,"GDP, AT MARKET PRICES - CURR. PRICES",EUR,Euro,9,Billions,1039.8,A,1025.7,A,1037.8,A,1081.2,A,1118.7,A,1166.3,A,1208.2,A
BIS_MACRO,A:RBGA:FR:R1,A,Annual,RBGA,"Gross domestic product, at market prices - current prices. , NSA",FR,France,R1,A,All users,S,Summed through period,0,"GDP, AT MARKET PRICES - CURR. PRICES",EUR,Euro,9,Billions,2089,A,2118,A,2151,A,2198,A,2233,A,2297,A,2354,A
BIS_MACRO,A:RBGA:GB:R1,A,Annual,RBGA,"Gross domestic product, at market prices - current prices. , NSA",GB,United Kingdom,R1,A,All users,S,Summed through period,3,"GDP, AT MARKET PRICES - CURR. PRICES, NSA",GBP,Pound (sterling),9,Billions,1712.32,A,1782.109,A,1861.964,A,1916.896,A,1995.478,A,2071.457,A,2129.951,A
BIS_MACRO,A:RBGA:HK:R1,A,Annual,RBGA,"Gross domestic product, at market prices - current prices. , NSA",HK,Hong Kong SAR,R1,A,All users,S,Summed through period,3,"GDP, AT MARKET PRICES - CURR. PRICES, NSA",HKD,Hong Kong dollar,9,Billions,2037.059,A,2138.305,A,2260.005,A,2398.28,A,2490.617,A,2662.836,A,2842.883,A
BIS_MACRO,A:RBGA:ID:R1,A,Annual,RBGA,"Gross domestic product, at market prices - current prices. , NSA",ID,Indonesia,R1,A,All users,S,Summed through period,3,"GDP, AT MARKET PRICES (SNA 2008) - CURR.PR., NWDA NSA",IDR,Rupiah,9,Billions,8615704.5,A,9546134,A,10569705.3,A,11526332.8,A,12401728.5,A,13587212.6,A,14837357.5,A
BIS_MACRO,A:RBGA:IN:R1,A,Annual,RBGA,"Gross domestic product, at market prices - current prices. , NSA",IN,India,R1,A,All users,S,Summed through period,3,"GDP, AT MARKET PRICES - CURR. PRICES",INR,Indian rupee,9,Billions,101935.113,A,116842.802,A,127396.683,A,139065.28,A,154606.48,A,172421.2,A,191373.12,A
BIS_MACRO,A:RBGA:IT:R1,A,Annual,RBGA,"Gross domestic product, at market prices - current prices. , NSA",IT,Italy,R1,A,All users,S,Summed through period,3,"GDP, AT MARKET PRICES - CURR. PRICES",EUR,Euro,9,Billions,1624.359,A,1612.75,A,1627.406,A,1655.355,A,1695.59,A,1736.602,A,1765.423,A
BIS_MACRO,A:RBGA:JP:R1,A,Annual,RBGA,"Gross domestic product, at market prices - current prices. , NSA",JP,Japan,R1,A,All users,S,Summed through period,3,"GDP, AT MARKET PRICES - CURR. PRICES, NSA",JPY,Yen,9,Billions,494957.2,A,503175.6,A,513876,A,531319.8,A,535986.4,A,545103.7,A,548907.2,A
BIS_MACRO,A:RBGA:KR:R1,A,Annual,RBGA,"Gross domestic product, at market prices - current prices. , NSA",KR,Korea,R1,A,All users,S,Summed through period,1,"GDP, AT MARKET PRICES - CURR. PRICES, NSA",KRW,Won,9,Billions,1440111.4,A,1500819.1,A,1562928.9,A,1658020.4,A,1740779.6,A,1835698.2,A,1893497,A
BIS_MACRO,A:RBGA:MX:R1,A,Annual,RBGA,"Gross domestic product, at market prices - current prices. , NSA",MX,Mexico,R1,A,All users,Y,Annualised summed,1,"GDP, AT MARKET PRICES - CURR. PRICES",MXN,Mexican peso,9,Billions,16377,A,16935.6,A,18284.1,A,19313.3,A,21359.8,A,22846.4,A,24469.9,A
BIS_MACRO,A:RBGA:NL:R1,A,Annual,RBGA,"Gross domestic product, at market prices - current prices. , NSA",NL,Netherlands,R1,A,All users,S,Summed through period,3,"GDP, AT MARKET PRICES - CURR. PRICES",EUR,Euro,9,Billions,652.966,A,660.463,A,671.56,A,690.008,A,708.337,A,738.146,A,774.039,A
BIS_MACRO,A:RBGA:RU:R1,A,Annual,RBGA,"Gross domestic product, at market prices - current prices. , NSA",RU,Russia,R1,A,All users,S,Summed through period,3,"GDP, AT MARKET PRICES - CURR. PRICES",RUB,Russian rouble,9,Billions,68163.9,A,73133.9,A,79058.5,A,83094.3,A,86014.2,A,92101.3,A,103875.8,A
BIS_MACRO,A:RBGA:SA:R1,A,Annual,RBGA,"Gross domestic product, at market prices - current prices. , NSA",SA,Saudi Arabia,R1,A,All users,S,Summed through period,0,"GDP, AT MARKET PRICES - CURR. PRICES",SAR,Saudi riyal,9,Billions,2760,A,2800,A,2836,A,2454,A,2419,A,2582,A,2934,A
BIS_MACRO,A:RBGA:SE:R1,A,Annual,RBGA,"Gross domestic product, at market prices - current prices. , NSA",SE,Sweden,R1,A,All users,S,Summed through period,3,"GDP, AT MARKET PRICES - CURR. PRICES, NSA",SEK,Swedish krona,9,Billions,3732.539,A,3808.314,A,3980.966,A,4248.213,A,4415.799,A,4621.046,A,4833.672,A
BIS_MACRO,A:RBGA:SG:R1,A,Annual,RBGA,"Gross domestic product, at market prices - current prices. , NSA",SG,Singapore,R1,A,All users,S,Summed through period,4,"GDP, AT MARKET PRICES - CURR. PRICES, NSA",SGD,Singapore dollar,9,Billions,368.7705,A,384.8703,A,398.9479,A,423.4441,A,439.4116,A,467.3055,A,491.1745,A
BIS_MACRO,A:RBGA:TR:R1,A,Annual,RBGA,"Gross domestic product, at market prices - current prices. , NSA",TR,Turkey,R1,A,All users,S,Summed through period,3,"GDP, AT MARKET PRICES - CURR. PRICES",TRY,Turkish lira,9,Billions,1569.672,A,1809.713,A,2044.466,A,2338.647,A,2608.526,A,3110.65,A,3724.388,A
BIS_MACRO,A:RBGA:US:R1,A,Annual,RBGA,"Gross domestic product, at market prices - current prices. , NSA",US,United States,R1,A,All users,Y,Annualised summed,3,"GDP, AT MARKET PRICES - CURR. PRICES",USD,US dollar,9,Billions,16358.9,A,17083.1,A,17849.9,A,18350.8,A,18991.9,A,19918.9,A,20897.8,A
BIS_MACRO,A:RBGA:XM:R1,A,Annual,RBGA,"Gross domestic product, at market prices - current prices. , NSA",XM,Euro area,R1,A,All users,S,Summed through period,4,"GDP, AT MARKET PRICES - CURR. PRICES",EUR,Euro,9,Billions,9836.9562,A,9933.8331,A,10167.9038,A,10524.4381,A,10816.9645,A,11200.9239,A,11561.1879,A
BIS_MACRO,A:RBGA:ZA:R1,A,Annual,RBGA,"Gross domestic product, at market prices - current prices. , NSA",ZA,South Africa,R1,A,All users,S,Summed through period,3,"GDP, AT MARKET PRICES - CURR. PRICES",ZAR,Rand,9,Billions,3253.851,A,3539.977,A,3805.35,A,4049.884,A,4359.06,A,4653.579,A,4873.899,A
BIS_MACRO,A:RZAA:AR:R1,A,Annual,RZAA,"GDP per capita. , NSA",AR,Argentina,R1,A,All users,S,Summed through period,3,GDP PER CAPITA,ARS,Argentine peso,0,Units,68294.91,A,87195.263,A,117427.296,A,151909.143,A,205637.355,A,265627.386,A,380358.117,A
BIS_MACRO,A:RZAA:AU:R1,A,Annual,RZAA,"GDP per capita. , NSA",AU,Australia,R1,A,All users,S,Summed through period,1,GDP PER CAPITA,AUD,Australian dollar,0,Units,66506.7,A,67672.3,A,68619.2,A,68761.1,A,70329.1,A,73363.5,A,75853.8,A
BIS_MACRO,A:RZAA:BE:R1,A,Annual,RZAA,"GDP per capita. , NSA",BE,Belgium,R1,A,All users,S,Summed through period,1,GDP PER CAPITA,EUR,Euro,0,Units,34910,A,35184.4,A,35693.3,A,36484.1,A,37502.6,A,38605.4,A,39410.9,A
BIS_MACRO,A:RZAA:BR:R1,A,Annual,RZAA,"GDP per capita. , NSA",BR,Brazil,R1,A,All users,S,Summed through period,1,GDP PER CAPITA,BRL,Brazilian real,0,Units,24278.3,A,26657.6,A,28648.7,A,29466.8,A,30548.3,A,31690.9,A,32747,A
BIS_MACRO,A:RZAA:CA:R1,A,Annual,RZAA,"GDP per capita. , NSA",CA,Canada,R1,A,All users,S,Summed through period,1,GDP PER CAPITA,CAD,Canadian dollar,0,Units,52937.3,A,54532,A,56593.3,A,55950.2,A,56541.9,A,58979.9,A,60323.5,A
BIS_MACRO,A:RZAA:CH:R1,A,Annual,RZAA,"GDP per capita. , NSA",CH,Switzerland,R1,A,All users,S,Summed through period,1,GDP PER CAPITA,CHF,Swiss franc,0,Units,78331.1,A,78894.4,A,79340.4,A,78997.6,A,79004.5,A,79216.9,A,80989.6,A
BIS_MACRO,A:RZAA:CN:R1,A,Annual,RZAA,"GDP per capita. , NSA",CN,China,R1,A,All users,S,Summed through period,1,GDP PER CAPITA,CNY,Renminbi,0,Units,39953.7,A,43871.1,A,47314.9,A,50858.3,A,53925.4,A,58416.6,A,63382.4,A
BIS_MACRO,A:RZAA:DE:R1,A,Annual,RZAA,"GDP per capita. , NSA",DE,Germany,R1,A,All users,S,Summed through period,1,GDP PER CAPITA,EUR,Euro,0,Units,34134.6,A,34860.4,A,36287,A,37324.1,A,38370.2,A,39649.9,A,40843.4,A
BIS_MACRO,A:RZAA:ES:R1,A,Annual,RZAA,"GDP per capita. , NSA",ES,Spain,R1,A,All users,S,Summed through period,3,GDP PER CAPITA,EUR,Euro,0,Units,22245.322,A,22042.339,A,22356.823,A,23285.61,A,24055.339,A,25280.787,A,26020.032,A
BIS_MACRO,A:RZAA:FR:R1,A,Annual,RZAA,"GDP per capita. , NSA",FR,France,R1,A,All users,S,Summed through period,1,GDP PER CAPITA,EUR,Euro,0,Units,32810.4,A,33092.5,A,33464.2,A,34106.7,A,34556.3,A,35482.2,A,36328.2,A
BIS_MACRO,A:RZAA:GB:R1,A,Annual,RZAA,"GDP per capita. , NSA",GB,United Kingdom,R1,A,All users,S,Summed through period,1,GDP PER CAPITA,GBP,Pound (sterling),0,Units,26878.9,A,27799.4,A,28824.3,A,29440.9,A,30396.6,A,31366.7,A,32060.2,A
BIS_MACRO,A:RZAA:HK:R1,A,Annual,RZAA,"GDP per capita. , NSA",HK,Hong Kong SAR,R1,A,All users,S,Summed through period,1,GDP PER CAPITA,HKD,Hong Kong dollar,0,Units,284069,A,296537.9,A,311600.2,A,328095.5,A,337614.6,A,359206.8,A,379739.7,A
BIS_MACRO,A:RZAA:ID:R1,A,Annual,RZAA,"GDP per capita. , NSA",ID,Indonesia,R1,A,All users,S,Summed through period,3,GDP PER CAPITA,IDR,Rupiah,0,Units,35105215.36,A,38365914.7,A,41915863.36,A,45119612.06,A,47937722.5,A,51881194.04,A,55986795.86,A
BIS_MACRO,A:RZAA:IN:R1,A,Annual,RZAA,"GDP per capita. , NSA",IN,India,R1,A,All users,S,Summed through period,1,GDP PER CAPITA,INR,Indian rupee,0,Units,82538.6,A,93399.5,A,100549.9,A,108390.7,A,119019.6,A,131019.1,A,143673.5,A
BIS_MACRO,A:RZAA:IT:R1,A,Annual,RZAA,"GDP per capita. , NSA",IT,Italy,R1,A,All users,S,Summed through period,3,GDP PER CAPITA,EUR,Euro,0,Units,26920.501,A,26592.68,A,26771.339,A,27257.345,A,27967.343,A,28686.76,A,29210.63,A
BIS_MACRO,A:RZAA:JP:R1,A,Annual,RZAA,"GDP per capita. , NSA",JP,Japan,R1,A,All users,S,Summed through period,3,GDP PER CAPITA,JPY,Yen,0,Units,3879187.73,A,3949139.027,A,4038730.872,A,4180493.332,A,4222593.022,A,4302114.343,A,4341143.44,A
BIS_MACRO,A:RZAA:KR:R1,A,Annual,RZAA,"GDP per capita. , NSA",KR,Korea,R1,A,All users,S,Summed through period,1,GDP PER CAPITA,KRW,Won,0,Units,28687478.1,A,29761032.3,A,30798449.2,A,32500644.9,A,33987652.8,A,35740395.6,A,36690700.9,A
BIS_MACRO,A:RZAA:MX:R1,A,Annual,RZAA,"GDP per capita. , NSA",MX,Mexico,R1,A,All users,S,Summed through period,1,GDP PER CAPITA,MXN,Mexican peso,0,Units,139302.6,A,142440.8,A,152107.7,A,158974.4,A,174015.9,A,184270.7,A,195459,A
BIS_MACRO,A:RZAA:NL:R1,A,Annual,RZAA,"GDP per capita. , NSA",NL,Netherlands,R1,A,All users,S,Summed through period,1,GDP PER CAPITA,EUR,Euro,0,Units,38973.2,A,39309,A,39817,A,40746.3,A,41591.7,A,43089.4,A,44928.3,A
BIS_MACRO,A:RZAA:RU:R1,A,Annual,RZAA,"GDP per capita. , NSA",RU,Russia,R1,A,All users,S,Summed through period,1,GDP PER CAPITA,RUB,Russian rouble,0,Units,475999.2,A,509619.1,A,549704.5,A,567560.8,A,586427.1,A,627213.6,A,707456.2,A
BIS_MACRO,A:RZAA:SA:R1,A,Annual,RZAA,"GDP per capita. , NSA",SA,Saudi Arabia,R1,A,All users,S,Summed through period,1,GDP PER CAPITA,SAR,Saudi riyal,0,Units,94530.6,A,95300,A,94552.9,A,79425.5,A,76083.4,A,79177.3,A,87817.8,A
BIS_MACRO,A:RZAA:SE:R1,A,Annual,RZAA,"GDP per capita. , NSA",SE,Sweden,R1,A,All users,S,Summed through period,1,GDP PER CAPITA,SEK,Swedish krona,0,Units,392098.1,A,396682.8,A,410573.9,A,433526.5,A,445002.6,A,459439.8,A,475053.8,A
BIS_MACRO,A:RZAA:SG:R1,A,Annual,RZAA,"GDP per capita. , NSA",SG,Singapore,R1,A,All users,S,Summed through period,1,GDP PER CAPITA,SGD,Singapore dollar,0,Units,69422.2,A,71285.5,A,72933.8,A,76503,A,78368.4,A,83269,A,87103.1,A
BIS_MACRO,A:RZAA:TR:R1,A,Annual,RZAA,"GDP per capita. , NSA",TR,Turkey,R1,A,All users,S,Summed through period,1,GDP PER CAPITA,TRY,Turkish lira,0,Units,20755.3,A,23604.6,A,26313.7,A,29700.5,A,32682.2,A,38493.1,A,45417.2,A
BIS_MACRO,A:RZAA:US:R1,A,Annual,RZAA,"GDP per capita. , NSA",US,United States,R1,A,All users,S,Summed through period,1,GDP PER CAPITA,USD,US dollar,0,Units,51910.6,A,53836.2,A,55841.8,A,56999.4,A,58583.2,A,61060.1,A,63666.8,A
BIS_MACRO,A:RZAA:XM:R1,A,Annual,RZAA,"GDP per capita. , NSA",XM,Euro area,R1,A,All users,S,Summed through period,1,GDP PER CAPITA,EUR,Euro,0,Units,29222,A,29445.7,A,30073.2,A,31035,A,31796.3,A,32852.6,A,33832.5,A
BIS_MACRO,A:RZAA:ZA:R1,A,Annual,RZAA,"GDP per capita. , NSA",ZA,South Africa,R1,A,All users,S,Summed through period,1,GDP PER CAPITA,ZAR,Rand,0,Units,62297.3,A,66952.5,A,71064.3,A,74634.4,A,79225.4,A,83421.4,A,86169.1,A
BIS_MACRO,A:UBBA:AR:R2,A,Annual,UBBA,"Population, total. , NSA",AR,Argentina,R2,A,All users,E,End of period,1,"POPULATION, TOTAL, Q-END NSA",371,Persons,3,Thousands,41733.3,A,42202.9,A,42669.5,A,43132,A,43590.4,A,44044.8,A,44494.5,A
BIS_MACRO,A:UBBA:AU:R2,A,Annual,UBBA,"Population, total. , NSA",AU,Australia,R2,A,All users,E,End of period,0,"POPULATION, TOTAL NSA ",371,Persons,3,Thousands,22784,A,23172,A,23521,A,23863,A,24246,A,24649,A,25035,A
BIS_MACRO,A:UBBA:BE:R2,A,Annual,UBBA,"Population, total. , NSA",BE,Belgium,R2,A,All users,A,Average of observations through period,0,"POPULATION, TOTAL NSA",371,Persons,3,Thousands,11100,A,11151,A,11209,A,11268,A,11322,A,11376,A,11431,A
BIS_MACRO,A:UBBA:BR:R2,A,Annual,UBBA,"Population, total. , NSA",BR,Brazil,R2,A,All users,E,End of period,0,"POPULATION, TOTAL NSA",371,Persons,3,Thousands,198315,A,200004,A,201718,A,203476,A,205157,A,206805,A,208495,A
BIS_MACRO,A:UBBA:CA:R2,A,Annual,UBBA,"Population, total. , NSA",CA,Canada,R2,A,All users,E,End of period,0,"POPULATION, TOTAL NSA",371,Persons,3,Thousands,34516,A,34883,A,35250,A,35575,A,35871,A,36309,A,36786,A
BIS_MACRO,A:UBBA:CH:R2,A,Annual,UBBA,"Population, total. , NSA",CH,Switzerland,R2,A,All users,E,End of period,0,"POPULATION, TOTAL, Y-END",371,Persons,3,Thousands,7997,A,8089,A,8189,A,8282,A,8373,A,8452,A,8514,A
BIS_MACRO,A:UBBA:CN:R2,A,Annual,UBBA,"Population, total. , NSA",CN,China,R2,A,All users,E,End of period,0,"POPULATION, TOTAL, Y-END NSA",371,Persons,3,Thousands,1354040,A,1360720,A,1367820,A,1374620,A,1382710,A,1390080,A,1395380,A
BIS_MACRO,A:UBBA:DE:R2,A,Annual,UBBA,"Population, total. , NSA",DE,Germany,R2,A,All users,E,End of period,0,"POPULATION, TOTAL NSA",371,Persons,3,Thousands,80426,A,80646,A,80983,A,81687,A,82349,A,82657,A,82902,A
BIS_MACRO,A:UBBA:ES:R2,A,Annual,UBBA,"Population, total. , NSA",ES,Spain,R2,A,All users,E,End of period,1,"POPULATION, TOTAL, Y-END NSA",371,Persons,3,Thousands,46743.1,A,46532.9,A,46420.7,A,46430.6,A,46507.1,A,46134.6,A,46435.3,A
BIS_MACRO,A:UBBA:FR:R2,A,Annual,UBBA,"Population, total. , NSA",FR,France,R2,A,All users,E,End of period,4,"POPULATION, TOTAL NSA",371,Persons,3,Thousands,63675,A,64001,A,64283,A,64456,A,64615,A,64723,A,64811,A
BIS_MACRO,A:UBBA:GB:R2,A,Annual,UBBA,"Population, total. , NSA",GB,United Kingdom,R2,A,All users,E,End of period,0,"POPULATION, TOTAL, Y-MID NSA",371,Persons,3,Thousands,63705,A,64106,A,64597,A,65110,A,65648,A,66040,A,66436,A
BIS_MACRO,A:UBBA:HK:R2,A,Annual,UBBA,"Population, total. , NSA",HK,Hong Kong SAR,R2,A,All users,E,End of period,1,"POPULATION, TOTAL, Y-END, NSA ",371,Persons,3,Thousands,7171,A,7210.9,A,7252.9,A,7309.7,A,7377.1,A,7413.1,A,7486.4,A
BIS_MACRO,A:UBBA:ID:R2,A,Annual,UBBA,"Population, total. , NSA",ID,Indonesia,R2,A,All users,A,Average of observations through period,0,"POPULATION, TOTAL",371,Persons,3,Thousands,245425,A,248818,A,252165,A,255462,A,258705,A,261891,A,265015,A
BIS_MACRO,A:UBBA:IN:R2,A,Annual,UBBA,"Population, total. , NSA",IN,India,R2,A,All users,A,Average of observations through period,0,"POPULATION, TOTAL NSA",371,Persons,3,Thousands,1235000,A,1251000,A,1267000,A,1283000,A,1299000,A,1316000,A,1332000,A
BIS_MACRO,A:UBBA:IT:R2,A,Annual,UBBA,"Population, total. , NSA",IT,Italy,R2,A,All users,E,End of period,3,"POPULATION, TOTAL NSA ",371,Persons,3,Thousands,60339.1,A,60646.4,A,60789.1,A,60730.6,A,60627.5,A,60536.7,A,60437.7,A
BIS_MACRO,A:UBBA:JP:R2,A,Annual,UBBA,"Population, total. , NSA",JP,Japan,R2,A,All users,V,Other,3,"POPULATION, TOTAL, Q4-BEG NSA",371,Persons,3,Thousands,127593,A,127414,A,127237,A,127095,A,126933,A,126706,A,126443,A
BIS_MACRO,A:UBBA:KR:R2,A,Annual,UBBA,"Population, total. , NSA",KR,Korea,R2,A,All users,E,End of period,1,"POPULATION, TOTAL, Y-END NSA",371,Persons,3,Thousands,50200,A,50429,A,50747,A,51015,A,51218,A,51362,A,51607,A
BIS_MACRO,A:UBBA:MX:R2,A,Annual,UBBA,"Population, total. , NSA",MX,Mexico,R2,A,All users,E,End of period,0,"POPULATION, TOTAL NSA",371,Persons,3,Thousands,117564,A,118896,A,120205,A,121487,A,122746,A,123983,A,125192,A
BIS_MACRO,A:UBBA:NL:R2,A,Annual,UBBA,"Population, total. , NSA",NL,Netherlands,R2,A,All users,E,End of period,0,"POPULATION, TOTAL NSA ",371,Persons,3,Thousands,16754,A,16802,A,16866,A,16934,A,17031,A,17131,A,17228,A
BIS_MACRO,A:UBBA:RU:R2,A,Annual,UBBA,"Population, total. , NSA",RU,Russia,R2,A,All users,E,End of period,1,"POPULATION, TOTAL",371,Persons,3,Thousands,143201.7,A,143507,A,143820,A,146406,A,146675,A,146842,A,146830,A
BIS_MACRO,A:UBBA:SA:R2,A,Annual,UBBA,"Population, total. , NSA",SA,Saudi Arabia,R2,A,All users,E,End of period,3,"POPULATION, TOTAL NSA",371,Persons,3,Thousands,29195.895,A,29380.13,A,29997.101,A,30890.736,A,31787.58,A,32612.846,A,33413.66,A
BIS_MACRO,A:UBBA:SE:R2,A,Annual,UBBA,"Population, total. , NSA",SE,Sweden,R2,A,All users,A,Average of observations through period,0,"POPULATION, TOTAL, Y-AVG, NSA",371,Persons,3,Thousands,9519,A,9600,A,9696,A,9799,A,9923,A,10058,A,10175,A
BIS_MACRO,A:UBBA:SG:R2,A,Annual,UBBA,"Population, total. , NSA",SG,Singapore,R2,A,All users,M,Middle of period,0,"POPULATION, TOTAL, Y-MID, NSA",371,Persons,3,Thousands,5312,A,5399,A,5470,A,5535,A,5607,A,5612,A,5639,A
BIS_MACRO,A:UBBA:TR:R2,A,Annual,UBBA,"Population, total. , NSA",TR,Turkey,R2,A,All users,E,End of period,0,"POPULATION, TOTAL NSA",371,Persons,3,Thousands,75627,A,76668,A,77696,A,78741,A,79815,A,80811,A,82004,A
BIS_MACRO,A:UBBA:US:R2,A,Annual,UBBA,"Population, total. , NSA",US,United States,R2,A,All users,E,End of period,0,"POPULATION, TOTAL NSA",371,Persons,3,Thousands,315136,A,317316,A,319651,A,321947,A,324187,A,326218,A,328237,A
BIS_MACRO,A:UBBA:XM:R2,A,Annual,UBBA,"Population, total. , NSA",XM,Euro area,R2,A,All users,A,Average of observations through period,0,"POPULATION, TOTAL NSA",371,Persons,3,Thousands,336628,A,337361,A,338105,A,339116,A,340195,A,340945,A,341718,A
BIS_MACRO,A:UBBA:ZA:R2,A,Annual,UBBA,"Population, total. , NSA",ZA,South Africa,R2,A,All users,E,End of period,0,"POPULATION, TOTAL NSA",371,Persons,3,Thousands,52231,A,52873,A,53548,A,54263,A,55021,A,55784,A,56562,A
BIS_MACRO,A:VEBC:AR:L1,A,Annual,VEBC,"Consumer prices, all items. , P.C.CH. NSA",AR,Argentina,L1,A,All users,M,Middle of period,10,"CONSUMER PRICE INDEX (BIS-SPLICED, CB-REPORTED), PC CHANGES OVER 12M.,",368,Per Cent Per Year,0,Units,10.0431233,A,10.61903682,A,21.3588968,A,16.07372719,A,32.31886836,A,24.7939455,A,34.15029965,A
BIS_MACRO,A:VEBC:AU:L1,A,Annual,VEBC,"Consumer prices, all items. , P.C.CH. NSA",AU,Australia,L1,A,All users,M,Middle of period,4,"CONSUMER PRICE INDEX (BIS-SPLICED, CB-REPORTED), PC CHANGES OVER 12M.,",368,Per Cent Per Year,0,Units,1.7628,A,2.4499,A,2.4879,A,1.5084,A,1.277,A,1.9486,A,1.9114,A
BIS_MACRO,A:VEBC:BE:L1,A,Annual,VEBC,"Consumer prices, all items. , P.C.CH. NSA",BE,Belgium,L1,A,All users,M,Middle of period,4,"CONSUMER PRICE INDEX (BIS-SPLICED, CB-REPORTED), PC CHANGES OVER 12M.,",368,Per Cent Per Year,0,Units,2.8397,A,1.1131,A,0.34,A,0.5614,A,1.9739,A,2.126,A,2.0532,A
BIS_MACRO,A:VEBC:BR:L1,A,Annual,VEBC,"Consumer prices, all items. , P.C.CH. NSA",BR,Brazil,L1,A,All users,M,Middle of period,10,"CONSUMER PRICE INDEX (BIS-SPLICED, CB-REPORTED), PC CHANGES OVER 12M.,",368,Per Cent Per Year,0,Units,5.40348994,A,6.204293621,A,6.329185265,A,9.030150168,A,8.739550818,A,3.446307041,A,3.664676474,A
BIS_MACRO,A:VEBC:CA:L1,A,Annual,VEBC,"Consumer prices, all items. , P.C.CH. NSA",CA,Canada,L1,A,All users,M,Middle of period,4,"CONSUMER PRICE INDEX (BIS-SPLICED, CB-REPORTED), PC CHANGES OVER 12M.,",368,Per Cent Per Year,0,Units,1.5157,A,0.9383,A,1.9066,A,1.1252,A,1.4288,A,1.5969,A,2.2682,A
BIS_MACRO,A:VEBC:CH:L1,A,Annual,VEBC,"Consumer prices, all items. , P.C.CH. NSA",CH,Switzerland,L1,A,All users,M,Middle of period,4,"CONSUMER PRICE INDEX (BIS-SPLICED, CB-REPORTED), PC CHANGES OVER 12M.,",368,Per Cent Per Year,0,Units,-0.6926,A,-0.2173,A,-0.0132,A,-1.1439,A,-0.4346,A,0.5338,A,0.9363,A
BIS_MACRO,A:VEBC:CN:L1,A,Annual,VEBC,"Consumer prices, all items. , P.C.CH. NSA",CN,China,L1,A,All users,M,Middle of period,4,"CONSUMER PRICE INDEX (BIS-SPLICED, CB-REPORTED), PC CHANGES OVER 12M.,",368,Per Cent Per Year,0,Units,2.608,A,2.5675,A,2.0567,A,1.5446,A,2.1185,A,1.5176,A,1.9268,A
BIS_MACRO,A:VEBC:DE:L1,A,Annual,VEBC,"Consumer prices, all items. , P.C.CH. NSA",DE,Germany,L1,A,All users,M,Middle of period,4,"CONSUMER PRICE INDEX (BIS-SPLICED, CB-REPORTED), PC CHANGES OVER 12M.,",368,Per Cent Per Year,0,Units,1.9786,A,1.5024,A,0.9388,A,0.5363,A,0.4917,A,1.5095,A,1.7322,A
BIS_MACRO,A:VEBC:ES:L1,A,Annual,VEBC,"Consumer prices, all items. , P.C.CH. NSA",ES,Spain,L1,A,All users,M,Middle of period,4,"CONSUMER PRICE INDEX (BIS-SPLICED, CB-REPORTED), PC CHANGES OVER 12M.,",368,Per Cent Per Year,0,Units,2.446,A,1.4085,A,-0.1509,A,-0.5005,A,-0.2027,A,1.9561,A,1.6751,A
BIS_MACRO,A:VEBC:FR:L1,A,Annual,VEBC,"Consumer prices, all items. , P.C.CH. NSA",FR,France,L1,A,All users,M,Middle of period,4,"CONSUMER PRICE INDEX (BIS-SPLICED, CB-REPORTED), PC CHANGES OVER 12M.,",368,Per Cent Per Year,0,Units,1.9542,A,0.8637,A,0.5078,A,0.0375,A,0.1833,A,1.0323,A,1.8508,A
BIS_MACRO,A:VEBC:GB:L1,A,Annual,VEBC,"Consumer prices, all items. , P.C.CH. NSA",GB,United Kingdom,L1,A,All users,M,Middle of period,4,"CONSUMER PRICE INDEX (BIS-SPLICED, CB-REPORTED), PC CHANGES OVER 12M.,",368,Per Cent Per Year,0,Units,2.8008,A,2.5683,A,1.472,A,0.05,A,0.6416,A,2.6908,A,2.4752,A
BIS_MACRO,A:VEBC:HK:L1,A,Annual,VEBC,"Consumer prices, all items. , P.C.CH. NSA",HK,Hong Kong SAR,L1,A,All users,M,Middle of period,4,"CONSUMER PRICE INDEX (BIS-SPLICED, CB-REPORTED), PC CHANGES OVER 12M.,",368,Per Cent Per Year,0,Units,4.0639,A,4.3236,A,4.4385,A,2.9954,A,2.4111,A,1.4806,A,2.4077,A
BIS_MACRO,A:VEBC:ID:L1,A,Annual,VEBC,"Consumer prices, all items. , P.C.CH. NSA",ID,Indonesia,L1,A,All users,M,Middle of period,4,"CONSUMER PRICE INDEX (BIS-SPLICED, CB-REPORTED), PC CHANGES OVER 12M.,",368,Per Cent Per Year,0,Units,3.9808,A,6.4134,A,6.3949,A,6.3631,A,3.5258,A,3.8088,A,3.1983,A
BIS_MACRO,A:VEBC:IN:L1,A,Annual,VEBC,"Consumer prices, all items. , P.C.CH. NSA",IN,India,L1,A,All users,M,Middle of period,4,"CONSUMER PRICE INDEX (BIS-SPLICED, CB-REPORTED), PC CHANGES OVER 12M.,",368,Per Cent Per Year,0,Units,7.5485,A,6.2986,A,6.4158,A,4.907,A,4.9482,A,3.3282,A,3.9451,A
BIS_MACRO,A:VEBC:IT:L1,A,Annual,VEBC,"Consumer prices, all items. , P.C.CH. NSA",IT,Italy,L1,A,All users,M,Middle of period,4,"CONSUMER PRICE INDEX (BIS-SPLICED, CB-REPORTED), PC CHANGES OVER 12M.,",368,Per Cent Per Year,0,Units,3.0401,A,1.2184,A,0.2424,A,0.0384,A,-0.0825,A,1.2156,A,1.1375,A
BIS_MACRO,A:VEBC:JP:L1,A,Annual,VEBC,"Consumer prices, all items. , P.C.CH. NSA",JP,Japan,L1,A,All users,M,Middle of period,4,"CONSUMER PRICE INDEX (BIS-SPLICED, CB-REPORTED), PC CHANGES OVER 12M.,",368,Per Cent Per Year,0,Units,0,A,0.4,A,2.7,A,0.8,A,-0.1,A,0.5,A,0.9799,A
BIS_MACRO,A:VEBC:KR:L1,A,Annual,VEBC,"Consumer prices, all items. , P.C.CH. NSA",KR,Korea,L1,A,All users,M,Middle of period,4,"CONSUMER PRICE INDEX (BIS-SPLICED, CB-REPORTED), PC CHANGES OVER 12M.,",368,Per Cent Per Year,0,Units,2.1872,A,1.3014,A,1.2747,A,0.7062,A,0.9717,A,1.9445,A,1.4896,A
BIS_MACRO,A:VEBC:MX:L1,A,Annual,VEBC,"Consumer prices, all items. , P.C.CH. NSA",MX,Mexico,L1,A,All users,M,Middle of period,4,"CONSUMER PRICE INDEX (BIS-SPLICED, CB-REPORTED), PC CHANGES OVER 12M.,",368,Per Cent Per Year,0,Units,4.1115,A,3.8064,A,4.0187,A,2.7206,A,2.8217,A,6.0415,A,4.8994,A
BIS_MACRO,A:VEBC:NL:L1,A,Annual,VEBC,"Consumer prices, all items. , P.C.CH. NSA",NL,Netherlands,L1,A,All users,M,Middle of period,4,"CONSUMER PRICE INDEX (BIS-SPLICED, CB-REPORTED), PC CHANGES OVER 12M.,",368,Per Cent Per Year,0,Units,2.4556,A,2.5069,A,0.976,A,0.6003,A,0.3167,A,1.3815,A,1.7035,A
BIS_MACRO,A:VEBC:RU:L1,A,Annual,VEBC,"Consumer prices, all items. , P.C.CH. NSA",RU,Russia,L1,A,All users,M,Middle of period,4,"CONSUMER PRICE INDEX (BIS-SPLICED, CB-REPORTED), PC CHANGES OVER 12M.,",368,Per Cent Per Year,0,Units,5.0677,A,6.7625,A,7.826,A,15.5244,A,7.0507,A,3.685,A,2.8667,A
BIS_MACRO,A:VEBC:SA:L1,A,Annual,VEBC,"Consumer prices, all items. , P.C.CH. NSA",SA,Saudi Arabia,L1,A,All users,M,Middle of period,4,"CONSUMER PRICE INDEX (BIS-SPLICED, CB-REPORTED), PC CHANGES OVER 12M.,",368,Per Cent Per Year,0,Units,2.8663,A,3.511,A,2.2419,A,1.2227,A,2.0535,A,-0.8364,A,2.4747,A
BIS_MACRO,A:VEBC:SE:L1,A,Annual,VEBC,"Consumer prices, all items. , P.C.CH. NSA",SE,Sweden,L1,A,All users,M,Middle of period,4,"CONSUMER PRICE INDEX (BIS-SPLICED, CB-REPORTED), PC CHANGES OVER 12M.,",368,Per Cent Per Year,0,Units,0.8884,A,-0.0443,A,-0.1796,A,-0.0468,A,0.9843,A,1.7945,A,1.9535,A
BIS_MACRO,A:VEBC:SG:L1,A,Annual,VEBC,"Consumer prices, all items. , P.C.CH. NSA",SG,Singapore,L1,A,All users,M,Middle of period,4,"CONSUMER PRICE INDEX (BIS-SPLICED, CB-REPORTED), PC CHANGES OVER 12M.,",368,Per Cent Per Year,0,Units,4.576,A,2.3586,A,1.025,A,-0.5228,A,-0.5323,A,0.5763,A,0.4385,A
BIS_MACRO,A:VEBC:TR:L1,A,Annual,VEBC,"Consumer prices, all items. , P.C.CH. NSA",TR,Turkey,L1,A,All users,M,Middle of period,10,"CONSUMER PRICE INDEX (BIS-SPLICED, CB-REPORTED), PC CHANGES OVER 12M.,",368,Per Cent Per Year,0,Units,8.891569965,A,7.493090306,A,8.854572714,A,7.670853649,A,7.775134153,A,11.14431108,A,16.3324639,A
BIS_MACRO,A:VEBC:US:L1,A,Annual,VEBC,"Consumer prices, all items. , P.C.CH. NSA",US,United States,L1,A,All users,M,Middle of period,4,"CONSUMER PRICE INDEX (BIS-SPLICED, CB-REPORTED), PC CHANGES OVER 12M.,",368,Per Cent Per Year,0,Units,2.0693,A,1.4648,A,1.6222,A,0.1186,A,1.2616,A,2.1301,A,2.4426,A
BIS_MACRO,A:VEBC:XM:L1,A,Annual,VEBC,"Consumer prices, all items. , P.C.CH. NSA",XM,Euro area,L1,A,All users,M,Middle of period,4,"CONSUMER PRICE INDEX (BIS-SPLICED, CB-REPORTED), PC CHANGES OVER 12M.,",368,Per Cent Per Year,0,Units,2.4984,A,1.3513,A,0.4319,A,0.1929,A,0.235,A,1.5381,A,1.7547,A
BIS_MACRO,A:VEBC:ZA:L1,A,Annual,VEBC,"Consumer prices, all items. , P.C.CH. NSA",ZA,South Africa,L1,A,All users,M,Middle of period,4,"CONSUMER PRICE INDEX (BIS-SPLICED, CB-REPORTED), PC CHANGES OVER 12M.,",368,Per Cent Per Year,0,Units,5.6242,A,5.7604,A,6.0898,A,4.5752,A,6.3406,A,5.2726,A,4.6201,A
