Code,"FREQ","FREQ#","REP_CTY","REP_CTY#","INSTITUTION_TYPE","INSTITUTION_TYPE#","MEASURE","MEASURE#","INDICATOR","INDICATOR#","AVAILABILITY","AVAILABILITY#","COLLECTION","COLLECTION#","DECIMALS","UNIT_MEASURE","UNIT_MEASURE#","UNIT_MULT","UNIT_MULT#","COMMENT_TS","TABLE","TITLE",2012,sts,2013,sts,2014,sts,2015,sts,2016,sts,2017,sts,2018,sts
CPMI_INSTITUTIONS:A:AR:B1:N:A,"A","Annual","AR","Argentina","B1","Bank type 1","N","Number","A","Institutions","A","All users","E","End of period","0","373","Pure Number","0","Units","","3","",12,A,12,A,12,A,13,A,13,A,13,A,13,A
CPMI_INSTITUTIONS:A:AR:B1:N:C,"A","Annual","AR","Argentina","B1","Bank type 1","N","Number","C","Branches or offices","A","All users","E","End of period","0","373","Pure Number","0","Units","","3","",1503,A,1513,A,1523,A,1542,A,1552,A,1812,A,1845,A
CPMI_INSTITUTIONS:A:AR:B1:N:F,"A","Annual","AR","Argentina","B1","Bank type 1","N","Number","F","Accounts, all","A","All users","E","End of period","0","373","Pure Number","0","Units","","3","",12943695,A,14317755,A,15639953,A,24387975,A,28252932,A,31207425,A,32701177,A
CPMI_INSTITUTIONS:A:AR:B1:V:F,"A","Annual","AR","Argentina","B1","Bank type 1","V","Value","F","Accounts, all","A","All users","E","End of period","3","ARS","Argentine peso","6","Millions","","3","",74196.100,A,94580.100,A,133473.500,A,176843.900,A,274176.800,A,357586.300,A,454199.000,A
CPMI_INSTITUTIONS:A:AR:B2:N:A,"A","Annual","AR","Argentina","B2","Bank type 2","N","Number","A","Institutions","A","All users","E","End of period","0","373","Pure Number","0","Units","","3","",33,A,34,A,33,A,32,A,33,A,33,A,34,A
CPMI_INSTITUTIONS:A:AR:B2:N:C,"A","Annual","AR","Argentina","B2","Bank type 2","N","Number","C","Branches or offices","A","All users","E","End of period","0","373","Pure Number","0","Units","","3","",1565,A,1588,A,1614,A,1619,A,1678,A,1986,A,1988,A
CPMI_INSTITUTIONS:A:AR:B2:N:F,"A","Annual","AR","Argentina","B2","Bank type 2","N","Number","F","Accounts, all","A","All users","E","End of period","0","373","Pure Number","0","Units","","3","",10582675,A,11701773,A,13025897,A,21934718,A,24551748,A,27697175,A,29332593,A
CPMI_INSTITUTIONS:A:AR:B2:V:F,"A","Annual","AR","Argentina","B2","Bank type 2","V","Value","F","Accounts, all","A","All users","E","End of period","3","ARS","Argentine peso","6","Millions","","3","",62805.500,A,80780.100,A,108223.300,A,147864.900,A,228548.900,A,362325.400,A,569731.900,A
CPMI_INSTITUTIONS:A:AR:B3:N:A,"A","Annual","AR","Argentina","B3","Bank type 3","N","Number","A","Institutions","A","All users","E","End of period","0","373","Pure Number","0","Units","","3","",11,A,11,A,11,A,10,A,10,A,9,A,9,A
CPMI_INSTITUTIONS:A:AR:B3:N:C,"A","Annual","AR","Argentina","B3","Bank type 3","N","Number","C","Branches or offices","A","All users","E","End of period","0","373","Pure Number","0","Units","","3","",1053,A,1079,A,1104,A,1144,A,1160,A,1437,A,1417,A
CPMI_INSTITUTIONS:A:AR:B3:N:F,"A","Annual","AR","Argentina","B3","Bank type 3","N","Number","F","Accounts, all","A","All users","E","End of period","0","373","Pure Number","0","Units","","3","",8702142,A,9117703,A,9349143,A,11450430,A,13998858,A,17242133,A,19897703,A
CPMI_INSTITUTIONS:A:AR:B3:V:F,"A","Annual","AR","Argentina","B3","Bank type 3","V","Value","F","Accounts, all","A","All users","E","End of period","3","ARS","Argentine peso","6","Millions","","3","",78240.100,A,91683.100,A,117735.100,A,166374.600,A,261338.300,A,437521.100,A,714144.800,A
CPMI_INSTITUTIONS:A:AR:B4:N:A,"A","Annual","AR","Argentina","B4","Bank type 4","N","Number","A","Institutions","A","All users","E","End of period","0","373","Pure Number","0","Units","","3","",,,,M,,M,,M,,M,,M,,M
CPMI_INSTITUTIONS:A:AR:B4:N:C,"A","Annual","AR","Argentina","B4","Bank type 4","N","Number","C","Branches or offices","A","All users","E","End of period","0","373","Pure Number","0","Units","","3","",,,,M,,M,,M,,M,,M,,M
CPMI_INSTITUTIONS:A:AR:B4:N:F,"A","Annual","AR","Argentina","B4","Bank type 4","N","Number","F","Accounts, all","A","All users","E","End of period","0","373","Pure Number","0","Units","","3","",,,,M,,M,,M,,M,,M,,M
CPMI_INSTITUTIONS:A:AR:B4:V:F,"A","Annual","AR","Argentina","B4","Bank type 4","V","Value","F","Accounts, all","A","All users","E","End of period","3","ARS","Argentine peso","6","Millions","","3","",,,,M,,M,,M,,M,,M,,M
CPMI_INSTITUTIONS:A:AR:B5:N:A,"A","Annual","AR","Argentina","B5","Bank type 5","N","Number","A","Institutions","A","All users","E","End of period","0","373","Pure Number","0","Units","","3","",,L,,M,,M,,M,,M,,M,,M
CPMI_INSTITUTIONS:A:AR:B5:N:C,"A","Annual","AR","Argentina","B5","Bank type 5","N","Number","C","Branches or offices","A","All users","E","End of period","0","373","Pure Number","0","Units","","3","",,L,,M,,M,,M,,M,,M,,M
CPMI_INSTITUTIONS:A:AR:B5:N:F,"A","Annual","AR","Argentina","B5","Bank type 5","N","Number","F","Accounts, all","A","All users","E","End of period","0","373","Pure Number","0","Units","","3","",,L,,M,,M,,M,,M,,M,,M
CPMI_INSTITUTIONS:A:AR:B5:V:F,"A","Annual","AR","Argentina","B5","Bank type 5","V","Value","F","Accounts, all","A","All users","E","End of period","3","ARS","Argentine peso","6","Millions","","3","",,L,,M,,M,,M,,M,,M,,M
CPMI_INSTITUTIONS:A:AR:BA:N:A,"A","Annual","AR","Argentina","BA","Banks, all","N","Number","A","Institutions","A","All users","E","End of period","0","373","Pure Number","0","Units","","3","",65,A,66,A,65,A,62,A,63,A,62,A,63,A
CPMI_INSTITUTIONS:A:AR:BA:N:C,"A","Annual","AR","Argentina","BA","Banks, all","N","Number","C","Branches or offices","A","All users","E","End of period","0","373","Pure Number","0","Units","","3","",4199,A,4259,A,4320,A,4382,A,4467,A,5252,A,5266,A
CPMI_INSTITUTIONS:A:AR:BA:N:F,"A","Annual","AR","Argentina","BA","Banks, all","N","Number","F","Accounts, all","A","All users","E","End of period","0","373","Pure Number","0","Units","","3","",32717301,A,35633981,A,38457081,A,58239801,A,67302728,A,76153691,A,81938992,A
CPMI_INSTITUTIONS:A:AR:BA:N:I,"A","Annual","AR","Argentina","BA","Banks, all","N","Number","I","Accounts, Internet-linked","A","All users","E","End of period","0","373","Pure Number","0","Units","","3","",,L,,L,,L,,L,,L,,L,,L
CPMI_INSTITUTIONS:A:AR:BA:V:F,"A","Annual","AR","Argentina","BA","Banks, all","V","Value","F","Accounts, all","A","All users","E","End of period","3","ARS","Argentine peso","6","Millions","","3","",226898.200,A,282053.100,A,379462.100,A,521421.500,A,801042.000,A,1188880.600,A,1791415.800,A
CPMI_INSTITUTIONS:A:AR:CB:N:A,"A","Annual","AR","Argentina","CB","Central banks","N","Number","A","Institutions","A","All users","E","End of period","0","373","Pure Number","0","Units","","3","",1,A,1,A,1,A,1,A,1,A,1,A,1,A
CPMI_INSTITUTIONS:A:AR:CB:N:C,"A","Annual","AR","Argentina","CB","Central banks","N","Number","C","Branches or offices","A","All users","E","End of period","0","373","Pure Number","0","Units","","3","",1,A,1,A,1,A,1,A,1,A,1,A,1,A
CPMI_INSTITUTIONS:A:AR:CB:N:F,"A","Annual","AR","Argentina","CB","Central banks","N","Number","F","Accounts, all","A","All users","E","End of period","0","373","Pure Number","0","Units","","3","",311,A,306,A,311,A,288,A,284,A,287,A,298,A
CPMI_INSTITUTIONS:A:AR:CB:V:F,"A","Annual","AR","Argentina","CB","Central banks","V","Value","F","Accounts, all","A","All users","E","End of period","3","ARS","Argentine peso","6","Millions","","3","",111973.000,A,157433.000,A,172852.000,A,284618.411,A,473428.633,A,455044.271,A,1084472.115,A
CPMI_INSTITUTIONS:A:AR:EA:N:A,"A","Annual","AR","Argentina","EA","E-money issuers, all","N","Number","A","Institutions","A","All users","E","End of period","0","373","Pure Number","0","Units","","3","",,L,,L,,L,,L,6,A,6,A,6,A
CPMI_INSTITUTIONS:A:AR:EA:V:F,"A","Annual","AR","Argentina","EA","E-money issuers, all","V","Value","F","Accounts, all","A","All users","E","End of period","3","ARS","Argentine peso","6","Millions","","3","",,L,,L,,L,,L,,L,,L,,L
CPMI_INSTITUTIONS:A:AR:EN:N:A,"A","Annual","AR","Argentina","EN","E-money issuers - Non-banks","N","Number","A","Institutions","A","All users","E","End of period","0","373","Pure Number","0","Units","","3","",,L,,L,,L,,L,,L,,L,,L
CPMI_INSTITUTIONS:A:AR:EN:V:F,"A","Annual","AR","Argentina","EN","E-money issuers - Non-banks","V","Value","F","Accounts, all","A","All users","E","End of period","3","ARS","Argentine peso","6","Millions","","3","",,L,,L,,L,,L,,L,,L,,L
CPMI_INSTITUTIONS:A:AR:FB:N:A,"A","Annual","AR","Argentina","FB","Foreign banks","N","Number","A","Institutions","A","All users","E","End of period","0","373","Pure Number","0","Units","","3","",9,A,9,A,9,A,7,A,7,A,7,A,7,A
CPMI_INSTITUTIONS:A:AR:FB:N:C,"A","Annual","AR","Argentina","FB","Foreign banks","N","Number","C","Branches or offices","A","All users","E","End of period","0","373","Pure Number","0","Units","","3","",78,A,79,A,79,A,77,A,77,A,17,A,16,A
CPMI_INSTITUTIONS:A:AR:FB:N:F,"A","Annual","AR","Argentina","FB","Foreign banks","N","Number","F","Accounts, all","A","All users","E","End of period","0","373","Pure Number","0","Units","","3","",488789,A,496750,A,442088,A,466678,A,499190,A,6958,A,7519,A
CPMI_INSTITUTIONS:A:AR:FB:V:F,"A","Annual","AR","Argentina","FB","Foreign banks","V","Value","F","Accounts, all","A","All users","E","End of period","3","ARS","Argentine peso","6","Millions","","3","",11656.500,A,15009.800,A,20030.200,A,30338.100,A,36978.000,A,31447.800,A,53340.100,A
CPMI_INSTITUTIONS:A:AR:IA:N:A,"A","Annual","AR","Argentina","IA","Institutions, all","N","Number","A","Institutions","A","All users","E","End of period","0","373","Pure Number","0","Units","","3","",82,A,83,A,82,A,79,A,85,A,84,A,85,A
CPMI_INSTITUTIONS:A:AR:N1:N:A,"A","Annual","AR","Argentina","N1","Non-banks offering storage of value","N","Number","A","Institutions","A","All users","E","End of period","0","373","Pure Number","0","Units","","3","",16,A,16,A,16,A,16,A,15,A,15,A,15,A
CPMI_INSTITUTIONS:A:AR:N1:N:C,"A","Annual","AR","Argentina","N1","Non-banks offering storage of value","N","Number","C","Branches or offices","A","All users","E","End of period","0","373","Pure Number","0","Units","","3","",82,A,81,A,81,A,80,A,83,A,137,A,128,A
CPMI_INSTITUTIONS:A:AR:N1:N:F,"A","Annual","AR","Argentina","N1","Non-banks offering storage of value","N","Number","F","Accounts, all","A","All users","E","End of period","0","373","Pure Number","0","Units","","3","",,M,163238,A,163301,A,222220,A,280426,A,353382,A,362520,A
CPMI_INSTITUTIONS:A:AR:N1:V:F,"A","Annual","AR","Argentina","N1","Non-banks offering storage of value","V","Value","F","Accounts, all","A","All users","E","End of period","3","ARS","Argentine peso","6","Millions","","3","",,M,0.000,A,0.000,A,0.001,A,0.001,A,0.002,A,0.004,A
CPMI_INSTITUTIONS:A:AR:N2:N:A,"A","Annual","AR","Argentina","N2","Non-banks relying on storage of value offered by others","N","Number","A","Institutions","A","All users","E","End of period","0","373","Pure Number","0","Units","","3","",,L,,L,,L,,L,6,A,6,A,6,A
CPMI_INSTITUTIONS:A:AR:NA:N:A,"A","Annual","AR","Argentina","NA","Non-banks, all","N","Number","A","Institutions","A","All users","E","End of period","0","373","Pure Number","0","Units","","3","",16,A,16,A,16,A,16,A,21,A,21,A,21,A
CPMI_INSTITUTIONS:A:AU:B1:N:A,"A","Annual","AU","Australia","B1","Bank type 1","N","Number","A","Institutions","A","All users","E","End of period","0","373","Pure Number","0","Units","","3","",,L,,L,,L,,L,,L,,L,,L
CPMI_INSTITUTIONS:A:AU:B1:N:C,"A","Annual","AU","Australia","B1","Bank type 1","N","Number","C","Branches or offices","A","All users","E","End of period","0","373","Pure Number","0","Units","","3","",,L,,L,,L,,L,,L,,L,,L
CPMI_INSTITUTIONS:A:AU:B1:N:F,"A","Annual","AU","Australia","B1","Bank type 1","N","Number","F","Accounts, all","A","All users","E","End of period","0","373","Pure Number","0","Units","","3","",,L,,L,,L,,L,,L,,L,,L
CPMI_INSTITUTIONS:A:AU:B1:V:F,"A","Annual","AU","Australia","B1","Bank type 1","V","Value","F","Accounts, all","A","All users","E","End of period","3","AUD","Australian dollar","6","Millions","","3","",,L,,L,,L,,L,,L,,L,,L
CPMI_INSTITUTIONS:A:AU:B2:N:A,"A","Annual","AU","Australia","B2","Bank type 2","N","Number","A","Institutions","A","All users","E","End of period","0","373","Pure Number","0","Units","","3","",,L,,L,,L,,L,,L,,L,,L
CPMI_INSTITUTIONS:A:AU:B2:N:C,"A","Annual","AU","Australia","B2","Bank type 2","N","Number","C","Branches or offices","A","All users","E","End of period","0","373","Pure Number","0","Units","","3","",,L,,L,,L,,L,,L,,L,,L
CPMI_INSTITUTIONS:A:AU:B2:N:F,"A","Annual","AU","Australia","B2","Bank type 2","N","Number","F","Accounts, all","A","All users","E","End of period","0","373","Pure Number","0","Units","","3","",,L,,L,,L,,L,,L,,L,,L
CPMI_INSTITUTIONS:A:AU:B2:V:F,"A","Annual","AU","Australia","B2","Bank type 2","V","Value","F","Accounts, all","A","All users","E","End of period","3","AUD","Australian dollar","6","Millions","","3","",,L,,L,,L,,L,,L,,L,,L
CPMI_INSTITUTIONS:A:AU:B3:N:A,"A","Annual","AU","Australia","B3","Bank type 3","N","Number","A","Institutions","A","All users","E","End of period","0","373","Pure Number","0","Units","","3","",,L,,L,,L,,L,,L,,L,,L
CPMI_INSTITUTIONS:A:AU:B3:N:C,"A","Annual","AU","Australia","B3","Bank type 3","N","Number","C","Branches or offices","A","All users","E","End of period","0","373","Pure Number","0","Units","","3","",,L,,L,,L,,L,,L,,L,,L
CPMI_INSTITUTIONS:A:AU:B3:N:F,"A","Annual","AU","Australia","B3","Bank type 3","N","Number","F","Accounts, all","A","All users","E","End of period","0","373","Pure Number","0","Units","","3","",,L,,L,,L,,L,,L,,L,,L
CPMI_INSTITUTIONS:A:AU:B3:V:F,"A","Annual","AU","Australia","B3","Bank type 3","V","Value","F","Accounts, all","A","All users","E","End of period","3","AUD","Australian dollar","6","Millions","","3","",,L,,L,,L,,L,,L,,L,,L
CPMI_INSTITUTIONS:A:AU:B4:N:A,"A","Annual","AU","Australia","B4","Bank type 4","N","Number","A","Institutions","A","All users","E","End of period","0","373","Pure Number","0","Units","","3","",,L,,L,,L,,L,,L,,L,,L
CPMI_INSTITUTIONS:A:AU:B4:N:C,"A","Annual","AU","Australia","B4","Bank type 4","N","Number","C","Branches or offices","A","All users","E","End of period","0","373","Pure Number","0","Units","","3","",,L,,L,,L,,L,,L,,L,,L
CPMI_INSTITUTIONS:A:AU:B4:N:F,"A","Annual","AU","Australia","B4","Bank type 4","N","Number","F","Accounts, all","A","All users","E","End of period","0","373","Pure Number","0","Units","","3","",,L,,L,,L,,L,,L,,L,,L
CPMI_INSTITUTIONS:A:AU:B4:V:F,"A","Annual","AU","Australia","B4","Bank type 4","V","Value","F","Accounts, all","A","All users","E","End of period","3","AUD","Australian dollar","6","Millions","","3","",,L,,L,,L,,L,,L,,L,,L
CPMI_INSTITUTIONS:A:AU:B5:N:A,"A","Annual","AU","Australia","B5","Bank type 5","N","Number","A","Institutions","A","All users","E","End of period","0","373","Pure Number","0","Units","","3","",,L,,L,,L,,L,,L,,L,,L
CPMI_INSTITUTIONS:A:AU:B5:N:C,"A","Annual","AU","Australia","B5","Bank type 5","N","Number","C","Branches or offices","A","All users","E","End of period","0","373","Pure Number","0","Units","","3","",,L,,L,,L,,L,,L,,L,,L
CPMI_INSTITUTIONS:A:AU:B5:N:F,"A","Annual","AU","Australia","B5","Bank type 5","N","Number","F","Accounts, all","A","All users","E","End of period","0","373","Pure Number","0","Units","","3","",,L,,L,,L,,L,,L,,L,,L
CPMI_INSTITUTIONS:A:AU:B5:V:F,"A","Annual","AU","Australia","B5","Bank type 5","V","Value","F","Accounts, all","A","All users","E","End of period","3","AUD","Australian dollar","6","Millions","","3","",,L,,L,,L,,L,,L,,L,,L
CPMI_INSTITUTIONS:A:AU:BA:N:A,"A","Annual","AU","Australia","BA","Banks, all","N","Number","A","Institutions","A","All users","E","End of period","0","373","Pure Number","0","Units","","3","",66,A,68,A,69,A,73,A,80,A,84,A,87,A
CPMI_INSTITUTIONS:A:AU:BA:N:C,"A","Annual","AU","Australia","BA","Banks, all","N","Number","C","Branches or offices","A","All users","E","End of period","0","373","Pure Number","0","Units","","3","",5504,A,5478,A,5496,A,5480,A,5357,A,5133,A,4972,A
CPMI_INSTITUTIONS:A:AU:BA:N:F,"A","Annual","AU","Australia","BA","Banks, all","N","Number","F","Accounts, all","A","All users","E","End of period","0","373","Pure Number","0","Units","","3","",,L,,L,,L,,L,,L,,L,,L
CPMI_INSTITUTIONS:A:AU:BA:N:I,"A","Annual","AU","Australia","BA","Banks, all","N","Number","I","Accounts, Internet-linked","A","All users","E","End of period","0","373","Pure Number","0","Units","","3","",,L,,L,,L,,L,,L,,L,,L
CPMI_INSTITUTIONS:A:AU:BA:V:F,"A","Annual","AU","Australia","BA","Banks, all","V","Value","F","Accounts, all","A","All users","E","End of period","3","AUD","Australian dollar","6","Millions","","3","",1765705.3,A,1948041.4,A,2156700.6,A,2297125.5,A,2449825.5,A,2500809,A,2565392,A
CPMI_INSTITUTIONS:A:AU:CB:N:A,"A","Annual","AU","Australia","CB","Central banks","N","Number","A","Institutions","A","All users","E","End of period","0","373","Pure Number","0","Units","","3","",1,A,1,A,1,A,1,A,1,A,1,A,1,A
CPMI_INSTITUTIONS:A:AU:CB:N:C,"A","Annual","AU","Australia","CB","Central banks","N","Number","C","Branches or offices","A","All users","E","End of period","0","373","Pure Number","0","Units","","3","",2,A,2,A,2,A,2,A,2,A,2,A,2,A
CPMI_INSTITUTIONS:A:AU:CB:N:F,"A","Annual","AU","Australia","CB","Central banks","N","Number","F","Accounts, all","A","All users","E","End of period","0","373","Pure Number","0","Units","","3","",,L,,L,,L,,L,,L,,L,,L
CPMI_INSTITUTIONS:A:AU:CB:V:F,"A","Annual","AU","Australia","CB","Central banks","V","Value","F","Accounts, all","A","All users","E","End of period","3","AUD","Australian dollar","6","Millions","","3","",23088,A,32425.5,A,32396.2,A,27942.6,A,38622.5,A,44406.75,A,30557,A
CPMI_INSTITUTIONS:A:AU:EA:N:A,"A","Annual","AU","Australia","EA","E-money issuers, all","N","Number","A","Institutions","A","All users","E","End of period","0","373","Pure Number","0","Units","","3","",,L,,L,,L,,L,,L,,L,,L
CPMI_INSTITUTIONS:A:AU:EA:V:F,"A","Annual","AU","Australia","EA","E-money issuers, all","V","Value","F","Accounts, all","A","All users","E","End of period","3","AUD","Australian dollar","6","Millions","","3","",,L,,L,,L,,L,,L,,L,,L
CPMI_INSTITUTIONS:A:AU:EN:N:A,"A","Annual","AU","Australia","EN","E-money issuers - Non-banks","N","Number","A","Institutions","A","All users","E","End of period","0","373","Pure Number","0","Units","","3","",,L,,L,,L,,L,,L,,L,,L
CPMI_INSTITUTIONS:A:AU:EN:V:F,"A","Annual","AU","Australia","EN","E-money issuers - Non-banks","V","Value","F","Accounts, all","A","All users","E","End of period","3","AUD","Australian dollar","6","Millions","","3","",,L,,L,,L,,L,,L,,L,,L
CPMI_INSTITUTIONS:A:AU:FB:N:A,"A","Annual","AU","Australia","FB","Foreign banks","N","Number","A","Institutions","A","All users","E","End of period","0","373","Pure Number","0","Units","","3","",,L,,L,,L,,L,,L,,L,,L
CPMI_INSTITUTIONS:A:AU:FB:N:C,"A","Annual","AU","Australia","FB","Foreign banks","N","Number","C","Branches or offices","A","All users","E","End of period","0","373","Pure Number","0","Units","","3","",,L,,L,,L,,L,,L,,L,,L
CPMI_INSTITUTIONS:A:AU:FB:N:F,"A","Annual","AU","Australia","FB","Foreign banks","N","Number","F","Accounts, all","A","All users","E","End of period","0","373","Pure Number","0","Units","","3","",,L,,L,,L,,L,,L,,L,,L
CPMI_INSTITUTIONS:A:AU:FB:V:F,"A","Annual","AU","Australia","FB","Foreign banks","V","Value","F","Accounts, all","A","All users","E","End of period","3","AUD","Australian dollar","6","Millions","","3","",,L,,L,,L,,L,,L,,L,,L
CPMI_INSTITUTIONS:A:AU:IA:N:A,"A","Annual","AU","Australia","IA","Institutions, all","N","Number","A","Institutions","A","All users","E","End of period","0","373","Pure Number","0","Units","","3","",,L,,L,,L,,L,,L,,L,,L
CPMI_INSTITUTIONS:A:AU:N1:N:A,"A","Annual","AU","Australia","N1","Non-banks offering storage of value","N","Number","A","Institutions","A","All users","E","End of period","0","373","Pure Number","0","Units","","3","",101,A,94,A,89,A,76,A,62,A,57,A,49,A
CPMI_INSTITUTIONS:A:AU:N1:N:C,"A","Annual","AU","Australia","N1","Non-banks offering storage of value","N","Number","C","Branches or offices","A","All users","E","End of period","0","373","Pure Number","0","Units","","3","",998,A,935,A,863,A,738,A,544,A,460,A,406,A
CPMI_INSTITUTIONS:A:AU:N1:N:F,"A","Annual","AU","Australia","N1","Non-banks offering storage of value","N","Number","F","Accounts, all","A","All users","E","End of period","0","373","Pure Number","0","Units","","3","",,L,,L,,L,,L,,L,,L,,L
CPMI_INSTITUTIONS:A:AU:N1:V:F,"A","Annual","AU","Australia","N1","Non-banks offering storage of value","V","Value","F","Accounts, all","A","All users","E","End of period","3","AUD","Australian dollar","6","Millions","","3","",58883.3,A,54922.9,A,55103.1,A,49922.2,A,42108,A,42411.9,A,43066.4,A
CPMI_INSTITUTIONS:A:AU:N2:N:A,"A","Annual","AU","Australia","N2","Non-banks relying on storage of value offered by others","N","Number","A","Institutions","A","All users","E","End of period","0","373","Pure Number","0","Units","","3","",,L,,L,,L,,L,,L,,L,,L
CPMI_INSTITUTIONS:A:AU:NA:N:A,"A","Annual","AU","Australia","NA","Non-banks, all","N","Number","A","Institutions","A","All users","E","End of period","0","373","Pure Number","0","Units","","3","",,L,,L,,L,,L,,L,,L,,L
CPMI_INSTITUTIONS:A:BE:B1:N:A,"A","Annual","BE","Belgium","B1","Bank type 1","N","Number","A","Institutions","A","All users","E","End of period","0","373","Pure Number","0","Units","","3","",44,A,39,A,43,A,37,A,35,A,35,A,32,A
CPMI_INSTITUTIONS:A:BE:B1:N:C,"A","Annual","BE","Belgium","B1","Bank type 1","N","Number","C","Branches or offices","A","All users","E","End of period","0","373","Pure Number","0","Units","","3","",3738,A,3647,A,7017,A,6570,A,6723,A,6229,A,5555,A
CPMI_INSTITUTIONS:A:BE:B1:N:F,"A","Annual","BE","Belgium","B1","Bank type 1","N","Number","F","Accounts, all","A","All users","E","End of period","0","373","Pure Number","0","Units","","3","",,L,,L,,L,,L,,L,,L,,L
CPMI_INSTITUTIONS:A:BE:B1:V:F,"A","Annual","BE","Belgium","B1","Bank type 1","V","Value","F","Accounts, all","A","All users","E","End of period","3","EUR","Euro","6","Millions","","3","",121664,A,129130,A,147924,A,160204,A,178046,A,178046,A,200919,A
CPMI_INSTITUTIONS:A:BE:B2:N:A,"A","Annual","BE","Belgium","B2","Bank type 2","N","Number","A","Institutions","A","All users","E","End of period","0","373","Pure Number","0","Units","","3","",41,A,47,A,42,A,44,A,28,A,28,A,40,A
CPMI_INSTITUTIONS:A:BE:B2:N:C,"A","Annual","BE","Belgium","B2","Bank type 2","N","Number","C","Branches or offices","A","All users","E","End of period","0","373","Pure Number","0","Units","","3","",73,A,83,A,59,A,63,A,62,A,63,A,84,A
CPMI_INSTITUTIONS:A:BE:B2:N:F,"A","Annual","BE","Belgium","B2","Bank type 2","N","Number","F","Accounts, all","A","All users","E","End of period","0","373","Pure Number","0","Units","","3","",,L,,L,,L,,L,,L,,L,,L
CPMI_INSTITUTIONS:A:BE:B2:V:F,"A","Annual","BE","Belgium","B2","Bank type 2","V","Value","F","Accounts, all","A","All users","E","End of period","3","EUR","Euro","6","Millions","","3","",8570,A,10208,A,10871,A,13334,A,13720,A,13720,A,12235,A
CPMI_INSTITUTIONS:A:BE:B3:N:A,"A","Annual","BE","Belgium","B3","Bank type 3","N","Number","A","Institutions","A","All users","E","End of period","0","373","Pure Number","0","Units","","3","",9,A,8,A,8,A,8,A,4,A,4,A,3,A
CPMI_INSTITUTIONS:A:BE:B3:N:C,"A","Annual","BE","Belgium","B3","Bank type 3","N","Number","C","Branches or offices","A","All users","E","End of period","0","373","Pure Number","0","Units","","3","",1,A,1,A,2,A,2,A,3,A,3,A,3,A
CPMI_INSTITUTIONS:A:BE:B3:N:F,"A","Annual","BE","Belgium","B3","Bank type 3","N","Number","F","Accounts, all","A","All users","E","End of period","0","373","Pure Number","0","Units","","3","",,L,,L,,L,,L,,L,,L,,L
CPMI_INSTITUTIONS:A:BE:B3:V:F,"A","Annual","BE","Belgium","B3","Bank type 3","V","Value","F","Accounts, all","A","All users","E","End of period","3","EUR","Euro","6","Millions","","3","",1420,A,550,A,560,A,475,A,180,A,180,A,167,A
CPMI_INSTITUTIONS:A:BE:B4:N:A,"A","Annual","BE","Belgium","B4","Bank type 4","N","Number","A","Institutions","A","All users","E","End of period","0","373","Pure Number","0","Units","","3","",,M,,M,,M,,M,,M,,M,,M
CPMI_INSTITUTIONS:A:BE:B4:N:C,"A","Annual","BE","Belgium","B4","Bank type 4","N","Number","C","Branches or offices","A","All users","E","End of period","0","373","Pure Number","0","Units","","3","",,M,,M,,M,,M,,M,,M,,M
CPMI_INSTITUTIONS:A:BE:B4:N:F,"A","Annual","BE","Belgium","B4","Bank type 4","N","Number","F","Accounts, all","A","All users","E","End of period","0","373","Pure Number","0","Units","","3","",,M,,M,,M,,M,,M,,M,,M
CPMI_INSTITUTIONS:A:BE:B4:V:F,"A","Annual","BE","Belgium","B4","Bank type 4","V","Value","F","Accounts, all","A","All users","E","End of period","3","EUR","Euro","6","Millions","","3","",,M,,M,,M,,M,,M,,M,,M
CPMI_INSTITUTIONS:A:BE:B5:N:A,"A","Annual","BE","Belgium","B5","Bank type 5","N","Number","A","Institutions","A","All users","E","End of period","0","373","Pure Number","0","Units","","3","",,M,,M,,M,,M,,M,,M,,M
CPMI_INSTITUTIONS:A:BE:B5:N:C,"A","Annual","BE","Belgium","B5","Bank type 5","N","Number","C","Branches or offices","A","All users","E","End of period","0","373","Pure Number","0","Units","","3","",,M,,M,,M,,M,,M,,M,,M
CPMI_INSTITUTIONS:A:BE:B5:N:F,"A","Annual","BE","Belgium","B5","Bank type 5","N","Number","F","Accounts, all","A","All users","E","End of period","0","373","Pure Number","0","Units","","3","",,M,,M,,M,,M,,M,,M,,M
CPMI_INSTITUTIONS:A:BE:B5:V:F,"A","Annual","BE","Belgium","B5","Bank type 5","V","Value","F","Accounts, all","A","All users","E","End of period","3","EUR","Euro","6","Millions","","3","",,M,,M,,M,,M,,M,,M,,M
CPMI_INSTITUTIONS:A:BE:BA:N:A,"A","Annual","BE","Belgium","BA","Banks, all","N","Number","A","Institutions","A","All users","E","End of period","0","373","Pure Number","0","Units","","3","",103,A,103,A,103,A,99,A,92,A,92,A,87,A
CPMI_INSTITUTIONS:A:BE:BA:N:C,"A","Annual","BE","Belgium","BA","Banks, all","N","Number","C","Branches or offices","A","All users","E","End of period","0","373","Pure Number","0","Units","","3","",3820,A,3739,A,7085,A,6639,A,6791,A,6298,A,5654,A
CPMI_INSTITUTIONS:A:BE:BA:N:F,"A","Annual","BE","Belgium","BA","Banks, all","N","Number","F","Accounts, all","A","All users","E","End of period","0","373","Pure Number","0","Units","","3","",16551037,A,16791046,A,27082000,A,29519583,A,29633388,A,29532870,A,46586481,A
CPMI_INSTITUTIONS:A:BE:BA:N:I,"A","Annual","BE","Belgium","BA","Banks, all","N","Number","I","Accounts, Internet-linked","A","All users","E","End of period","0","373","Pure Number","0","Units","","3","",10608618,A,11128864,A,17142900,A,19211749,A,19661205,A,20391200,A,23790769,A
CPMI_INSTITUTIONS:A:BE:BA:V:F,"A","Annual","BE","Belgium","BA","Banks, all","V","Value","F","Accounts, all","A","All users","E","End of period","3","EUR","Euro","6","Millions","","3","",154124,A,165308,A,185805,A,200419,A,218977,A,218977,A,221321,A
CPMI_INSTITUTIONS:A:BE:CB:N:A,"A","Annual","BE","Belgium","CB","Central banks","N","Number","A","Institutions","A","All users","E","End of period","0","373","Pure Number","0","Units","","3","",1,A,1,A,1,A,1,A,1,A,1,A,1,A
CPMI_INSTITUTIONS:A:BE:CB:N:C,"A","Annual","BE","Belgium","CB","Central banks","N","Number","C","Branches or offices","A","All users","E","End of period","0","373","Pure Number","0","Units","","3","",6,A,5,A,5,A,5,A,3,A,3,A,1,A
CPMI_INSTITUTIONS:A:BE:CB:N:F,"A","Annual","BE","Belgium","CB","Central banks","N","Number","F","Accounts, all","A","All users","E","End of period","0","373","Pure Number","0","Units","","3","",238,A,213,A,200,A,197,A,185,A,185,A,126,A
CPMI_INSTITUTIONS:A:BE:CB:V:F,"A","Annual","BE","Belgium","CB","Central banks","V","Value","F","Accounts, all","A","All users","E","End of period","3","EUR","Euro","6","Millions","","3","",685,A,490,A,444,A,1280,A,2366,A,6508,A,10448,A
CPMI_INSTITUTIONS:A:BE:EA:N:A,"A","Annual","BE","Belgium","EA","E-money issuers, all","N","Number","A","Institutions","A","All users","E","End of period","0","373","Pure Number","0","Units","","3","",7,A,9,A,22,A,22,A,16,A,15,A,12,A
CPMI_INSTITUTIONS:A:BE:EA:V:F,"A","Annual","BE","Belgium","EA","E-money issuers, all","V","Value","F","Accounts, all","A","All users","E","End of period","3","EUR","Euro","6","Millions","","3","",10,A,10,A,62.241,A,99.223,A,123.642,A,173.822,A,152.761,A
CPMI_INSTITUTIONS:A:BE:EN:N:A,"A","Annual","BE","Belgium","EN","E-money issuers - Non-banks","N","Number","A","Institutions","A","All users","E","End of period","0","373","Pure Number","0","Units","","3","",7,A,9,A,10,A,10,A,8,A,8,A,8,A
CPMI_INSTITUTIONS:A:BE:EN:V:F,"A","Annual","BE","Belgium","EN","E-money issuers - Non-banks","V","Value","F","Accounts, all","A","All users","E","End of period","3","EUR","Euro","6","Millions","","3","",10,A,10,A,31.283,A,70.435,A,104.814,A,139.321,A,143.209,A
CPMI_INSTITUTIONS:A:BE:FB:N:A,"A","Annual","BE","Belgium","FB","Foreign banks","N","Number","A","Institutions","A","All users","E","End of period","0","373","Pure Number","0","Units","","3","",9,A,9,A,10,A,10,A,25,A,25,A,12,A
CPMI_INSTITUTIONS:A:BE:FB:N:C,"A","Annual","BE","Belgium","FB","Foreign banks","N","Number","C","Branches or offices","A","All users","E","End of period","0","373","Pure Number","0","Units","","3","",8,A,8,A,7,A,4,A,3,A,3,A,12,A
CPMI_INSTITUTIONS:A:BE:FB:N:F,"A","Annual","BE","Belgium","FB","Foreign banks","N","Number","F","Accounts, all","A","All users","E","End of period","0","373","Pure Number","0","Units","","3","",,L,,L,,L,,L,,L,,L,,L
CPMI_INSTITUTIONS:A:BE:FB:V:F,"A","Annual","BE","Belgium","FB","Foreign banks","V","Value","F","Accounts, all","A","All users","E","End of period","3","EUR","Euro","6","Millions","","3","",22470,A,25420,A,26450,A,26406,A,27031,A,27031,A,8000,A
CPMI_INSTITUTIONS:A:BE:IA:N:A,"A","Annual","BE","Belgium","IA","Institutions, all","N","Number","A","Institutions","A","All users","E","End of period","0","373","Pure Number","0","Units","","3","",120,A,120,A,120,A,116,A,110,A,110,A,107,A
CPMI_INSTITUTIONS:A:BE:N1:N:A,"A","Annual","BE","Belgium","N1","Non-banks offering storage of value","N","Number","A","Institutions","A","All users","E","End of period","0","373","Pure Number","0","Units","","3","",1,A,1,A,1,A,1,A,1,A,1,A,1,A
CPMI_INSTITUTIONS:A:BE:N1:N:C,"A","Annual","BE","Belgium","N1","Non-banks offering storage of value","N","Number","C","Branches or offices","A","All users","E","End of period","0","373","Pure Number","0","Units","","3","",1340,A,1343,A,1344,A,1341,A,1337,A,1338,A,1400,A
CPMI_INSTITUTIONS:A:BE:N1:N:F,"A","Annual","BE","Belgium","N1","Non-banks offering storage of value","N","Number","F","Accounts, all","A","All users","E","End of period","0","373","Pure Number","0","Units","","3","",653,A,655,A,2669,A,2577,A,2404,A,2362,A,2295,A
CPMI_INSTITUTIONS:A:BE:N1:V:F,"A","Annual","BE","Belgium","N1","Non-banks offering storage of value","V","Value","F","Accounts, all","A","All users","E","End of period","3","EUR","Euro","6","Millions","","3","",1277,A,1455,A,1239,A,1469,A,3094,A,2202,A,2216,A
CPMI_INSTITUTIONS:A:BE:N2:N:A,"A","Annual","BE","Belgium","N2","Non-banks relying on storage of value offered by others","N","Number","A","Institutions","A","All users","E","End of period","0","373","Pure Number","0","Units","","3","",15,A,15,A,15,A,15,A,16,A,16,A,18,A
CPMI_INSTITUTIONS:A:BE:NA:N:A,"A","Annual","BE","Belgium","NA","Non-banks, all","N","Number","A","Institutions","A","All users","E","End of period","0","373","Pure Number","0","Units","","3","",16,A,16,A,16,A,16,A,17,A,17,A,19,A
CPMI_INSTITUTIONS:A:BR:B1:N:A,"A","Annual","BR","Brazil","B1","Bank type 1","N","Number","A","Institutions","A","All users","E","End of period","0","373","Pure Number","0","Units","","3","",9,A,9,A,9,A,9,A,9,A,9,A,9,A
CPMI_INSTITUTIONS:A:BR:B1:N:C,"A","Annual","BR","Brazil","B1","Bank type 1","N","Number","C","Branches or offices","A","All users","E","End of period","0","373","Pure Number","0","Units","","3","",12239,A,12879,A,13181,A,13258,A,13193,A,12774,A,12485,A
CPMI_INSTITUTIONS:A:BR:B1:N:F,"A","Annual","BR","Brazil","B1","Bank type 1","N","Number","F","Accounts, all","A","All users","E","End of period","0","373","Pure Number","0","Units","","3","",,L,,L,,L,,L,,L,,L,,L
CPMI_INSTITUTIONS:A:BR:B1:V:F,"A","Annual","BR","Brazil","B1","Bank type 1","V","Value","F","Accounts, all","A","All users","E","End of period","3","BRL","Brazilian real","6","Millions","","3","",94166.44,A,92555.03,A,92900.46,A,83090.31,A,90845.36,A,92489.73,A,89754.84,A
CPMI_INSTITUTIONS:A:BR:B2:N:A,"A","Annual","BR","Brazil","B2","Bank type 2","N","Number","A","Institutions","A","All users","E","End of period","0","373","Pure Number","0","Units","","3","",145,A,140,A,137,A,138,A,139,A,137,A,136,A
CPMI_INSTITUTIONS:A:BR:B2:N:C,"A","Annual","BR","Brazil","B2","Bank type 2","N","Number","C","Branches or offices","A","All users","E","End of period","0","373","Pure Number","0","Units","","3","",20009,A,20044,A,19890,A,19692,A,20215,A,18832,A,14761,A
CPMI_INSTITUTIONS:A:BR:B2:N:F,"A","Annual","BR","Brazil","B2","Bank type 2","N","Number","F","Accounts, all","A","All users","E","End of period","0","373","Pure Number","0","Units","","3","",,L,,L,,L,,L,,L,,L,,L
CPMI_INSTITUTIONS:A:BR:B2:V:F,"A","Annual","BR","Brazil","B2","Bank type 2","V","Value","F","Accounts, all","A","All users","E","End of period","3","BRL","Brazilian real","6","Millions","","3","",80758.219,A,87376.459,A,79551.517,A,65021.924,A,63940.999,A,66938.73,A,75533.769,A
CPMI_INSTITUTIONS:A:BR:BA:N:A,"A","Annual","BR","Brazil","BA","Banks, all","N","Number","A","Institutions","A","All users","E","End of period","0","373","Pure Number","0","Units","","3","",160,A,155,A,152,A,153,A,154,A,152,A,151,A
CPMI_INSTITUTIONS:A:BR:BA:N:C,"A","Annual","BR","Brazil","BA","Banks, all","N","Number","C","Branches or offices","A","All users","E","End of period","0","373","Pure Number","0","Units","","3","",32259,A,32923,A,33071,A,32961,A,33420,A,31618,A,27258,A
CPMI_INSTITUTIONS:A:BR:BA:N:F,"A","Annual","BR","Brazil","BA","Banks, all","N","Number","F","Accounts, all","A","All users","E","End of period","0","373","Pure Number","0","Units","","3","",162881079,A,172854857,A,,L,,L,,L,,L,,L
CPMI_INSTITUTIONS:A:BR:BA:N:I,"A","Annual","BR","Brazil","BA","Banks, all","N","Number","I","Accounts, Internet-linked","A","All users","E","End of period","0","373","Pure Number","0","Units","","3","",39902,A,44907,A,,L,,L,,L,,L,,L
CPMI_INSTITUTIONS:A:BR:BA:V:F,"A","Annual","BR","Brazil","BA","Banks, all","V","Value","F","Accounts, all","A","All users","E","End of period","3","BRL","Brazilian real","6","Millions","","3","",174926.135,A,179955.389,A,172455.4,A,148122.46,A,154789.36,A,159429.84,A,192069.57,A
CPMI_INSTITUTIONS:A:BR:CB:N:A,"A","Annual","BR","Brazil","CB","Central banks","N","Number","A","Institutions","A","All users","E","End of period","0","373","Pure Number","0","Units","","3","",1,A,1,A,1,A,1,A,1,A,1,A,1,A
CPMI_INSTITUTIONS:A:BR:CB:N:C,"A","Annual","BR","Brazil","CB","Central banks","N","Number","C","Branches or offices","A","All users","E","End of period","0","373","Pure Number","0","Units","","3","",10,A,10,A,10,A,10,A,10,A,10,A,10,A
CPMI_INSTITUTIONS:A:BR:CB:N:F,"A","Annual","BR","Brazil","CB","Central banks","N","Number","F","Accounts, all","A","All users","E","End of period","0","373","Pure Number","0","Units","","3","",164,A,164,A,167,A,176,A,182,A,193,A,211,A
CPMI_INSTITUTIONS:A:BR:CB:V:F,"A","Annual","BR","Brazil","CB","Central banks","V","Value","F","Accounts, all","A","All users","E","End of period","3","BRL","Brazilian real","6","Millions","","3","",24.585,A,37.855,A,17.15,A,12.499,A,14.839,A,35.562,A,93.115,A
CPMI_INSTITUTIONS:A:BR:EA:N:A,"A","Annual","BR","Brazil","EA","E-money issuers, all","N","Number","A","Institutions","A","All users","E","End of period","0","373","Pure Number","0","Units","","3","",,L,,L,,L,,L,,L,,L,,L
CPMI_INSTITUTIONS:A:BR:EA:V:F,"A","Annual","BR","Brazil","EA","E-money issuers, all","V","Value","F","Accounts, all","A","All users","E","End of period","3","BRL","Brazilian real","6","Millions","","3","",,L,,L,,L,,L,,L,,L,,L
CPMI_INSTITUTIONS:A:BR:EN:N:A,"A","Annual","BR","Brazil","EN","E-money issuers - Non-banks","N","Number","A","Institutions","A","All users","E","End of period","0","373","Pure Number","0","Units","","3","",,L,,L,,L,,L,,L,,L,,L
CPMI_INSTITUTIONS:A:BR:EN:V:F,"A","Annual","BR","Brazil","EN","E-money issuers - Non-banks","V","Value","F","Accounts, all","A","All users","E","End of period","3","BRL","Brazilian real","6","Millions","","3","",,L,,L,,L,,L,,L,,L,,L
CPMI_INSTITUTIONS:A:BR:FB:N:A,"A","Annual","BR","Brazil","FB","Foreign banks","N","Number","A","Institutions","A","All users","E","End of period","0","373","Pure Number","0","Units","","3","",6,A,6,A,6,A,6,A,6,A,6,A,6,A
CPMI_INSTITUTIONS:A:BR:FB:N:C,"A","Annual","BR","Brazil","FB","Foreign banks","N","Number","C","Branches or offices","A","All users","E","End of period","0","373","Pure Number","0","Units","","3","",11,A,12,A,12,A,11,A,12,A,12,A,12,A
CPMI_INSTITUTIONS:A:BR:FB:N:F,"A","Annual","BR","Brazil","FB","Foreign banks","N","Number","F","Accounts, all","A","All users","E","End of period","0","373","Pure Number","0","Units","","3","",,L,,L,,L,,L,,L,,L,,L
CPMI_INSTITUTIONS:A:BR:FB:V:F,"A","Annual","BR","Brazil","FB","Foreign banks","V","Value","F","Accounts, all","A","All users","E","End of period","3","BRL","Brazilian real","6","Millions","","3","",1.48,A,23.896,A,3.42,A,10.228,A,3.001,A,1.382,A,2.099,A
CPMI_INSTITUTIONS:A:BR:IA:N:A,"A","Annual","BR","Brazil","IA","Institutions, all","N","Number","A","Institutions","A","All users","E","End of period","0","373","Pure Number","0","Units","","3","",1430,A,1365,A,1316,A,1267,A,1234,A,1163,A,1124,A
CPMI_INSTITUTIONS:A:BR:N1:N:A,"A","Annual","BR","Brazil","N1","Non-banks offering storage of value","N","Number","A","Institutions","A","All users","E","End of period","0","373","Pure Number","0","Units","","3","",1269,A,1209,A,1163,A,1113,A,1078,A,1004,A,962,A
CPMI_INSTITUTIONS:A:BR:N1:N:C,"A","Annual","BR","Brazil","N1","Non-banks offering storage of value","N","Number","C","Branches or offices","A","All users","E","End of period","0","373","Pure Number","0","Units","","3","",4969,A,5092,A,5342,A,5547,A,5727,A,5949,A,6340,A
CPMI_INSTITUTIONS:A:BR:N1:N:F,"A","Annual","BR","Brazil","N1","Non-banks offering storage of value","N","Number","F","Accounts, all","A","All users","E","End of period","0","373","Pure Number","0","Units","","3","",,L,,L,,L,,L,,L,,L,,L
CPMI_INSTITUTIONS:A:BR:N1:V:F,"A","Annual","BR","Brazil","N1","Non-banks offering storage of value","V","Value","F","Accounts, all","A","All users","E","End of period","3","BRL","Brazilian real","6","Millions","","3","",8984.13,A,10968.57,A,12691.58,A,13816.98,A,16267.65,A,20500.08,A,26778.868,A
CPMI_INSTITUTIONS:A:BR:N2:N:A,"A","Annual","BR","Brazil","N2","Non-banks relying on storage of value offered by others","N","Number","A","Institutions","A","All users","E","End of period","0","373","Pure Number","0","Units","","3","",,L,,L,,L,,L,1,A,6,A,10,A
CPMI_INSTITUTIONS:A:BR:NA:N:A,"A","Annual","BR","Brazil","NA","Non-banks, all","N","Number","A","Institutions","A","All users","E","End of period","0","373","Pure Number","0","Units","","3","",1269,A,1209,A,1163,A,1113,A,1079,A,1010,A,972,A
CPMI_INSTITUTIONS:A:CA:B1:N:A,"A","Annual","CA","Canada","B1","Bank type 1","N","Number","A","Institutions","A","All users","E","End of period","0","373","Pure Number","0","Units","","3","",47,A,47,A,47,A,46,A,50,A,48,A,52,A
CPMI_INSTITUTIONS:A:CA:B1:N:C,"A","Annual","CA","Canada","B1","Bank type 1","N","Number","C","Branches or offices","A","All users","E","End of period","0","373","Pure Number","0","Units","","3","",6955,A,7008,A,7029,A,7007,A,6892,A,6505,A,6162,A
CPMI_INSTITUTIONS:A:CA:B1:N:F,"A","Annual","CA","Canada","B1","Bank type 1","N","Number","F","Accounts, all","A","All users","E","End of period","0","373","Pure Number","0","Units","","3","",,L,,L,,L,,L,,L,,L,,L
CPMI_INSTITUTIONS:A:CA:B1:V:F,"A","Annual","CA","Canada","B1","Bank type 1","V","Value","F","Accounts, all","A","All users","E","End of period","3","CAD","Canadian dollar","6","Millions","Data have been revised from previous editions.","3","",538150,A,591320,A,610240,A,658560,A,726600,A,783752.42,A,818646.92,A
CPMI_INSTITUTIONS:A:CA:B2:N:A,"A","Annual","CA","Canada","B2","Bank type 2","N","Number","A","Institutions","A","All users","E","End of period","0","373","Pure Number","0","Units","","3","",,M,,M,,M,,M,,M,,M,,M
CPMI_INSTITUTIONS:A:CA:B2:N:C,"A","Annual","CA","Canada","B2","Bank type 2","N","Number","C","Branches or offices","A","All users","E","End of period","0","373","Pure Number","0","Units","","3","",,M,,M,,M,,M,,M,,M,,M
CPMI_INSTITUTIONS:A:CA:B2:N:F,"A","Annual","CA","Canada","B2","Bank type 2","N","Number","F","Accounts, all","A","All users","E","End of period","0","373","Pure Number","0","Units","","3","",,M,,M,,M,,M,,M,,M,,M
CPMI_INSTITUTIONS:A:CA:B2:V:F,"A","Annual","CA","Canada","B2","Bank type 2","V","Value","F","Accounts, all","A","All users","E","End of period","3","CAD","Canadian dollar","6","Millions","","3","",,M,,M,,M,,M,,M,,M,,M
CPMI_INSTITUTIONS:A:CA:B3:N:A,"A","Annual","CA","Canada","B3","Bank type 3","N","Number","A","Institutions","A","All users","E","End of period","0","373","Pure Number","0","Units","","3","",,M,,M,,M,,M,,M,,M,,M
CPMI_INSTITUTIONS:A:CA:B3:N:C,"A","Annual","CA","Canada","B3","Bank type 3","N","Number","C","Branches or offices","A","All users","E","End of period","0","373","Pure Number","0","Units","","3","",,M,,M,,M,,M,,M,,M,,M
CPMI_INSTITUTIONS:A:CA:B3:N:F,"A","Annual","CA","Canada","B3","Bank type 3","N","Number","F","Accounts, all","A","All users","E","End of period","0","373","Pure Number","0","Units","","3","",,M,,M,,M,,M,,M,,M,,M
CPMI_INSTITUTIONS:A:CA:B3:V:F,"A","Annual","CA","Canada","B3","Bank type 3","V","Value","F","Accounts, all","A","All users","E","End of period","3","CAD","Canadian dollar","6","Millions","","3","",,M,,M,,M,,M,,M,,M,,M
CPMI_INSTITUTIONS:A:CA:B4:N:A,"A","Annual","CA","Canada","B4","Bank type 4","N","Number","A","Institutions","A","All users","E","End of period","0","373","Pure Number","0","Units","","3","",,M,,M,,M,,M,,M,,M,,M
CPMI_INSTITUTIONS:A:CA:B4:N:C,"A","Annual","CA","Canada","B4","Bank type 4","N","Number","C","Branches or offices","A","All users","E","End of period","0","373","Pure Number","0","Units","","3","",,M,,M,,M,,M,,M,,M,,M
CPMI_INSTITUTIONS:A:CA:B4:N:F,"A","Annual","CA","Canada","B4","Bank type 4","N","Number","F","Accounts, all","A","All users","E","End of period","0","373","Pure Number","0","Units","","3","",,M,,M,,M,,M,,M,,M,,M
CPMI_INSTITUTIONS:A:CA:B4:V:F,"A","Annual","CA","Canada","B4","Bank type 4","V","Value","F","Accounts, all","A","All users","E","End of period","3","CAD","Canadian dollar","6","Millions","","3","",,M,,M,,M,,M,,M,,M,,M
CPMI_INSTITUTIONS:A:CA:B5:N:A,"A","Annual","CA","Canada","B5","Bank type 5","N","Number","A","Institutions","A","All users","E","End of period","0","373","Pure Number","0","Units","","3","",,M,,M,,M,,M,,M,,M,,M
CPMI_INSTITUTIONS:A:CA:B5:N:C,"A","Annual","CA","Canada","B5","Bank type 5","N","Number","C","Branches or offices","A","All users","E","End of period","0","373","Pure Number","0","Units","","3","",,M,,M,,M,,M,,M,,M,,M
CPMI_INSTITUTIONS:A:CA:B5:N:F,"A","Annual","CA","Canada","B5","Bank type 5","N","Number","F","Accounts, all","A","All users","E","End of period","0","373","Pure Number","0","Units","","3","",,M,,M,,M,,M,,M,,M,,M
CPMI_INSTITUTIONS:A:CA:B5:V:F,"A","Annual","CA","Canada","B5","Bank type 5","V","Value","F","Accounts, all","A","All users","E","End of period","3","CAD","Canadian dollar","6","Millions","","3","",,M,,M,,M,,M,,M,,M,,M
CPMI_INSTITUTIONS:A:CA:BA:N:A,"A","Annual","CA","Canada","BA","Banks, all","N","Number","A","Institutions","A","All users","E","End of period","0","373","Pure Number","0","Units","Some foreign bank subsidiaries and foreign bank branches are associated with the same parent bank. For the purposes of this table, each institution is recorded separately.","3","",70,A,71,A,73,A,72,A,81,A,78,A,83,A
CPMI_INSTITUTIONS:A:CA:BA:N:C,"A","Annual","CA","Canada","BA","Banks, all","N","Number","C","Branches or offices","A","All users","E","End of period","0","373","Pure Number","0","Units","","3","",6983,A,7037,A,7060,A,7038,A,6928,A,6540,A,6195,A
CPMI_INSTITUTIONS:A:CA:BA:N:F,"A","Annual","CA","Canada","BA","Banks, all","N","Number","F","Accounts, all","A","All users","E","End of period","0","373","Pure Number","0","Units","","3","",,L,,L,,L,,L,,L,,L,,L
CPMI_INSTITUTIONS:A:CA:BA:N:I,"A","Annual","CA","Canada","BA","Banks, all","N","Number","I","Accounts, Internet-linked","A","All users","E","End of period","0","373","Pure Number","0","Units","","3","",,L,,L,,L,,L,,L,,L,,L
CPMI_INSTITUTIONS:A:CA:BA:V:F,"A","Annual","CA","Canada","BA","Banks, all","V","Value","F","Accounts, all","A","All users","E","End of period","3","CAD","Canadian dollar","6","Millions","Data have been revised from previous editions.","3","",546739.67,A,602175.93,A,622616.35,A,673599.82,A,742267.04,A,800939.52,A,838352.15,A
CPMI_INSTITUTIONS:A:CA:CB:N:A,"A","Annual","CA","Canada","CB","Central banks","N","Number","A","Institutions","A","All users","E","End of period","0","373","Pure Number","0","Units","","3","",1,A,1,A,1,A,1,A,1,A,1,A,1,A
CPMI_INSTITUTIONS:A:CA:CB:N:C,"A","Annual","CA","Canada","CB","Central banks","N","Number","C","Branches or offices","A","All users","E","End of period","0","373","Pure Number","0","Units","There are five regional offices and two Agency Operations Centres but only the head office offers payment services.","3","",1,A,1,A,1,A,1,A,1,A,1,A,1,A
CPMI_INSTITUTIONS:A:CA:CB:N:F,"A","Annual","CA","Canada","CB","Central banks","N","Number","F","Accounts, all","A","All users","E","End of period","0","373","Pure Number","0","Units","Figures represent the number of accounts held at the Bank of Canada by CPA members for the settlement of the LVTS.","3","",3,A,3,A,3,A,3,A,3,A,3,A,3,A
CPMI_INSTITUTIONS:A:CA:CB:V:F,"A","Annual","CA","Canada","CB","Central banks","V","Value","F","Accounts, all","A","All users","E","End of period","3","CAD","Canadian dollar","6","Millions","Figures represent the value of accounts held at the Bank of Canada by CPA members for settlement of the LVTS.","3","",63,A,187,A,176,A,707,A,502,A,383,A,418,A
CPMI_INSTITUTIONS:A:CA:EA:N:A,"A","Annual","CA","Canada","EA","E-money issuers, all","N","Number","A","Institutions","A","All users","E","End of period","0","373","Pure Number","0","Units","","3","",,L,,L,,L,,L,,L,,L,,L
CPMI_INSTITUTIONS:A:CA:EA:V:F,"A","Annual","CA","Canada","EA","E-money issuers, all","V","Value","F","Accounts, all","A","All users","E","End of period","3","CAD","Canadian dollar","6","Millions","","3","",,L,,L,,L,,L,,L,,L,,L
CPMI_INSTITUTIONS:A:CA:EN:N:A,"A","Annual","CA","Canada","EN","E-money issuers - Non-banks","N","Number","A","Institutions","A","All users","E","End of period","0","373","Pure Number","0","Units","","3","",,L,,L,,L,,L,,L,,L,,L
CPMI_INSTITUTIONS:A:CA:EN:V:F,"A","Annual","CA","Canada","EN","E-money issuers - Non-banks","V","Value","F","Accounts, all","A","All users","E","End of period","3","CAD","Canadian dollar","6","Millions","","3","",,L,,L,,L,,L,,L,,L,,L
CPMI_INSTITUTIONS:A:CA:FB:N:A,"A","Annual","CA","Canada","FB","Foreign banks","N","Number","A","Institutions","A","All users","E","End of period","0","373","Pure Number","0","Units","","3","",23,A,24,A,26,A,26,A,31,A,30,A,31,A
CPMI_INSTITUTIONS:A:CA:FB:N:C,"A","Annual","CA","Canada","FB","Foreign banks","N","Number","C","Branches or offices","A","All users","E","End of period","0","373","Pure Number","0","Units","","3","",28,A,29,A,31,A,31,A,36,A,35,A,33,A
CPMI_INSTITUTIONS:A:CA:FB:N:F,"A","Annual","CA","Canada","FB","Foreign banks","N","Number","F","Accounts, all","A","All users","E","End of period","0","373","Pure Number","0","Units","","3","",,L,,L,,L,,L,,L,,L,,L
CPMI_INSTITUTIONS:A:CA:FB:V:F,"A","Annual","CA","Canada","FB","Foreign banks","V","Value","F","Accounts, all","A","All users","E","End of period","3","CAD","Canadian dollar","6","Millions","Data have been revised from previous editions.","3","",8589.668,A,10855.928,A,12376.349,A,15039.817,A,15667.036,A,17187.1,A,19705.234,A
CPMI_INSTITUTIONS:A:CA:IA:N:A,"A","Annual","CA","Canada","IA","Institutions, all","N","Number","A","Institutions","A","All users","E","End of period","0","373","Pure Number","0","Units","","3","",876,A,824,A,800,A,760,A,707,A,647,A,632,A
CPMI_INSTITUTIONS:A:CA:N1:N:A,"A","Annual","CA","Canada","N1","Non-banks offering storage of value","N","Number","A","Institutions","A","All users","E","End of period","0","373","Pure Number","0","Units","Among Trust and Loan companies included in this figure, only those that are federally regulated and are not bank-owned are included.","3","",805,A,752,A,726,A,687,A,625,A,568,A,548,A
CPMI_INSTITUTIONS:A:CA:N1:N:C,"A","Annual","CA","Canada","N1","Non-banks offering storage of value","N","Number","C","Branches or offices","A","All users","E","End of period","0","373","Pure Number","0","Units","Includes only branches of local credit unions and caisses populaires, and governmental savings institutions.","3","",3287,A,3202,A,3143,A,3086,A,3021,A,2962,A,2694,A
CPMI_INSTITUTIONS:A:CA:N1:N:F,"A","Annual","CA","Canada","N1","Non-banks offering storage of value","N","Number","F","Accounts, all","A","All users","E","End of period","0","373","Pure Number","0","Units","","3","",,L,,L,,L,,L,,L,,L,,L
CPMI_INSTITUTIONS:A:CA:N1:V:F,"A","Annual","CA","Canada","N1","Non-banks offering storage of value","V","Value","F","Accounts, all","A","All users","E","End of period","3","CAD","Canadian dollar","6","Millions","","3","",85260,A,83680,A,91950,A,99870,A,109280,A,118132.99,A,101766,A
CPMI_INSTITUTIONS:A:CA:N2:N:A,"A","Annual","CA","Canada","N2","Non-banks relying on storage of value offered by others","N","Number","A","Institutions","A","All users","E","End of period","0","373","Pure Number","0","Units","","3","",,L,,L,,L,,L,,L,,L,,L
CPMI_INSTITUTIONS:A:CA:NA:N:A,"A","Annual","CA","Canada","NA","Non-banks, all","N","Number","A","Institutions","A","All users","E","End of period","0","373","Pure Number","0","Units","","3","",805,A,752,A,726,A,687,A,625,A,568,A,548,A
CPMI_INSTITUTIONS:A:CH:B1:N:A,"A","Annual","CH","Switzerland","B1","Bank type 1","N","Number","A","Institutions","A","All users","E","End of period","0","373","Pure Number","0","Units","The subcatories of banks are defined by the SNB and are based on a number of different characteristics such as business focus, geographic scope of activities and legal status of banks rather than their importance in the Swiss payment industry. For information on cantonal banks, see https://data.snb.ch/en/topics/banken#!/doc/explanations_banken#banks_cat. ","3","",24,A,24,A,24,A,24,A,24,A,24.0,A,24.0,A
CPMI_INSTITUTIONS:A:CH:B1:N:C,"A","Annual","CH","Switzerland","B1","Bank type 1","N","Number","C","Branches or offices","A","All users","E","End of period","0","373","Pure Number","0","Units","","3","",700,A,687,A,677,A,660,A,645,A,621.0,A,608.0,A
CPMI_INSTITUTIONS:A:CH:B1:N:F,"A","Annual","CH","Switzerland","B1","Bank type 1","N","Number","F","Accounts, all","A","All users","E","End of period","0","373","Pure Number","0","Units","","3","",,L,,L,,L,,L,,L,,L,,L
CPMI_INSTITUTIONS:A:CH:B1:V:F,"A","Annual","CH","Switzerland","B1","Bank type 1","V","Value","F","Accounts, all","A","All users","E","End of period","3","373","Pure Number","6","Millions","Liabilities due to customers on sight in all currencies. ","3","",98374.949,A,101610.380,A,103484.388,A,100103.100,A,104746.442,A,114352.787,A,127268.031,A
CPMI_INSTITUTIONS:A:CH:B2:N:A,"A","Annual","CH","Switzerland","B2","Bank type 2","N","Number","A","Institutions","A","All users","E","End of period","0","373","Pure Number","0","Units","The subcatories of banks are defined by the SNB and are based on a number of different characteristics such as business focus, geographic scope of activities and legal status of banks rather than their importance in the Swiss payment industry. For information on big banks, see https://data.snb.ch/en/topics/banken#!/doc/explanations_banken#banks_cat. ","3","",2,A,2,A,2,A,3,A,4,A,4.0,A,4.0,A
CPMI_INSTITUTIONS:A:CH:B2:N:C,"A","Annual","CH","Switzerland","B2","Bank type 2","N","Number","C","Branches or offices","A","All users","E","End of period","0","373","Pure Number","0","Units","","3","",557,A,550,A,549,A,538,A,511,A,503.0,A,487.0,A
CPMI_INSTITUTIONS:A:CH:B2:N:F,"A","Annual","CH","Switzerland","B2","Bank type 2","N","Number","F","Accounts, all","A","All users","E","End of period","0","373","Pure Number","0","Units","","3","",,L,,L,,L,,L,,L,,L,,L
CPMI_INSTITUTIONS:A:CH:B2:V:F,"A","Annual","CH","Switzerland","B2","Bank type 2","V","Value","F","Accounts, all","A","All users","E","End of period","3","373","Pure Number","6","Millions","Liabilities due to customers on sight in all currencies.  ","3","",311970.826,A,338177.566,A,354832.611,A,341900.953,A,351606.046,A,349113.161,A,339275.794,A
CPMI_INSTITUTIONS:A:CH:B3:N:A,"A","Annual","CH","Switzerland","B3","Bank type 3","N","Number","A","Institutions","A","All users","E","End of period","0","373","Pure Number","0","Units","The subcatories of banks are defined by the SNB and are based on a number of different characteristics such as business focus, geographic scope of activities and legal status of banks rather than their importance in the Swiss payment industry. For information on regional and savings banks, see https://data.snb.ch/en/topics/banken#!/doc/explanations_banken#banks_cat.  ","3","",66,A,64,A,63,A,62,A,62,A,62.0,A,60.0,A
CPMI_INSTITUTIONS:A:CH:B3:N:C,"A","Annual","CH","Switzerland","B3","Bank type 3","N","Number","C","Branches or offices","A","All users","E","End of period","0","373","Pure Number","0","Units","","3","",377,A,370,A,367,A,358,A,355,A,352.0,A,345.0,A
CPMI_INSTITUTIONS:A:CH:B3:N:F,"A","Annual","CH","Switzerland","B3","Bank type 3","N","Number","F","Accounts, all","A","All users","E","End of period","0","373","Pure Number","0","Units","","3","",,L,,L,,L,,L,,L,,L,,L
CPMI_INSTITUTIONS:A:CH:B3:V:F,"A","Annual","CH","Switzerland","B3","Bank type 3","V","Value","F","Accounts, all","A","All users","E","End of period","3","373","Pure Number","6","Millions","Liabilities due to customers on sight in all currencies","3","",14699.613,A,15617.102,A,16098.279,A,20258.364,A,26010.891,A,28447.406,A,30232.404,A
CPMI_INSTITUTIONS:A:CH:B4:N:A,"A","Annual","CH","Switzerland","B4","Bank type 4","N","Number","A","Institutions","A","All users","E","End of period","0","373","Pure Number","0","Units","The subcatories of banks are defined by the SNB and are based on a number of different characteristics such as business focus, geographic scope of activities and legal status of banks rather than their importance in the Swiss payment industry. Together, legally autonomous Raiffeisen banks form the Raiffeisen Switzerland Cooperative, which takes on tasks for the Raiffeisen banks as one group. For further information on Raiffeisen banks, see https://data.snb.ch/en/topics/banken#!/doc/explanations_banken#banks_cat.  ","3","",1,A,1,A,1,A,1,A,1,A,1.0,A,1.0,A
CPMI_INSTITUTIONS:A:CH:B4:N:C,"A","Annual","CH","Switzerland","B4","Bank type 4","N","Number","C","Branches or offices","A","All users","E","End of period","0","373","Pure Number","0","Units","","3","",327,A,323,A,312,A,299,A,277,A,262.0,A,253.0,A
CPMI_INSTITUTIONS:A:CH:B4:N:F,"A","Annual","CH","Switzerland","B4","Bank type 4","N","Number","F","Accounts, all","A","All users","E","End of period","0","373","Pure Number","0","Units","","3","",,L,,L,,L,,L,,L,,L,,L
CPMI_INSTITUTIONS:A:CH:B4:V:F,"A","Annual","CH","Switzerland","B4","Bank type 4","V","Value","F","Accounts, all","A","All users","E","End of period","3","373","Pure Number","6","Millions","Liabilities due to customers on sight in all currencies.  ","3","",12148.670,A,12978.236,A,13483.614,A,22639.069,A,49364.162,A,55369.146,A,60057.257,A
CPMI_INSTITUTIONS:A:CH:B5:N:A,"A","Annual","CH","Switzerland","B5","Bank type 5","N","Number","A","Institutions","A","All users","E","End of period","0","373","Pure Number","0","Units","The subcategories of banks are defined by the SNB and are based on a number of different characteristics such as business focus, geographic scope of activities and legal status of banks rather than their importance in the Swiss payment industry. Other bank categories comprises stock exchange banks, private bankers, foreign-controlled banks and other banking institutions.  For further information on these SNB bank categories, see https://data.snb.ch/en/topics/banken#!/doc/explanations_banken#banks_cat.  ","3","",176,A,165,A,158,A,150,A,144,A,139.0,A,136.0,A
CPMI_INSTITUTIONS:A:CH:B5:N:C,"A","Annual","CH","Switzerland","B5","Bank type 5","N","Number","C","Branches or offices","A","All users","E","End of period","0","373","Pure Number","0","Units","","3","",588,A,614,A,604,A,578,A,560,A,546.0,A,532.0,A
CPMI_INSTITUTIONS:A:CH:B5:N:F,"A","Annual","CH","Switzerland","B5","Bank type 5","N","Number","F","Accounts, all","A","All users","E","End of period","0","373","Pure Number","0","Units","","3","",,L,,L,,L,,L,,L,,L,,L
CPMI_INSTITUTIONS:A:CH:B5:V:F,"A","Annual","CH","Switzerland","B5","Bank type 5","V","Value","F","Accounts, all","A","All users","E","End of period","3","373","Pure Number","6","Millions","Liabilities due to customers on sight in all currencies.  ","3","",281433.00,A,352272.12,A,378776.83,A,362670.17,A,354461.16,A,332996.285,A,314970.624,A
CPMI_INSTITUTIONS:A:CH:BA:N:A,"A","Annual","CH","Switzerland","BA","Banks, all","N","Number","A","Institutions","A","All users","E","End of period","0","373","Pure Number","0","Units","","3","",297,A,283,A,275,A,266,A,261,A,253.0,A,248.0,A
CPMI_INSTITUTIONS:A:CH:BA:N:C,"A","Annual","CH","Switzerland","BA","Banks, all","N","Number","C","Branches or offices","A","All users","E","End of period","0","373","Pure Number","0","Units","","3","",2587,A,2579,A,2548,A,2469,A,2383,A,2315.0,A,2256.0,A
CPMI_INSTITUTIONS:A:CH:BA:N:F,"A","Annual","CH","Switzerland","BA","Banks, all","N","Number","F","Accounts, all","A","All users","E","End of period","0","373","Pure Number","0","Units","","3","",,L,,L,,L,,L,,L,,L,,L
CPMI_INSTITUTIONS:A:CH:BA:N:I,"A","Annual","CH","Switzerland","BA","Banks, all","N","Number","I","Accounts, Internet-linked","A","All users","E","End of period","0","373","Pure Number","0","Units","","3","",,L,,L,,L,,L,,L,,L,,L
CPMI_INSTITUTIONS:A:CH:BA:V:F,"A","Annual","CH","Switzerland","BA","Banks, all","V","Value","F","Accounts, all","A","All users","E","End of period","3","373","Pure Number","6","Millions","Liabilities due to customers on sight in all currencies ","3","",725752.515,A,827196.658,A,873813.821,A,856782.934,A,895287.099,A,890001.785,A,880620.635,A
CPMI_INSTITUTIONS:A:CH:CB:N:A,"A","Annual","CH","Switzerland","CB","Central banks","N","Number","A","Institutions","A","All users","E","End of period","0","373","Pure Number","0","Units","","3","",1,A,1,A,1,A,1,A,1,A,1.0,A,1.0,A
CPMI_INSTITUTIONS:A:CH:CB:N:C,"A","Annual","CH","Switzerland","CB","Central banks","N","Number","C","Branches or offices","A","All users","E","End of period","0","373","Pure Number","0","Units","The Swiss National Bank (SNB) has two head offices (Berne and Zurich) and six representative offices (Basel, Geneva, Lausanne, Lucerne, Lugano and St Gallen). ","3","",8,A,8,A,8,A,8,A,8,A,8.0,A,8.0,A
CPMI_INSTITUTIONS:A:CH:CB:N:F,"A","Annual","CH","Switzerland","CB","Central banks","N","Number","F","Accounts, all","A","All users","E","End of period","0","373","Pure Number","0","Units","Number of sight deposits of banks and non-banks held at the SNB. ","3","",490,A,468,A,462,A,449,A,428,A,422.0,A,409.0,A
CPMI_INSTITUTIONS:A:CH:CB:V:F,"A","Annual","CH","Switzerland","CB","Central banks","V","Value","F","Accounts, all","A","All users","E","End of period","3","373","Pure Number","6","Millions","","3","",368437.353,A,362536.456,A,386269.824,A,467707.270,A,528714.645,A,572317.171,A,573432.794,A
CPMI_INSTITUTIONS:A:CH:EA:N:A,"A","Annual","CH","Switzerland","EA","E-money issuers, all","N","Number","A","Institutions","A","All users","E","End of period","0","373","Pure Number","0","Units","","3","",,L,,L,8,A,8,A,8,A,8,A,8,A
CPMI_INSTITUTIONS:A:CH:EA:V:F,"A","Annual","CH","Switzerland","EA","E-money issuers, all","V","Value","F","Accounts, all","A","All users","E","End of period","3","373","Pure Number","6","Millions","","3","",,L,,L,556.893,A,544.088,A,509.004,A,700.9,A,724.4,A
CPMI_INSTITUTIONS:A:CH:EN:N:A,"A","Annual","CH","Switzerland","EN","E-money issuers - Non-banks","N","Number","A","Institutions","A","All users","E","End of period","0","373","Pure Number","0","Units","","3","",,L,,L,4,A,4,A,4,A,4.0,A,5.0,A
CPMI_INSTITUTIONS:A:CH:EN:V:F,"A","Annual","CH","Switzerland","EN","E-money issuers - Non-banks","V","Value","F","Accounts, all","A","All users","E","End of period","3","373","Pure Number","6","Millions","","3","",,L,,L,26.517,A,34.296,A,42.290,A,247.31,A,282.623,A
CPMI_INSTITUTIONS:A:CH:FB:N:A,"A","Annual","CH","Switzerland","FB","Foreign banks","N","Number","A","Institutions","A","All users","E","End of period","0","373","Pure Number","0","Units","","3","",28,A,27,A,27,A,26,A,26,A,23.0,A,23.0,A
CPMI_INSTITUTIONS:A:CH:FB:N:C,"A","Annual","CH","Switzerland","FB","Foreign banks","N","Number","C","Branches or offices","A","All users","E","End of period","0","373","Pure Number","0","Units","","3","",38,A,35,A,39,A,36,A,35,A,31.0,A,31.0,A
CPMI_INSTITUTIONS:A:CH:FB:N:F,"A","Annual","CH","Switzerland","FB","Foreign banks","N","Number","F","Accounts, all","A","All users","E","End of period","0","373","Pure Number","0","Units","","3","",,L,,L,,L,,L,,L,,L,,L
CPMI_INSTITUTIONS:A:CH:FB:V:F,"A","Annual","CH","Switzerland","FB","Foreign banks","V","Value","F","Accounts, all","A","All users","E","End of period","3","373","Pure Number","6","Millions","Liabilities due to customers on sight in all currencies. ","3","",7125.457,A,6541.259,A,7138.102,A,9211.283,A,9098.402,A,9723.0,A,8816.525,A
CPMI_INSTITUTIONS:A:CH:IA:N:A,"A","Annual","CH","Switzerland","IA","Institutions, all","N","Number","A","Institutions","A","All users","E","End of period","0","373","Pure Number","0","Units","","3","",298,A,284,A,285,A,276,A,271,A,263.0,A,258.0,A
CPMI_INSTITUTIONS:A:CH:N1:N:A,"A","Annual","CH","Switzerland","N1","Non-banks offering storage of value","N","Number","A","Institutions","A","All users","E","End of period","0","373","Pure Number","0","Units","","3","",,L,,L,4,A,4,A,4,A,4,A,5,A
CPMI_INSTITUTIONS:A:CH:N1:N:C,"A","Annual","CH","Switzerland","N1","Non-banks offering storage of value","N","Number","C","Branches or offices","A","All users","E","End of period","0","373","Pure Number","0","Units","","3","",,L,,L,,L,,L,,L,,L,,L
CPMI_INSTITUTIONS:A:CH:N1:N:F,"A","Annual","CH","Switzerland","N1","Non-banks offering storage of value","N","Number","F","Accounts, all","A","All users","E","End of period","0","373","Pure Number","0","Units","","3","",,L,,L,,L,,L,,L,,L,,L
CPMI_INSTITUTIONS:A:CH:N1:V:F,"A","Annual","CH","Switzerland","N1","Non-banks offering storage of value","V","Value","F","Accounts, all","A","All users","E","End of period","3","373","Pure Number","6","Millions","","3","",,L,,L,26.517,A,34.296,A,42.290,A,247.31,A,282.623,A
CPMI_INSTITUTIONS:A:CH:N2:N:A,"A","Annual","CH","Switzerland","N2","Non-banks relying on storage of value offered by others","N","Number","A","Institutions","A","All users","E","End of period","0","373","Pure Number","0","Units","","3","",,L,,L,5,A,5,A,5,A,5.0,A,4.0,A
CPMI_INSTITUTIONS:A:CH:NA:N:A,"A","Annual","CH","Switzerland","NA","Non-banks, all","N","Number","A","Institutions","A","All users","E","End of period","0","373","Pure Number","0","Units","","3","",,L,,L,9,A,9,A,9,A,9,A,9,A
CPMI_INSTITUTIONS:A:CN:B1:N:A,"A","Annual","CN","China","B1","Bank type 1","N","Number","A","Institutions","A","All users","E","End of period","0","373","Pure Number","0","Units","","3","",5,A,5,A,5,A,5,A,5,A,5,A,6,A
CPMI_INSTITUTIONS:A:CN:B1:N:C,"A","Annual","CN","China","B1","Bank type 1","N","Number","C","Branches or offices","A","All users","E","End of period","0","373","Pure Number","0","Units","","3","",,L,,L,,L,,L,,L,,L,,L
CPMI_INSTITUTIONS:A:CN:B1:N:F,"A","Annual","CN","China","B1","Bank type 1","N","Number","F","Accounts, all","A","All users","E","End of period","0","373","Pure Number","0","Units","","3","",3716372990,A,4205870752,A,4791888941,A,5340107100,A,5963741006,A,5384288490,A,5758346330,A
CPMI_INSTITUTIONS:A:CN:B1:V:F,"A","Annual","CN","China","B1","Bank type 1","V","Value","F","Accounts, all","A","All users","E","End of period","3","CNY","Renminbi","6","Millions","","3","",,L,,L,,L,,L,,L,,L,,L
CPMI_INSTITUTIONS:A:CN:B2:N:A,"A","Annual","CN","China","B2","Bank type 2","N","Number","A","Institutions","A","All users","E","End of period","0","373","Pure Number","0","Units","","3","",12,A,12,A,12,A,12,A,12,A,12,A,12,A
CPMI_INSTITUTIONS:A:CN:B2:N:C,"A","Annual","CN","China","B2","Bank type 2","N","Number","C","Branches or offices","A","All users","E","End of period","0","373","Pure Number","0","Units","","3","",,L,,L,,L,,L,,L,,L,,L
CPMI_INSTITUTIONS:A:CN:B2:N:F,"A","Annual","CN","China","B2","Bank type 2","N","Number","F","Accounts, all","A","All users","E","End of period","0","373","Pure Number","0","Units","","3","",404370191,A,486442592,A,564834900,A,675076192,A,810122538,A,960658393,A,1150477633,A
CPMI_INSTITUTIONS:A:CN:B2:V:F,"A","Annual","CN","China","B2","Bank type 2","V","Value","F","Accounts, all","A","All users","E","End of period","3","CNY","Renminbi","6","Millions","","3","",,L,,L,,L,,L,,L,,L,,L
CPMI_INSTITUTIONS:A:CN:B3:N:A,"A","Annual","CN","China","B3","Bank type 3","N","Number","A","Institutions","A","All users","E","End of period","0","373","Pure Number","0","Units","","3","",3730,A,3932,A,4074,A,4245,A,4382,A,4532,A,4570,A
CPMI_INSTITUTIONS:A:CN:B3:N:C,"A","Annual","CN","China","B3","Bank type 3","N","Number","C","Branches or offices","A","All users","E","End of period","0","373","Pure Number","0","Units","","3","",,L,,L,,L,,L,,L,,L,,L
CPMI_INSTITUTIONS:A:CN:B3:N:F,"A","Annual","CN","China","B3","Bank type 3","N","Number","F","Accounts, all","A","All users","E","End of period","0","373","Pure Number","0","Units","","3","",789069559,A,950470789,A,1155757063,A,1354473679,A,1578687208,A,2878403757,A,3220836484,A
CPMI_INSTITUTIONS:A:CN:B3:V:F,"A","Annual","CN","China","B3","Bank type 3","V","Value","F","Accounts, all","A","All users","E","End of period","3","CNY","Renminbi","6","Millions","","3","",,L,,L,,L,,L,,L,,L,,L
CPMI_INSTITUTIONS:A:CN:B4:N:A,"A","Annual","CN","China","B4","Bank type 4","N","Number","A","Institutions","A","All users","E","End of period","0","373","Pure Number","0","Units","","3","",,L,,L,,L,,L,,L,,L,,L
CPMI_INSTITUTIONS:A:CN:B4:N:C,"A","Annual","CN","China","B4","Bank type 4","N","Number","C","Branches or offices","A","All users","E","End of period","0","373","Pure Number","0","Units","","3","",,L,,L,,L,,L,,L,,L,,L
CPMI_INSTITUTIONS:A:CN:B4:N:F,"A","Annual","CN","China","B4","Bank type 4","N","Number","F","Accounts, all","A","All users","E","End of period","0","373","Pure Number","0","Units","","3","",,L,,L,,L,,L,,L,,L,,L
CPMI_INSTITUTIONS:A:CN:B4:V:F,"A","Annual","CN","China","B4","Bank type 4","V","Value","F","Accounts, all","A","All users","E","End of period","3","CNY","Renminbi","6","Millions","","3","",,L,,L,,L,,L,,L,,L,,L
CPMI_INSTITUTIONS:A:CN:B5:N:A,"A","Annual","CN","China","B5","Bank type 5","N","Number","A","Institutions","A","All users","E","End of period","0","373","Pure Number","0","Units","","3","",,L,,L,,L,,L,,L,,L,,L
CPMI_INSTITUTIONS:A:CN:B5:N:C,"A","Annual","CN","China","B5","Bank type 5","N","Number","C","Branches or offices","A","All users","E","End of period","0","373","Pure Number","0","Units","","3","",,L,,L,,L,,L,,L,,L,,L
CPMI_INSTITUTIONS:A:CN:B5:N:F,"A","Annual","CN","China","B5","Bank type 5","N","Number","F","Accounts, all","A","All users","E","End of period","0","373","Pure Number","0","Units","","3","",,L,,L,,L,,L,,L,,L,,L
CPMI_INSTITUTIONS:A:CN:B5:V:F,"A","Annual","CN","China","B5","Bank type 5","V","Value","F","Accounts, all","A","All users","E","End of period","3","CNY","Renminbi","6","Millions","","3","",,L,,L,,L,,L,,L,,L,,L
CPMI_INSTITUTIONS:A:CN:BA:N:A,"A","Annual","CN","China","BA","Banks, all","N","Number","A","Institutions","A","All users","E","End of period","0","373","Pure Number","0","Units","","3","",3747,A,3949,A,4091,A,4262,A,4399,A,4549,A,4588,A
CPMI_INSTITUTIONS:A:CN:BA:N:C,"A","Annual","CN","China","BA","Banks, all","N","Number","C","Branches or offices","A","All users","E","End of period","0","373","Pure Number","0","Units","","3","",,L,,L,,L,,L,,L,,L,,L
CPMI_INSTITUTIONS:A:CN:BA:N:F,"A","Annual","CN","China","BA","Banks, all","N","Number","F","Accounts, all","A","All users","E","End of period","0","373","Pure Number","0","Units","","3","",4909812740,A,5642784133,A,6512480904,A,7369656971,A,8352550752,A,9223350640,A,10129660447,A
CPMI_INSTITUTIONS:A:CN:BA:N:I,"A","Annual","CN","China","BA","Banks, all","N","Number","I","Accounts, Internet-linked","A","All users","E","End of period","0","373","Pure Number","0","Units","","3","",,L,,L,,L,,L,,L,,L,,L
CPMI_INSTITUTIONS:A:CN:BA:V:F,"A","Annual","CN","China","BA","Banks, all","V","Value","F","Accounts, all","A","All users","E","End of period","3","CNY","Renminbi","6","Millions","","3","",,L,,L,,L,,L,,L,,L,,L
CPMI_INSTITUTIONS:A:CN:CB:N:A,"A","Annual","CN","China","CB","Central banks","N","Number","A","Institutions","A","All users","E","End of period","0","373","Pure Number","0","Units","","3","",1,A,1,A,1,A,1,A,1,A,1,A,1,A
CPMI_INSTITUTIONS:A:CN:CB:N:C,"A","Annual","CN","China","CB","Central banks","N","Number","C","Branches or offices","A","All users","E","End of period","0","373","Pure Number","0","Units","","3","",2112,A,2112,A,2113,A,2099,A,2103,A,2103,A,2102,A
CPMI_INSTITUTIONS:A:CN:CB:N:F,"A","Annual","CN","China","CB","Central banks","N","Number","F","Accounts, all","A","All users","E","End of period","0","373","Pure Number","0","Units","","3","",,L,,L,,L,,L,,L,,L,,L
CPMI_INSTITUTIONS:A:CN:CB:V:F,"A","Annual","CN","China","CB","Central banks","V","Value","F","Accounts, all","A","All users","E","End of period","3","CNY","Renminbi","6","Millions","","3","",,L,,L,,L,,L,,L,,L,,L
CPMI_INSTITUTIONS:A:CN:EA:N:A,"A","Annual","CN","China","EA","E-money issuers, all","N","Number","A","Institutions","A","All users","E","End of period","0","373","Pure Number","0","Units","","3","",,L,,L,,L,,L,,L,,L,,L
CPMI_INSTITUTIONS:A:CN:EA:V:F,"A","Annual","CN","China","EA","E-money issuers, all","V","Value","F","Accounts, all","A","All users","E","End of period","3","CNY","Renminbi","6","Millions","","3","",,L,,L,,L,,L,,L,,L,,L
CPMI_INSTITUTIONS:A:CN:EN:N:A,"A","Annual","CN","China","EN","E-money issuers - Non-banks","N","Number","A","Institutions","A","All users","E","End of period","0","373","Pure Number","0","Units","","3","",,L,,L,,L,,L,,L,,L,,L
CPMI_INSTITUTIONS:A:CN:EN:V:F,"A","Annual","CN","China","EN","E-money issuers - Non-banks","V","Value","F","Accounts, all","A","All users","E","End of period","3","CNY","Renminbi","6","Millions","","3","",,L,,L,,L,,L,,L,,L,,L
CPMI_INSTITUTIONS:A:CN:FB:N:A,"A","Annual","CN","China","FB","Foreign banks","N","Number","A","Institutions","A","All users","E","End of period","0","373","Pure Number","0","Units","","3","",,L,,L,,L,,L,,L,,L,,L
CPMI_INSTITUTIONS:A:CN:FB:N:C,"A","Annual","CN","China","FB","Foreign banks","N","Number","C","Branches or offices","A","All users","E","End of period","0","373","Pure Number","0","Units","","3","",,L,,L,,L,,L,,L,,L,,L
CPMI_INSTITUTIONS:A:CN:FB:N:F,"A","Annual","CN","China","FB","Foreign banks","N","Number","F","Accounts, all","A","All users","E","End of period","0","373","Pure Number","0","Units","","3","",,L,,L,,L,,L,,L,,L,,L
CPMI_INSTITUTIONS:A:CN:FB:V:F,"A","Annual","CN","China","FB","Foreign banks","V","Value","F","Accounts, all","A","All users","E","End of period","3","CNY","Renminbi","6","Millions","","3","",,L,,L,,L,,L,,L,,L,,L
CPMI_INSTITUTIONS:A:CN:IA:N:A,"A","Annual","CN","China","IA","Institutions, all","N","Number","A","Institutions","A","All users","E","End of period","0","373","Pure Number","0","Units","","3","",3748,A,3950,A,4092,A,4263,A,4400,A,4797,A,4827,A
CPMI_INSTITUTIONS:A:CN:N1:N:A,"A","Annual","CN","China","N1","Non-banks offering storage of value","N","Number","A","Institutions","A","All users","E","End of period","0","373","Pure Number","0","Units","","3","",,L,,L,,L,,L,,L,,L,,L
CPMI_INSTITUTIONS:A:CN:N1:N:C,"A","Annual","CN","China","N1","Non-banks offering storage of value","N","Number","C","Branches or offices","A","All users","E","End of period","0","373","Pure Number","0","Units","","3","",,L,,L,,L,,L,,L,,L,,L
CPMI_INSTITUTIONS:A:CN:N1:N:F,"A","Annual","CN","China","N1","Non-banks offering storage of value","N","Number","F","Accounts, all","A","All users","E","End of period","0","373","Pure Number","0","Units","","3","",,L,,L,,L,,L,,L,,L,,L
CPMI_INSTITUTIONS:A:CN:N1:V:F,"A","Annual","CN","China","N1","Non-banks offering storage of value","V","Value","F","Accounts, all","A","All users","E","End of period","3","CNY","Renminbi","6","Millions","","3","",,L,,L,,L,,L,,L,,L,,L
CPMI_INSTITUTIONS:A:CN:N2:N:A,"A","Annual","CN","China","N2","Non-banks relying on storage of value offered by others","N","Number","A","Institutions","A","All users","E","End of period","0","373","Pure Number","0","Units","","3","",,L,,L,,L,,L,,L,,L,,L
CPMI_INSTITUTIONS:A:CN:NA:N:A,"A","Annual","CN","China","NA","Non-banks, all","N","Number","A","Institutions","A","All users","E","End of period","0","373","Pure Number","0","Units","","3","",,L,,L,,L,,L,,L,247,A,238,A
CPMI_INSTITUTIONS:A:DE:B1:N:A,"A","Annual","DE","Germany","B1","Bank type 1","N","Number","A","Institutions","A","All users","E","End of period","0","373","Pure Number","0","Units","","3","",1758,A,1734,A,1698,A,1666,A,1600,A,1533,A,1473,A
CPMI_INSTITUTIONS:A:DE:B1:N:C,"A","Annual","DE","Germany","B1","Bank type 1","N","Number","C","Branches or offices","A","All users","E","End of period","0","373","Pure Number","0","Units","Includes those post office branches of Deutsche Postbank AG which are entrusted with the semi-cashless payment systems on behalf of the Postbank AG.","3","",37892,A,37776,A,36831,A,33856,A,31818,A,29912,A,27730,P
CPMI_INSTITUTIONS:A:DE:B1:N:F,"A","Annual","DE","Germany","B1","Bank type 1","N","Number","F","Accounts, all","A","All users","E","End of period","0","373","Pure Number","0","Units","Up to 2014, includes only accounts for transferable deposits and not accounts for card-based e-money.","3","",,L,,L,97638873,A,98404232,A,100699167,A,100586513,A,101476160,A
CPMI_INSTITUTIONS:A:DE:B1:V:F,"A","Annual","DE","Germany","B1","Bank type 1","V","Value","F","Accounts, all","A","All users","E","End of period","3","EUR","Euro","6","Millions","Includes transferable and non-transferable deposits as well as deposits for card-based e-money.","3","",1353070.0,A,1454920.0,A,1545993.0,A,1680916.0,A,1799675.0,A,1944852.0,A,2080087.0,A
CPMI_INSTITUTIONS:A:DE:B2:N:A,"A","Annual","DE","Germany","B2","Bank type 2","N","Number","A","Institutions","A","All users","E","End of period","0","373","Pure Number","0","Units","","3","",,L,,L,,L,,L,,L,,L,,L
CPMI_INSTITUTIONS:A:DE:B2:N:C,"A","Annual","DE","Germany","B2","Bank type 2","N","Number","C","Branches or offices","A","All users","E","End of period","0","373","Pure Number","0","Units","","3","",,L,,L,,L,,L,,L,,L,,L
CPMI_INSTITUTIONS:A:DE:B2:N:F,"A","Annual","DE","Germany","B2","Bank type 2","N","Number","F","Accounts, all","A","All users","E","End of period","0","373","Pure Number","0","Units","","3","",,L,,L,,L,,L,,L,,L,,L
CPMI_INSTITUTIONS:A:DE:B2:V:F,"A","Annual","DE","Germany","B2","Bank type 2","V","Value","F","Accounts, all","A","All users","E","End of period","3","EUR","Euro","6","Millions","","3","",,L,,L,,L,,L,,L,,L,,L
CPMI_INSTITUTIONS:A:DE:B3:N:A,"A","Annual","DE","Germany","B3","Bank type 3","N","Number","A","Institutions","A","All users","E","End of period","0","373","Pure Number","0","Units","","3","",,L,,L,,L,,L,,L,,L,,L
CPMI_INSTITUTIONS:A:DE:B3:N:C,"A","Annual","DE","Germany","B3","Bank type 3","N","Number","C","Branches or offices","A","All users","E","End of period","0","373","Pure Number","0","Units","","3","",,L,,L,,L,,L,,L,,L,,L
CPMI_INSTITUTIONS:A:DE:B3:N:F,"A","Annual","DE","Germany","B3","Bank type 3","N","Number","F","Accounts, all","A","All users","E","End of period","0","373","Pure Number","0","Units","","3","",,L,,L,,L,,L,,L,,L,,L
CPMI_INSTITUTIONS:A:DE:B3:V:F,"A","Annual","DE","Germany","B3","Bank type 3","V","Value","F","Accounts, all","A","All users","E","End of period","3","EUR","Euro","6","Millions","","3","",,L,,L,,L,,L,,L,,L,,L
CPMI_INSTITUTIONS:A:DE:B4:N:A,"A","Annual","DE","Germany","B4","Bank type 4","N","Number","A","Institutions","A","All users","E","End of period","0","373","Pure Number","0","Units","","3","",,L,,L,,L,,L,,L,,L,,L
CPMI_INSTITUTIONS:A:DE:B4:N:C,"A","Annual","DE","Germany","B4","Bank type 4","N","Number","C","Branches or offices","A","All users","E","End of period","0","373","Pure Number","0","Units","","3","",,L,,L,,L,,L,,L,,L,,L
CPMI_INSTITUTIONS:A:DE:B4:N:F,"A","Annual","DE","Germany","B4","Bank type 4","N","Number","F","Accounts, all","A","All users","E","End of period","0","373","Pure Number","0","Units","","3","",,L,,L,,L,,L,,L,,L,,L
CPMI_INSTITUTIONS:A:DE:B4:V:F,"A","Annual","DE","Germany","B4","Bank type 4","V","Value","F","Accounts, all","A","All users","E","End of period","3","EUR","Euro","6","Millions","","3","",,L,,L,,L,,L,,L,,L,,L
CPMI_INSTITUTIONS:A:DE:B5:N:A,"A","Annual","DE","Germany","B5","Bank type 5","N","Number","A","Institutions","A","All users","E","End of period","0","373","Pure Number","0","Units","","3","",,L,,L,,L,,L,,L,,L,,L
CPMI_INSTITUTIONS:A:DE:B5:N:C,"A","Annual","DE","Germany","B5","Bank type 5","N","Number","C","Branches or offices","A","All users","E","End of period","0","373","Pure Number","0","Units","","3","",,L,,L,,L,,L,,L,,L,,L
CPMI_INSTITUTIONS:A:DE:B5:N:F,"A","Annual","DE","Germany","B5","Bank type 5","N","Number","F","Accounts, all","A","All users","E","End of period","0","373","Pure Number","0","Units","","3","",,L,,L,,L,,L,,L,,L,,L
CPMI_INSTITUTIONS:A:DE:B5:V:F,"A","Annual","DE","Germany","B5","Bank type 5","V","Value","F","Accounts, all","A","All users","E","End of period","3","EUR","Euro","6","Millions","","3","",,L,,L,,L,,L,,L,,L,,L
CPMI_INSTITUTIONS:A:DE:BA:N:A,"A","Annual","DE","Germany","BA","Banks, all","N","Number","A","Institutions","A","All users","E","End of period","0","373","Pure Number","0","Units","","3","",1867,A,1842,A,1808,A,1774,A,1702,A,1632,A,1584,A
CPMI_INSTITUTIONS:A:DE:BA:N:C,"A","Annual","DE","Germany","BA","Banks, all","N","Number","C","Branches or offices","A","All users","E","End of period","0","373","Pure Number","0","Units","Includes those post office branches of Deutsche Postbank AG which areentrusted with the semi-cashless payment systems on behalf of the Postbank AG.","3","",38132,A,38021,A,37090,A,34115,A,32069,A,30172,A,27993,P
CPMI_INSTITUTIONS:A:DE:BA:N:F,"A","Annual","DE","Germany","BA","Banks, all","N","Number","F","Accounts, all","A","All users","E","End of period","0","373","Pure Number","0","Units","Up to 2014, includes only accounts for transferable deposits and not accounts for card-based e-money.","3","",96835101,A,98488379,A,100190695,A,102079571,A,104568498,A,104675592,A,105646273,A
CPMI_INSTITUTIONS:A:DE:BA:N:I,"A","Annual","DE","Germany","BA","Banks, all","N","Number","I","Accounts, Internet-linked","A","All users","E","End of period","0","373","Pure Number","0","Units","Up to 2014, includes only accounts for transferable deposits and not accounts for card-based e-money.","3","",,,,,78617920,A,81474474,A,85970869,A,89336591,A,91693228,A
CPMI_INSTITUTIONS:A:DE:BA:V:F,"A","Annual","DE","Germany","BA","Banks, all","V","Value","F","Accounts, all","A","All users","E","End of period","3","EUR","Euro","6","Millions","Includes transferable and non-transferable deposits as well as deposits for card-based e-money.","3","",1413588.0,A,1527850.0,A,1630568.0,A,1776083.0,A,1898127.0,A,2050520.0,A,2190478.0,A
CPMI_INSTITUTIONS:A:DE:CB:N:A,"A","Annual","DE","Germany","CB","Central banks","N","Number","A","Institutions","A","All users","E","End of period","0","373","Pure Number","0","Units","","3","",1,A,1,A,1,A,1,A,1,A,1,A,1,A
CPMI_INSTITUTIONS:A:DE:CB:N:C,"A","Annual","DE","Germany","CB","Central banks","N","Number","C","Branches or offices","A","All users","E","End of period","0","373","Pure Number","0","Units","","3","",41,A,41,A,41,A,35,A,35,A,35,A,35,A
CPMI_INSTITUTIONS:A:DE:CB:N:F,"A","Annual","DE","Germany","CB","Central banks","N","Number","F","Accounts, all","A","All users","E","End of period","0","373","Pure Number","0","Units","","3","",,,,,23273,A,23042,A,22995,A,22901,A,22940,A
CPMI_INSTITUTIONS:A:DE:CB:V:F,"A","Annual","DE","Germany","CB","Central banks","V","Value","F","Accounts, all","A","All users","E","End of period","3","EUR","Euro","6","Millions","","3","",40441.000,A,10802.000,A,10096.000,A,74356.000,A,118635.000,A,135379.000,A,154421.000,A
CPMI_INSTITUTIONS:A:DE:EA:N:A,"A","Annual","DE","Germany","EA","E-money issuers, all","N","Number","A","Institutions","A","All users","E","End of period","0","373","Pure Number","0","Units","","3","",1871,A,1847,A,1813,A,1782,A,1710,A,1640,A,1590,A
CPMI_INSTITUTIONS:A:DE:EA:V:F,"A","Annual","DE","Germany","EA","E-money issuers, all","V","Value","F","Accounts, all","A","All users","E","End of period","3","EUR","Euro","6","Millions","","3","",,,,,96.219,A,94.800,A,95.518,A,93.691,A,82.872,A
CPMI_INSTITUTIONS:A:DE:EN:N:A,"A","Annual","DE","Germany","EN","E-money issuers - Non-banks","N","Number","A","Institutions","A","All users","E","End of period","0","373","Pure Number","0","Units","","3","",3,A,4,A,4,A,7,A,7,A,7,A,5,A
CPMI_INSTITUTIONS:A:DE:EN:V:F,"A","Annual","DE","Germany","EN","E-money issuers - Non-banks","V","Value","F","Accounts, all","A","All users","E","End of period","3","EUR","Euro","6","Millions","Until reference period 2010 by approximation: liabilities to non-MFIs which mature daily.","3","",,L,,L,,M,,M,,M,,M,,M
CPMI_INSTITUTIONS:A:DE:FB:N:A,"A","Annual","DE","Germany","FB","Foreign banks","N","Number","A","Institutions","A","All users","E","End of period","0","373","Pure Number","0","Units","","3","",109,A,108,A,110,A,108,A,102,A,106,A,111,A
CPMI_INSTITUTIONS:A:DE:FB:N:C,"A","Annual","DE","Germany","FB","Foreign banks","N","Number","C","Branches or offices","A","All users","E","End of period","0","373","Pure Number","0","Units","","3","",240,A,245,A,259,A,259,A,251,A,260,A,263,A
CPMI_INSTITUTIONS:A:DE:FB:N:F,"A","Annual","DE","Germany","FB","Foreign banks","N","Number","F","Accounts, all","A","All users","E","End of period","0","373","Pure Number","0","Units","Up to 2014, includes only accounts for transferable deposits and not accounts for card-based e-money.","3","",,L,,L,2551822,A,3675339,A,3869331,A,4089079,A,4170113,A
CPMI_INSTITUTIONS:A:DE:FB:V:F,"A","Annual","DE","Germany","FB","Foreign banks","V","Value","F","Accounts, all","A","All users","E","End of period","3","EUR","Euro","6","Millions","Includes transferable and non-transferable deposits as well as deposits for card-based e-money.","3","",60793.000,A,73213.000,A,84575.000,A,95167.000,A,98452.000,A,105668.000,A,110391.000,A
CPMI_INSTITUTIONS:A:DE:IA:N:A,"A","Annual","DE","Germany","IA","Institutions, all","N","Number","A","Institutions","A","All users","E","End of period","0","373","Pure Number","0","Units","Includes electronic money institutions.","3","",1918,A,1893,A,1857,A,1828,A,1756,A,1691,A,1646,A
CPMI_INSTITUTIONS:A:DE:N1:N:A,"A","Annual","DE","Germany","N1","Non-banks offering storage of value","N","Number","A","Institutions","A","All users","E","End of period","0","373","Pure Number","0","Units","","3","",3,A,4,A,4,A,7,A,7,A,7,A,5,A
CPMI_INSTITUTIONS:A:DE:N1:N:C,"A","Annual","DE","Germany","N1","Non-banks offering storage of value","N","Number","C","Branches or offices","A","All users","E","End of period","0","373","Pure Number","0","Units","","3","",,L,,L,,L,,L,106,A,100,A,100,A
CPMI_INSTITUTIONS:A:DE:N1:N:F,"A","Annual","DE","Germany","N1","Non-banks offering storage of value","N","Number","F","Accounts, all","A","All users","E","End of period","0","373","Pure Number","0","Units","","3","",,L,,L,,M,1025076,A,1215044,A,1362403,A,1548203,A
CPMI_INSTITUTIONS:A:DE:N1:V:F,"A","Annual","DE","Germany","N1","Non-banks offering storage of value","V","Value","F","Accounts, all","A","All users","E","End of period","3","EUR","Euro","6","Millions","Until reference period 2010 by approximation: liabilities to non-MFIs which mature daily.","3","",,L,,L,,M,,M,,M,,M,,M
CPMI_INSTITUTIONS:A:DE:N2:N:A,"A","Annual","DE","Germany","N2","Non-banks relying on storage of value offered by others","N","Number","A","Institutions","A","All users","E","End of period","0","373","Pure Number","0","Units","From reference period 2012 the number of payment institutions providing services through an established branch is added to the number of payment institutions resident in the country. The recent list of payment institutions resident in the country is published on the website of the German Federal Financial Supervisory Authority (BaFin): https://portal.mvp.bafin.de/database/ZahlInstInfo/","3","",47,A,46,A,44,A,46,A,46,A,51,A,56,A
CPMI_INSTITUTIONS:A:DE:NA:N:A,"A","Annual","DE","Germany","NA","Non-banks, all","N","Number","A","Institutions","A","All users","E","End of period","0","373","Pure Number","0","Units","From reference period 2012 the number of payment institutions providing services through an established branch is added to the number of payment institutions resident in the country. The recent list of payment institutions resident in the country is published on the website of the German Federal Financial Supervisory Authority (BaFin): http://www.bafin.de/DE/DatenDokumente/Datenbanken/ZahlungsinstituteRegister/register_zahlungsinstitute_node.html.","3","",50,A,50,A,48,A,53,A,53,A,58,A,61,A
CPMI_INSTITUTIONS:A:ES:B1:N:A,"A","Annual","ES","Spain","B1","Bank type 1","N","Number","A","Institutions","A","All users","E","End of period","0","373","Pure Number","0","Units","Data refers to commercial banks, savings banks and credit cooperatives.","3","",230,A,204,A,144,A,134,A,125,A,122,A,116,P
CPMI_INSTITUTIONS:A:ES:B1:N:C,"A","Annual","ES","Spain","B1","Bank type 1","N","Number","C","Branches or offices","A","All users","E","End of period","0","373","Pure Number","0","Units","","3","",37904,A,33482,A,31755,A,30855,A,28584,A,27266,A,26166,P
CPMI_INSTITUTIONS:A:ES:B1:N:F,"A","Annual","ES","Spain","B1","Bank type 1","N","Number","F","Accounts, all","A","All users","E","End of period","0","373","Pure Number","0","Units","Data refers to payment accounts for credit institutions legally incorporated in the reporting countries and branches of foreign banks.Figures from 2010 to November 2014 have been estimated on the basis of info collected under Reg. ECB/2008/32. Figures onwards have been estimated on the basis of info collected under Reg. ECB/2013/33.","3","",65398032,A,67303842,A,64523785,A,62431693,A,61365844,A,60921656,A,61140826,P
CPMI_INSTITUTIONS:A:ES:B1:V:F,"A","Annual","ES","Spain","B1","Bank type 1","V","Value","F","Accounts, all","A","All users","E","End of period","3","EUR","Euro","6","Millions","","3","",488259,A,511095,A,582352,A,685951,A,778855,A,885709,A,968495,P
CPMI_INSTITUTIONS:A:ES:BA:N:A,"A","Annual","ES","Spain","BA","Banks, all","N","Number","A","Institutions","A","All users","E","End of period","0","373","Pure Number","0","Units","","3","",314,A,290,A,226,A,218,A,207,A,206,A,200,P
CPMI_INSTITUTIONS:A:ES:BA:N:C,"A","Annual","ES","Spain","BA","Banks, all","N","Number","C","Branches or offices","A","All users","E","End of period","0","373","Pure Number","0","Units","","3","",38142,A,33713,A,31999,A,31087,A,28807,A,27483,A,26374,P
CPMI_INSTITUTIONS:A:ES:BA:N:F,"A","Annual","ES","Spain","BA","Banks, all","N","Number","F","Accounts, all","A","All users","E","End of period","0","373","Pure Number","0","Units","","3","",65398032,A,67303842,A,64523785,A,62431693,A,61365844,A,60921656,A,61140826,P
CPMI_INSTITUTIONS:A:ES:BA:N:I,"A","Annual","ES","Spain","BA","Banks, all","N","Number","I","Accounts, Internet-linked","A","All users","E","End of period","0","373","Pure Number","0","Units","Figures from 2010 to November 2014 have been estimated on the basis of information collected under Regulation ECB/2008/32.Figures from December 2014 have been estimated on the basis of information collected under Regulation ECB/2013/33.","3","",29876311,A,34844908,A,36266807,A,36576496,A,36748763,A,46404310,A,51133372,P
CPMI_INSTITUTIONS:A:ES:BA:V:F,"A","Annual","ES","Spain","BA","Banks, all","V","Value","F","Accounts, all","A","All users","E","End of period","3","EUR","Euro","6","Millions","","3","",515391,A,541443,A,617671,A,724269,A,821610,A,932392,A,1019190,P
CPMI_INSTITUTIONS:A:ES:CB:N:A,"A","Annual","ES","Spain","CB","Central banks","N","Number","A","Institutions","A","All users","E","End of period","0","373","Pure Number","0","Units","","3","",1,A,1,A,1,A,1,A,1,A,1,A,1,P
CPMI_INSTITUTIONS:A:ES:CB:N:C,"A","Annual","ES","Spain","CB","Central banks","N","Number","C","Branches or offices","A","All users","E","End of period","0","373","Pure Number","0","Units","","3","",16,A,16,A,16,A,16,A,16,A,16,A,16,P
CPMI_INSTITUTIONS:A:ES:CB:N:F,"A","Annual","ES","Spain","CB","Central banks","N","Number","F","Accounts, all","A","All users","E","End of period","0","373","Pure Number","0","Units","","3","",2360,A,2010,A,2045,A,1995,A,1774,A,1883,A,1826,P
CPMI_INSTITUTIONS:A:ES:CB:V:F,"A","Annual","ES","Spain","CB","Central banks","V","Value","F","Accounts, all","A","All users","E","End of period","3","EUR","Euro","6","Millions","","3","",6370,A,491,A,37,A,104,A,19002,A,24498,A,21326,P
CPMI_INSTITUTIONS:A:ES:EA:N:A,"A","Annual","ES","Spain","EA","E-money issuers, all","N","Number","A","Institutions","A","All users","E","End of period","0","373","Pure Number","0","Units","","3","",,L,,L,,L,,L,,L,,L,,L
CPMI_INSTITUTIONS:A:ES:EA:V:F,"A","Annual","ES","Spain","EA","E-money issuers, all","V","Value","F","Accounts, all","A","All users","E","End of period","3","EUR","Euro","6","Millions","","3","",,L,,L,,L,,L,,L,,L,,L
CPMI_INSTITUTIONS:A:ES:EN:N:A,"A","Annual","ES","Spain","EN","E-money issuers - Non-banks","N","Number","A","Institutions","A","All users","E","End of period","0","373","Pure Number","0","Units","","3","",,L,,L,,L,,L,,L,,L,,L
CPMI_INSTITUTIONS:A:ES:EN:V:F,"A","Annual","ES","Spain","EN","E-money issuers - Non-banks","V","Value","F","Accounts, all","A","All users","E","End of period","3","EUR","Euro","6","Millions","","3","",,L,,L,,L,,L,,L,,L,,L
CPMI_INSTITUTIONS:A:ES:FB:N:A,"A","Annual","ES","Spain","FB","Foreign banks","N","Number","A","Institutions","A","All users","E","End of period","0","373","Pure Number","0","Units","Data refers to offices reported by other payment services as defined in the ECB payments statistics regulation ECB/2013/43.","3","",84,A,86,A,82,A,84,A,82,A,84,A,84,P
CPMI_INSTITUTIONS:A:ES:FB:N:C,"A","Annual","ES","Spain","FB","Foreign banks","N","Number","C","Branches or offices","A","All users","E","End of period","0","373","Pure Number","0","Units","","3","",238,A,231,A,244,A,232,A,223,A,217,A,208,P
CPMI_INSTITUTIONS:A:ES:FB:N:F,"A","Annual","ES","Spain","FB","Foreign banks","N","Number","F","Accounts, all","A","All users","E","End of period","0","373","Pure Number","0","Units","","3","",,L,,L,,L,,L,,L,,L,,L
CPMI_INSTITUTIONS:A:ES:FB:V:F,"A","Annual","ES","Spain","FB","Foreign banks","V","Value","F","Accounts, all","A","All users","E","End of period","3","EUR","Euro","6","Millions","","3","",27132,A,30348,A,35319,A,38318,A,42755,A,46683,A,50695,P
CPMI_INSTITUTIONS:A:ES:IA:N:A,"A","Annual","ES","Spain","IA","Institutions, all","N","Number","A","Institutions","A","All users","E","End of period","0","373","Pure Number","0","Units","","3","",363,A,342,A,281,A,270,A,255,A,261,A,258,P
CPMI_INSTITUTIONS:A:ES:N1:N:A,"A","Annual","ES","Spain","N1","Non-banks offering storage of value","N","Number","A","Institutions","A","All users","E","End of period","0","373","Pure Number","0","Units","","3","",48,A,51,A,54,A,51,A,47,A,54,A,57,P
CPMI_INSTITUTIONS:A:ES:N1:N:C,"A","Annual","ES","Spain","N1","Non-banks offering storage of value","N","Number","C","Branches or offices","A","All users","E","End of period","0","373","Pure Number","0","Units","","3","",,L,,L,,L,,L,,L,,L,,L
CPMI_INSTITUTIONS:A:ES:N1:N:F,"A","Annual","ES","Spain","N1","Non-banks offering storage of value","N","Number","F","Accounts, all","A","All users","E","End of period","0","373","Pure Number","0","Units","","3","",,L,,L,9716,A,12545,A,12619,A,11056,A,11510,P
CPMI_INSTITUTIONS:A:ES:N1:V:F,"A","Annual","ES","Spain","N1","Non-banks offering storage of value","V","Value","F","Accounts, all","A","All users","E","End of period","3","EUR","Euro","6","Millions","","3","",,L,,L,,L,,L,,L,,L,,L
CPMI_INSTITUTIONS:A:ES:N2:N:A,"A","Annual","ES","Spain","N2","Non-banks relying on storage of value offered by others","N","Number","A","Institutions","A","All users","E","End of period","0","373","Pure Number","0","Units","","3","",,L,,L,,L,,L,,L,,L,,L
CPMI_INSTITUTIONS:A:ES:NA:N:A,"A","Annual","ES","Spain","NA","Non-banks, all","N","Number","A","Institutions","A","All users","E","End of period","0","373","Pure Number","0","Units","","3","",48,A,51,A,54,A,51,A,47,A,54,A,57,P
CPMI_INSTITUTIONS:A:FR:B1:N:A,"A","Annual","FR","France","B1","Bank type 1","N","Number","A","Institutions","A","All users","E","End of period","3","373","Pure Number","0","Units","","3","",596,A,579,A,413,A,416,A,354,A,403,A,378.000,A
CPMI_INSTITUTIONS:A:FR:B1:N:C,"A","Annual","FR","France","B1","Bank type 1","N","Number","C","Branches or offices","A","All users","E","End of period","0","EUR","Euro","0","Units","","3","",37930,A,37767,A,37523,A,37084,A,36575,A,36063,A,35301,A
CPMI_INSTITUTIONS:A:FR:B1:N:F,"A","Annual","FR","France","B1","Bank type 1","N","Number","F","Accounts, all","A","All users","E","End of period","0","373","Pure Number","0","Units","","3","",,L,,L,,L,,L,,L,,L,,M
CPMI_INSTITUTIONS:A:FR:B1:V:F,"A","Annual","FR","France","B1","Bank type 1","V","Value","F","Accounts, all","A","All users","E","End of period","3","EUR","Euro","6","Millions","","3","",600795,A,630098,A,672337,A,776935,A,859699,A,957929,A,1034441,A
CPMI_INSTITUTIONS:A:FR:B2:N:A,"A","Annual","FR","France","B2","Bank type 2","N","Number","A","Institutions","A","All users","E","End of period","0","373","Pure Number","0","Units","","3","",,,,,,,,,,,,,,M
CPMI_INSTITUTIONS:A:FR:B2:N:C,"A","Annual","FR","France","B2","Bank type 2","N","Number","C","Branches or offices","A","All users","E","End of period","0","373","Pure Number","0","Units","","3","",,,,,,,,,,,,,,M
CPMI_INSTITUTIONS:A:FR:B2:N:F,"A","Annual","FR","France","B2","Bank type 2","N","Number","F","Accounts, all","A","All users","E","End of period","0","373","Pure Number","0","Units","","3","",,,,,,,,,,,,,,M
CPMI_INSTITUTIONS:A:FR:B2:V:F,"A","Annual","FR","France","B2","Bank type 2","V","Value","F","Accounts, all","A","All users","E","End of period","3","EUR","Euro","6","Millions","","3","",,,,,,,,,,,,,,M
CPMI_INSTITUTIONS:A:FR:B3:N:A,"A","Annual","FR","France","B3","Bank type 3","N","Number","A","Institutions","A","All users","E","End of period","0","373","Pure Number","0","Units","","3","",,,,,,,,,,,,,,M
CPMI_INSTITUTIONS:A:FR:B3:N:C,"A","Annual","FR","France","B3","Bank type 3","N","Number","C","Branches or offices","A","All users","E","End of period","0","373","Pure Number","0","Units","","3","",,,,,,,,,,,,,,M
CPMI_INSTITUTIONS:A:FR:B3:N:F,"A","Annual","FR","France","B3","Bank type 3","N","Number","F","Accounts, all","A","All users","E","End of period","0","373","Pure Number","0","Units","","3","",,,,,,,,,,,,,,M
CPMI_INSTITUTIONS:A:FR:B3:V:F,"A","Annual","FR","France","B3","Bank type 3","V","Value","F","Accounts, all","A","All users","E","End of period","3","EUR","Euro","6","Millions","","3","",,,,,,,,,,,,,,M
CPMI_INSTITUTIONS:A:FR:B4:N:A,"A","Annual","FR","France","B4","Bank type 4","N","Number","A","Institutions","A","All users","E","End of period","0","373","Pure Number","0","Units","","3","",,,,,,,,,,,,,,M
CPMI_INSTITUTIONS:A:FR:B4:N:C,"A","Annual","FR","France","B4","Bank type 4","N","Number","C","Branches or offices","A","All users","E","End of period","0","373","Pure Number","0","Units","","3","",,,,,,,,,,,,,,M
CPMI_INSTITUTIONS:A:FR:B4:N:F,"A","Annual","FR","France","B4","Bank type 4","N","Number","F","Accounts, all","A","All users","E","End of period","0","373","Pure Number","0","Units","","3","",,,,,,,,,,,,,,M
CPMI_INSTITUTIONS:A:FR:B4:V:F,"A","Annual","FR","France","B4","Bank type 4","V","Value","F","Accounts, all","A","All users","E","End of period","3","EUR","Euro","6","Millions","","3","",,,,,,,,,,,,,,M
CPMI_INSTITUTIONS:A:FR:B5:N:A,"A","Annual","FR","France","B5","Bank type 5","N","Number","A","Institutions","A","All users","E","End of period","0","373","Pure Number","0","Units","","3","",,M,,M,,M,,M,,M,,M,,M
CPMI_INSTITUTIONS:A:FR:B5:N:C,"A","Annual","FR","France","B5","Bank type 5","N","Number","C","Branches or offices","A","All users","E","End of period","0","373","Pure Number","0","Units","","3","",,M,,M,,M,,M,,M,,M,,M
CPMI_INSTITUTIONS:A:FR:B5:N:F,"A","Annual","FR","France","B5","Bank type 5","N","Number","F","Accounts, all","A","All users","E","End of period","0","373","Pure Number","0","Units","","3","",,M,,M,,M,,M,,M,,M,,M
CPMI_INSTITUTIONS:A:FR:B5:V:F,"A","Annual","FR","France","B5","Bank type 5","V","Value","F","Accounts, all","A","All users","E","End of period","3","EUR","Euro","6","Millions","","3","",,M,,M,,M,,M,,M,,M,,M
CPMI_INSTITUTIONS:A:FR:BA:N:A,"A","Annual","FR","France","BA","Banks, all","N","Number","A","Institutions","A","All users","E","End of period","3","373","Pure Number","0","Units","","3","",639,A,623,A,496,A,467,A,445,A,488,A,465.000,A
CPMI_INSTITUTIONS:A:FR:BA:N:C,"A","Annual","FR","France","BA","Banks, all","N","Number","C","Branches or offices","A","All users","E","End of period","0","EUR","Euro","0","Units","","3","",37930,A,37767,A,37523,A,37084,A,36575,A,36063,A,35301,A
CPMI_INSTITUTIONS:A:FR:BA:N:F,"A","Annual","FR","France","BA","Banks, all","N","Number","F","Accounts, all","A","All users","E","End of period","0","EUR","Euro","0","Units","","3","",78383000,A,79481000,A,80433000,A,81562000,A,81620300,A,80666000,A,81691718,A
CPMI_INSTITUTIONS:A:FR:BA:N:I,"A","Annual","FR","France","BA","Banks, all","N","Number","I","Accounts, Internet-linked","A","All users","E","End of period","0","373","Pure Number","0","Units","","3","",,L,,L,,L,,L,,L,,L,,M
CPMI_INSTITUTIONS:A:FR:BA:V:F,"A","Annual","FR","France","BA","Banks, all","V","Value","F","Accounts, all","A","All users","E","End of period","3","EUR","Euro","6","Millions","","3","",600795,A,630092,A,672337,A,776935,A,859699,A,957929,A,1034441,A
CPMI_INSTITUTIONS:A:FR:CB:N:A,"A","Annual","FR","France","CB","Central banks","N","Number","A","Institutions","A","All users","E","End of period","1","373","Pure Number","0","Units","","3","",1,A,1,A,1,A,1,A,1,A,1,A,1.0,A
CPMI_INSTITUTIONS:A:FR:CB:N:C,"A","Annual","FR","France","CB","Central banks","N","Number","C","Branches or offices","A","All users","E","End of period","0","EUR","Euro","0","Units","","3","",96,A,96,A,98,A,98,A,98,A,98,A,98,A
CPMI_INSTITUTIONS:A:FR:CB:N:F,"A","Annual","FR","France","CB","Central banks","N","Number","F","Accounts, all","A","All users","E","End of period","3","373","Pure Number","0","Units","","3","",29366,A,29364,A,29351,A,28353,A,28360,A,27514,A,26989.360,A
CPMI_INSTITUTIONS:A:FR:CB:V:F,"A","Annual","FR","France","CB","Central banks","V","Value","F","Accounts, all","A","All users","E","End of period","3","EUR","Euro","6","Millions","","3","",22031,A,21751,A,14803,A,16091,A,14462,A,56754,A,,M
CPMI_INSTITUTIONS:A:FR:EA:N:A,"A","Annual","FR","France","EA","E-money issuers, all","N","Number","A","Institutions","A","All users","E","End of period","0","EUR","Euro","0","Units","","3","",5,A,4,A,5,A,7,A,8,A,9,A,11,A
CPMI_INSTITUTIONS:A:FR:EA:V:F,"A","Annual","FR","France","EA","E-money issuers, all","V","Value","F","Accounts, all","A","All users","E","End of period","3","EUR","Euro","6","Millions","","3","",,L,,L,,L,,L,,L,,L,,M
CPMI_INSTITUTIONS:A:FR:EN:N:A,"A","Annual","FR","France","EN","E-money issuers - Non-banks","N","Number","A","Institutions","A","All users","E","End of period","0","373","Pure Number","0","Units","","3","",,L,,L,,L,,L,,L,,L,,M
CPMI_INSTITUTIONS:A:FR:EN:V:F,"A","Annual","FR","France","EN","E-money issuers - Non-banks","V","Value","F","Accounts, all","A","All users","E","End of period","3","EUR","Euro","6","Millions","","3","",,L,,L,,L,,L,,L,,L,,M
CPMI_INSTITUTIONS:A:FR:FB:N:A,"A","Annual","FR","France","FB","Foreign banks","N","Number","A","Institutions","A","All users","E","End of period","0","373","Pure Number","0","Units","","3","",,L,44,A,83,A,51,A,91,A,85,A,87.000,A
CPMI_INSTITUTIONS:A:FR:FB:N:C,"A","Annual","FR","France","FB","Foreign banks","N","Number","C","Branches or offices","A","All users","E","End of period","0","373","Pure Number","0","Units","","3","",,L,,L,,L,,L,,L,,L,,M
CPMI_INSTITUTIONS:A:FR:FB:N:F,"A","Annual","FR","France","FB","Foreign banks","N","Number","F","Accounts, all","A","All users","E","End of period","0","373","Pure Number","0","Units","","3","",,L,,L,,L,,L,,L,,L,,M
CPMI_INSTITUTIONS:A:FR:FB:V:F,"A","Annual","FR","France","FB","Foreign banks","V","Value","F","Accounts, all","A","All users","E","End of period","3","EUR","Euro","6","Millions","","3","",,L,,L,,L,,L,,L,,L,,M
CPMI_INSTITUTIONS:A:FR:IA:N:A,"A","Annual","FR","France","IA","Institutions, all","N","Number","A","Institutions","A","All users","E","End of period","0","373","Pure Number","0","Units","","3","",641,A,625,A,498,A,502,A,485,A,534,A,516.000,A
CPMI_INSTITUTIONS:A:FR:N1:N:A,"A","Annual","FR","France","N1","Non-banks offering storage of value","N","Number","A","Institutions","A","All users","E","End of period","0","373","Pure Number","0","Units","","3","",,M,,M,,M,,M,,M,,M,,M
CPMI_INSTITUTIONS:A:FR:N1:N:C,"A","Annual","FR","France","N1","Non-banks offering storage of value","N","Number","C","Branches or offices","A","All users","E","End of period","0","373","Pure Number","0","Units","","3","",,M,,M,,M,,M,,M,,M,,M
CPMI_INSTITUTIONS:A:FR:N1:N:F,"A","Annual","FR","France","N1","Non-banks offering storage of value","N","Number","F","Accounts, all","A","All users","E","End of period","0","373","Pure Number","0","Units","","3","",,M,,M,,M,,M,,M,,M,,M
CPMI_INSTITUTIONS:A:FR:N1:V:F,"A","Annual","FR","France","N1","Non-banks offering storage of value","V","Value","F","Accounts, all","A","All users","E","End of period","3","EUR","Euro","6","Millions","","3","",,M,,M,,M,,M,,M,,M,,M
CPMI_INSTITUTIONS:A:FR:N2:N:A,"A","Annual","FR","France","N2","Non-banks relying on storage of value offered by others","N","Number","A","Institutions","A","All users","E","End of period","0","373","Pure Number","0","Units","","3","",,M,,M,,M,,M,,M,,M,,M
CPMI_INSTITUTIONS:A:FR:NA:N:A,"A","Annual","FR","France","NA","Non-banks, all","N","Number","A","Institutions","A","All users","E","End of period","0","EUR","Euro","0","Units","","3","",1,A,1,A,1,A,34,A,39,A,45,A,50,A
CPMI_INSTITUTIONS:A:GB:B1:N:A,"A","Annual","GB","United Kingdom","B1","Bank type 1","N","Number","A","Institutions","A","All users","E","End of period","0","373","Pure Number","0","Units","","3","",361,A,358,A,359,A,358,A,,L,,L,,L
CPMI_INSTITUTIONS:A:GB:B1:N:C,"A","Annual","GB","United Kingdom","B1","Bank type 1","N","Number","C","Branches or offices","A","All users","E","End of period","0","373","Pure Number","0","Units","","3","",,L,,L,,L,,L,,L,,L,,L
CPMI_INSTITUTIONS:A:GB:B1:N:F,"A","Annual","GB","United Kingdom","B1","Bank type 1","N","Number","F","Accounts, all","A","All users","E","End of period","0","373","Pure Number","0","Units","","3","",,L,,L,,L,,L,,L,,L,,
CPMI_INSTITUTIONS:A:GB:B1:V:F,"A","Annual","GB","United Kingdom","B1","Bank type 1","V","Value","F","Accounts, all","A","All users","E","End of period","3","GBP","Pound (sterling)","6","Millions","","3","",3210198,A,3280767,A,3344980,A,3349000,A,2838080,A,3095251,A,3184479,A
CPMI_INSTITUTIONS:A:GB:B2:N:A,"A","Annual","GB","United Kingdom","B2","Bank type 2","N","Number","A","Institutions","A","All users","E","End of period","0","373","Pure Number","0","Units","","3","",,L,,L,,L,,L,,L,,L,,L
CPMI_INSTITUTIONS:A:GB:B2:N:C,"A","Annual","GB","United Kingdom","B2","Bank type 2","N","Number","C","Branches or offices","A","All users","E","End of period","0","373","Pure Number","0","Units","","3","",,L,,L,,L,,L,,L,,L,,L
CPMI_INSTITUTIONS:A:GB:B2:N:F,"A","Annual","GB","United Kingdom","B2","Bank type 2","N","Number","F","Accounts, all","A","All users","E","End of period","0","373","Pure Number","0","Units","","3","",,L,,L,,L,,L,,L,,L,,L
CPMI_INSTITUTIONS:A:GB:B2:V:F,"A","Annual","GB","United Kingdom","B2","Bank type 2","V","Value","F","Accounts, all","A","All users","E","End of period","3","GBP","Pound (sterling)","6","Millions","","3","",,L,,L,,L,,L,,L,,L,,L
CPMI_INSTITUTIONS:A:GB:B3:N:A,"A","Annual","GB","United Kingdom","B3","Bank type 3","N","Number","A","Institutions","A","All users","E","End of period","0","373","Pure Number","0","Units","","3","",,L,,L,,L,,L,,L,,L,,L
CPMI_INSTITUTIONS:A:GB:B3:N:C,"A","Annual","GB","United Kingdom","B3","Bank type 3","N","Number","C","Branches or offices","A","All users","E","End of period","0","373","Pure Number","0","Units","","3","",,L,,L,,L,,L,,L,,L,,L
CPMI_INSTITUTIONS:A:GB:B3:N:F,"A","Annual","GB","United Kingdom","B3","Bank type 3","N","Number","F","Accounts, all","A","All users","E","End of period","0","373","Pure Number","0","Units","","3","",,L,,L,,L,,L,,L,,L,,L
CPMI_INSTITUTIONS:A:GB:B3:V:F,"A","Annual","GB","United Kingdom","B3","Bank type 3","V","Value","F","Accounts, all","A","All users","E","End of period","3","GBP","Pound (sterling)","6","Millions","","3","",,L,,L,,L,,L,,L,,L,,L
CPMI_INSTITUTIONS:A:GB:B4:N:A,"A","Annual","GB","United Kingdom","B4","Bank type 4","N","Number","A","Institutions","A","All users","E","End of period","0","373","Pure Number","0","Units","","3","",,L,,L,,L,,L,,L,,L,,L
CPMI_INSTITUTIONS:A:GB:B4:N:C,"A","Annual","GB","United Kingdom","B4","Bank type 4","N","Number","C","Branches or offices","A","All users","E","End of period","0","373","Pure Number","0","Units","","3","",,L,,L,,L,,L,,L,,L,,L
CPMI_INSTITUTIONS:A:GB:B4:N:F,"A","Annual","GB","United Kingdom","B4","Bank type 4","N","Number","F","Accounts, all","A","All users","E","End of period","0","373","Pure Number","0","Units","","3","",,L,,L,,L,,L,,L,,L,,L
CPMI_INSTITUTIONS:A:GB:B4:V:F,"A","Annual","GB","United Kingdom","B4","Bank type 4","V","Value","F","Accounts, all","A","All users","E","End of period","3","GBP","Pound (sterling)","6","Millions","","3","",,L,,L,,L,,L,,L,,L,,L
CPMI_INSTITUTIONS:A:GB:B5:N:A,"A","Annual","GB","United Kingdom","B5","Bank type 5","N","Number","A","Institutions","A","All users","E","End of period","0","373","Pure Number","0","Units","","3","",,L,,L,,L,,L,,L,,L,,L
CPMI_INSTITUTIONS:A:GB:B5:N:C,"A","Annual","GB","United Kingdom","B5","Bank type 5","N","Number","C","Branches or offices","A","All users","E","End of period","0","373","Pure Number","0","Units","","3","",,L,,L,,L,,L,,L,,L,,L
CPMI_INSTITUTIONS:A:GB:B5:N:F,"A","Annual","GB","United Kingdom","B5","Bank type 5","N","Number","F","Accounts, all","A","All users","E","End of period","0","373","Pure Number","0","Units","","3","",,L,,L,,L,,L,,L,,L,,L
CPMI_INSTITUTIONS:A:GB:B5:V:F,"A","Annual","GB","United Kingdom","B5","Bank type 5","V","Value","F","Accounts, all","A","All users","E","End of period","3","GBP","Pound (sterling)","6","Millions","","3","",,L,,L,,L,,L,,L,,L,,L
CPMI_INSTITUTIONS:A:GB:BA:N:A,"A","Annual","GB","United Kingdom","BA","Banks, all","N","Number","A","Institutions","A","All users","E","End of period","0","373","Pure Number","0","Units","","3","",,L,513,A,518,A,515,A,,L,,L,,L
CPMI_INSTITUTIONS:A:GB:BA:N:C,"A","Annual","GB","United Kingdom","BA","Banks, all","N","Number","C","Branches or offices","A","All users","E","End of period","0","373","Pure Number","0","Units","","3","",,L,,L,,L,,L,,L,,L,,L
CPMI_INSTITUTIONS:A:GB:BA:N:F,"A","Annual","GB","United Kingdom","BA","Banks, all","N","Number","F","Accounts, all","A","All users","E","End of period","0","373","Pure Number","0","Units","","3","",,L,,L,,L,,L,,L,,L,,L
CPMI_INSTITUTIONS:A:GB:BA:N:I,"A","Annual","GB","United Kingdom","BA","Banks, all","N","Number","I","Accounts, Internet-linked","A","All users","E","End of period","0","373","Pure Number","0","Units","","3","",,L,,L,,L,,L,,L,,L,,L
CPMI_INSTITUTIONS:A:GB:BA:V:F,"A","Annual","GB","United Kingdom","BA","Banks, all","V","Value","F","Accounts, all","A","All users","E","End of period","3","GBP","Pound (sterling)","6","Millions","","3","",,L,4105129,A,4172076,A,4127304,A,3549670,A,3824640,A,3895608,A
CPMI_INSTITUTIONS:A:GB:CB:N:A,"A","Annual","GB","United Kingdom","CB","Central banks","N","Number","A","Institutions","A","All users","E","End of period","0","373","Pure Number","0","Units","","3","",1,A,1,A,1,A,1,A,1,A,1,A,1,A
CPMI_INSTITUTIONS:A:GB:CB:N:C,"A","Annual","GB","United Kingdom","CB","Central banks","N","Number","C","Branches or offices","A","All users","E","End of period","0","373","Pure Number","0","Units","","3","",5,A,5,A,4,A,4,A,4,A,4,A,4,A
CPMI_INSTITUTIONS:A:GB:CB:N:F,"A","Annual","GB","United Kingdom","CB","Central banks","N","Number","F","Accounts, all","A","All users","E","End of period","0","373","Pure Number","0","Units","","3","",4993,A,4954,A,4494,A,4479,A,2831,A,1784,A,1050,A
CPMI_INSTITUTIONS:A:GB:CB:V:F,"A","Annual","GB","United Kingdom","CB","Central banks","V","Value","F","Accounts, all","A","All users","E","End of period","3","GBP","Pound (sterling)","6","Millions","","3","",70163,A,78063,A,58103,A,60432,A,55583,A,73313,A,76799,A
CPMI_INSTITUTIONS:A:GB:EA:N:A,"A","Annual","GB","United Kingdom","EA","E-money issuers, all","N","Number","A","Institutions","A","All users","E","End of period","0","373","Pure Number","0","Units","","3","",,L,,L,,L,,L,,L,,L,,L
CPMI_INSTITUTIONS:A:GB:EA:V:F,"A","Annual","GB","United Kingdom","EA","E-money issuers, all","V","Value","F","Accounts, all","A","All users","E","End of period","3","GBP","Pound (sterling)","6","Millions","","3","",,L,,L,,L,,L,,L,,L,,L
CPMI_INSTITUTIONS:A:GB:EN:N:A,"A","Annual","GB","United Kingdom","EN","E-money issuers - Non-banks","N","Number","A","Institutions","A","All users","E","End of period","0","373","Pure Number","0","Units","","3","",,L,,L,,L,,L,,L,,L,,L
CPMI_INSTITUTIONS:A:GB:EN:V:F,"A","Annual","GB","United Kingdom","EN","E-money issuers - Non-banks","V","Value","F","Accounts, all","A","All users","E","End of period","3","GBP","Pound (sterling)","6","Millions","","3","",,L,,L,,L,,L,,L,,L,,L
CPMI_INSTITUTIONS:A:GB:FB:N:A,"A","Annual","GB","United Kingdom","FB","Foreign banks","N","Number","A","Institutions","A","All users","E","End of period","0","373","Pure Number","0","Units","","3","",158,A,155,A,159,A,157,A,,L,,L,,L
CPMI_INSTITUTIONS:A:GB:FB:N:C,"A","Annual","GB","United Kingdom","FB","Foreign banks","N","Number","C","Branches or offices","A","All users","E","End of period","0","373","Pure Number","0","Units","","3","",,L,,L,,L,,L,,L,,L,,L
CPMI_INSTITUTIONS:A:GB:FB:N:F,"A","Annual","GB","United Kingdom","FB","Foreign banks","N","Number","F","Accounts, all","A","All users","E","End of period","0","373","Pure Number","0","Units","","3","",,L,,L,,L,,L,,L,,L,,L
CPMI_INSTITUTIONS:A:GB:FB:V:F,"A","Annual","GB","United Kingdom","FB","Foreign banks","V","Value","F","Accounts, all","A","All users","E","End of period","3","GBP","Pound (sterling)","6","Millions","","3","",839491.6,A,824361.6,A,827095.9,A,778304.3,A,711589.8,A,729389.183,A,711129.2,A
CPMI_INSTITUTIONS:A:GB:N1:N:A,"A","Annual","GB","United Kingdom","N1","Non-banks offering storage of value","N","Number","A","Institutions","A","All users","E","End of period","0","373","Pure Number","0","Units","","3","",1,A,,M,,M,,M,,M,,M,,M
CPMI_INSTITUTIONS:A:GB:N1:N:C,"A","Annual","GB","United Kingdom","N1","Non-banks offering storage of value","N","Number","C","Branches or offices","A","All users","E","End of period","0","373","Pure Number","0","Units","","3","",11500,A,,M,,M,,M,,M,,M,,M
CPMI_INSTITUTIONS:A:GB:N1:N:F,"A","Annual","GB","United Kingdom","N1","Non-banks offering storage of value","N","Number","F","Accounts, all","A","All users","E","End of period","0","373","Pure Number","0","Units","","3","",105000,A,,M,,M,,M,,M,,M,,M
CPMI_INSTITUTIONS:A:GB:N1:V:F,"A","Annual","GB","United Kingdom","N1","Non-banks offering storage of value","V","Value","F","Accounts, all","A","All users","E","End of period","3","GBP","Pound (sterling)","6","Millions","","3","",520,A,,M,,M,,M,,M,,M,,M
CPMI_INSTITUTIONS:A:GB:N2:N:A,"A","Annual","GB","United Kingdom","N2","Non-banks relying on storage of value offered by others","N","Number","A","Institutions","A","All users","E","End of period","0","373","Pure Number","0","Units","","3","",,L,,L,,L,,L,,L,,L,,L
CPMI_INSTITUTIONS:A:GB:NA:N:A,"A","Annual","GB","United Kingdom","NA","Non-banks, all","N","Number","A","Institutions","A","All users","E","End of period","0","373","Pure Number","0","Units","","3","",,L,,L,,L,,L,,L,,L,,L
CPMI_INSTITUTIONS:A:HK:B1:N:A,"A","Annual","HK","Hong Kong SAR","B1","Bank type 1","N","Number","A","Institutions","A","All users","E","End of period","0","373","Pure Number","0","Units","","3","",22,A,21,A,21,A,22,A,22,A,22,A,22,A
CPMI_INSTITUTIONS:A:HK:B1:N:C,"A","Annual","HK","Hong Kong SAR","B1","Bank type 1","N","Number","C","Branches or offices","A","All users","E","End of period","0","373","Pure Number","0","Units","","3","",1210,A,1195,A,1192,A,1185,A,1157,A,1141,A,1160,A
CPMI_INSTITUTIONS:A:HK:B1:N:F,"A","Annual","HK","Hong Kong SAR","B1","Bank type 1","N","Number","F","Accounts, all","A","All users","E","End of period","0","373","Pure Number","0","Units","","3","",,L,,L,,L,,L,,L,,L,,L
CPMI_INSTITUTIONS:A:HK:B1:V:F,"A","Annual","HK","Hong Kong SAR","B1","Bank type 1","V","Value","F","Accounts, all","A","All users","E","End of period","3","HKD","Hong Kong dollar","6","Millions","","3","",,L,,L,,L,,L,,L,,L,,L
CPMI_INSTITUTIONS:A:HK:B2:N:A,"A","Annual","HK","Hong Kong SAR","B2","Bank type 2","N","Number","A","Institutions","A","All users","E","End of period","0","373","Pure Number","0","Units","","3","",13,A,13,A,14,A,17,A,16,A,14,A,13,A
CPMI_INSTITUTIONS:A:HK:B2:N:C,"A","Annual","HK","Hong Kong SAR","B2","Bank type 2","N","Number","C","Branches or offices","A","All users","E","End of period","0","373","Pure Number","0","Units","","3","",15,A,15,A,16,A,23,A,21,A,19,A,18,A
CPMI_INSTITUTIONS:A:HK:B2:N:F,"A","Annual","HK","Hong Kong SAR","B2","Bank type 2","N","Number","F","Accounts, all","A","All users","E","End of period","0","373","Pure Number","0","Units","","3","",,L,,L,,L,,L,,L,,L,,L
CPMI_INSTITUTIONS:A:HK:B2:V:F,"A","Annual","HK","Hong Kong SAR","B2","Bank type 2","V","Value","F","Accounts, all","A","All users","E","End of period","3","HKD","Hong Kong dollar","6","Millions","","3","",,L,,L,,L,,L,,L,,L,,L
CPMI_INSTITUTIONS:A:HK:B3:N:A,"A","Annual","HK","Hong Kong SAR","B3","Bank type 3","N","Number","A","Institutions","A","All users","E","End of period","0","373","Pure Number","0","Units","","3","",24,A,24,A,23,A,18,A,17,A,17,A,16,A
CPMI_INSTITUTIONS:A:HK:B3:N:C,"A","Annual","HK","Hong Kong SAR","B3","Bank type 3","N","Number","C","Branches or offices","A","All users","E","End of period","0","373","Pure Number","0","Units","","3","",105,A,105,A,103,A,59,A,58,A,58,A,57,A
CPMI_INSTITUTIONS:A:HK:B3:N:F,"A","Annual","HK","Hong Kong SAR","B3","Bank type 3","N","Number","F","Accounts, all","A","All users","E","End of period","0","373","Pure Number","0","Units","","3","",,L,,L,,L,,L,,L,,L,,L
CPMI_INSTITUTIONS:A:HK:B3:V:F,"A","Annual","HK","Hong Kong SAR","B3","Bank type 3","V","Value","F","Accounts, all","A","All users","E","End of period","3","HKD","Hong Kong dollar","6","Millions","","3","",,L,,L,,L,,L,,L,,L,,L
CPMI_INSTITUTIONS:A:HK:B4:N:A,"A","Annual","HK","Hong Kong SAR","B4","Bank type 4","N","Number","A","Institutions","A","All users","E","End of period","0","373","Pure Number","0","Units","","3","",,M,,M,,M,,M,,M,,M,,M
CPMI_INSTITUTIONS:A:HK:B4:N:C,"A","Annual","HK","Hong Kong SAR","B4","Bank type 4","N","Number","C","Branches or offices","A","All users","E","End of period","0","373","Pure Number","0","Units","","3","",,M,,M,,M,,M,,M,,M,,M
CPMI_INSTITUTIONS:A:HK:B4:N:F,"A","Annual","HK","Hong Kong SAR","B4","Bank type 4","N","Number","F","Accounts, all","A","All users","E","End of period","0","373","Pure Number","0","Units","","3","",,M,,M,,M,,M,,M,,M,,M
CPMI_INSTITUTIONS:A:HK:B4:V:F,"A","Annual","HK","Hong Kong SAR","B4","Bank type 4","V","Value","F","Accounts, all","A","All users","E","End of period","3","HKD","Hong Kong dollar","6","Millions","","3","",,M,,M,,M,,M,,M,,M,,M
CPMI_INSTITUTIONS:A:HK:B5:N:A,"A","Annual","HK","Hong Kong SAR","B5","Bank type 5","N","Number","A","Institutions","A","All users","E","End of period","0","373","Pure Number","0","Units","","3","",,M,,M,,M,,M,,M,,M,,M
CPMI_INSTITUTIONS:A:HK:B5:N:C,"A","Annual","HK","Hong Kong SAR","B5","Bank type 5","N","Number","C","Branches or offices","A","All users","E","End of period","0","373","Pure Number","0","Units","","3","",,M,,M,,M,,M,,M,,M,,M
CPMI_INSTITUTIONS:A:HK:B5:N:F,"A","Annual","HK","Hong Kong SAR","B5","Bank type 5","N","Number","F","Accounts, all","A","All users","E","End of period","0","373","Pure Number","0","Units","","3","",,M,,M,,M,,M,,M,,M,,M
CPMI_INSTITUTIONS:A:HK:B5:V:F,"A","Annual","HK","Hong Kong SAR","B5","Bank type 5","V","Value","F","Accounts, all","A","All users","E","End of period","3","HKD","Hong Kong dollar","6","Millions","","3","",,M,,M,,M,,M,,M,,M,,M
CPMI_INSTITUTIONS:A:HK:BA:N:A,"A","Annual","HK","Hong Kong SAR","BA","Banks, all","N","Number","A","Institutions","A","All users","E","End of period","0","373","Pure Number","0","Units","","3","",200,A,201,A,203,A,199,A,195,A,191,A,186,A
CPMI_INSTITUTIONS:A:HK:BA:N:C,"A","Annual","HK","Hong Kong SAR","BA","Banks, all","N","Number","C","Branches or offices","A","All users","E","End of period","0","373","Pure Number","0","Units","","3","",1604,A,1585,A,1578,A,1526,A,1484,A,1460,A,1472,A
CPMI_INSTITUTIONS:A:HK:BA:N:F,"A","Annual","HK","Hong Kong SAR","BA","Banks, all","N","Number","F","Accounts, all","A","All users","E","End of period","0","373","Pure Number","0","Units","","3","",,L,,L,,L,,L,,L,,L,,L
CPMI_INSTITUTIONS:A:HK:BA:N:I,"A","Annual","HK","Hong Kong SAR","BA","Banks, all","N","Number","I","Accounts, Internet-linked","A","All users","E","End of period","0","373","Pure Number","0","Units","","3","",,L,,L,,L,,L,,L,,L,,L
CPMI_INSTITUTIONS:A:HK:BA:V:F,"A","Annual","HK","Hong Kong SAR","BA","Banks, all","V","Value","F","Accounts, all","A","All users","E","End of period","3","HKD","Hong Kong dollar","6","Millions","","3","",,L,,L,,L,,L,,L,,L,,L
CPMI_INSTITUTIONS:A:HK:CB:N:A,"A","Annual","HK","Hong Kong SAR","CB","Central banks","N","Number","A","Institutions","A","All users","E","End of period","0","373","Pure Number","0","Units","","3","",1,A,1,A,1,A,1,A,1,A,1,A,1,A
CPMI_INSTITUTIONS:A:HK:CB:N:C,"A","Annual","HK","Hong Kong SAR","CB","Central banks","N","Number","C","Branches or offices","A","All users","E","End of period","0","373","Pure Number","0","Units","The Hong Kong Monetary Authority has one overseas representative office (in New York); it does not offer payment services to non-banks.","3","",0,A,0,A,0,A,0,A,0,A,0,A,0,A
CPMI_INSTITUTIONS:A:HK:CB:N:F,"A","Annual","HK","Hong Kong SAR","CB","Central banks","N","Number","F","Accounts, all","A","All users","E","End of period","0","373","Pure Number","0","Units","","3","",,M,,M,,M,,M,,M,,M,,M
CPMI_INSTITUTIONS:A:HK:CB:V:F,"A","Annual","HK","Hong Kong SAR","CB","Central banks","V","Value","F","Accounts, all","A","All users","E","End of period","3","HKD","Hong Kong dollar","6","Millions","","3","",,M,,M,,M,,M,,M,,M,,M
CPMI_INSTITUTIONS:A:HK:EA:N:A,"A","Annual","HK","Hong Kong SAR","EA","E-money issuers, all","N","Number","A","Institutions","A","All users","E","End of period","0","373","Pure Number","0","Units","The licensing regime for stored value facilities (SVF) under the Payment Systems and Stored Value Facilities Ordinance commenced operation in November 2016.  Number of SVF issuers before then was not available.","3","",,L,,L,,L,,L,15,A,16,A,18,A
CPMI_INSTITUTIONS:A:HK:EA:V:F,"A","Annual","HK","Hong Kong SAR","EA","E-money issuers, all","V","Value","F","Accounts, all","A","All users","E","End of period","3","HKD","Hong Kong dollar","6","Millions","This figure includes the stored value remaining in the SVF issued and the deposit placed with the issuers for enabling the SVF to be used.  Data before 2016 is not available as mentioned above.","3","",,L,,L,,L,,L,6784,A,7958,A,9717,A
CPMI_INSTITUTIONS:A:HK:EN:N:A,"A","Annual","HK","Hong Kong SAR","EN","E-money issuers - Non-banks","N","Number","A","Institutions","A","All users","E","End of period","0","373","Pure Number","0","Units","The licensing regime for stored value facilities (SVF) under the Payment Systems and Stored Value Facilities Ordinance commenced operation in November 2016.  Number of SVF issuers before then was not available.","3","",,L,,L,,L,,L,13,A,13,A,15,A
CPMI_INSTITUTIONS:A:HK:EN:V:F,"A","Annual","HK","Hong Kong SAR","EN","E-money issuers - Non-banks","V","Value","F","Accounts, all","A","All users","E","End of period","3","HKD","Hong Kong dollar","6","Millions","","3","",,L,,L,,L,,L,,L,,L,,L
CPMI_INSTITUTIONS:A:HK:FB:N:A,"A","Annual","HK","Hong Kong SAR","FB","Foreign banks","N","Number","A","Institutions","A","All users","E","End of period","0","373","Pure Number","0","Units","","3","",141,A,143,A,145,A,142,A,140,A,138,A,135,A
CPMI_INSTITUTIONS:A:HK:FB:N:C,"A","Annual","HK","Hong Kong SAR","FB","Foreign banks","N","Number","C","Branches or offices","A","All users","E","End of period","0","373","Pure Number","0","Units","","3","",274,A,270,A,267,A,259,A,248,A,242,A,237,A
CPMI_INSTITUTIONS:A:HK:FB:N:F,"A","Annual","HK","Hong Kong SAR","FB","Foreign banks","N","Number","F","Accounts, all","A","All users","E","End of period","0","373","Pure Number","0","Units","","3","",,L,,L,,L,,L,,L,,L,,L
CPMI_INSTITUTIONS:A:HK:FB:V:F,"A","Annual","HK","Hong Kong SAR","FB","Foreign banks","V","Value","F","Accounts, all","A","All users","E","End of period","3","HKD","Hong Kong dollar","6","Millions","","3","",,L,,L,,L,,L,,L,,L,,L
CPMI_INSTITUTIONS:A:HK:IA:N:A,"A","Annual","HK","Hong Kong SAR","IA","Institutions, all","N","Number","A","Institutions","A","All users","E","End of period","0","373","Pure Number","0","Units","","3","",200,A,201,A,203,A,199,A,195,A,191,A,186,A
CPMI_INSTITUTIONS:A:HK:N1:N:A,"A","Annual","HK","Hong Kong SAR","N1","Non-banks offering storage of value","N","Number","A","Institutions","A","All users","E","End of period","0","373","Pure Number","0","Units","","3","",,M,,M,,M,,M,,M,,M,,M
CPMI_INSTITUTIONS:A:HK:N1:N:C,"A","Annual","HK","Hong Kong SAR","N1","Non-banks offering storage of value","N","Number","C","Branches or offices","A","All users","E","End of period","0","373","Pure Number","0","Units","","3","",,M,,M,,M,,M,,M,,M,,M
CPMI_INSTITUTIONS:A:HK:N1:N:F,"A","Annual","HK","Hong Kong SAR","N1","Non-banks offering storage of value","N","Number","F","Accounts, all","A","All users","E","End of period","0","373","Pure Number","0","Units","","3","",,M,,M,,M,,M,,M,,M,,M
CPMI_INSTITUTIONS:A:HK:N1:V:F,"A","Annual","HK","Hong Kong SAR","N1","Non-banks offering storage of value","V","Value","F","Accounts, all","A","All users","E","End of period","3","HKD","Hong Kong dollar","6","Millions","","3","",,M,,M,,M,,M,,M,,M,,M
CPMI_INSTITUTIONS:A:HK:N2:N:A,"A","Annual","HK","Hong Kong SAR","N2","Non-banks relying on storage of value offered by others","N","Number","A","Institutions","A","All users","E","End of period","0","373","Pure Number","0","Units","","3","",,M,,M,,M,,M,,M,,M,,M
CPMI_INSTITUTIONS:A:HK:NA:N:A,"A","Annual","HK","Hong Kong SAR","NA","Non-banks, all","N","Number","A","Institutions","A","All users","E","End of period","0","373","Pure Number","0","Units","","3","",,M,,M,,M,,M,,M,,M,,M
CPMI_INSTITUTIONS:A:ID:B1:N:A,"A","Annual","ID","Indonesia","B1","Bank type 1","N","Number","A","Institutions","A","All users","E","End of period","0","373","Pure Number","0","Units","","3","",,M,56,A,49,A,39,A,27,A,21,A,22,A
CPMI_INSTITUTIONS:A:ID:B1:N:C,"A","Annual","ID","Indonesia","B1","Bank type 1","N","Number","C","Branches or offices","A","All users","E","End of period","0","373","Pure Number","0","Units","","3","",,M,3155,A,1376,A,839,A,304,A,212,A,594,A
CPMI_INSTITUTIONS:A:ID:B1:N:F,"A","Annual","ID","Indonesia","B1","Bank type 1","N","Number","F","Accounts, all","A","All users","E","End of period","0","373","Pure Number","0","Units","","3","",,M,7891681,A,7626710,A,12569328,A,14023116,A,14680903,A,2625793,A
CPMI_INSTITUTIONS:A:ID:B1:V:F,"A","Annual","ID","Indonesia","B1","Bank type 1","V","Value","F","Accounts, all","A","All users","E","End of period","3","IDR","Rupiah","6","Millions","","3","",,M,57185750.004,A,44340918.893,A,67076174.179,A,68386981.353,A,69487490.998,A,19364524.994,A
CPMI_INSTITUTIONS:A:ID:B2:N:A,"A","Annual","ID","Indonesia","B2","Bank type 2","N","Number","A","Institutions","A","All users","E","End of period","0","373","Pure Number","0","Units","","3","",,M,36,A,40,A,46,A,54,A,58,A,55,A
CPMI_INSTITUTIONS:A:ID:B2:N:C,"A","Annual","ID","Indonesia","B2","Bank type 2","N","Number","C","Branches or offices","A","All users","E","End of period","0","373","Pure Number","0","Units","","3","",,M,5290,A,3415,A,4005,A,4011,A,4032,A,5185,A
CPMI_INSTITUTIONS:A:ID:B2:N:F,"A","Annual","ID","Indonesia","B2","Bank type 2","N","Number","F","Accounts, all","A","All users","E","End of period","0","373","Pure Number","0","Units","","3","",,M,30013795,A,30428585,A,23428575,A,24617754,A,29979838,A,41273790,A
CPMI_INSTITUTIONS:A:ID:B2:V:F,"A","Annual","ID","Indonesia","B2","Bank type 2","V","Value","F","Accounts, all","A","All users","E","End of period","3","IDR","Rupiah","6","Millions","","3","",,M,364012368.5,A,366842720.8,A,253600810,A,256808667,A,270733140,A,267225052,A
CPMI_INSTITUTIONS:A:ID:B3:N:A,"A","Annual","ID","Indonesia","B3","Bank type 3","N","Number","A","Institutions","A","All users","E","End of period","0","373","Pure Number","0","Units","","3","",,M,14,A,16,A,19,A,21,A,22,A,24,A
CPMI_INSTITUTIONS:A:ID:B3:N:C,"A","Annual","ID","Indonesia","B3","Bank type 3","N","Number","C","Branches or offices","A","All users","E","End of period","0","373","Pure Number","0","Units","","3","",,M,6644,A,7155,A,6848,A,6004,A,5528,A,10075,A
CPMI_INSTITUTIONS:A:ID:B3:N:F,"A","Annual","ID","Indonesia","B3","Bank type 3","N","Number","F","Accounts, all","A","All users","E","End of period","0","373","Pure Number","0","Units","","3","",,M,24376322,A,25652226,A,32176503,A,37104801,A,35559494,A,49580560,A
CPMI_INSTITUTIONS:A:ID:B3:V:F,"A","Annual","ID","Indonesia","B3","Bank type 3","V","Value","F","Accounts, all","A","All users","E","End of period","3","IDR","Rupiah","6","Millions","","3","",,M,410358404,A,463415968,A,618300297.5,A,694408242.4,A,651691410,A,635298689,A
CPMI_INSTITUTIONS:A:ID:B4:N:A,"A","Annual","ID","Indonesia","B4","Bank type 4","N","Number","A","Institutions","A","All users","E","End of period","0","373","Pure Number","0","Units","","3","",,M,4,A,4,A,4,A,4,A,5,A,5,A
CPMI_INSTITUTIONS:A:ID:B4:N:C,"A","Annual","ID","Indonesia","B4","Bank type 4","N","Number","C","Branches or offices","A","All users","E","End of period","0","373","Pure Number","0","Units","","3","",,M,9957,A,10453,A,10722,A,11461,A,11624,A,15717,A
CPMI_INSTITUTIONS:A:ID:B4:N:F,"A","Annual","ID","Indonesia","B4","Bank type 4","N","Number","F","Accounts, all","A","All users","E","End of period","0","373","Pure Number","0","Units","","3","",,M,86078183,A,95820683,A,100736289,A,118700310,A,172401985,A,200305367,A
CPMI_INSTITUTIONS:A:ID:B4:V:F,"A","Annual","ID","Indonesia","B4","Bank type 4","V","Value","F","Accounts, all","A","All users","E","End of period","3","IDR","Rupiah","6","Millions","","3","",,M,1082638638,A,1150038831,A,1289879591,A,1482035628,A,1712832134,A,1871113581,A
CPMI_INSTITUTIONS:A:ID:BA:N:A,"A","Annual","ID","Indonesia","BA","Banks, all","N","Number","A","Institutions","A","All users","E","End of period","0","373","Pure Number","0","Units","","3","",120,A,120,A,119,A,118,A,116,A,115,A,115,A
CPMI_INSTITUTIONS:A:ID:BA:N:C,"A","Annual","ID","Indonesia","BA","Banks, all","N","Number","C","Branches or offices","A","All users","E","End of period","0","373","Pure Number","0","Units","","3","",16176,A,25095,A,22445,A,22458,A,21828,A,21421,A,31618,A
CPMI_INSTITUTIONS:A:ID:BA:N:F,"A","Annual","ID","Indonesia","BA","Banks, all","N","Number","F","Accounts, all","A","All users","E","End of period","0","373","Pure Number","0","Units","","3","",116335600,A,148763602,A,159905531,A,169269434,A,194796368,A,252848371,A,293996374,A
CPMI_INSTITUTIONS:A:ID:BA:N:I,"A","Annual","ID","Indonesia","BA","Banks, all","N","Number","I","Accounts, Internet-linked","A","All users","E","End of period","0","373","Pure Number","0","Units","","3","",,L,,L,,L,,L,,L,,L,,L
CPMI_INSTITUTIONS:A:ID:BA:V:F,"A","Annual","ID","Indonesia","BA","Banks, all","V","Value","F","Accounts, all","A","All users","E","End of period","3","IDR","Rupiah","6","Millions","","3","",1827287447.323,A,2029490420.355,A,2138645720.435,A,2357610826.537,A,2637448912.845,A,2817770862.161,A,2910583120.022,A
CPMI_INSTITUTIONS:A:ID:CB:N:A,"A","Annual","ID","Indonesia","CB","Central banks","N","Number","A","Institutions","A","All users","E","End of period","0","373","Pure Number","0","Units","","3","",1,A,1,A,1,A,1,A,1,A,1,A,1,A
CPMI_INSTITUTIONS:A:ID:CB:N:C,"A","Annual","ID","Indonesia","CB","Central banks","N","Number","C","Branches or offices","A","All users","E","End of period","0","373","Pure Number","0","Units","","3","",41,A,41,A,43,A,45,A,45,A,46,A,46,A
CPMI_INSTITUTIONS:A:ID:CB:N:F,"A","Annual","ID","Indonesia","CB","Central banks","N","Number","F","Accounts, all","A","All users","E","End of period","0","373","Pure Number","0","Units","","3","",,L,144,A,142,A,140,A,139,A,136,A,135,A
CPMI_INSTITUTIONS:A:ID:CB:V:F,"A","Annual","ID","Indonesia","CB","Central banks","V","Value","F","Accounts, all","A","All users","E","End of period","3","IDR","Rupiah","6","Millions","","3","",,L,256814755.47,A,290542597.456,A,308756072.822,A,288824439.765,A,306360867.744,A,319652972.633,A
CPMI_INSTITUTIONS:A:ID:EA:N:A,"A","Annual","ID","Indonesia","EA","E-money issuers, all","N","Number","A","Institutions","A","All users","E","End of period","0","373","Pure Number","0","Units","","3","",12,A,17,A,19,A,20,A,21,A,27,A,34,A
CPMI_INSTITUTIONS:A:ID:EA:V:F,"A","Annual","ID","Indonesia","EA","E-money issuers, all","V","Value","F","Accounts, all","A","All users","E","End of period","3","IDR","Rupiah","6","Millions","","3","",254610.1,A,345482.667,A,494353.691,A,737786,A,982360,A,2421094,A,4033008,A
CPMI_INSTITUTIONS:A:ID:EN:N:A,"A","Annual","ID","Indonesia","EN","E-money issuers - Non-banks","N","Number","A","Institutions","A","All users","E","End of period","0","373","Pure Number","0","Units","","3","",6,A,8,A,10,A,11,A,12,A,16,A,22,A
CPMI_INSTITUTIONS:A:ID:EN:V:F,"A","Annual","ID","Indonesia","EN","E-money issuers - Non-banks","V","Value","F","Accounts, all","A","All users","E","End of period","3","IDR","Rupiah","6","Millions","","3","",36242.46,A,51823.576,A,71710.516,A,108127,A,198089,A,860043,A,1468535.670,A
CPMI_INSTITUTIONS:A:ID:FB:N:A,"A","Annual","ID","Indonesia","FB","Foreign banks","N","Number","A","Institutions","A","All users","E","End of period","0","373","Pure Number","0","Units","","3","",10,A,10,A,10,A,10,A,10,A,9,A,9,A
CPMI_INSTITUTIONS:A:ID:FB:N:C,"A","Annual","ID","Indonesia","FB","Foreign banks","N","Number","C","Branches or offices","A","All users","E","End of period","0","373","Pure Number","0","Units","","3","",52,A,49,A,46,A,44,A,48,A,25,A,47,A
CPMI_INSTITUTIONS:A:ID:FB:N:F,"A","Annual","ID","Indonesia","FB","Foreign banks","N","Number","F","Accounts, all","A","All users","E","End of period","0","373","Pure Number","0","Units","","3","",409522,A,403621,A,377327,A,358739,A,350387,A,226151,A,210864,A
CPMI_INSTITUTIONS:A:ID:FB:V:F,"A","Annual","ID","Indonesia","FB","Foreign banks","V","Value","F","Accounts, all","A","All users","E","End of period","3","IDR","Rupiah","6","Millions","","3","",97572611,A,115295260.2,A,114007281.9,A,128753953.4,A,135809394,A,113026688,A,117581274,A
CPMI_INSTITUTIONS:A:ID:IA:N:A,"A","Annual","ID","Indonesia","IA","Institutions, all","N","Number","A","Institutions","A","All users","E","End of period","0","373","Pure Number","0","Units","","3","",128,A,131,A,132,A,132,A,131,A,134,A,140,A
CPMI_INSTITUTIONS:A:ID:N1:N:A,"A","Annual","ID","Indonesia","N1","Non-banks offering storage of value","N","Number","A","Institutions","A","All users","E","End of period","0","373","Pure Number","0","Units","","3","",6,A,8,A,10,A,11,A,12,A,16,A,22,A
CPMI_INSTITUTIONS:A:ID:N1:N:C,"A","Annual","ID","Indonesia","N1","Non-banks offering storage of value","N","Number","C","Branches or offices","A","All users","E","End of period","0","373","Pure Number","0","Units","","3","",,L,,L,,L,,L,,L,,L,,L
CPMI_INSTITUTIONS:A:ID:N1:N:F,"A","Annual","ID","Indonesia","N1","Non-banks offering storage of value","N","Number","F","Accounts, all","A","All users","E","End of period","0","373","Pure Number","0","Units","","3","",,L,,L,,L,,L,,L,,L,,L
CPMI_INSTITUTIONS:A:ID:N1:V:F,"A","Annual","ID","Indonesia","N1","Non-banks offering storage of value","V","Value","F","Accounts, all","A","All users","E","End of period","3","IDR","Rupiah","6","Millions","","3","",,L,,L,,L,,L,,L,,L,,L
CPMI_INSTITUTIONS:A:ID:N2:N:A,"A","Annual","ID","Indonesia","N2","Non-banks relying on storage of value offered by others","N","Number","A","Institutions","A","All users","E","End of period","0","373","Pure Number","0","Units","","3","",1,A,2,A,2,A,2,A,2,A,2,A,2,A
CPMI_INSTITUTIONS:A:ID:NA:N:A,"A","Annual","ID","Indonesia","NA","Non-banks, all","N","Number","A","Institutions","A","All users","E","End of period","0","373","Pure Number","0","Units","","3","",7,A,10,A,12,A,13,A,14,A,18,A,24,A
CPMI_INSTITUTIONS:A:IN:B1:N:A,"A","Annual","IN","India","B1","Bank type 1","N","Number","A","Institutions","A","All users","E","End of period","0","373","Pure Number","0","Units","","3","",26,A,27,A,27,A,27,A,27,A,21,A,20,A
CPMI_INSTITUTIONS:A:IN:B1:N:C,"A","Annual","IN","India","B1","Bank type 1","N","Number","C","Branches or offices","A","All users","E","End of period","0","373","Pure Number","0","Units","","3","",73818,A,81760,A,87278,A,90420,A,92440,A,91125,A,88773,A
CPMI_INSTITUTIONS:A:IN:B1:N:F,"A","Annual","IN","India","B1","Bank type 1","N","Number","F","Accounts, all","A","All users","E","End of period","0","373","Pure Number","0","Units","","3","",,L,,L,,L,,L,,L,,L,,L
CPMI_INSTITUTIONS:A:IN:B1:V:F,"A","Annual","IN","India","B1","Bank type 1","V","Value","F","Accounts, all","A","All users","E","End of period","3","INR","Indian rupee","6","Millions","","3","",57456971.860,A,65890204.705,A,71954798.841,A,74861780.141,A,80792746.210,A,82623217.838,A,84862145.417,A
CPMI_INSTITUTIONS:A:IN:B2:N:A,"A","Annual","IN","India","B2","Bank type 2","N","Number","A","Institutions","A","All users","E","End of period","0","373","Pure Number","0","Units","","3","",20,A,20,A,20,A,21,A,21,A,21,A,22,A
CPMI_INSTITUTIONS:A:IN:B2:N:C,"A","Annual","IN","India","B2","Bank type 2","N","Number","C","Branches or offices","A","All users","E","End of period","0","373","Pure Number","0","Units","","3","",21985,A,18090,A,20070,A,22799,A,24672,A,28768,A,32358,A
CPMI_INSTITUTIONS:A:IN:B2:N:F,"A","Annual","IN","India","B2","Bank type 2","N","Number","F","Accounts, all","A","All users","E","End of period","0","373","Pure Number","0","Units","","3","",,L,,L,,L,,L,,L,,L,,L
CPMI_INSTITUTIONS:A:IN:B2:V:F,"A","Annual","IN","India","B2","Bank type 2","V","Value","F","Accounts, all","A","All users","E","End of period","3","INR","Indian rupee","6","Millions","","3","",13958355.480,A,15916937.028,A,18344697.188,A,21476733.046,A,25648389.631,A,30136880.639,A,37700127.268,A
CPMI_INSTITUTIONS:A:IN:B3:N:A,"A","Annual","IN","India","B3","Bank type 3","N","Number","A","Institutions","A","All users","E","End of period","0","373","Pure Number","0","Units","","3","",62,A,57,A,56,A,56,A,56,A,56,A,53,A
CPMI_INSTITUTIONS:A:IN:B3:N:C,"A","Annual","IN","India","B3","Bank type 3","N","Number","C","Branches or offices","A","All users","E","End of period","0","373","Pure Number","0","Units","","3","",17096,A,18426,A,19472,A,20416,A,21057,A,21747,A,23397,A
CPMI_INSTITUTIONS:A:IN:B3:N:F,"A","Annual","IN","India","B3","Bank type 3","N","Number","F","Accounts, all","A","All users","E","End of period","0","373","Pure Number","0","Units","","3","",,L,,L,,L,,L,,L,,L,,L
CPMI_INSTITUTIONS:A:IN:B3:V:F,"A","Annual","IN","India","B3","Bank type 3","V","Value","F","Accounts, all","A","All users","E","End of period","3","INR","Indian rupee","6","Millions","","3","",2064609.810,A,2333667.520,A,2662091.520,A,3066163.390,A,3650558.640,A,4004590.000,A,4344450.000,A
CPMI_INSTITUTIONS:A:IN:B4:N:A,"A","Annual","IN","India","B4","Bank type 4","N","Number","A","Institutions","A","All users","E","End of period","0","373","Pure Number","0","Units","","3","",1606,A,1589,A,1579,A,1574,A,1562,A,1551,A,1544,A
CPMI_INSTITUTIONS:A:IN:B4:N:C,"A","Annual","IN","India","B4","Bank type 4","N","Number","C","Branches or offices","A","All users","E","End of period","0","373","Pure Number","0","Units","","3","",8790,A,9526,A,9722,A,10091,A,10221,A,10646,A,10366,A
CPMI_INSTITUTIONS:A:IN:B4:N:F,"A","Annual","IN","India","B4","Bank type 4","N","Number","F","Accounts, all","A","All users","E","End of period","0","373","Pure Number","0","Units","","3","",,L,,L,,L,,L,,L,,L,,L
CPMI_INSTITUTIONS:A:IN:B4:V:F,"A","Annual","IN","India","B4","Bank type 4","V","Value","F","Accounts, all","A","All users","E","End of period","3","INR","Indian rupee","6","Millions","","3","",2769000.000,A,3177690.000,A,3551337.200,A,3921759.000,A,4434683.000,A,4565067.826,A,4812347.209,A
CPMI_INSTITUTIONS:A:IN:B5:N:A,"A","Annual","IN","India","B5","Bank type 5","N","Number","A","Institutions","A","All users","E","End of period","0","373","Pure Number","0","Units","","3","",4,A,4,A,4,A,4,A,3,A,3,A,3,A
CPMI_INSTITUTIONS:A:IN:B5:N:C,"A","Annual","IN","India","B5","Bank type 5","N","Number","C","Branches or offices","A","All users","E","End of period","0","373","Pure Number","0","Units","","3","",79,A,90,A,106,A,118,A,80,A,91,A,91,A
CPMI_INSTITUTIONS:A:IN:B5:N:F,"A","Annual","IN","India","B5","Bank type 5","N","Number","F","Accounts, all","A","All users","E","End of period","0","373","Pure Number","0","Units","","3","",,L,,L,,L,,L,,L,,L,,L
CPMI_INSTITUTIONS:A:IN:B5:V:F,"A","Annual","IN","India","B5","Bank type 5","V","Value","F","Accounts, all","A","All users","E","End of period","3","INR","Indian rupee","6","Millions","","3","",13072.542,A,16242.812,A,20100.542,A,23887.438,A,6420.300,A,6511.200,A,7469.333,A
CPMI_INSTITUTIONS:A:IN:BA:N:A,"A","Annual","IN","India","BA","Banks, all","N","Number","A","Institutions","A","All users","E","End of period","0","373","Pure Number","0","Units","","3","",1759,A,1740,A,1730,A,1726,A,1718,A,1698,A,1683,A
CPMI_INSTITUTIONS:A:IN:BA:N:C,"A","Annual","IN","India","BA","Banks, all","N","Number","C","Branches or offices","A","All users","E","End of period","0","373","Pure Number","0","Units","","3","",122093,A,128203,A,136964,A,144164,A,149147,A,154034,A,155276,A
CPMI_INSTITUTIONS:A:IN:BA:N:F,"A","Annual","IN","India","BA","Banks, all","N","Number","F","Accounts, all","A","All users","E","End of period","0","373","Pure Number","0","Units","","3","",,L,,L,,L,,L,,L,,L,,L
CPMI_INSTITUTIONS:A:IN:BA:V:F,"A","Annual","IN","India","BA","Banks, all","V","Value","F","Accounts, all","A","All users","E","End of period","3","INR","Indian rupee","6","Millions","","3","",79139848.313,A,90858981.200,A,100584534.640,A,107937949.124,A,119185857.755,A,126285281.403,A,137519976.863,A
CPMI_INSTITUTIONS:A:IN:CB:N:A,"A","Annual","IN","India","CB","Central banks","N","Number","A","Institutions","A","All users","E","End of period","0","373","Pure Number","0","Units","","3","",1,A,1,A,1,A,1,A,1,A,1,A,1,A
CPMI_INSTITUTIONS:A:IN:CB:N:C,"A","Annual","IN","India","CB","Central banks","N","Number","C","Branches or offices","A","All users","E","End of period","0","373","Pure Number","0","Units","","3","",17,A,17,A,20,A,20,A,30,A,34,A,34,A
CPMI_INSTITUTIONS:A:IN:CB:N:F,"A","Annual","IN","India","CB","Central banks","N","Number","F","Accounts, all","A","All users","E","End of period","0","373","Pure Number","0","Units","","3","",84,A,84,A,48,A,51,A,51,A,119,A,561,A
CPMI_INSTITUTIONS:A:IN:CB:V:F,"A","Annual","IN","India","CB","Central banks","V","Value","F","Accounts, all","A","All users","E","End of period","3","INR","Indian rupee","6","Millions","","3","",2024790.000,A,2327000.000,A,4623961.500,A,4953731.960,A,5414599.590,A,5689589.567,A,6019693.041,A
CPMI_INSTITUTIONS:A:IN:EA:N:A,"A","Annual","IN","India","EA","E-money issuers, all","N","Number","A","Institutions","A","All users","E","End of period","0","373","Pure Number","0","Units","","3","",,,68,A,68,A,76,A,91,A,106,A,104,A
CPMI_INSTITUTIONS:A:IN:EA:V:F,"A","Annual","IN","India","EA","E-money issuers, all","V","Value","F","Accounts, all","A","All users","E","End of period","3","INR","Indian rupee","6","Millions","","3","",10114.8,A,10436.320,A,13919.230,A,21005.920,A,34456.690,A,47626.930,A,60673.624,A
CPMI_INSTITUTIONS:A:IN:EN:N:A,"A","Annual","IN","India","EN","E-money issuers - Non-banks","N","Number","A","Institutions","A","All users","E","End of period","0","373","Pure Number","0","Units","","3","",,L,31,A,30,A,41,A,49,A,46,A,47,A
CPMI_INSTITUTIONS:A:IN:EN:V:F,"A","Annual","IN","India","EN","E-money issuers - Non-banks","V","Value","F","Accounts, all","A","All users","E","End of period","3","INR","Indian rupee","6","Millions","","3","",,,5739.837,A,7310.460,A,12330.252,A,23575.387,A,14665.524,A,19407.995,A
CPMI_INSTITUTIONS:A:IN:FB:N:A,"A","Annual","IN","India","FB","Foreign banks","N","Number","A","Institutions","A","All users","E","End of period","0","373","Pure Number","0","Units","","3","",41,A,43,A,44,A,44,A,43,A,45,A,44,A
CPMI_INSTITUTIONS:A:IN:FB:N:C,"A","Annual","IN","India","FB","Foreign banks","N","Number","C","Branches or offices","A","All users","E","End of period","0","373","Pure Number","0","Units","","3","",325,A,311,A,316,A,320,A,284,A,286,A,299,A
CPMI_INSTITUTIONS:A:IN:FB:N:F,"A","Annual","IN","India","FB","Foreign banks","N","Number","F","Accounts, all","A","All users","E","End of period","0","373","Pure Number","0","Units","","3","",,L,,L,,L,,L,,L,,L,,L
CPMI_INSTITUTIONS:A:IN:FB:V:F,"A","Annual","IN","India","FB","Foreign banks","V","Value","F","Accounts, all","A","All users","E","End of period","3","INR","Indian rupee","6","Millions","","3","",2877838.621,A,3524239.135,A,4051509.349,A,4587626.109,A,4653059.974,A,4949013.900,A,5818178.390,A
CPMI_INSTITUTIONS:A:IN:IA:N:A,"A","Annual","IN","India","IA","Institutions, all","N","Number","A","Institutions","A","All users","E","End of period","0","373","Pure Number","0","Units","","3","",1760,A,1772,A,1761,A,1768,A,1768,A,1745,A,1731,A
CPMI_INSTITUTIONS:A:IN:N1:N:A,"A","Annual","IN","India","N1","Non-banks offering storage of value","N","Number","A","Institutions","A","All users","E","End of period","0","373","Pure Number","0","Units","","3","",,,31,A,30,A,41,A,49,A,46,A,47,A
CPMI_INSTITUTIONS:A:IN:N1:N:C,"A","Annual","IN","India","N1","Non-banks offering storage of value","N","Number","C","Branches or offices","A","All users","E","End of period","0","373","Pure Number","0","Units","","3","",,,,L,,L,,L,,L,,L,,L
CPMI_INSTITUTIONS:A:IN:N1:N:F,"A","Annual","IN","India","N1","Non-banks offering storage of value","N","Number","F","Accounts, all","A","All users","E","End of period","0","373","Pure Number","0","Units","","3","",,,120342250,A,195783640,A,363596979,A,590904653,A,297798611,A,903859176,A
CPMI_INSTITUTIONS:A:IN:N1:V:F,"A","Annual","IN","India","N1","Non-banks offering storage of value","V","Value","F","Accounts, all","A","All users","E","End of period","3","INR","Indian rupee","6","Millions","","3","",,,5739.837,A,7310.460,A,12330.252,A,23575.387,A,14665.524,A,19407.995,A
CPMI_INSTITUTIONS:A:IN:N2:N:A,"A","Annual","IN","India","N2","Non-banks relying on storage of value offered by others","N","Number","A","Institutions","A","All users","E","End of period","0","373","Pure Number","0","Units","","3","",,,,L,,L,,L,,L,,L,,L
CPMI_INSTITUTIONS:A:IN:NA:N:A,"A","Annual","IN","India","NA","Non-banks, all","N","Number","A","Institutions","A","All users","E","End of period","0","373","Pure Number","0","Units","","3","",0,A,31,A,30,A,41,A,49,A,46,A,47,A
CPMI_INSTITUTIONS:A:IT:B1:N:A,"A","Annual","IT","Italy","B1","Bank type 1","N","Number","A","Institutions","A","All users","E","End of period","0","373","Pure Number","0","Units","","3","",197,A,182,A,171,A,164,A,162,A,147,A,136,A
CPMI_INSTITUTIONS:A:IT:B1:N:C,"A","Annual","IT","Italy","B1","Bank type 1","N","Number","C","Branches or offices","A","All users","E","End of period","0","373","Pure Number","0","Units","","3","",22642,A,21123,A,19778,A,19430,A,20533,A,21333,A,19451,A
CPMI_INSTITUTIONS:A:IT:B1:N:F,"A","Annual","IT","Italy","B1","Bank type 1","N","Number","F","Accounts, all","A","All users","E","End of period","0","373","Pure Number","0","Units","","3","",27049748,A,26959960,A,26696991,A,27558554,A,30741492,A,34027367,A,34404556,A
CPMI_INSTITUTIONS:A:IT:B1:V:F,"A","Annual","IT","Italy","B1","Bank type 1","V","Value","F","Accounts, all","A","All users","E","End of period","3","EUR","Euro","6","Millions","","3","",528792.93,A,533651.91,A,560802.31,A,613040.68,A,664805.326,A,869908.17,A,902363.55,A
CPMI_INSTITUTIONS:A:IT:B2:N:A,"A","Annual","IT","Italy","B2","Bank type 2","N","Number","A","Institutions","A","All users","E","End of period","0","373","Pure Number","0","Units","","3","",37,A,37,A,37,A,33,A,25,A,23,A,22,A
CPMI_INSTITUTIONS:A:IT:B2:N:C,"A","Annual","IT","Italy","B2","Bank type 2","N","Number","C","Branches or offices","A","All users","E","End of period","0","373","Pure Number","0","Units","","3","",5649,A,5929,A,6278,A,6144,A,3973,A,1619,A,1559,A
CPMI_INSTITUTIONS:A:IT:B2:N:F,"A","Annual","IT","Italy","B2","Bank type 2","N","Number","F","Accounts, all","A","All users","E","End of period","0","373","Pure Number","0","Units","","3","",5167341,A,5747379,A,6639101,A,6632202,A,4435339,A,1629523,A,1651740,A
CPMI_INSTITUTIONS:A:IT:B2:V:F,"A","Annual","IT","Italy","B2","Bank type 2","V","Value","F","Accounts, all","A","All users","E","End of period","3","EUR","Euro","6","Millions","","3","",113988.19,A,127525.9,A,153068.65,A,154360.26,A,118279.847,A,52563.405,A,49766.072,A
CPMI_INSTITUTIONS:A:IT:B3:N:A,"A","Annual","IT","Italy","B3","Bank type 3","N","Number","A","Institutions","A","All users","E","End of period","0","373","Pure Number","0","Units","","3","",394,A,385,A,376,A,365,A,334,A,289,A,268,A
CPMI_INSTITUTIONS:A:IT:B3:N:C,"A","Annual","IT","Italy","B3","Bank type 3","N","Number","C","Branches or offices","A","All users","E","End of period","0","373","Pure Number","0","Units","","3","",4445,A,4449,A,4432,A,4430,A,4350,A,4257,A,4235,A
CPMI_INSTITUTIONS:A:IT:B3:N:F,"A","Annual","IT","Italy","B3","Bank type 3","N","Number","F","Accounts, all","A","All users","E","End of period","0","373","Pure Number","0","Units","","3","",4450734,A,4035789,A,4146446,A,4298657,A,4433795,A,4508003,A,4647342,A
CPMI_INSTITUTIONS:A:IT:B3:V:F,"A","Annual","IT","Italy","B3","Bank type 3","V","Value","F","Accounts, all","A","All users","E","End of period","3","EUR","Euro","6","Millions","","3","",60565.707,A,62757.911,A,69299.411,A,76443.111,A,87260.897,A,93381.904,A,96810.293,A
CPMI_INSTITUTIONS:A:IT:BA:N:A,"A","Annual","IT","Italy","BA","Banks, all","N","Number","A","Institutions","A","All users","E","End of period","0","373","Pure Number","0","Units","","3","",706,A,684,A,664,A,643,A,604,A,538,A,505,A
CPMI_INSTITUTIONS:A:IT:BA:N:C,"A","Annual","IT","Italy","BA","Banks, all","N","Number","C","Branches or offices","A","All users","E","End of period","0","373","Pure Number","0","Units","","3","",33061,A,31761,A,30740,A,30258,A,29027,A,27374,A,25404,A
CPMI_INSTITUTIONS:A:IT:BA:N:F,"A","Annual","IT","Italy","BA","Banks, all","N","Number","F","Accounts, all","A","All users","E","End of period","0","373","Pure Number","0","Units","","3","",37193769,A,37355824,A,38172900,A,39254858,A,40315414,A,40951122,A,41608101,A
CPMI_INSTITUTIONS:A:IT:BA:N:I,"A","Annual","IT","Italy","BA","Banks, all","N","Number","I","Accounts, Internet-linked","A","All users","E","End of period","0","373","Pure Number","0","Units","Internet-linked overnight deposits other than payment accounts are included","3","",27934100,A,31426200,A,32093000,A,33721300,A,35540300,A,37914300,A,39464700,A
CPMI_INSTITUTIONS:A:IT:BA:V:F,"A","Annual","IT","Italy","BA","Banks, all","V","Value","F","Accounts, all","A","All users","E","End of period","3","EUR","Euro","6","Millions","","3","",724660.94,A,741866.33,A,809705.78,A,881182.63,A,911480.41,A,1053918.6,A,1097165.3,A
CPMI_INSTITUTIONS:A:IT:CB:N:A,"A","Annual","IT","Italy","CB","Central banks","N","Number","A","Institutions","A","All users","E","End of period","0","373","Pure Number","0","Units","","3","",1,A,1,A,1,A,1,A,1,A,1,A,1,A
CPMI_INSTITUTIONS:A:IT:CB:N:C,"A","Annual","IT","Italy","CB","Central banks","N","Number","C","Branches or offices","A","All users","E","End of period","0","373","Pure Number","0","Units","","3","",52,A,52,A,52,A,43,A,39,A,39,A,33,A
CPMI_INSTITUTIONS:A:IT:CB:N:F,"A","Annual","IT","Italy","CB","Central banks","N","Number","F","Accounts, all","A","All users","E","End of period","0","373","Pure Number","0","Units","","3","",120,A,85,A,36,A,28,A,27,A,25,A,25,A
CPMI_INSTITUTIONS:A:IT:CB:V:F,"A","Annual","IT","Italy","CB","Central banks","V","Value","F","Accounts, all","A","All users","E","End of period","3","EUR","Euro","6","Millions","","3","",9663,A,10183,A,9405,A,8019,A,18411,A,16194,A,45743,A
CPMI_INSTITUTIONS:A:IT:EA:N:A,"A","Annual","IT","Italy","EA","E-money issuers, all","N","Number","A","Institutions","A","All users","E","End of period","0","373","Pure Number","0","Units","All banks are authorised to issue e-money","3","",711,A,689,A,670,A,648,A,609,A,543,A,512,A
CPMI_INSTITUTIONS:A:IT:EA:V:F,"A","Annual","IT","Italy","EA","E-money issuers, all","V","Value","F","Accounts, all","A","All users","E","End of period","3","EUR","Euro","6","Millions","","3","",,L,,L,,L,,L,,L,,L,,L
CPMI_INSTITUTIONS:A:IT:EN:N:A,"A","Annual","IT","Italy","EN","E-money issuers - Non-banks","N","Number","A","Institutions","A","All users","E","End of period","0","373","Pure Number","0","Units","","3","",4,A,5,A,5,A,4,A,4,A,4,A,7,A
CPMI_INSTITUTIONS:A:IT:EN:V:F,"A","Annual","IT","Italy","EN","E-money issuers - Non-banks","V","Value","F","Accounts, all","A","All users","E","End of period","3","EUR","Euro","6","Millions","","3","",,L,,L,,L,,L,,L,,L,,L
CPMI_INSTITUTIONS:A:IT:FB:N:A,"A","Annual","IT","Italy","FB","Foreign banks","N","Number","A","Institutions","A","All users","E","End of period","0","373","Pure Number","0","Units","","3","",78,A,80,A,80,A,81,A,83,A,79,A,79,A
CPMI_INSTITUTIONS:A:IT:FB:N:C,"A","Annual","IT","Italy","FB","Foreign banks","N","Number","C","Branches or offices","A","All users","E","End of period","0","373","Pure Number","0","Units","","3","",325,A,260,A,252,A,254,A,171,A,165,A,159,A
CPMI_INSTITUTIONS:A:IT:FB:N:F,"A","Annual","IT","Italy","FB","Foreign banks","N","Number","F","Accounts, all","A","All users","E","End of period","0","373","Pure Number","0","Units","","3","",525946,A,612696,A,690362,A,765445,A,704788,A,786229,A,904463,A
CPMI_INSTITUTIONS:A:IT:FB:V:F,"A","Annual","IT","Italy","FB","Foreign banks","V","Value","F","Accounts, all","A","All users","E","End of period","3","EUR","Euro","6","Millions","","3","",21314.118,A,17930.603,A,26535.413,A,37338.572,A,41134.345,A,38065.153,A,48225.434,A
CPMI_INSTITUTIONS:A:IT:IA:N:A,"A","Annual","IT","Italy","IA","Institutions, all","N","Number","A","Institutions","A","All users","E","End of period","0","373","Pure Number","0","Units","","3","",754,A,734,A,711,A,687,A,649,A,583,A,551,A
CPMI_INSTITUTIONS:A:IT:N1:N:A,"A","Annual","IT","Italy","N1","Non-banks offering storage of value","N","Number","A","Institutions","A","All users","E","End of period","0","373","Pure Number","0","Units","Post Office and Payment instituions with full operativity are included","3","",34,A,37,A,35,A,37,A,38,A,38,A,39,A
CPMI_INSTITUTIONS:A:IT:N1:N:C,"A","Annual","IT","Italy","N1","Non-banks offering storage of value","N","Number","C","Branches or offices","A","All users","E","End of period","0","373","Pure Number","0","Units","","3","",13160,A,12941,A,13069,A,12903,A,12576,A,12580,A,12750,A
CPMI_INSTITUTIONS:A:IT:N1:N:F,"A","Annual","IT","Italy","N1","Non-banks offering storage of value","N","Number","F","Accounts, all","A","All users","E","End of period","0","373","Pure Number","0","Units","","3","",5815777,A,5894879,A,6055700,A,6253200,A,6206500,A,6185500,A,6219700,A
CPMI_INSTITUTIONS:A:IT:N1:V:F,"A","Annual","IT","Italy","N1","Non-banks offering storage of value","V","Value","F","Accounts, all","A","All users","E","End of period","3","EUR","Euro","6","Millions","","3","",41452,A,43903,A,43953,A,45169,A,49643,A,55769,A,58700,A
CPMI_INSTITUTIONS:A:IT:N2:N:A,"A","Annual","IT","Italy","N2","Non-banks relying on storage of value offered by others","N","Number","A","Institutions","A","All users","E","End of period","0","373","Pure Number","0","Units","","3","",13,A,12,A,11,A,6,A,6,A,6,A,6,A
CPMI_INSTITUTIONS:A:IT:NA:N:A,"A","Annual","IT","Italy","NA","Non-banks, all","N","Number","A","Institutions","A","All users","E","End of period","0","373","Pure Number","0","Units","Payment Institutions and the Post Office are included","3","",47,A,49,A,46,A,43,A,44,A,44,A,45,A
CPMI_INSTITUTIONS:A:JP:B1:N:A,"A","Annual","JP","Japan","B1","Bank type 1","N","Number","A","Institutions","A","All users","E","End of period","0","373","Pure Number","0","Units","As of end-March of the following year.  Includes city banks, regional banks, regional banks II, trust banks, other banks and Japan Post Bank.","3","",141,A,140,A,140,A,140,A,140,A,138,A,136,A
CPMI_INSTITUTIONS:A:JP:B1:N:C,"A","Annual","JP","Japan","B1","Bank type 1","N","Number","C","Branches or offices","A","All users","E","End of period","0","373","Pure Number","0","Units","As of end-March of the following year.  Includes city banks, regional banks, regional banks II, trust banks, other banks and Japan Post Bank.","3","",36156,A,36140,A,36111,A,36104,A,36031,A,36020,A,,L
CPMI_INSTITUTIONS:A:JP:B1:N:F,"A","Annual","JP","Japan","B1","Bank type 1","N","Number","F","Accounts, all","A","All users","E","End of period","0","373","Pure Number","0","Units","As of end-March of the following year.  Includes city banks, regional banks, regional banks II, trust banks and other banks.","3","",316572541,A,315549406,A,315759581,A,315971122,A,321737385,A,322200535,A,326539347,A
CPMI_INSTITUTIONS:A:JP:B1:V:F,"A","Annual","JP","Japan","B1","Bank type 1","V","Value","F","Accounts, all","A","All users","E","End of period","3","JPY","Yen","6","Millions","Average for March of the following year.  Includes city banks, regional banks, regional banks II, trust banks, other banks and Japan Post Bank.","3","",390704846,A,411654682,A,433050560,A,456768660,A,502469601,A,535337250,A,567886495,A
CPMI_INSTITUTIONS:A:JP:B2:N:A,"A","Annual","JP","Japan","B2","Bank type 2","N","Number","A","Institutions","A","All users","E","End of period","0","373","Pure Number","0","Units","As of end-March of the following year.  Includes shinkin banks, Shinkin Central Bank, Norinchukin Bank, Shoko Chukin Bank, Shinkumi Federation Bank, National Federation of Labour Credit Associations, credit cooperatives, labour credit associations, agricultural cooperatives and fishery cooperatives.","3","",1293,A,1271,A,1223,A,1185,A,1170,A,1156,A,1127,A
CPMI_INSTITUTIONS:A:JP:B2:N:C,"A","Annual","JP","Japan","B2","Bank type 2","N","Number","C","Branches or offices","A","All users","E","End of period","0","373","Pure Number","0","Units","As of end-March of the following year.  Includes shinkin banks, Shinkin Central Bank, Norinchukin Bank, Shoko Chukin Bank, Shinkumi Federation Bank, National Federation of Labour Credit Associations, credit cooperatives, labour credit associations, agricultural cooperatives and fishery cooperatives.","3","",18235,A,18067,A,17834,A,17638,A,17434,A,17242,A,17038,A
CPMI_INSTITUTIONS:A:JP:B2:N:F,"A","Annual","JP","Japan","B2","Bank type 2","N","Number","F","Accounts, all","A","All users","E","End of period","0","373","Pure Number","0","Units","As of end-March of the following year.  Figures for shinkin banks only.","3","",72863046,A,72088393,A,71478951,A,70855364,A,70127049,A,69214399,A,68196895,A
CPMI_INSTITUTIONS:A:JP:B2:V:F,"A","Annual","JP","Japan","B2","Bank type 2","V","Value","F","Accounts, all","A","All users","E","End of period","3","JPY","Yen","6","Millions","Average for March of the following year.  Figures for shinkin banks only.","3","",43099000,A,45280100,A,47581700,A,49455200,A,52773500,A,55960500,A,59230800,A
CPMI_INSTITUTIONS:A:JP:BA:N:A,"A","Annual","JP","Japan","BA","Banks, all","N","Number","A","Institutions","A","All users","E","End of period","0","373","Pure Number","0","Units","As of end-March of the following year.","3","",1491,A,1466,A,1417,A,1378,A,1362,A,1350,A,1319,A
CPMI_INSTITUTIONS:A:JP:BA:N:C,"A","Annual","JP","Japan","BA","Banks, all","N","Number","C","Branches or offices","A","All users","E","End of period","0","373","Pure Number","0","Units","As of end-March of the following year.","3","",54469,A,54283,A,54017,A,53812,A,53536,A,53336,A,,L
CPMI_INSTITUTIONS:A:JP:BA:N:F,"A","Annual","JP","Japan","BA","Banks, all","N","Number","F","Accounts, all","A","All users","E","End of period","0","373","Pure Number","0","Units","As of end-March of the following year.  Sum of available data.","3","",389435587,A,387637799,A,387238532,A,386826486,A,391864434,A,391414934,A,394736242,A
CPMI_INSTITUTIONS:A:JP:BA:N:I,"A","Annual","JP","Japan","BA","Banks, all","N","Number","I","Accounts, Internet-linked","A","All users","E","End of period","0","373","Pure Number","0","Units","","3","",,L,,L,,L,,L,,L,,L,,L
CPMI_INSTITUTIONS:A:JP:BA:V:F,"A","Annual","JP","Japan","BA","Banks, all","V","Value","F","Accounts, all","A","All users","E","End of period","3","JPY","Yen","6","Millions","Average for March of the following year.  Sum of available data.","3","",434455246,A,457678182,A,481652860,A,507292060,A,556225301,A,593106750,A,628759395,A
CPMI_INSTITUTIONS:A:JP:CB:N:A,"A","Annual","JP","Japan","CB","Central banks","N","Number","A","Institutions","A","All users","E","End of period","0","373","Pure Number","0","Units","As of end-March of the following year.","3","",1,A,1,A,1,A,1,A,1,A,1,A,1,A
CPMI_INSTITUTIONS:A:JP:CB:N:C,"A","Annual","JP","Japan","CB","Central banks","N","Number","C","Branches or offices","A","All users","E","End of period","0","373","Pure Number","0","Units","As of end-March of the following year.","3","",33,A,33,A,33,A,33,A,33,A,33,A,33,A
CPMI_INSTITUTIONS:A:JP:CB:N:F,"A","Annual","JP","Japan","CB","Central banks","N","Number","F","Accounts, all","A","All users","E","End of period","0","373","Pure Number","0","Units","As of end-March of the following year.","3","",549,A,539,A,538,A,534,A,535,A,532,A,529,A
CPMI_INSTITUTIONS:A:JP:CB:V:F,"A","Annual","JP","Japan","CB","Central banks","V","Value","F","Accounts, all","A","All users","E","End of period","3","JPY","Yen","6","Millions","Average for March of the following year.","3","",47367400,A,117888200,A,188238200,A,262750200,A,332087700,A,367406600,A,382140100,A
CPMI_INSTITUTIONS:A:JP:EA:N:A,"A","Annual","JP","Japan","EA","E-money issuers, all","N","Number","A","Institutions","A","All users","E","End of period","0","373","Pure Number","0","Units","","3","",,L,,L,,L,,L,,L,,L,,L
CPMI_INSTITUTIONS:A:JP:EA:V:F,"A","Annual","JP","Japan","EA","E-money issuers, all","V","Value","F","Accounts, all","A","All users","E","End of period","3","JPY","Yen","6","Millions","As of end-March of the following year.  Based on the survey by the Bank of Japan.  This is the sum of the eight major electronic money companies in Japan.","3","",165871,A,193477,A,218248,A,245604,A,265576,A,289574,A,313680,A
CPMI_INSTITUTIONS:A:JP:EN:N:A,"A","Annual","JP","Japan","EN","E-money issuers - Non-banks","N","Number","A","Institutions","A","All users","E","End of period","0","373","Pure Number","0","Units","","3","",,L,,L,,L,,L,,L,,L,,L
CPMI_INSTITUTIONS:A:JP:EN:V:F,"A","Annual","JP","Japan","EN","E-money issuers - Non-banks","V","Value","F","Accounts, all","A","All users","E","End of period","3","JPY","Yen","6","Millions","","3","",,L,,L,,L,,L,,L,,L,,L
CPMI_INSTITUTIONS:A:JP:FB:N:A,"A","Annual","JP","Japan","FB","Foreign banks","N","Number","A","Institutions","A","All users","E","End of period","0","373","Pure Number","0","Units","As of end-March of the following year.","3","",57,A,55,A,54,A,53,A,52,A,56,A,56,A
CPMI_INSTITUTIONS:A:JP:FB:N:C,"A","Annual","JP","Japan","FB","Foreign banks","N","Number","C","Branches or offices","A","All users","E","End of period","0","373","Pure Number","0","Units","As of end-March of the following year.","3","",78,A,76,A,72,A,70,A,71,A,74,A,,L
CPMI_INSTITUTIONS:A:JP:FB:N:F,"A","Annual","JP","Japan","FB","Foreign banks","N","Number","F","Accounts, all","A","All users","E","End of period","0","373","Pure Number","0","Units","","3","",,L,,L,,L,,L,,L,,L,,L
CPMI_INSTITUTIONS:A:JP:FB:V:F,"A","Annual","JP","Japan","FB","Foreign banks","V","Value","F","Accounts, all","A","All users","E","End of period","3","JPY","Yen","6","Millions","Average for March of the following year.","3","",651400,A,743400,A,1020600,A,1068200,A,982200,A,1809000,A,1642100,A
CPMI_INSTITUTIONS:A:JP:IA:N:A,"A","Annual","JP","Japan","IA","Institutions, all","N","Number","A","Institutions","A","All users","E","End of period","0","373","Pure Number","0","Units","","3","",,L,,L,,L,,L,,L,,L,,L
CPMI_INSTITUTIONS:A:JP:N1:N:A,"A","Annual","JP","Japan","N1","Non-banks offering storage of value","N","Number","A","Institutions","A","All users","E","End of period","0","373","Pure Number","0","Units","As of end-March of the following year.  Total of registered ""Issuers of Prepaid Payment Instruments for Third-Party Business"" and ""Funds Transfer Service Providers"" (not mutually exclusive). Issuers of Prepaid Payment Instruments includes issuers of paper-based prepaid payment instruments.","3","",1100,A,1085,A,1063,A,1046,A,1048,A,1032,A,1016,A
CPMI_INSTITUTIONS:A:JP:N1:N:C,"A","Annual","JP","Japan","N1","Non-banks offering storage of value","N","Number","C","Branches or offices","A","All users","E","End of period","0","373","Pure Number","0","Units","","3","",,L,,L,,L,,L,,L,,L,,L
CPMI_INSTITUTIONS:A:JP:N1:N:F,"A","Annual","JP","Japan","N1","Non-banks offering storage of value","N","Number","F","Accounts, all","A","All users","E","End of period","0","373","Pure Number","0","Units","","3","",,L,,L,,L,,L,,L,,L,,L
CPMI_INSTITUTIONS:A:JP:N1:V:F,"A","Annual","JP","Japan","N1","Non-banks offering storage of value","V","Value","F","Accounts, all","A","All users","E","End of period","3","JPY","Yen","6","Millions","","3","",,L,,L,,L,,L,,L,,L,,L
CPMI_INSTITUTIONS:A:JP:N2:N:A,"A","Annual","JP","Japan","N2","Non-banks relying on storage of value offered by others","N","Number","A","Institutions","A","All users","E","End of period","0","373","Pure Number","0","Units","","3","",,L,,L,,L,,L,,L,,L,,L
CPMI_INSTITUTIONS:A:JP:NA:N:A,"A","Annual","JP","Japan","NA","Non-banks, all","N","Number","A","Institutions","A","All users","E","End of period","0","373","Pure Number","0","Units","","3","",,L,,L,,L,,L,,L,,L,,L
CPMI_INSTITUTIONS:A:KR:B1:N:A,"A","Annual","KR","Korea","B1","Bank type 1","N","Number","A","Institutions","A","All users","E","End of period","0","373","Pure Number","0","Units","","3","",13,A,13,A,13,A,12,A,12,A,14,A,14,A
CPMI_INSTITUTIONS:A:KR:B1:N:C,"A","Annual","KR","Korea","B1","Bank type 1","N","Number","C","Branches or offices","A","All users","E","End of period","0","373","Pure Number","0","Units","","3","",5767,A,5666,A,5487,A,5380,A,5222,A,4925,A,4883,A
CPMI_INSTITUTIONS:A:KR:B1:N:F,"A","Annual","KR","Korea","B1","Bank type 1","N","Number","F","Accounts, all","A","All users","E","End of period","0","373","Pure Number","0","Units","","3","",,L,,L,,L,,L,,L,,L,,L
CPMI_INSTITUTIONS:A:KR:B1:V:F,"A","Annual","KR","Korea","B1","Bank type 1","V","Value","F","Accounts, all","A","All users","E","End of period","3","KRW","Won","6","Millions","","3","",65903300,A,73314700,A,76865800,A,92616000,A,105831100,A,113650800,A,,L
CPMI_INSTITUTIONS:A:KR:B2:N:A,"A","Annual","KR","Korea","B2","Bank type 2","N","Number","A","Institutions","A","All users","E","End of period","0","373","Pure Number","0","Units","Korea Development Bank, Industrial Bank of Korea, Export-Import Bank of Korea, Nonghyup and National Federation of Fisheries.","3","",5,A,5,A,5,A,5,A,5,A,5,A,5,A
CPMI_INSTITUTIONS:A:KR:B2:N:C,"A","Annual","KR","Korea","B2","Bank type 2","N","Number","C","Branches or offices","A","All users","E","End of period","0","373","Pure Number","0","Units","","3","",2068,A,2080,A,2070,A,2065,A,2059,A,2046,A,2070,A
CPMI_INSTITUTIONS:A:KR:B2:N:F,"A","Annual","KR","Korea","B2","Bank type 2","N","Number","F","Accounts, all","A","All users","E","End of period","0","373","Pure Number","0","Units","","3","",,L,,L,,L,,L,,L,,L,,L
CPMI_INSTITUTIONS:A:KR:B2:V:F,"A","Annual","KR","Korea","B2","Bank type 2","V","Value","F","Accounts, all","A","All users","E","End of period","3","KRW","Won","6","Millions","","3","",32829700,A,35351300,A,42884000,A,58021600,A,68405400,A,74143000,A,,L
CPMI_INSTITUTIONS:A:KR:BA:N:A,"A","Annual","KR","Korea","BA","Banks, all","N","Number","A","Institutions","A","All users","E","End of period","0","373","Pure Number","0","Units","","3","",57,A,57,A,57,A,59,A,60,A,57,A,57,A
CPMI_INSTITUTIONS:A:KR:BA:N:C,"A","Annual","KR","Korea","BA","Banks, all","N","Number","C","Branches or offices","A","All users","E","End of period","0","373","Pure Number","0","Units","","3","",7908,A,7819,A,7621,A,7512,A,7346,A,7032,A,7016,A
CPMI_INSTITUTIONS:A:KR:BA:N:F,"A","Annual","KR","Korea","BA","Banks, all","N","Number","F","Accounts, all","A","All users","E","End of period","0","373","Pure Number","0","Units","","3","",33869000,A,37267000,A,39008000,A,35809000,A,37411000,A,44370000,A,50209000,A
CPMI_INSTITUTIONS:A:KR:BA:N:I,"A","Annual","KR","Korea","BA","Banks, all","N","Number","I","Accounts, Internet-linked","A","All users","E","End of period","0","373","Pure Number","0","Units","","3","",,L,,L,,L,,L,,L,,L,,L
CPMI_INSTITUTIONS:A:KR:BA:V:F,"A","Annual","KR","Korea","BA","Banks, all","V","Value","F","Accounts, all","A","All users","E","End of period","3","KRW","Won","6","Millions","Demand deposits only.","3","",100932500,A,111405900,A,122815400,A,155418600,A,179939200,A,194277600,A,202394800,A
CPMI_INSTITUTIONS:A:KR:CB:N:A,"A","Annual","KR","Korea","CB","Central banks","N","Number","A","Institutions","A","All users","E","End of period","0","373","Pure Number","0","Units","","3","",1,A,1,A,1,A,1,A,1,A,1,A,1,A
CPMI_INSTITUTIONS:A:KR:CB:N:C,"A","Annual","KR","Korea","CB","Central banks","N","Number","C","Branches or offices","A","All users","E","End of period","0","373","Pure Number","0","Units","","3","",17,A,17,A,17,A,17,A,17,A,17,A,17,A
CPMI_INSTITUTIONS:A:KR:CB:N:F,"A","Annual","KR","Korea","CB","Central banks","N","Number","F","Accounts, all","A","All users","E","End of period","0","373","Pure Number","0","Units","","3","",339,A,340,A,340,A,354,A,344,A,341,A,338,A
CPMI_INSTITUTIONS:A:KR:CB:V:F,"A","Annual","KR","Korea","CB","Central banks","V","Value","F","Accounts, all","A","All users","E","End of period","3","KRW","Won","6","Millions","","3","",34010711,A,40892416,A,41397586,A,43425735,A,45123687,A,46698435,A,53423936,A
CPMI_INSTITUTIONS:A:KR:EA:N:A,"A","Annual","KR","Korea","EA","E-money issuers, all","N","Number","A","Institutions","A","All users","E","End of period","0","373","Pure Number","0","Units","","3","",3,A,3,A,3,A,3,A,3,A,3,A,2,A
CPMI_INSTITUTIONS:A:KR:EA:V:F,"A","Annual","KR","Korea","EA","E-money issuers, all","V","Value","F","Accounts, all","A","All users","E","End of period","3","KRW","Won","6","Millions","","3","",10797,A,10580,A,10181,A,9103,A,9200,A,8861,A,5600,A
CPMI_INSTITUTIONS:A:KR:EN:N:A,"A","Annual","KR","Korea","EN","E-money issuers - Non-banks","N","Number","A","Institutions","A","All users","E","End of period","0","373","Pure Number","0","Units","","3","",3,A,3,A,3,A,3,A,3,A,3,A,2,A
CPMI_INSTITUTIONS:A:KR:EN:V:F,"A","Annual","KR","Korea","EN","E-money issuers - Non-banks","V","Value","F","Accounts, all","A","All users","E","End of period","3","KRW","Won","6","Millions","","3","",,L,,L,,L,,L,,L,,L,,L
CPMI_INSTITUTIONS:A:KR:FB:N:A,"A","Annual","KR","Korea","FB","Foreign banks","N","Number","A","Institutions","A","All users","E","End of period","0","373","Pure Number","0","Units","","3","",39,A,39,A,39,A,42,A,43,A,38,A,38,A
CPMI_INSTITUTIONS:A:KR:FB:N:C,"A","Annual","KR","Korea","FB","Foreign banks","N","Number","C","Branches or offices","A","All users","E","End of period","0","373","Pure Number","0","Units","","3","",73,A,73,A,64,A,67,A,65,A,61,A,63,A
CPMI_INSTITUTIONS:A:KR:FB:N:F,"A","Annual","KR","Korea","FB","Foreign banks","N","Number","F","Accounts, all","A","All users","E","End of period","0","373","Pure Number","0","Units","","3","",,L,,L,,L,,L,,L,,L,,L
CPMI_INSTITUTIONS:A:KR:FB:V:F,"A","Annual","KR","Korea","FB","Foreign banks","V","Value","F","Accounts, all","A","All users","E","End of period","3","KRW","Won","6","Millions","","3","",2199500,A,2739900,A,3065600,A,4781000,A,5702700,A,6483800,A,,L
CPMI_INSTITUTIONS:A:KR:IA:N:A,"A","Annual","KR","Korea","IA","Institutions, all","N","Number","A","Institutions","A","All users","E","End of period","0","373","Pure Number","0","Units","","3","",3837,A,3809,A,3734,A,3737,A,3724,A,3718,A,3703,A
CPMI_INSTITUTIONS:A:KR:N1:N:A,"A","Annual","KR","Korea","N1","Non-banks offering storage of value","N","Number","A","Institutions","A","All users","E","End of period","0","373","Pure Number","0","Units","Mutual Savings Banks, Credit Unions, Mutual Credits and Community Credit Cooperatives, Korea Post and Financial investment companies.","3","",3779,A,3751,A,3676,A,3605,A,3578,A,3569,A,3543,A
CPMI_INSTITUTIONS:A:KR:N1:N:C,"A","Annual","KR","Korea","N1","Non-banks offering storage of value","N","Number","C","Branches or offices","A","All users","E","End of period","0","373","Pure Number","0","Units","","3","",11089,A,10881,A,10456,A,10299,A,10211,A,10145,A,10139,A
CPMI_INSTITUTIONS:A:KR:N1:N:F,"A","Annual","KR","Korea","N1","Non-banks offering storage of value","N","Number","F","Accounts, all","A","All users","E","End of period","0","373","Pure Number","0","Units","","3","",,L,,L,,L,,L,,L,,L,,L
CPMI_INSTITUTIONS:A:KR:N1:V:F,"A","Annual","KR","Korea","N1","Non-banks offering storage of value","V","Value","F","Accounts, all","A","All users","E","End of period","3","KRW","Won","6","Millions","Demand deposit, Customer's deposit and Cash Management Accounts.","3","",46871026,A,45702404,A,52007576,A,60797066,A,71000234,A,75893555,A,75391200,A
CPMI_INSTITUTIONS:A:KR:N2:N:A,"A","Annual","KR","Korea","N2","Non-banks relying on storage of value offered by others","N","Number","A","Institutions","A","All users","E","End of period","0","373","Pure Number","0","Units","This number is the sum of electronic funds transfer service providers, electronic payment settlement agency  etc which are registered as electronic fiancial business entity by Financial Service Commision.","3","",,L,,L,,L,72,A,85,A,91,A,102,A
CPMI_INSTITUTIONS:A:KR:NA:N:A,"A","Annual","KR","Korea","NA","Non-banks, all","N","Number","A","Institutions","A","All users","E","End of period","0","373","Pure Number","0","Units","","3","",,L,,L,,L,3677,A,3663,A,3660,A,3645,A
CPMI_INSTITUTIONS:A:MX:B1:N:A,"A","Annual","MX","Mexico","B1","Bank type 1","N","Number","A","Institutions","A","All users","E","End of period","0","373","Pure Number","0","Units","","3","",43.0000,A,46.0000,A,46.0000,A,46.0000,A,47.0000,A,52.0000,A,51.0000,A
CPMI_INSTITUTIONS:A:MX:B1:N:C,"A","Annual","MX","Mexico","B1","Bank type 1","N","Number","C","Branches or offices","A","All users","E","End of period","0","373","Pure Number","0","Units","","3","",12977.0000,A,13177.0000,A,13361.0000,A,12849.0000,A,13153.0000,A,12744.0000,A,12792.0000,A
CPMI_INSTITUTIONS:A:MX:B1:N:F,"A","Annual","MX","Mexico","B1","Bank type 1","N","Number","F","Accounts, all","A","All users","E","End of period","0","373","Pure Number","0","Units","","3","",79840391.0000,A,79226963.0000,A,77498094.0000,A,84078463.0000,A,90483576.0000,A,86170238.0000,A,91240846.0000,A
CPMI_INSTITUTIONS:A:MX:B1:V:F,"A","Annual","MX","Mexico","B1","Bank type 1","V","Value","F","Accounts, all","A","All users","E","End of period","3","MXN","Mexican peso","6","Millions","","3","",1781713.8800,A,1993472.2400,A,2237272.5500,A,2551116.7700,A,2931012.3400,A,3229370.6800,A,3299246.9100,A
CPMI_INSTITUTIONS:A:MX:B2:N:A,"A","Annual","MX","Mexico","B2","Bank type 2","N","Number","A","Institutions","A","All users","E","End of period","0","373","Pure Number","0","Units","","3","",6.0000,A,6.0000,A,6.0000,A,6.0000,A,6.0000,A,6.0000,A,5.0000,A
CPMI_INSTITUTIONS:A:MX:B2:N:C,"A","Annual","MX","Mexico","B2","Bank type 2","N","Number","C","Branches or offices","A","All users","E","End of period","0","373","Pure Number","0","Units","","3","",564.0000,A,596.0000,A,663.0000,A,615.0000,A,631.0000,A,612.0000,A,616.0000,A
CPMI_INSTITUTIONS:A:MX:B2:N:F,"A","Annual","MX","Mexico","B2","Bank type 2","N","Number","F","Accounts, all","A","All users","E","End of period","0","373","Pure Number","0","Units","","3","",8885988.0000,A,9454577.0000,A,10358367.0000,A,10999298.0000,A,11592606.0000,A,12767101.0000,A,13450632.0000,A
CPMI_INSTITUTIONS:A:MX:B2:V:F,"A","Annual","MX","Mexico","B2","Bank type 2","V","Value","F","Accounts, all","A","All users","E","End of period","3","MXN","Mexican peso","6","Millions","","3","",14649.9800,A,25176.3700,A,39074.7100,A,33787.0000,A,41668.3100,A,47351.4100,A,46924.0900,A
CPMI_INSTITUTIONS:A:MX:BA:N:A,"A","Annual","MX","Mexico","BA","Banks, all","N","Number","A","Institutions","A","All users","E","End of period","0","373","Pure Number","0","Units","","3","",49.0000,A,52.0000,A,52.0000,A,52.0000,A,53.0000,A,58.0000,A,56.0000,A
CPMI_INSTITUTIONS:A:MX:BA:N:C,"A","Annual","MX","Mexico","BA","Banks, all","N","Number","C","Branches or offices","A","All users","E","End of period","0","373","Pure Number","0","Units","","3","",13541.0000,A,13773.0000,A,14024.0000,A,13464.0000,A,13784.0000,A,13356.0000,A,13408.0000,A
CPMI_INSTITUTIONS:A:MX:BA:N:F,"A","Annual","MX","Mexico","BA","Banks, all","N","Number","F","Accounts, all","A","All users","E","End of period","0","373","Pure Number","0","Units","","3","",88726379.0000,A,88681540.0000,A,87856461.0000,A,95077761.0000,A,102076182.0000,A,98937339.0000,A,104691478.0000,A
CPMI_INSTITUTIONS:A:MX:BA:N:I,"A","Annual","MX","Mexico","BA","Banks, all","N","Number","I","Accounts, Internet-linked","A","All users","E","End of period","0","373","Pure Number","0","Units","","3","",19748126.0000,A,21403203.0000,A,24718459.0000,A,27751607.0000,A,32468227.0000,A,43715752.0000,A,49291804.0000,A
CPMI_INSTITUTIONS:A:MX:BA:V:F,"A","Annual","MX","Mexico","BA","Banks, all","V","Value","F","Accounts, all","A","All users","E","End of period","3","MXN","Mexican peso","6","Millions","","3","",1796363.8600,A,2018648.6100,A,2276347.2600,A,2584903.7700,A,2972680.6400,A,3276722.0800,A,3346171.0000,A
CPMI_INSTITUTIONS:A:MX:CB:N:A,"A","Annual","MX","Mexico","CB","Central banks","N","Number","A","Institutions","A","All users","E","End of period","0","373","Pure Number","0","Units","","3","",1.0000,A,1.0000,A,1.0000,A,1.0000,A,1.0000,A,1.0000,A,1.0000,A
CPMI_INSTITUTIONS:A:MX:CB:N:C,"A","Annual","MX","Mexico","CB","Central banks","N","Number","C","Branches or offices","A","All users","E","End of period","0","373","Pure Number","0","Units","","3","",1.0000,A,1.0000,A,1.0000,A,1.0000,A,1.0000,A,1.0000,A,1.0000,A
CPMI_INSTITUTIONS:A:MX:CB:N:F,"A","Annual","MX","Mexico","CB","Central banks","N","Number","F","Accounts, all","A","All users","E","End of period","0","373","Pure Number","0","Units","","3","",98.0000,A,100.0000,A,112.0000,A,112.0000,A,114.0000,A,112.0000,A,100.0000,A
CPMI_INSTITUTIONS:A:MX:CB:V:F,"A","Annual","MX","Mexico","CB","Central banks","V","Value","F","Accounts, all","A","All users","E","End of period","3","MXN","Mexican peso","6","Millions","","3","",133148.0000,A,251021.0000,A,274161.0500,A,326584.0500,A,309790.3400,A,299708.1200,A,355424.0600,A
CPMI_INSTITUTIONS:A:MX:EA:N:A,"A","Annual","MX","Mexico","EA","E-money issuers, all","N","Number","A","Institutions","A","All users","E","End of period","0","373","Pure Number","0","Units","","3","",,L,,L,,L,,L,,L,,L,,L
CPMI_INSTITUTIONS:A:MX:EA:V:F,"A","Annual","MX","Mexico","EA","E-money issuers, all","V","Value","F","Accounts, all","A","All users","E","End of period","3","MXN","Mexican peso","6","Millions","","3","",,L,,L,,L,,L,,L,,L,,L
CPMI_INSTITUTIONS:A:MX:EN:N:A,"A","Annual","MX","Mexico","EN","E-money issuers - Non-banks","N","Number","A","Institutions","A","All users","E","End of period","0","373","Pure Number","0","Units","","3","",,L,,L,,L,,L,,L,,L,,L
CPMI_INSTITUTIONS:A:MX:EN:V:F,"A","Annual","MX","Mexico","EN","E-money issuers - Non-banks","V","Value","F","Accounts, all","A","All users","E","End of period","3","MXN","Mexican peso","6","Millions","","3","",,L,,L,,L,,L,,L,,L,,L
CPMI_INSTITUTIONS:A:MX:FB:N:A,"A","Annual","MX","Mexico","FB","Foreign banks","N","Number","A","Institutions","A","All users","E","End of period","0","373","Pure Number","0","Units","","3","",,M,,M,,M,,M,,M,,M,,M
CPMI_INSTITUTIONS:A:MX:FB:N:C,"A","Annual","MX","Mexico","FB","Foreign banks","N","Number","C","Branches or offices","A","All users","E","End of period","0","373","Pure Number","0","Units","","3","",,M,,M,,M,,M,,M,,M,,M
CPMI_INSTITUTIONS:A:MX:FB:N:F,"A","Annual","MX","Mexico","FB","Foreign banks","N","Number","F","Accounts, all","A","All users","E","End of period","0","373","Pure Number","0","Units","","3","",,M,,M,,M,,M,,M,,M,,M
CPMI_INSTITUTIONS:A:MX:FB:V:F,"A","Annual","MX","Mexico","FB","Foreign banks","V","Value","F","Accounts, all","A","All users","E","End of period","3","MXN","Mexican peso","6","Millions","","3","",,M,,M,,M,,M,,M,,M,,M
CPMI_INSTITUTIONS:A:MX:IA:N:A,"A","Annual","MX","Mexico","IA","Institutions, all","N","Number","A","Institutions","A","All users","E","End of period","0","373","Pure Number","0","Units","","3","",163.0000,A,216.0000,A,260.0000,A,269.0000,A,274.0000,A,291.0000,A,285.0000,A
CPMI_INSTITUTIONS:A:MX:N1:N:A,"A","Annual","MX","Mexico","N1","Non-banks offering storage of value","N","Number","A","Institutions","A","All users","E","End of period","0","373","Pure Number","0","Units","","3","",113.0000,A,163.0000,A,183.0000,A,192.0000,A,195.0000,A,201.0000,A,192.0000,A
CPMI_INSTITUTIONS:A:MX:N1:N:C,"A","Annual","MX","Mexico","N1","Non-banks offering storage of value","N","Number","C","Branches or offices","A","All users","E","End of period","0","373","Pure Number","0","Units","","3","",3744.0000,A,4313.0000,A,4416.0000,A,4650.0000,A,4786.0000,A,4851.0000,A,4957.0000,A
CPMI_INSTITUTIONS:A:MX:N1:N:F,"A","Annual","MX","Mexico","N1","Non-banks offering storage of value","N","Number","F","Accounts, all","A","All users","E","End of period","0","373","Pure Number","0","Units","","3","",6357814.0000,A,7484975.0000,A,8101400.0000,A,9058974.0000,A,9508735.0000,A,10368822.0000,A,10904239.0000,A
CPMI_INSTITUTIONS:A:MX:N1:V:F,"A","Annual","MX","Mexico","N1","Non-banks offering storage of value","V","Value","F","Accounts, all","A","All users","E","End of period","3","MXN","Mexican peso","6","Millions","","3","",63471.7100,A,78311.5300,A,88504.2000,A,100116.1000,A,116108.6100,A,125570.2200,A,143244.6300,A
CPMI_INSTITUTIONS:A:MX:N2:N:A,"A","Annual","MX","Mexico","N2","Non-banks relying on storage of value offered by others","N","Number","A","Institutions","A","All users","E","End of period","0","373","Pure Number","0","Units","","3","",,M,,M,24.0000,A,24.0000,A,25.0000,A,31.0000,A,36.0000,A
CPMI_INSTITUTIONS:A:MX:NA:N:A,"A","Annual","MX","Mexico","NA","Non-banks, all","N","Number","A","Institutions","A","All users","E","End of period","0","373","Pure Number","0","Units","","3","",113.0000,A,163.0000,A,207.0000,A,216.0000,A,220.0000,A,232.0000,A,228.0000,A
CPMI_INSTITUTIONS:A:NL:B1:N:A,"A","Annual","NL","Netherlands","B1","Bank type 1","N","Number","A","Institutions","A","All users","E","End of period","0","373","Pure Number","0","Units","","3","",212,A,186,A,177,A,161,A,51,A,44,A,42,A
CPMI_INSTITUTIONS:A:NL:B1:N:C,"A","Annual","NL","Netherlands","B1","Bank type 1","N","Number","C","Branches or offices","A","All users","E","End of period","0","373","Pure Number","0","Units","","3","",2466,A,2165,A,1854,A,1764,A,1674,A,1616,A,1489,A
CPMI_INSTITUTIONS:A:NL:B1:N:F,"A","Annual","NL","Netherlands","B1","Bank type 1","N","Number","F","Accounts, all","A","All users","E","End of period","0","373","Pure Number","0","Units","","3","",21874661,A,22886736,A,23283668,A,22115983,A,22181186,A,22380597,A,23604163,E
CPMI_INSTITUTIONS:A:NL:B1:V:F,"A","Annual","NL","Netherlands","B1","Bank type 1","V","Value","F","Accounts, all","A","All users","E","End of period","3","EUR","Euro","6","Millions","","3","",223349.883,A,215386.639,A,89568.029,A,116504.93,A,139012.546,A,162549.424,A,175049.092,E
CPMI_INSTITUTIONS:A:NL:BA:N:A,"A","Annual","NL","Netherlands","BA","Banks, all","N","Number","A","Institutions","A","All users","E","End of period","0","373","Pure Number","0","Units","","3","",272,A,249,A,218,A,209,A,96,A,92,A,93,A
CPMI_INSTITUTIONS:A:NL:BA:N:C,"A","Annual","NL","Netherlands","BA","Banks, all","N","Number","C","Branches or offices","A","All users","E","End of period","0","373","Pure Number","0","Units","","3","",2526,A,2228,A,1912,A,1826,A,1731,A,1672,A,1549,A
CPMI_INSTITUTIONS:A:NL:BA:N:F,"A","Annual","NL","Netherlands","BA","Banks, all","N","Number","F","Accounts, all","A","All users","E","End of period","0","373","Pure Number","0","Units","","3","",21950021,A,22930932,A,23346479,A,22128454,A,22322189,A,22689317,A,23929761,A
CPMI_INSTITUTIONS:A:NL:BA:N:I,"A","Annual","NL","Netherlands","BA","Banks, all","N","Number","I","Accounts, Internet-linked","A","All users","E","End of period","0","373","Pure Number","0","Units","","3","",17083000,A,18135000,A,20749196,A,19915836,A,20259669,A,20571033,A,21814367,A
CPMI_INSTITUTIONS:A:NL:BA:V:F,"A","Annual","NL","Netherlands","BA","Banks, all","V","Value","F","Accounts, all","A","All users","E","End of period","3","EUR","Euro","6","Millions","","3","",279922.787,A,233724.696,A,118259.61,A,137908.388,A,155697.514,A,178273.745,A,191982.576,A
CPMI_INSTITUTIONS:A:NL:CB:N:A,"A","Annual","NL","Netherlands","CB","Central banks","N","Number","A","Institutions","A","All users","E","End of period","0","373","Pure Number","0","Units","","3","",1,A,1,A,1,A,1,A,1,A,1,A,1,A
CPMI_INSTITUTIONS:A:NL:CB:N:C,"A","Annual","NL","Netherlands","CB","Central banks","N","Number","C","Branches or offices","A","All users","E","End of period","0","373","Pure Number","0","Units","","3","",1,A,1,A,1,A,1,A,1,A,1,A,1,A
CPMI_INSTITUTIONS:A:NL:CB:N:F,"A","Annual","NL","Netherlands","CB","Central banks","N","Number","F","Accounts, all","A","All users","E","End of period","0","373","Pure Number","0","Units","","3","",,L,,L,,L,,L,,L,,L,,L
CPMI_INSTITUTIONS:A:NL:CB:V:F,"A","Annual","NL","Netherlands","CB","Central banks","V","Value","F","Accounts, all","A","All users","E","End of period","3","EUR","Euro","6","Millions","","3","",,L,,L,,L,,L,,L,,L,,L
CPMI_INSTITUTIONS:A:NL:EA:N:A,"A","Annual","NL","Netherlands","EA","E-money issuers, all","N","Number","A","Institutions","A","All users","E","End of period","0","373","Pure Number","0","Units","","3","",,L,,L,6,A,4,A,5,A,4,A,4,A
CPMI_INSTITUTIONS:A:NL:EA:V:F,"A","Annual","NL","Netherlands","EA","E-money issuers, all","V","Value","F","Accounts, all","A","All users","E","End of period","3","EUR","Euro","6","Millions","","3","",,L,,L,21,A,26,A,31,A,31,A,107,A
CPMI_INSTITUTIONS:A:NL:EN:N:A,"A","Annual","NL","Netherlands","EN","E-money issuers - Non-banks","N","Number","A","Institutions","A","All users","E","End of period","0","373","Pure Number","0","Units","","3","",,L,,L,2,A,1,A,1,A,1,A,1,A
CPMI_INSTITUTIONS:A:NL:EN:V:F,"A","Annual","NL","Netherlands","EN","E-money issuers - Non-banks","V","Value","F","Accounts, all","A","All users","E","End of period","3","EUR","Euro","6","Millions","","3","",,L,,L,1.669,A,1.267,A,1.735,A,1.714,A,3.24,A
CPMI_INSTITUTIONS:A:NL:FB:N:A,"A","Annual","NL","Netherlands","FB","Foreign banks","N","Number","A","Institutions","A","All users","E","End of period","0","373","Pure Number","0","Units","","3","",60,A,63,A,41,A,48,A,45,A,48,A,51,A
CPMI_INSTITUTIONS:A:NL:FB:N:C,"A","Annual","NL","Netherlands","FB","Foreign banks","N","Number","C","Branches or offices","A","All users","E","End of period","0","373","Pure Number","0","Units","","3","",60,A,63,A,58,A,62,A,57,A,56,A,60,A
CPMI_INSTITUTIONS:A:NL:FB:N:F,"A","Annual","NL","Netherlands","FB","Foreign banks","N","Number","F","Accounts, all","A","All users","E","End of period","0","373","Pure Number","0","Units","","3","",75360,A,44196,A,10106,A,12471,A,141003,A,308720,A,325598,A
CPMI_INSTITUTIONS:A:NL:FB:V:F,"A","Annual","NL","Netherlands","FB","Foreign banks","V","Value","F","Accounts, all","A","All users","E","End of period","3","EUR","Euro","6","Millions","","3","",56572.904,A,18338.057,A,28691.581,A,21403.458,A,16684.968,A,15724.321,A,16933.484,A
CPMI_INSTITUTIONS:A:NL:IA:N:A,"A","Annual","NL","Netherlands","IA","Institutions, all","N","Number","A","Institutions","A","All users","E","End of period","0","373","Pure Number","0","Units","","3","",273,A,250,A,219,A,210,A,97,A,93,A,94,A
CPMI_INSTITUTIONS:A:NL:N1:N:A,"A","Annual","NL","Netherlands","N1","Non-banks offering storage of value","N","Number","A","Institutions","A","All users","E","End of period","0","373","Pure Number","0","Units","","3","",,L,,L,50,A,35,A,37,A,37,A,32,A
CPMI_INSTITUTIONS:A:NL:N1:N:C,"A","Annual","NL","Netherlands","N1","Non-banks offering storage of value","N","Number","C","Branches or offices","A","All users","E","End of period","0","373","Pure Number","0","Units","","3","",,L,,L,403,A,420,A,437,A,440,A,400,A
CPMI_INSTITUTIONS:A:NL:N1:N:F,"A","Annual","NL","Netherlands","N1","Non-banks offering storage of value","N","Number","F","Accounts, all","A","All users","E","End of period","0","373","Pure Number","0","Units","","3","",,L,,L,7777,A,611,A,949,A,37,A,45,A
CPMI_INSTITUTIONS:A:NL:N1:V:F,"A","Annual","NL","Netherlands","N1","Non-banks offering storage of value","V","Value","F","Accounts, all","A","All users","E","End of period","3","EUR","Euro","6","Millions","","3","",,L,,L,46.518,A,57.013,A,93.012,A,12.276,A,14.766,A
CPMI_INSTITUTIONS:A:NL:N2:N:A,"A","Annual","NL","Netherlands","N2","Non-banks relying on storage of value offered by others","N","Number","A","Institutions","A","All users","E","End of period","0","373","Pure Number","0","Units","","3","",,L,,L,,L,,L,,L,,L,,L
CPMI_INSTITUTIONS:A:NL:NA:N:A,"A","Annual","NL","Netherlands","NA","Non-banks, all","N","Number","A","Institutions","A","All users","E","End of period","0","373","Pure Number","0","Units","","3","",,L,,L,,L,,L,,L,,L,,L
CPMI_INSTITUTIONS:A:RU:B1:N:A,"A","Annual","RU","Russia","B1","Bank type 1","N","Number","A","Institutions","A","All users","E","End of period","0","373","Pure Number","0","Units","","3","",,L,,L,,L,,L,,L,,L,,L
CPMI_INSTITUTIONS:A:RU:B1:N:C,"A","Annual","RU","Russia","B1","Bank type 1","N","Number","C","Branches or offices","A","All users","E","End of period","0","373","Pure Number","0","Units","","3","",,L,,L,,L,,L,,L,,L,,L
CPMI_INSTITUTIONS:A:RU:B1:N:F,"A","Annual","RU","Russia","B1","Bank type 1","N","Number","F","Accounts, all","A","All users","E","End of period","0","373","Pure Number","0","Units","","3","",,L,,L,,L,,L,,L,,L,,L
CPMI_INSTITUTIONS:A:RU:B1:V:F,"A","Annual","RU","Russia","B1","Bank type 1","V","Value","F","Accounts, all","A","All users","E","End of period","3","RUB","Russian rouble","6","Millions","","3","",,L,,L,,L,,L,,L,,L,,L
CPMI_INSTITUTIONS:A:RU:B2:N:A,"A","Annual","RU","Russia","B2","Bank type 2","N","Number","A","Institutions","A","All users","E","End of period","0","373","Pure Number","0","Units","","3","",,L,,L,,L,,L,,L,,L,,L
CPMI_INSTITUTIONS:A:RU:B2:N:C,"A","Annual","RU","Russia","B2","Bank type 2","N","Number","C","Branches or offices","A","All users","E","End of period","0","373","Pure Number","0","Units","","3","",,L,,L,,L,,L,,L,,L,,L
CPMI_INSTITUTIONS:A:RU:B2:N:F,"A","Annual","RU","Russia","B2","Bank type 2","N","Number","F","Accounts, all","A","All users","E","End of period","0","373","Pure Number","0","Units","","3","",,L,,L,,L,,L,,L,,L,,L
CPMI_INSTITUTIONS:A:RU:B2:V:F,"A","Annual","RU","Russia","B2","Bank type 2","V","Value","F","Accounts, all","A","All users","E","End of period","3","RUB","Russian rouble","6","Millions","","3","",,L,,L,,L,,L,,L,,L,,L
CPMI_INSTITUTIONS:A:RU:B3:N:A,"A","Annual","RU","Russia","B3","Bank type 3","N","Number","A","Institutions","A","All users","E","End of period","0","373","Pure Number","0","Units","","3","",,L,,L,,L,,L,,L,,L,,L
CPMI_INSTITUTIONS:A:RU:B3:N:C,"A","Annual","RU","Russia","B3","Bank type 3","N","Number","C","Branches or offices","A","All users","E","End of period","0","373","Pure Number","0","Units","","3","",,L,,L,,L,,L,,L,,L,,L
CPMI_INSTITUTIONS:A:RU:B3:N:F,"A","Annual","RU","Russia","B3","Bank type 3","N","Number","F","Accounts, all","A","All users","E","End of period","0","373","Pure Number","0","Units","","3","",,L,,L,,L,,L,,L,,L,,L
CPMI_INSTITUTIONS:A:RU:B3:V:F,"A","Annual","RU","Russia","B3","Bank type 3","V","Value","F","Accounts, all","A","All users","E","End of period","3","RUB","Russian rouble","6","Millions","","3","",,L,,L,,L,,L,,L,,L,,L
CPMI_INSTITUTIONS:A:RU:B4:N:A,"A","Annual","RU","Russia","B4","Bank type 4","N","Number","A","Institutions","A","All users","E","End of period","0","373","Pure Number","0","Units","","3","",,L,,L,,L,,L,,L,,L,,L
CPMI_INSTITUTIONS:A:RU:B4:N:C,"A","Annual","RU","Russia","B4","Bank type 4","N","Number","C","Branches or offices","A","All users","E","End of period","0","373","Pure Number","0","Units","","3","",,L,,L,,L,,L,,L,,L,,L
CPMI_INSTITUTIONS:A:RU:B4:N:F,"A","Annual","RU","Russia","B4","Bank type 4","N","Number","F","Accounts, all","A","All users","E","End of period","0","373","Pure Number","0","Units","","3","",,L,,L,,L,,L,,L,,L,,L
CPMI_INSTITUTIONS:A:RU:B4:V:F,"A","Annual","RU","Russia","B4","Bank type 4","V","Value","F","Accounts, all","A","All users","E","End of period","3","RUB","Russian rouble","6","Millions","","3","",,L,,L,,L,,L,,L,,L,,L
CPMI_INSTITUTIONS:A:RU:B5:N:A,"A","Annual","RU","Russia","B5","Bank type 5","N","Number","A","Institutions","A","All users","E","End of period","0","373","Pure Number","0","Units","","3","",,L,,L,,L,,L,,L,,L,,L
CPMI_INSTITUTIONS:A:RU:B5:N:C,"A","Annual","RU","Russia","B5","Bank type 5","N","Number","C","Branches or offices","A","All users","E","End of period","0","373","Pure Number","0","Units","","3","",,L,,L,,L,,L,,L,,L,,L
CPMI_INSTITUTIONS:A:RU:B5:N:F,"A","Annual","RU","Russia","B5","Bank type 5","N","Number","F","Accounts, all","A","All users","E","End of period","0","373","Pure Number","0","Units","","3","",,L,,L,,L,,L,,L,,L,,L
CPMI_INSTITUTIONS:A:RU:B5:V:F,"A","Annual","RU","Russia","B5","Bank type 5","V","Value","F","Accounts, all","A","All users","E","End of period","3","RUB","Russian rouble","6","Millions","","3","",,L,,L,,L,,L,,L,,L,,L
CPMI_INSTITUTIONS:A:RU:BA:N:A,"A","Annual","RU","Russia","BA","Banks, all","N","Number","A","Institutions","A","All users","E","End of period","0","373","Pure Number","0","Units","","3","",956,A,923,A,834,A,733,A,623,A,561,A,484,A
CPMI_INSTITUTIONS:A:RU:BA:N:C,"A","Annual","RU","Russia","BA","Banks, all","N","Number","C","Branches or offices","A","All users","E","End of period","0","373","Pure Number","0","Units","","3","",44990,A,45236,A,43312,A,38393,A,35043,A,33901,A,30209,A
CPMI_INSTITUTIONS:A:RU:BA:N:F,"A","Annual","RU","Russia","BA","Banks, all","N","Number","F","Accounts, all","A","All users","E","End of period","0","373","Pure Number","0","Units","","3","",670897971,A,715014370,A,753328301,A,788866930,A,825188691,A,883488147,A,922132598,A
CPMI_INSTITUTIONS:A:RU:BA:N:I,"A","Annual","RU","Russia","BA","Banks, all","N","Number","I","Accounts, Internet-linked","A","All users","E","End of period","0","373","Pure Number","0","Units","Including only those accounts that have been credited at least once during the reporting period.","3","",30726121,A,45002864,A,84039024,A,139914230,A,165946665,A,194939140,A,222936010,A
CPMI_INSTITUTIONS:A:RU:BA:V:F,"A","Annual","RU","Russia","BA","Banks, all","V","Value","F","Accounts, all","A","All users","E","End of period","3","RUB","Russian rouble","6","Millions","","3","",7331544,A,8483503,A,8156098,A,9320430,A,10171928,A,11325747,A,12444087,A
CPMI_INSTITUTIONS:A:RU:CB:N:A,"A","Annual","RU","Russia","CB","Central banks","N","Number","A","Institutions","A","All users","E","End of period","0","373","Pure Number","0","Units","","3","",1,A,1,A,1,A,1,A,1,A,1,A,1,A
CPMI_INSTITUTIONS:A:RU:CB:N:C,"A","Annual","RU","Russia","CB","Central banks","N","Number","C","Branches or offices","A","All users","E","End of period","0","373","Pure Number","0","Units","","3","",505,A,439,A,365,A,271,A,239,A,194,A,157,A
CPMI_INSTITUTIONS:A:RU:CB:N:F,"A","Annual","RU","Russia","CB","Central banks","N","Number","F","Accounts, all","A","All users","E","End of period","0","373","Pure Number","0","Units","","3","",80812,A,95344,A,112406,A,110627,A,119589,A,132382,A,137789,A
CPMI_INSTITUTIONS:A:RU:CB:V:F,"A","Annual","RU","Russia","CB","Central banks","V","Value","F","Accounts, all","A","All users","E","End of period","3","RUB","Russian rouble","6","Millions","","3","",2810322,A,2520481,A,2438333,A,2286575,A,2725771,A,2681245,A,2099259,A
CPMI_INSTITUTIONS:A:RU:EA:N:A,"A","Annual","RU","Russia","EA","E-money issuers, all","N","Number","A","Institutions","A","All users","E","End of period","0","373","Pure Number","0","Units","In the Russian Federation, only banks are entitled to issue means of payment in the form of electronic money.","3","",38,A,82,A,96,A,104,A,99,A,93,A,93,A
CPMI_INSTITUTIONS:A:RU:EA:V:F,"A","Annual","RU","Russia","EA","E-money issuers, all","V","Value","F","Accounts, all","A","All users","E","End of period","3","RUB","Russian rouble","6","Millions","","3","",,L,6735.176,A,8522.097,A,9787.600,A,12174.252,A,16384.184,A,33207.419,A
CPMI_INSTITUTIONS:A:RU:EN:N:A,"A","Annual","RU","Russia","EN","E-money issuers - Non-banks","N","Number","A","Institutions","A","All users","E","End of period","0","373","Pure Number","0","Units","","3","",,M,,M,,M,,M,,M,,M,,M
CPMI_INSTITUTIONS:A:RU:EN:V:F,"A","Annual","RU","Russia","EN","E-money issuers - Non-banks","V","Value","F","Accounts, all","A","All users","E","End of period","3","RUB","Russian rouble","6","Millions","","3","",,M,,M,,M,,M,,M,,M,,M
CPMI_INSTITUTIONS:A:RU:FB:N:A,"A","Annual","RU","Russia","FB","Foreign banks","N","Number","A","Institutions","A","All users","E","End of period","0","373","Pure Number","0","Units","","3","",,M,,M,,M,,M,,M,,M,,M
CPMI_INSTITUTIONS:A:RU:FB:N:C,"A","Annual","RU","Russia","FB","Foreign banks","N","Number","C","Branches or offices","A","All users","E","End of period","0","373","Pure Number","0","Units","","3","",,M,,M,,M,,M,,M,,M,,M
CPMI_INSTITUTIONS:A:RU:FB:N:F,"A","Annual","RU","Russia","FB","Foreign banks","N","Number","F","Accounts, all","A","All users","E","End of period","0","373","Pure Number","0","Units","","3","",,M,,M,,M,,M,,M,,M,,M
CPMI_INSTITUTIONS:A:RU:FB:V:F,"A","Annual","RU","Russia","FB","Foreign banks","V","Value","F","Accounts, all","A","All users","E","End of period","3","RUB","Russian rouble","6","Millions","","3","",,M,,M,,M,,M,,M,,M,,M
CPMI_INSTITUTIONS:A:RU:IA:N:A,"A","Annual","RU","Russia","IA","Institutions, all","N","Number","A","Institutions","A","All users","E","End of period","0","373","Pure Number","0","Units","","3","",957,A,924,A,8812,A,6067,A,5262,A,4822,A,3167,A
CPMI_INSTITUTIONS:A:RU:N1:N:A,"A","Annual","RU","Russia","N1","Non-banks offering storage of value","N","Number","A","Institutions","A","All users","E","End of period","0","373","Pure Number","0","Units","","3","",,M,,M,,M,,M,,M,,M,,M
CPMI_INSTITUTIONS:A:RU:N1:N:C,"A","Annual","RU","Russia","N1","Non-banks offering storage of value","N","Number","C","Branches or offices","A","All users","E","End of period","0","373","Pure Number","0","Units","","3","",,M,,M,,M,,M,,M,,M,,M
CPMI_INSTITUTIONS:A:RU:N1:N:F,"A","Annual","RU","Russia","N1","Non-banks offering storage of value","N","Number","F","Accounts, all","A","All users","E","End of period","0","373","Pure Number","0","Units","","3","",,M,,M,,M,,M,,M,,M,,M
CPMI_INSTITUTIONS:A:RU:N1:V:F,"A","Annual","RU","Russia","N1","Non-banks offering storage of value","V","Value","F","Accounts, all","A","All users","E","End of period","3","RUB","Russian rouble","6","Millions","","3","",,M,,M,,M,,M,,M,,M,,M
CPMI_INSTITUTIONS:A:RU:N2:N:A,"A","Annual","RU","Russia","N2","Non-banks relying on storage of value offered by others","N","Number","A","Institutions","A","All users","E","End of period","0","373","Pure Number","0","Units","","3","",,L,,L,7977,A,5333,A,4638,A,4260,A,2682,A
CPMI_INSTITUTIONS:A:RU:NA:N:A,"A","Annual","RU","Russia","NA","Non-banks, all","N","Number","A","Institutions","A","All users","E","End of period","0","373","Pure Number","0","Units","Includes payment system operators, payment infrastructure service providers, payment agents (PA), bank payment agents (BPA), the Russian Post. Data on PA and BPA are derived from the bank surveys.","3","",,L,,L,7977,A,5333,A,4638,A,4260,A,2682,A
CPMI_INSTITUTIONS:A:SA:B1:N:A,"A","Annual","SA","Saudi Arabia","B1","Bank type 1","N","Number","A","Institutions","A","All users","E","End of period","0","373","Pure Number","0","Units","","3","",12,A,12,A,12,A,12,A,12,A,12,A,12,A
CPMI_INSTITUTIONS:A:SA:B1:N:C,"A","Annual","SA","Saudi Arabia","B1","Bank type 1","N","Number","C","Branches or offices","A","All users","E","End of period","0","373","Pure Number","0","Units","","3","",1684,A,1755,A,1899,A,1976,A,2024,A,2064,A,2045,A
CPMI_INSTITUTIONS:A:SA:B1:N:F,"A","Annual","SA","Saudi Arabia","B1","Bank type 1","N","Number","F","Accounts, all","A","All users","E","End of period","0","373","Pure Number","0","Units","","3","",,L,,L,,L,,L,,L,,L,,L
CPMI_INSTITUTIONS:A:SA:B1:V:F,"A","Annual","SA","Saudi Arabia","B1","Bank type 1","V","Value","F","Accounts, all","A","All users","E","End of period","3","SAR","Saudi riyal","6","Millions","","3","",,L,,L,,L,,L,,L,,L,,L
CPMI_INSTITUTIONS:A:SA:B2:N:A,"A","Annual","SA","Saudi Arabia","B2","Bank type 2","N","Number","A","Institutions","A","All users","E","End of period","0","373","Pure Number","0","Units","","3","",,M,,M,,M,,M,,M,,M,,M
CPMI_INSTITUTIONS:A:SA:B2:N:C,"A","Annual","SA","Saudi Arabia","B2","Bank type 2","N","Number","C","Branches or offices","A","All users","E","End of period","0","373","Pure Number","0","Units","","3","",,M,,M,,M,,M,,M,,M,,M
CPMI_INSTITUTIONS:A:SA:B2:N:F,"A","Annual","SA","Saudi Arabia","B2","Bank type 2","N","Number","F","Accounts, all","A","All users","E","End of period","0","373","Pure Number","0","Units","","3","",,M,,M,,M,,M,,M,,M,,M
CPMI_INSTITUTIONS:A:SA:B2:V:F,"A","Annual","SA","Saudi Arabia","B2","Bank type 2","V","Value","F","Accounts, all","A","All users","E","End of period","3","SAR","Saudi riyal","6","Millions","","3","",,M,,M,,M,,M,,M,,M,,M
CPMI_INSTITUTIONS:A:SA:B3:N:A,"A","Annual","SA","Saudi Arabia","B3","Bank type 3","N","Number","A","Institutions","A","All users","E","End of period","0","373","Pure Number","0","Units","","3","",,M,,M,,M,,M,,M,,M,,M
CPMI_INSTITUTIONS:A:SA:B3:N:C,"A","Annual","SA","Saudi Arabia","B3","Bank type 3","N","Number","C","Branches or offices","A","All users","E","End of period","0","373","Pure Number","0","Units","","3","",,M,,M,,M,,M,,M,,M,,M
CPMI_INSTITUTIONS:A:SA:B3:N:F,"A","Annual","SA","Saudi Arabia","B3","Bank type 3","N","Number","F","Accounts, all","A","All users","E","End of period","0","373","Pure Number","0","Units","","3","",,M,,M,,M,,M,,M,,M,,M
CPMI_INSTITUTIONS:A:SA:B3:V:F,"A","Annual","SA","Saudi Arabia","B3","Bank type 3","V","Value","F","Accounts, all","A","All users","E","End of period","3","SAR","Saudi riyal","6","Millions","","3","",,M,,M,,M,,M,,M,,M,,M
CPMI_INSTITUTIONS:A:SA:B4:N:A,"A","Annual","SA","Saudi Arabia","B4","Bank type 4","N","Number","A","Institutions","A","All users","E","End of period","0","373","Pure Number","0","Units","","3","",,M,,M,,M,,M,,M,,M,,M
CPMI_INSTITUTIONS:A:SA:B4:N:C,"A","Annual","SA","Saudi Arabia","B4","Bank type 4","N","Number","C","Branches or offices","A","All users","E","End of period","0","373","Pure Number","0","Units","","3","",,M,,M,,M,,M,,M,,M,,M
CPMI_INSTITUTIONS:A:SA:B4:N:F,"A","Annual","SA","Saudi Arabia","B4","Bank type 4","N","Number","F","Accounts, all","A","All users","E","End of period","0","373","Pure Number","0","Units","","3","",,M,,M,,M,,M,,M,,M,,M
CPMI_INSTITUTIONS:A:SA:B4:V:F,"A","Annual","SA","Saudi Arabia","B4","Bank type 4","V","Value","F","Accounts, all","A","All users","E","End of period","3","SAR","Saudi riyal","6","Millions","","3","",,M,,M,,M,,M,,M,,M,,M
CPMI_INSTITUTIONS:A:SA:B5:N:A,"A","Annual","SA","Saudi Arabia","B5","Bank type 5","N","Number","A","Institutions","A","All users","E","End of period","0","373","Pure Number","0","Units","","3","",,M,,M,,M,,M,,M,,M,,M
CPMI_INSTITUTIONS:A:SA:B5:N:C,"A","Annual","SA","Saudi Arabia","B5","Bank type 5","N","Number","C","Branches or offices","A","All users","E","End of period","0","373","Pure Number","0","Units","","3","",,M,,M,,M,,M,,M,,M,,M
CPMI_INSTITUTIONS:A:SA:B5:N:F,"A","Annual","SA","Saudi Arabia","B5","Bank type 5","N","Number","F","Accounts, all","A","All users","E","End of period","0","373","Pure Number","0","Units","","3","",,M,,M,,M,,M,,M,,M,,M
CPMI_INSTITUTIONS:A:SA:B5:V:F,"A","Annual","SA","Saudi Arabia","B5","Bank type 5","V","Value","F","Accounts, all","A","All users","E","End of period","3","SAR","Saudi riyal","6","Millions","","3","",,M,,M,,M,,M,,M,,M,,M
CPMI_INSTITUTIONS:A:SA:BA:N:A,"A","Annual","SA","Saudi Arabia","BA","Banks, all","N","Number","A","Institutions","A","All users","E","End of period","0","373","Pure Number","0","Units","","3","",23,A,23,A,23,A,23,A,24,A,25,A,26,A
CPMI_INSTITUTIONS:A:SA:BA:N:C,"A","Annual","SA","Saudi Arabia","BA","Banks, all","N","Number","C","Branches or offices","A","All users","E","End of period","0","373","Pure Number","0","Units","","3","",1696,A,1768,A,1912,A,1989,A,2038,A,2079,A,2064,A
CPMI_INSTITUTIONS:A:SA:BA:N:F,"A","Annual","SA","Saudi Arabia","BA","Banks, all","N","Number","F","Accounts, all","A","All users","E","End of period","0","373","Pure Number","0","Units","","3","",16947534,A,21081190,A,22085281,A,24053705,A,27431408,A,29358200,A,31108804,A
CPMI_INSTITUTIONS:A:SA:BA:N:I,"A","Annual","SA","Saudi Arabia","BA","Banks, all","N","Number","I","Accounts, Internet-linked","A","All users","E","End of period","0","373","Pure Number","0","Units","","3","",3753534,A,5007155,A,5899601,A,6764245,A,8350623,A,9159430,A,11337290,A
CPMI_INSTITUTIONS:A:SA:BA:V:F,"A","Annual","SA","Saudi Arabia","BA","Banks, all","V","Value","F","Accounts, all","A","All users","E","End of period","3","SAR","Saudi riyal","6","Millions","","3","",1260608.4,A,1401980.2,A,1575578.8,A,1604767.7,A,1617010.3,A,1619062.4,A,1661084.1,A
CPMI_INSTITUTIONS:A:SA:CB:N:A,"A","Annual","SA","Saudi Arabia","CB","Central banks","N","Number","A","Institutions","A","All users","E","End of period","0","373","Pure Number","0","Units","","3","",1,A,1,A,1,A,1,A,1,A,1,A,1,A
CPMI_INSTITUTIONS:A:SA:CB:N:C,"A","Annual","SA","Saudi Arabia","CB","Central banks","N","Number","C","Branches or offices","A","All users","E","End of period","0","373","Pure Number","0","Units","","3","",10,A,10,A,10,A,10,A,10,A,10,A,10,A
CPMI_INSTITUTIONS:A:SA:CB:N:F,"A","Annual","SA","Saudi Arabia","CB","Central banks","N","Number","F","Accounts, all","A","All users","E","End of period","0","373","Pure Number","0","Units","","3","",,L,,L,,L,,L,,L,,L,,L
CPMI_INSTITUTIONS:A:SA:CB:V:F,"A","Annual","SA","Saudi Arabia","CB","Central banks","V","Value","F","Accounts, all","A","All users","E","End of period","3","SAR","Saudi riyal","6","Millions","","3","",,L,,L,,L,,L,,L,,L,,L
CPMI_INSTITUTIONS:A:SA:EA:N:A,"A","Annual","SA","Saudi Arabia","EA","E-money issuers, all","N","Number","A","Institutions","A","All users","E","End of period","0","373","Pure Number","0","Units","","3","",,M,,M,,M,,M,,M,,M,,M
CPMI_INSTITUTIONS:A:SA:EA:V:F,"A","Annual","SA","Saudi Arabia","EA","E-money issuers, all","V","Value","F","Accounts, all","A","All users","E","End of period","3","SAR","Saudi riyal","6","Millions","","3","",,M,,M,,M,,M,,M,,M,,M
CPMI_INSTITUTIONS:A:SA:EN:N:A,"A","Annual","SA","Saudi Arabia","EN","E-money issuers - Non-banks","N","Number","A","Institutions","A","All users","E","End of period","0","373","Pure Number","0","Units","","3","",,M,,M,,M,,M,,M,,M,,M
CPMI_INSTITUTIONS:A:SA:EN:V:F,"A","Annual","SA","Saudi Arabia","EN","E-money issuers - Non-banks","V","Value","F","Accounts, all","A","All users","E","End of period","3","SAR","Saudi riyal","6","Millions","","3","",,M,,M,,M,,M,,M,,M,,M
CPMI_INSTITUTIONS:A:SA:FB:N:A,"A","Annual","SA","Saudi Arabia","FB","Foreign banks","N","Number","A","Institutions","A","All users","E","End of period","0","373","Pure Number","0","Units","","3","",11,A,11,A,11,A,11,A,12,A,13,A,14,A
CPMI_INSTITUTIONS:A:SA:FB:N:C,"A","Annual","SA","Saudi Arabia","FB","Foreign banks","N","Number","C","Branches or offices","A","All users","E","End of period","0","373","Pure Number","0","Units","","3","",12,A,13,A,13,A,13,A,14,A,15,A,18,A
CPMI_INSTITUTIONS:A:SA:FB:N:F,"A","Annual","SA","Saudi Arabia","FB","Foreign banks","N","Number","F","Accounts, all","A","All users","E","End of period","0","373","Pure Number","0","Units","","3","",,L,,L,,L,,L,,L,,L,,L
CPMI_INSTITUTIONS:A:SA:FB:V:F,"A","Annual","SA","Saudi Arabia","FB","Foreign banks","V","Value","F","Accounts, all","A","All users","E","End of period","3","SAR","Saudi riyal","6","Millions","","3","",,L,,L,,L,,L,,L,,L,,L
CPMI_INSTITUTIONS:A:SA:IA:N:A,"A","Annual","SA","Saudi Arabia","IA","Institutions, all","N","Number","A","Institutions","A","All users","E","End of period","0","373","Pure Number","0","Units","","3","",24,A,24,A,24,A,24,A,25,A,26,A,27,A
CPMI_INSTITUTIONS:A:SA:N1:N:A,"A","Annual","SA","Saudi Arabia","N1","Non-banks offering storage of value","N","Number","A","Institutions","A","All users","E","End of period","0","373","Pure Number","0","Units","","3","",,M,,M,,M,,M,,M,,M,,M
CPMI_INSTITUTIONS:A:SA:N1:N:C,"A","Annual","SA","Saudi Arabia","N1","Non-banks offering storage of value","N","Number","C","Branches or offices","A","All users","E","End of period","0","373","Pure Number","0","Units","","3","",,M,,M,,M,,M,,M,,M,,M
CPMI_INSTITUTIONS:A:SA:N1:N:F,"A","Annual","SA","Saudi Arabia","N1","Non-banks offering storage of value","N","Number","F","Accounts, all","A","All users","E","End of period","0","373","Pure Number","0","Units","","3","",,M,,M,,M,,M,,M,,M,,M
CPMI_INSTITUTIONS:A:SA:N1:V:F,"A","Annual","SA","Saudi Arabia","N1","Non-banks offering storage of value","V","Value","F","Accounts, all","A","All users","E","End of period","3","SAR","Saudi riyal","6","Millions","","3","",,M,,M,,M,,M,,M,,M,,M
CPMI_INSTITUTIONS:A:SA:N2:N:A,"A","Annual","SA","Saudi Arabia","N2","Non-banks relying on storage of value offered by others","N","Number","A","Institutions","A","All users","E","End of period","0","373","Pure Number","0","Units","","3","",,M,,M,,M,,M,,M,,M,,M
CPMI_INSTITUTIONS:A:SA:NA:N:A,"A","Annual","SA","Saudi Arabia","NA","Non-banks, all","N","Number","A","Institutions","A","All users","E","End of period","0","373","Pure Number","0","Units","","3","",,M,,M,,M,,M,,M,,M,,M
CPMI_INSTITUTIONS:A:SE:B1:N:A,"A","Annual","SE","Sweden","B1","Bank type 1","N","Number","A","Institutions","A","All users","E","End of period","0","373","Pure Number","0","Units","","3","",41,A,40,A,41,A,41,A,42,A,43,A,42,A
CPMI_INSTITUTIONS:A:SE:B1:N:C,"A","Annual","SE","Sweden","B1","Bank type 1","N","Number","C","Branches or offices","A","All users","E","End of period","0","373","Pure Number","0","Units","","3","",1603,A,1598,A,1565,A,1443,A,1313,A,1215,A,1000,A
CPMI_INSTITUTIONS:A:SE:B1:N:F,"A","Annual","SE","Sweden","B1","Bank type 1","N","Number","F","Accounts, all","A","All users","E","End of period","0","373","Pure Number","0","Units","","3","",22324657,A,23204118,A,23872274,A,24640131,A,25122639,A,26672502,A,23894107,A
CPMI_INSTITUTIONS:A:SE:B1:V:F,"A","Annual","SE","Sweden","B1","Bank type 1","V","Value","F","Accounts, all","A","All users","E","End of period","3","SEK","Swedish krona","6","Millions","","3","",1223962.1,A,1346545.5,A,1547914.5,A,1810127.6,A,1950172.5,A,2118425.6,A,2008412.4,A
CPMI_INSTITUTIONS:A:SE:B2:N:A,"A","Annual","SE","Sweden","B2","Bank type 2","N","Number","A","Institutions","A","All users","E","End of period","0","373","Pure Number","0","Units","","3","",49,A,49,A,48,A,47,A,47,A,47,A,47,A
CPMI_INSTITUTIONS:A:SE:B2:N:C,"A","Annual","SE","Sweden","B2","Bank type 2","N","Number","C","Branches or offices","A","All users","E","End of period","0","373","Pure Number","0","Units","","3","",174,A,167,A,145,A,145,A,144,A,137,A,136,A
CPMI_INSTITUTIONS:A:SE:B2:N:F,"A","Annual","SE","Sweden","B2","Bank type 2","N","Number","F","Accounts, all","A","All users","E","End of period","0","373","Pure Number","0","Units","","3","",1905346,A,1946338,A,1787336,A,1844244,A,1915706,A,1937267,A,1946830,A
CPMI_INSTITUTIONS:A:SE:B2:V:F,"A","Annual","SE","Sweden","B2","Bank type 2","V","Value","F","Accounts, all","A","All users","E","End of period","3","SEK","Swedish krona","6","Millions","","3","",74228.477,A,79258.521,A,78465.317,A,91974.913,A,105168.14,A,120207.43,A,130437.42,A
CPMI_INSTITUTIONS:A:SE:BA:N:A,"A","Annual","SE","Sweden","BA","Banks, all","N","Number","A","Institutions","A","All users","E","End of period","0","373","Pure Number","0","Units","","3","",117,A,116,A,118,A,116,A,117,A,119,A,123,A
CPMI_INSTITUTIONS:A:SE:BA:N:C,"A","Annual","SE","Sweden","BA","Banks, all","N","Number","C","Branches or offices","A","All users","E","End of period","0","373","Pure Number","0","Units","","3","",1839,A,1822,A,1774,A,1644,A,1514,A,1409,A,1312,A
CPMI_INSTITUTIONS:A:SE:BA:N:F,"A","Annual","SE","Sweden","BA","Banks, all","N","Number","F","Accounts, all","A","All users","E","End of period","0","373","Pure Number","0","Units","","3","",24720137,A,25648285,A,26152529,A,26939307,A,27422201,A,29047520,A,28975604,A
CPMI_INSTITUTIONS:A:SE:BA:N:I,"A","Annual","SE","Sweden","BA","Banks, all","N","Number","I","Accounts, Internet-linked","A","All users","E","End of period","0","373","Pure Number","0","Units","","3","",22715781,A,23596515,A,23767483,A,25124910,A,25928803,A,27575005,A,27345529,A
CPMI_INSTITUTIONS:A:SE:BA:V:F,"A","Annual","SE","Sweden","BA","Banks, all","V","Value","F","Accounts, all","A","All users","E","End of period","3","SEK","Swedish krona","6","Millions","","3","",1386711.5,A,1528053.9,A,1737756,A,2024891.2,A,2192437.4,A,2383628.8,A,2575352.2,A
CPMI_INSTITUTIONS:A:SE:CB:N:A,"A","Annual","SE","Sweden","CB","Central banks","N","Number","A","Institutions","A","All users","E","End of period","0","373","Pure Number","0","Units","","3","",1,A,1,A,1,A,1,A,1,A,1,A,1,A
CPMI_INSTITUTIONS:A:SE:CB:N:C,"A","Annual","SE","Sweden","CB","Central banks","N","Number","C","Branches or offices","A","All users","E","End of period","0","373","Pure Number","0","Units","","3","",1,A,1,A,1,A,1,A,1,A,1,A,1,A
CPMI_INSTITUTIONS:A:SE:CB:N:F,"A","Annual","SE","Sweden","CB","Central banks","N","Number","F","Accounts, all","A","All users","E","End of period","0","373","Pure Number","0","Units","","3","",,L,,L,,L,,L,,L,,L,,L
CPMI_INSTITUTIONS:A:SE:CB:V:F,"A","Annual","SE","Sweden","CB","Central banks","V","Value","F","Accounts, all","A","All users","E","End of period","3","SEK","Swedish krona","6","Millions","","3","",,L,,L,,L,,L,,L,,L,,L
CPMI_INSTITUTIONS:A:SE:EA:N:A,"A","Annual","SE","Sweden","EA","E-money issuers, all","N","Number","A","Institutions","A","All users","E","End of period","0","373","Pure Number","0","Units","","3","",3,A,3,A,3,A,3,A,5,A,6,A,4,A
CPMI_INSTITUTIONS:A:SE:EA:V:F,"A","Annual","SE","Sweden","EA","E-money issuers, all","V","Value","F","Accounts, all","A","All users","E","End of period","3","SEK","Swedish krona","6","Millions","","3","",,L,,L,,L,,L,,L,,L,,L
CPMI_INSTITUTIONS:A:SE:EN:N:A,"A","Annual","SE","Sweden","EN","E-money issuers - Non-banks","N","Number","A","Institutions","A","All users","E","End of period","0","373","Pure Number","0","Units","","3","",,L,,L,,L,,L,,L,,L,,L
CPMI_INSTITUTIONS:A:SE:EN:V:F,"A","Annual","SE","Sweden","EN","E-money issuers - Non-banks","V","Value","F","Accounts, all","A","All users","E","End of period","3","SEK","Swedish krona","6","Millions","","3","",,L,,L,,L,,L,,L,,L,,L
CPMI_INSTITUTIONS:A:SE:FB:N:A,"A","Annual","SE","Sweden","FB","Foreign banks","N","Number","A","Institutions","A","All users","E","End of period","0","373","Pure Number","0","Units","","3","",27,A,27,A,29,A,28,A,28,A,29,A,34,A
CPMI_INSTITUTIONS:A:SE:FB:N:C,"A","Annual","SE","Sweden","FB","Foreign banks","N","Number","C","Branches or offices","A","All users","E","End of period","0","373","Pure Number","0","Units","","3","",62,A,57,A,64,A,56,A,57,A,57,A,176,A
CPMI_INSTITUTIONS:A:SE:FB:N:F,"A","Annual","SE","Sweden","FB","Foreign banks","N","Number","F","Accounts, all","A","All users","E","End of period","0","373","Pure Number","0","Units","","3","",490134,A,497829,A,492919,A,454932,A,383856,A,437751,A,3134667,A
CPMI_INSTITUTIONS:A:SE:FB:V:F,"A","Annual","SE","Sweden","FB","Foreign banks","V","Value","F","Accounts, all","A","All users","E","End of period","3","SEK","Swedish krona","6","Millions","","3","",88520.939,A,102262.18,A,111376.13,A,122788.68,A,137096.74,A,144995.78,A,436502.33,A
CPMI_INSTITUTIONS:A:SE:IA:N:A,"A","Annual","SE","Sweden","IA","Institutions, all","N","Number","A","Institutions","A","All users","E","End of period","0","373","Pure Number","0","Units","","3","",148,A,147,A,151,A,150,A,153,A,160,A,161,A
CPMI_INSTITUTIONS:A:SE:N1:N:A,"A","Annual","SE","Sweden","N1","Non-banks offering storage of value","N","Number","A","Institutions","A","All users","E","End of period","0","373","Pure Number","0","Units","","3","",,L,,L,,L,,L,,L,,L,,L
CPMI_INSTITUTIONS:A:SE:N1:N:C,"A","Annual","SE","Sweden","N1","Non-banks offering storage of value","N","Number","C","Branches or offices","A","All users","E","End of period","0","373","Pure Number","0","Units","","3","",,L,,L,,L,,L,,L,,L,,L
CPMI_INSTITUTIONS:A:SE:N1:N:F,"A","Annual","SE","Sweden","N1","Non-banks offering storage of value","N","Number","F","Accounts, all","A","All users","E","End of period","0","373","Pure Number","0","Units","","3","",,L,,L,,L,,L,,L,,L,,L
CPMI_INSTITUTIONS:A:SE:N1:V:F,"A","Annual","SE","Sweden","N1","Non-banks offering storage of value","V","Value","F","Accounts, all","A","All users","E","End of period","3","SEK","Swedish krona","6","Millions","","3","",,L,,L,,L,,L,,L,,L,,L
CPMI_INSTITUTIONS:A:SE:N2:N:A,"A","Annual","SE","Sweden","N2","Non-banks relying on storage of value offered by others","N","Number","A","Institutions","A","All users","E","End of period","0","373","Pure Number","0","Units","","3","",,L,,L,,L,,L,,L,,L,,
CPMI_INSTITUTIONS:A:SE:NA:N:A,"A","Annual","SE","Sweden","NA","Non-banks, all","N","Number","A","Institutions","A","All users","E","End of period","0","373","Pure Number","0","Units","Payment institutions (licensed). There are also around 70 smaller (registered but not licensed) payment firms.","3","",30,A,30,A,32,A,33,A,35,A,40,A,37,A
CPMI_INSTITUTIONS:A:SG:B1:N:A,"A","Annual","SG","Singapore","B1","Bank type 1","N","Number","A","Institutions","A","All users","E","End of period","0","373","Pure Number","0","Units","","3","",31,A,33,A,33,A,33,A,33,A,34,A,33,A
CPMI_INSTITUTIONS:A:SG:B1:N:C,"A","Annual","SG","Singapore","B1","Bank type 1","N","Number","C","Branches or offices","A","All users","E","End of period","0","373","Pure Number","0","Units","","3","",,L,,L,,L,,L,,L,,L,,L
CPMI_INSTITUTIONS:A:SG:B1:N:F,"A","Annual","SG","Singapore","B1","Bank type 1","N","Number","F","Accounts, all","A","All users","E","End of period","0","373","Pure Number","0","Units","","3","",,L,,L,,L,,L,,L,,L,,L
CPMI_INSTITUTIONS:A:SG:B1:V:F,"A","Annual","SG","Singapore","B1","Bank type 1","V","Value","F","Accounts, all","A","All users","E","End of period","3","SGD","Singapore dollar","6","Millions","","3","",,L,,L,,L,,L,,L,,L,,L
CPMI_INSTITUTIONS:A:SG:B2:N:A,"A","Annual","SG","Singapore","B2","Bank type 2","N","Number","A","Institutions","A","All users","E","End of period","0","373","Pure Number","0","Units","","3","",52,A,53,A,55,A,56,A,53,A,57,A,92,A
CPMI_INSTITUTIONS:A:SG:B2:N:C,"A","Annual","SG","Singapore","B2","Bank type 2","N","Number","C","Branches or offices","A","All users","E","End of period","0","373","Pure Number","0","Units","","3","",,L,,L,,L,,L,,L,,L,,L
CPMI_INSTITUTIONS:A:SG:B2:N:F,"A","Annual","SG","Singapore","B2","Bank type 2","N","Number","F","Accounts, all","A","All users","E","End of period","0","373","Pure Number","0","Units","","3","",,L,,L,,L,,L,,L,,L,,L
CPMI_INSTITUTIONS:A:SG:B2:V:F,"A","Annual","SG","Singapore","B2","Bank type 2","V","Value","F","Accounts, all","A","All users","E","End of period","3","SGD","Singapore dollar","6","Millions","","3","",,L,,L,,L,,L,,L,,L,,L
CPMI_INSTITUTIONS:A:SG:B3:N:A,"A","Annual","SG","Singapore","B3","Bank type 3","N","Number","A","Institutions","A","All users","E","End of period","0","373","Pure Number","0","Units","","3","",39,A,37,A,36,A,37,A,38,A,37,A,2,A
CPMI_INSTITUTIONS:A:SG:B3:N:C,"A","Annual","SG","Singapore","B3","Bank type 3","N","Number","C","Branches or offices","A","All users","E","End of period","0","373","Pure Number","0","Units","","3","",,L,,L,,L,,L,,L,,L,,L
CPMI_INSTITUTIONS:A:SG:B3:N:F,"A","Annual","SG","Singapore","B3","Bank type 3","N","Number","F","Accounts, all","A","All users","E","End of period","0","373","Pure Number","0","Units","","3","",,L,,L,,L,,L,,L,,L,,L
CPMI_INSTITUTIONS:A:SG:B3:V:F,"A","Annual","SG","Singapore","B3","Bank type 3","V","Value","F","Accounts, all","A","All users","E","End of period","3","SGD","Singapore dollar","6","Millions","","3","",,L,,L,,L,,L,,L,,L,,L
CPMI_INSTITUTIONS:A:SG:B4:N:A,"A","Annual","SG","Singapore","B4","Bank type 4","N","Number","A","Institutions","A","All users","E","End of period","0","373","Pure Number","0","Units","","3","",45,A,41,A,38,A,37,A,33,A,31,A,29,A
CPMI_INSTITUTIONS:A:SG:B4:N:C,"A","Annual","SG","Singapore","B4","Bank type 4","N","Number","C","Branches or offices","A","All users","E","End of period","0","373","Pure Number","0","Units","","3","",45,A,41,A,38,A,37,A,33,A,31,A,29,A
CPMI_INSTITUTIONS:A:SG:B4:N:F,"A","Annual","SG","Singapore","B4","Bank type 4","N","Number","F","Accounts, all","A","All users","E","End of period","0","373","Pure Number","0","Units","","3","",,L,,L,,L,,L,,L,,L,,L
CPMI_INSTITUTIONS:A:SG:B4:V:F,"A","Annual","SG","Singapore","B4","Bank type 4","V","Value","F","Accounts, all","A","All users","E","End of period","3","SGD","Singapore dollar","6","Millions","","3","",,L,,L,,L,,L,,L,,L,,L
CPMI_INSTITUTIONS:A:SG:B5:N:A,"A","Annual","SG","Singapore","B5","Bank type 5","N","Number","A","Institutions","A","All users","E","End of period","0","373","Pure Number","0","Units","","3","",,L,,L,,L,,L,,L,,L,,L
CPMI_INSTITUTIONS:A:SG:B5:N:C,"A","Annual","SG","Singapore","B5","Bank type 5","N","Number","C","Branches or offices","A","All users","E","End of period","0","373","Pure Number","0","Units","","3","",,L,,L,,L,,L,,L,,L,,L
CPMI_INSTITUTIONS:A:SG:B5:N:F,"A","Annual","SG","Singapore","B5","Bank type 5","N","Number","F","Accounts, all","A","All users","E","End of period","0","373","Pure Number","0","Units","","3","",,L,,L,,L,,L,,L,,L,,L
CPMI_INSTITUTIONS:A:SG:B5:V:F,"A","Annual","SG","Singapore","B5","Bank type 5","V","Value","F","Accounts, all","A","All users","E","End of period","3","SGD","Singapore dollar","6","Millions","","3","",,L,,L,,L,,L,,L,,L,,L
CPMI_INSTITUTIONS:A:SG:BA:N:A,"A","Annual","SG","Singapore","BA","Banks, all","N","Number","A","Institutions","A","All users","E","End of period","0","373","Pure Number","0","Units","","3","",167,A,165,A,163,A,164,A,158,A,160,A,157,A
CPMI_INSTITUTIONS:A:SG:BA:N:C,"A","Annual","SG","Singapore","BA","Banks, all","N","Number","C","Branches or offices","A","All users","E","End of period","0","373","Pure Number","0","Units","","3","",478,A,467,A,464,A,467,A,462,A,460,A,435,A
CPMI_INSTITUTIONS:A:SG:BA:N:F,"A","Annual","SG","Singapore","BA","Banks, all","N","Number","F","Accounts, all","A","All users","E","End of period","0","373","Pure Number","0","Units","","3","",,L,,L,,L,,L,,L,,L,,L
CPMI_INSTITUTIONS:A:SG:BA:N:I,"A","Annual","SG","Singapore","BA","Banks, all","N","Number","I","Accounts, Internet-linked","A","All users","E","End of period","0","373","Pure Number","0","Units","","3","",,L,,L,,L,,L,,L,,L,,L
CPMI_INSTITUTIONS:A:SG:BA:V:F,"A","Annual","SG","Singapore","BA","Banks, all","V","Value","F","Accounts, all","A","All users","E","End of period","3","SGD","Singapore dollar","6","Millions","","3","",518840.00,A,537580.00,A,550360.00,A,560010.00,A,596610.00,A,606390.00,A,627768.20,A
CPMI_INSTITUTIONS:A:SG:CB:N:A,"A","Annual","SG","Singapore","CB","Central banks","N","Number","A","Institutions","A","All users","E","End of period","0","373","Pure Number","0","Units","","3","",1,A,1,A,1,A,1,A,1,A,1,A,1,A
CPMI_INSTITUTIONS:A:SG:CB:N:C,"A","Annual","SG","Singapore","CB","Central banks","N","Number","C","Branches or offices","A","All users","E","End of period","0","373","Pure Number","0","Units","","3","",0,A,0,A,0,A,0,A,0,A,0,A,0,A
CPMI_INSTITUTIONS:A:SG:CB:N:F,"A","Annual","SG","Singapore","CB","Central banks","N","Number","F","Accounts, all","A","All users","E","End of period","0","373","Pure Number","0","Units","","3","",123,A,123,A,124,A,126,A,124,A,128,A,127,A
CPMI_INSTITUTIONS:A:SG:CB:V:F,"A","Annual","SG","Singapore","CB","Central banks","V","Value","F","Accounts, all","A","All users","E","End of period","3","SGD","Singapore dollar","6","Millions","","3","",19500.00,A,32110.00,A,20310.00,A,22220.00,A,21970.00,A,22290.00,A,22463.90,A
CPMI_INSTITUTIONS:A:SG:EA:N:A,"A","Annual","SG","Singapore","EA","E-money issuers, all","N","Number","A","Institutions","A","All users","E","End of period","0","373","Pure Number","0","Units","","3","",4,A,4,A,4,A,4,A,4,A,4,A,4,A
CPMI_INSTITUTIONS:A:SG:EA:V:F,"A","Annual","SG","Singapore","EA","E-money issuers, all","V","Value","F","Accounts, all","A","All users","E","End of period","3","SGD","Singapore dollar","6","Millions","","3","",230.64,A,253.72,A,282.5015,A,320.0794,A,341.926,A,396.89719,A,416.705,A
CPMI_INSTITUTIONS:A:SG:EN:N:A,"A","Annual","SG","Singapore","EN","E-money issuers - Non-banks","N","Number","A","Institutions","A","All users","E","End of period","0","373","Pure Number","0","Units","","3","",,L,,L,,L,,L,,L,,L,,L
CPMI_INSTITUTIONS:A:SG:EN:V:F,"A","Annual","SG","Singapore","EN","E-money issuers - Non-banks","V","Value","F","Accounts, all","A","All users","E","End of period","3","SGD","Singapore dollar","6","Millions","","3","",,L,,L,,L,,L,,L,,L,,L
CPMI_INSTITUTIONS:A:SG:FB:N:A,"A","Annual","SG","Singapore","FB","Foreign banks","N","Number","A","Institutions","A","All users","E","End of period","0","373","Pure Number","0","Units","","3","",,L,,L,,L,,L,,L,,L,,L
CPMI_INSTITUTIONS:A:SG:FB:N:C,"A","Annual","SG","Singapore","FB","Foreign banks","N","Number","C","Branches or offices","A","All users","E","End of period","0","373","Pure Number","0","Units","","3","",,L,,L,,L,,L,,L,,L,,L
CPMI_INSTITUTIONS:A:SG:FB:N:F,"A","Annual","SG","Singapore","FB","Foreign banks","N","Number","F","Accounts, all","A","All users","E","End of period","0","373","Pure Number","0","Units","","3","",,L,,L,,L,,L,,L,,L,,L
CPMI_INSTITUTIONS:A:SG:FB:V:F,"A","Annual","SG","Singapore","FB","Foreign banks","V","Value","F","Accounts, all","A","All users","E","End of period","3","SGD","Singapore dollar","6","Millions","","3","",,L,,L,,L,,L,,L,,L,,L
CPMI_INSTITUTIONS:A:SG:IA:N:A,"A","Annual","SG","Singapore","IA","Institutions, all","N","Number","A","Institutions","A","All users","E","End of period","0","373","Pure Number","0","Units","","3","",173,A,169,A,167,A,168,A,162,A,164,A,161,A
CPMI_INSTITUTIONS:A:SG:N1:N:A,"A","Annual","SG","Singapore","N1","Non-banks offering storage of value","N","Number","A","Institutions","A","All users","E","End of period","0","373","Pure Number","0","Units","","3","",3,A,3,A,3,A,3,A,3,A,3,A,3,A
CPMI_INSTITUTIONS:A:SG:N1:N:C,"A","Annual","SG","Singapore","N1","Non-banks offering storage of value","N","Number","C","Branches or offices","A","All users","E","End of period","0","373","Pure Number","0","Units","","3","",39,A,39,A,39,A,39,A,39,A,39,A,39,A
CPMI_INSTITUTIONS:A:SG:N1:N:F,"A","Annual","SG","Singapore","N1","Non-banks offering storage of value","N","Number","F","Accounts, all","A","All users","E","End of period","0","373","Pure Number","0","Units","","3","",,L,,L,,L,,L,,L,,L,,L
CPMI_INSTITUTIONS:A:SG:N1:V:F,"A","Annual","SG","Singapore","N1","Non-banks offering storage of value","V","Value","F","Accounts, all","A","All users","E","End of period","3","SGD","Singapore dollar","6","Millions","","3","",12350,A,12400,A,13300,A,14670,A,13600,A,13600,A,14469.2,A
CPMI_INSTITUTIONS:A:SG:N2:N:A,"A","Annual","SG","Singapore","N2","Non-banks relying on storage of value offered by others","N","Number","A","Institutions","A","All users","E","End of period","0","373","Pure Number","0","Units","","3","",,L,,L,,L,,L,,L,,L,,L
CPMI_INSTITUTIONS:A:SG:NA:N:A,"A","Annual","SG","Singapore","NA","Non-banks, all","N","Number","A","Institutions","A","All users","E","End of period","0","373","Pure Number","0","Units","","3","",3,A,3,A,3,A,3,A,3,A,3,A,3,A
CPMI_INSTITUTIONS:A:TR:B1:N:A,"A","Annual","TR","Turkey","B1","Bank type 1","N","Number","A","Institutions","A","All users","E","End of period","0","373","Pure Number","0","Units","","3","",22,A,23,A,24,A,24,A,24,A,24,A,25,A
CPMI_INSTITUTIONS:A:TR:B1:N:C,"A","Annual","TR","Turkey","B1","Bank type 1","N","Number","C","Branches or offices","A","All users","E","End of period","0","373","Pure Number","0","Units","","3","",7087,A,7561,A,7673,A,7461,A,7029,A,6815,A,6674,A
CPMI_INSTITUTIONS:A:TR:B1:N:F,"A","Annual","TR","Turkey","B1","Bank type 1","N","Number","F","Accounts, all","A","All users","E","End of period","0","373","Pure Number","0","Units","","3","",72020911,A,79119553,A,87540044,A,92526713,A,102081604,A,114490807,A,123765917,A
CPMI_INSTITUTIONS:A:TR:B1:V:F,"A","Annual","TR","Turkey","B1","Bank type 1","V","Value","F","Accounts, all","A","All users","E","End of period","3","TRY","Turkish lira","6","Millions","","3","",502821.639,A,618295.335,A,708147,A,829216.713,A,963120.224,A,1091670.377,A,1269123.358,A
CPMI_INSTITUTIONS:A:TR:B2:N:A,"A","Annual","TR","Turkey","B2","Bank type 2","N","Number","A","Institutions","A","All users","E","End of period","0","373","Pure Number","0","Units","","3","",3,A,3,A,3,A,3,A,3,A,3,A,3,A
CPMI_INSTITUTIONS:A:TR:B2:N:C,"A","Annual","TR","Turkey","B2","Bank type 2","N","Number","C","Branches or offices","A","All users","E","End of period","0","373","Pure Number","0","Units","","3","",3079,A,3397,A,3500,A,3681,A,3702,A,3677,A,3718,A
CPMI_INSTITUTIONS:A:TR:B2:N:F,"A","Annual","TR","Turkey","B2","Bank type 2","N","Number","F","Accounts, all","A","All users","E","End of period","0","373","Pure Number","0","Units","","3","",65632324,A,70256301,A,68493164,A,71533211,A,79123254,A,81712422,A,92074955,A
CPMI_INSTITUTIONS:A:TR:B2:V:F,"A","Annual","TR","Turkey","B2","Bank type 2","V","Value","F","Accounts, all","A","All users","E","End of period","3","TRY","Turkish lira","6","Millions","","3","",266182.495,A,324024.157,A,348720.57,A,418537.934,A,497120.15,A,614888.38,A,759329.644,A
CPMI_INSTITUTIONS:A:TR:B3:N:A,"A","Annual","TR","Turkey","B3","Bank type 3","N","Number","A","Institutions","A","All users","E","End of period","0","373","Pure Number","0","Units","","3","",3,A,3,A,3,A,4,A,5,A,5,A,5,A
CPMI_INSTITUTIONS:A:TR:B3:N:C,"A","Annual","TR","Turkey","B3","Bank type 3","N","Number","C","Branches or offices","A","All users","E","End of period","0","373","Pure Number","0","Units","","3","",579,A,684,A,790,A,880,A,959,A,1032,A,1122,A
CPMI_INSTITUTIONS:A:TR:B3:N:F,"A","Annual","TR","Turkey","B3","Bank type 3","N","Number","F","Accounts, all","A","All users","E","End of period","0","373","Pure Number","0","Units","","3","",2716437,A,2750233,A,3350662,A,3892689,A,4535846,A,5341001,A,6621498,A
CPMI_INSTITUTIONS:A:TR:B3:V:F,"A","Annual","TR","Turkey","B3","Bank type 3","V","Value","F","Accounts, all","A","All users","E","End of period","3","TRY","Turkish lira","6","Millions","","3","",33409.142,A,44695.437,A,57893.047,A,71902.563,A,85664,A,107311,A,139988,A
CPMI_INSTITUTIONS:A:TR:B4:N:A,"A","Annual","TR","Turkey","B4","Bank type 4","N","Number","A","Institutions","A","All users","E","End of period","0","373","Pure Number","0","Units","","3","",1,A,1,A,1,A,1,A,1,A,1,A,1,A
CPMI_INSTITUTIONS:A:TR:B4:N:C,"A","Annual","TR","Turkey","B4","Bank type 4","N","Number","C","Branches or offices","A","All users","E","End of period","0","373","Pure Number","0","Units","","3","",1,A,1,A,1,A,1,A,1,A,1,A,1,A
CPMI_INSTITUTIONS:A:TR:B4:N:F,"A","Annual","TR","Turkey","B4","Bank type 4","N","Number","F","Accounts, all","A","All users","E","End of period","0","373","Pure Number","0","Units","","3","",228534,A,346107,A,349146,A,350492,A,325549,A,326205,A,7298,A
CPMI_INSTITUTIONS:A:TR:B4:V:F,"A","Annual","TR","Turkey","B4","Bank type 4","V","Value","F","Accounts, all","A","All users","E","End of period","3","TRY","Turkish lira","6","Millions","","3","",11.188,A,13.32,A,24.169,A,852.392,A,444.246,A,92.384,A,92.952,A
CPMI_INSTITUTIONS:A:TR:B5:N:A,"A","Annual","TR","Turkey","B5","Bank type 5","N","Number","A","Institutions","A","All users","E","End of period","0","373","Pure Number","0","Units","","3","",13,A,13,A,13,A,13,A,13,A,13,A,13,A
CPMI_INSTITUTIONS:A:TR:B5:N:C,"A","Annual","TR","Turkey","B5","Bank type 5","N","Number","C","Branches or offices","A","All users","E","End of period","0","373","Pure Number","0","Units","","3","",42,A,40,A,41,A,42,A,41,A,50,A,54,A
CPMI_INSTITUTIONS:A:TR:B5:N:F,"A","Annual","TR","Turkey","B5","Bank type 5","N","Number","F","Accounts, all","A","All users","E","End of period","0","373","Pure Number","0","Units","","3","",,L,,L,,L,,L,,L,,L,,L
CPMI_INSTITUTIONS:A:TR:B5:V:F,"A","Annual","TR","Turkey","B5","Bank type 5","V","Value","F","Accounts, all","A","All users","E","End of period","3","TRY","Turkish lira","6","Millions","","3","",,L,,L,,L,,L,,L,,L,,L
CPMI_INSTITUTIONS:A:TR:BA:N:A,"A","Annual","TR","Turkey","BA","Banks, all","N","Number","A","Institutions","A","All users","E","End of period","0","373","Pure Number","0","Units","","3","",48,A,48,A,50,A,51,A,52,A,51,A,52,A
CPMI_INSTITUTIONS:A:TR:BA:N:C,"A","Annual","TR","Turkey","BA","Banks, all","N","Number","C","Branches or offices","A","All users","E","End of period","0","373","Pure Number","0","Units","","3","",10813,A,11705,A,12013,A,12073,A,11740,A,11582,A,11576,A
CPMI_INSTITUTIONS:A:TR:BA:N:F,"A","Annual","TR","Turkey","BA","Banks, all","N","Number","F","Accounts, all","A","All users","E","End of period","0","373","Pure Number","0","Units","","3","",140603083,A,152476979,A,159736992,A,168307635,A,186072014,A,201876430,A,222474899,A
CPMI_INSTITUTIONS:A:TR:BA:N:I,"A","Annual","TR","Turkey","BA","Banks, all","N","Number","I","Accounts, Internet-linked","A","All users","E","End of period","0","373","Pure Number","0","Units","Since the data for internet-linked payment accounts regardless of the device used to access account is only available for 2017, data given between 2012 and 2016 mostly represents the internet/PC-linked accounts.","3","",10928652,A,12905294,A,14958470,A,18330376,A,21690598,A,36784032,A,46431077,A
CPMI_INSTITUTIONS:A:TR:BA:V:F,"A","Annual","TR","Turkey","BA","Banks, all","V","Value","F","Accounts, all","A","All users","E","End of period","3","TRY","Turkish lira","6","Millions","","3","",803425.464,A,988008.249,A,1115529.786,A,1322599.602,A,1548507.62,A,1820496.375,A,2176652.907,A
CPMI_INSTITUTIONS:A:TR:CB:N:A,"A","Annual","TR","Turkey","CB","Central banks","N","Number","A","Institutions","A","All users","E","End of period","0","373","Pure Number","0","Units","","3","",1,A,1,A,1,A,1,A,1,A,1,A,1,A
CPMI_INSTITUTIONS:A:TR:CB:N:C,"A","Annual","TR","Turkey","CB","Central banks","N","Number","C","Branches or offices","A","All users","E","End of period","0","373","Pure Number","0","Units","","3","",21,A,21,A,21,A,21,A,21,A,21,A,21,A
CPMI_INSTITUTIONS:A:TR:CB:N:F,"A","Annual","TR","Turkey","CB","Central banks","N","Number","F","Accounts, all","A","All users","E","End of period","0","373","Pure Number","0","Units","","3","",,L,,L,,L,,L,,L,,L,,L
CPMI_INSTITUTIONS:A:TR:CB:V:F,"A","Annual","TR","Turkey","CB","Central banks","V","Value","F","Accounts, all","A","All users","E","End of period","3","TRY","Turkish lira","6","Millions","Data as revised by the CBRT: public sector TRY deposits plus other TRY deposits shown in liabilities of the balance sheet.","3","",6617.102,A,14070.273,A,13859.119,A,22676.594,A,12697.461,A,40846.588,A,18104.053,A
CPMI_INSTITUTIONS:A:TR:EA:N:A,"A","Annual","TR","Turkey","EA","E-money issuers, all","N","Number","A","Institutions","A","All users","E","End of period","0","373","Pure Number","0","Units","Banks and e-money institutions can issue e-money inTurkey. Only the number of e-money institutions is reported since relevant information regarding e-money issuer banks is not available.","3","",,L,,L,,L,4,A,7,A,12,A,14,A
CPMI_INSTITUTIONS:A:TR:EA:V:F,"A","Annual","TR","Turkey","EA","E-money issuers, all","V","Value","F","Accounts, all","A","All users","E","End of period","3","TRY","Turkish lira","6","Millions","","3","",,L,,L,,L,,L,,L,,L,,L
CPMI_INSTITUTIONS:A:TR:EN:N:A,"A","Annual","TR","Turkey","EN","E-money issuers - Non-banks","N","Number","A","Institutions","A","All users","E","End of period","0","373","Pure Number","0","Units","","3","",,L,,L,,L,4,A,7,A,12,A,14,A
CPMI_INSTITUTIONS:A:TR:EN:V:F,"A","Annual","TR","Turkey","EN","E-money issuers - Non-banks","V","Value","F","Accounts, all","A","All users","E","End of period","3","TRY","Turkish lira","6","Millions","","3","",,L,,L,,L,,L,,L,,L,,L
CPMI_INSTITUTIONS:A:TR:FB:N:A,"A","Annual","TR","Turkey","FB","Foreign banks","N","Number","A","Institutions","A","All users","E","End of period","0","373","Pure Number","0","Units","","3","",6,A,5,A,6,A,6,A,6,A,5,A,5,A
CPMI_INSTITUTIONS:A:TR:FB:N:C,"A","Annual","TR","Turkey","FB","Foreign banks","N","Number","C","Branches or offices","A","All users","E","End of period","0","373","Pure Number","0","Units","","3","",25,A,22,A,8,A,8,A,8,A,7,A,7,A
CPMI_INSTITUTIONS:A:TR:FB:N:F,"A","Annual","TR","Turkey","FB","Foreign banks","N","Number","F","Accounts, all","A","All users","E","End of period","0","373","Pure Number","0","Units","","3","",4877,A,4785,A,3976,A,4530,A,5761,A,5995,A,5231,A
CPMI_INSTITUTIONS:A:TR:FB:V:F,"A","Annual","TR","Turkey","FB","Foreign banks","V","Value","F","Accounts, all","A","All users","E","End of period","3","TRY","Turkish lira","6","Millions","","3","",1001,A,980,A,745,A,2090,A,2159,A,6534.234,A,8118.953,A
CPMI_INSTITUTIONS:A:TR:IA:N:A,"A","Annual","TR","Turkey","IA","Institutions, all","N","Number","A","Institutions","A","All users","E","End of period","0","373","Pure Number","0","Units","","3","",50,A,50,A,52,A,62,A,84,A,93,A,97,A
CPMI_INSTITUTIONS:A:TR:N1:N:A,"A","Annual","TR","Turkey","N1","Non-banks offering storage of value","N","Number","A","Institutions","A","All users","E","End of period","0","373","Pure Number","0","Units","Total number of licensed payment institutions, e-money institutions and Turkish postal organisation (PTT).","3","",1,A,1,A,1,A,10,A,31,A,41,A,44,A
CPMI_INSTITUTIONS:A:TR:N1:N:C,"A","Annual","TR","Turkey","N1","Non-banks offering storage of value","N","Number","C","Branches or offices","A","All users","E","End of period","0","373","Pure Number","0","Units","Includes only branches or offices of Turkish postal organisation (PTT) since information regarding other institutions is not available.","3","",4501,A,4522,A,4482,A,4515,A,4331,A,4519,A,5060,A
CPMI_INSTITUTIONS:A:TR:N1:N:F,"A","Annual","TR","Turkey","N1","Non-banks offering storage of value","N","Number","F","Accounts, all","A","All users","E","End of period","0","373","Pure Number","0","Units","Includes only the number of payment accounts in Turkish postal organisation (PTT) since information regarding other institutions is not available.","3","",3434479,A,3959671,A,4727607,A,5147516,A,5754159,A,6609441,A,7163143,A
CPMI_INSTITUTIONS:A:TR:N1:V:F,"A","Annual","TR","Turkey","N1","Non-banks offering storage of value","V","Value","F","Accounts, all","A","All users","E","End of period","3","TRY","Turkish lira","6","Millions","Includes only the value of payment accounts in Turkish postal organisation (PTT) since information regarding other institutions is not available.","3","",1688.738,A,2428.884,A,1891.901,A,2632.768,A,3051.825,A,3122.129,A,2957.565,A
CPMI_INSTITUTIONS:A:TR:N2:N:A,"A","Annual","TR","Turkey","N2","Non-banks relying on storage of value offered by others","N","Number","A","Institutions","A","All users","E","End of period","0","373","Pure Number","0","Units","","3","",,L,,L,,L,,L,,L,,L,,L
CPMI_INSTITUTIONS:A:TR:NA:N:A,"A","Annual","TR","Turkey","NA","Non-banks, all","N","Number","A","Institutions","A","All users","E","End of period","0","373","Pure Number","0","Units","","3","",1,A,1,A,1,A,10,A,31,A,41,A,44,A
CPMI_INSTITUTIONS:A:US:B1:N:A,"A","Annual","US","United States","B1","Bank type 1","N","Number","A","Institutions","A","All users","E","End of period","0","373","Pure Number","0","Units","","3","",6036,A,5814,A,5573,A,5309,A,5084,A,4890,A,4689,A
CPMI_INSTITUTIONS:A:US:B1:N:C,"A","Annual","US","United States","B1","Bank type 1","N","Number","C","Branches or offices","A","All users","E","End of period","0","373","Pure Number","0","Units","","3","",87518,A,86844,A,85865,A,84239,A,84502,A,82621,A,81782,A
CPMI_INSTITUTIONS:A:US:B1:N:F,"A","Annual","US","United States","B1","Bank type 1","N","Number","F","Accounts, all","A","All users","E","End of period","0","373","Pure Number","0","Units","","3","",,L,,L,,L,,L,,L,,L,,L
CPMI_INSTITUTIONS:A:US:B1:V:F,"A","Annual","US","United States","B1","Bank type 1","V","Value","F","Accounts, all","A","All users","E","End of period","3","USD","US dollar","6","Millions","","3","",1482876.5,A,1608023.6,A,1738238.3,A,1784820.3,A,1915923.1,A,2021095.2,A,2091727.3,A
CPMI_INSTITUTIONS:A:US:B2:N:A,"A","Annual","US","United States","B2","Bank type 2","N","Number","A","Institutions","A","All users","E","End of period","0","373","Pure Number","0","Units","","3","",1045,A,996,A,932,A,870,A,826,A,778,A,715,A
CPMI_INSTITUTIONS:A:US:B2:N:C,"A","Annual","US","United States","B2","Bank type 2","N","Number","C","Branches or offices","A","All users","E","End of period","0","373","Pure Number","0","Units","","3","",8963,A,8609,A,8078,A,7133,A,7104,A,6716,A,6379,A
CPMI_INSTITUTIONS:A:US:B2:N:F,"A","Annual","US","United States","B2","Bank type 2","N","Number","F","Accounts, all","A","All users","E","End of period","0","373","Pure Number","0","Units","","3","",,L,,L,,L,,L,,L,,L,,L
CPMI_INSTITUTIONS:A:US:B2:V:F,"A","Annual","US","United States","B2","Bank type 2","V","Value","F","Accounts, all","A","All users","E","End of period","3","USD","US dollar","6","Millions","","3","",102516.4,A,96278.5,A,96005.2,A,96815.1,A,102927.6,A,115388.3,A,105840.0,A
CPMI_INSTITUTIONS:A:US:B3:N:A,"A","Annual","US","United States","B3","Bank type 3","N","Number","A","Institutions","A","All users","E","End of period","0","373","Pure Number","0","Units","","3","",6956,A,6685,A,6401,A,6142,A,5906,A,5686,A,5490,A
CPMI_INSTITUTIONS:A:US:B3:N:C,"A","Annual","US","United States","B3","Bank type 3","N","Number","C","Branches or offices","A","All users","E","End of period","0","373","Pure Number","0","Units","","3","",20526,A,20559,A,20599,A,20584,A,20638,A,20864,A,20941,A
CPMI_INSTITUTIONS:A:US:B3:N:F,"A","Annual","US","United States","B3","Bank type 3","N","Number","F","Accounts, all","A","All users","E","End of period","0","373","Pure Number","0","Units","","3","",,L,,L,,L,,L,,L,,L,,L
CPMI_INSTITUTIONS:A:US:B3:V:F,"A","Annual","US","United States","B3","Bank type 3","V","Value","F","Accounts, all","A","All users","E","End of period","3","USD","US dollar","6","Millions","","3","",113066.5,A,120550.5,A,133159.3,A,152487.0,A,156231.1,A,171100.0,A,192786.1,A
CPMI_INSTITUTIONS:A:US:B4:N:A,"A","Annual","US","United States","B4","Bank type 4","N","Number","A","Institutions","A","All users","E","End of period","0","373","Pure Number","0","Units","","3","",,M,,M,,M,,M,,M,,M,,M
CPMI_INSTITUTIONS:A:US:B4:N:C,"A","Annual","US","United States","B4","Bank type 4","N","Number","C","Branches or offices","A","All users","E","End of period","0","373","Pure Number","0","Units","","3","",,M,,M,,M,,M,,M,,M,,M
CPMI_INSTITUTIONS:A:US:B4:N:F,"A","Annual","US","United States","B4","Bank type 4","N","Number","F","Accounts, all","A","All users","E","End of period","0","373","Pure Number","0","Units","","3","",,M,,M,,M,,M,,M,,M,,M
CPMI_INSTITUTIONS:A:US:B4:V:F,"A","Annual","US","United States","B4","Bank type 4","V","Value","F","Accounts, all","A","All users","E","End of period","3","USD","US dollar","6","Millions","","3","",,M,,M,,M,,M,,M,,M,,M
CPMI_INSTITUTIONS:A:US:B5:N:A,"A","Annual","US","United States","B5","Bank type 5","N","Number","A","Institutions","A","All users","E","End of period","0","373","Pure Number","0","Units","","3","",,M,,M,,M,,M,,M,,M,,M
CPMI_INSTITUTIONS:A:US:B5:N:C,"A","Annual","US","United States","B5","Bank type 5","N","Number","C","Branches or offices","A","All users","E","End of period","0","373","Pure Number","0","Units","","3","",,M,,M,,M,,M,,M,,M,,M
CPMI_INSTITUTIONS:A:US:B5:N:F,"A","Annual","US","United States","B5","Bank type 5","N","Number","F","Accounts, all","A","All users","E","End of period","0","373","Pure Number","0","Units","","3","",,M,,M,,M,,M,,M,,M,,M
CPMI_INSTITUTIONS:A:US:B5:V:F,"A","Annual","US","United States","B5","Bank type 5","V","Value","F","Accounts, all","A","All users","E","End of period","3","USD","US dollar","6","Millions","","3","",,M,,M,,M,,M,,M,,M,,M
CPMI_INSTITUTIONS:A:US:BA:N:A,"A","Annual","US","United States","BA","Banks, all","N","Number","A","Institutions","A","All users","E","End of period","0","373","Pure Number","0","Units","","3","",14267,A,13722,A,13129,A,12537,A,12025,A,11558,A,11095,A
CPMI_INSTITUTIONS:A:US:BA:N:C,"A","Annual","US","United States","BA","Banks, all","N","Number","C","Branches or offices","A","All users","E","End of period","0","373","Pure Number","0","Units","","3","",117007,A,116012,A,114542,A,111956,A,112244,A,110201,A,109102,A
CPMI_INSTITUTIONS:A:US:BA:N:F,"A","Annual","US","United States","BA","Banks, all","N","Number","F","Accounts, all","A","All users","E","End of period","0","373","Pure Number","0","Units","","3","",,L,,L,,L,,L,,L,,L,,L
CPMI_INSTITUTIONS:A:US:BA:N:I,"A","Annual","US","United States","BA","Banks, all","N","Number","I","Accounts, Internet-linked","A","All users","E","End of period","0","373","Pure Number","0","Units","","3","",,L,,L,,L,,L,,L,,L,,L
CPMI_INSTITUTIONS:A:US:BA:V:F,"A","Annual","US","United States","BA","Banks, all","V","Value","F","Accounts, all","A","All users","E","End of period","3","USD","US dollar","6","Millions","","3","",1755396.7,A,1911111.5,A,2101870.0,A,2172310.0,A,2317481.1,A,2482395.5,A,2557920.2,A
CPMI_INSTITUTIONS:A:US:CB:N:A,"A","Annual","US","United States","CB","Central banks","N","Number","A","Institutions","A","All users","E","End of period","0","373","Pure Number","0","Units","","3","",1,A,1,A,1,A,1,A,1,A,1,A,1,A
CPMI_INSTITUTIONS:A:US:CB:N:C,"A","Annual","US","United States","CB","Central banks","N","Number","C","Branches or offices","A","All users","E","End of period","0","373","Pure Number","0","Units","","3","",36,A,36,A,36,A,36,A,36,A,36,A,36,A
CPMI_INSTITUTIONS:A:US:CB:N:F,"A","Annual","US","United States","CB","Central banks","N","Number","F","Accounts, all","A","All users","E","End of period","0","373","Pure Number","0","Units","","3","",,L,,L,,L,,L,,L,,L,,L
CPMI_INSTITUTIONS:A:US:CB:V:F,"A","Annual","US","United States","CB","Central banks","V","Value","F","Accounts, all","A","All users","E","End of period","3","USD","US dollar","6","Millions","","3","",,L,,L,,L,,L,,L,,L,,L
CPMI_INSTITUTIONS:A:US:EA:N:A,"A","Annual","US","United States","EA","E-money issuers, all","N","Number","A","Institutions","A","All users","E","End of period","0","373","Pure Number","0","Units","","3","",,L,,L,,L,,L,,L,,L,,L
CPMI_INSTITUTIONS:A:US:EA:V:F,"A","Annual","US","United States","EA","E-money issuers, all","V","Value","F","Accounts, all","A","All users","E","End of period","3","USD","US dollar","6","Millions","","3","",,L,,L,,L,,L,,L,,L,,L
CPMI_INSTITUTIONS:A:US:EN:N:A,"A","Annual","US","United States","EN","E-money issuers - Non-banks","N","Number","A","Institutions","A","All users","E","End of period","0","373","Pure Number","0","Units","","3","",,L,,L,,L,,L,,L,,L,,L
CPMI_INSTITUTIONS:A:US:EN:V:F,"A","Annual","US","United States","EN","E-money issuers - Non-banks","V","Value","F","Accounts, all","A","All users","E","End of period","3","USD","US dollar","6","Millions","","3","",,L,,L,,L,,L,,L,,L,,L
CPMI_INSTITUTIONS:A:US:FB:N:A,"A","Annual","US","United States","FB","Foreign banks","N","Number","A","Institutions","A","All users","E","End of period","0","373","Pure Number","0","Units","","3","",230,A,227,A,223,A,216,A,209,A,204,A,201,A
CPMI_INSTITUTIONS:A:US:FB:N:C,"A","Annual","US","United States","FB","Foreign banks","N","Number","C","Branches or offices","A","All users","E","End of period","0","373","Pure Number","0","Units","","3","",,L,,L,,L,,L,,L,,L,,L
CPMI_INSTITUTIONS:A:US:FB:N:F,"A","Annual","US","United States","FB","Foreign banks","N","Number","F","Accounts, all","A","All users","E","End of period","0","373","Pure Number","0","Units","","3","",,L,,L,,L,,L,,L,,L,,L
CPMI_INSTITUTIONS:A:US:FB:V:F,"A","Annual","US","United States","FB","Foreign banks","V","Value","F","Accounts, all","A","All users","E","End of period","3","USD","US dollar","6","Millions","","3","",56937.3,A,86258.9,A,134467.1,A,138187.6,A,142399.4,A,174812.0,A,167566.8,A
CPMI_INSTITUTIONS:A:US:IA:N:A,"A","Annual","US","United States","IA","Institutions, all","N","Number","A","Institutions","A","All users","E","End of period","0","373","Pure Number","0","Units","","3","",,L,,L,,L,,L,,L,,L,,L
CPMI_INSTITUTIONS:A:US:N1:N:A,"A","Annual","US","United States","N1","Non-banks offering storage of value","N","Number","A","Institutions","A","All users","E","End of period","0","373","Pure Number","0","Units","","3","",,L,,L,,L,,L,,L,,L,,L
CPMI_INSTITUTIONS:A:US:N1:N:C,"A","Annual","US","United States","N1","Non-banks offering storage of value","N","Number","C","Branches or offices","A","All users","E","End of period","0","373","Pure Number","0","Units","","3","",,L,,L,,L,,L,,L,,L,,L
CPMI_INSTITUTIONS:A:US:N1:N:F,"A","Annual","US","United States","N1","Non-banks offering storage of value","N","Number","F","Accounts, all","A","All users","E","End of period","0","373","Pure Number","0","Units","","3","",,L,,L,,L,,L,,L,,L,,L
CPMI_INSTITUTIONS:A:US:N1:V:F,"A","Annual","US","United States","N1","Non-banks offering storage of value","V","Value","F","Accounts, all","A","All users","E","End of period","3","USD","US dollar","6","Millions","","3","",,L,,L,,L,,L,,L,,L,,L
CPMI_INSTITUTIONS:A:US:N2:N:A,"A","Annual","US","United States","N2","Non-banks relying on storage of value offered by others","N","Number","A","Institutions","A","All users","E","End of period","0","373","Pure Number","0","Units","","3","",,L,,L,,L,,L,,L,,L,,L
CPMI_INSTITUTIONS:A:US:NA:N:A,"A","Annual","US","United States","NA","Non-banks, all","N","Number","A","Institutions","A","All users","E","End of period","0","373","Pure Number","0","Units","","3","",,L,,L,,L,,L,,L,,L,,L
CPMI_INSTITUTIONS:A:ZA:B1:N:A,"A","Annual","ZA","South Africa","B1","Bank type 1","N","Number","A","Institutions","A","All users","E","End of period","0","373","Pure Number","0","Units","","3","",32,A,33,A,34,A,35,A,33,A,31,A,31,A
CPMI_INSTITUTIONS:A:ZA:B1:N:C,"A","Annual","ZA","South Africa","B1","Bank type 1","N","Number","C","Branches or offices","A","All users","E","End of period","0","373","Pure Number","0","Units","","3","",3713,A,3704,A,4176,A,4051,A,4049,A,3956,A,4149,A
CPMI_INSTITUTIONS:A:ZA:B1:N:F,"A","Annual","ZA","South Africa","B1","Bank type 1","N","Number","F","Accounts, all","A","All users","E","End of period","0","373","Pure Number","0","Units","","3","",,L,,L,,L,,L,,L,,L,,L
CPMI_INSTITUTIONS:A:ZA:B1:V:F,"A","Annual","ZA","South Africa","B1","Bank type 1","V","Value","F","Accounts, all","A","All users","E","End of period","3","ZAR","Rand","6","Millions","","3","",2598331,A,2786371,A,3002095,A,3297774,A,3488894,A,3680784,A,,L
CPMI_INSTITUTIONS:A:ZA:B2:N:A,"A","Annual","ZA","South Africa","B2","Bank type 2","N","Number","A","Institutions","A","All users","E","End of period","0","373","Pure Number","0","Units","","3","",,M,,M,,M,,M,,M,,M,,M
CPMI_INSTITUTIONS:A:ZA:B2:N:C,"A","Annual","ZA","South Africa","B2","Bank type 2","N","Number","C","Branches or offices","A","All users","E","End of period","0","373","Pure Number","0","Units","","3","",,M,,M,,M,,M,,M,,M,,M
CPMI_INSTITUTIONS:A:ZA:B2:N:F,"A","Annual","ZA","South Africa","B2","Bank type 2","N","Number","F","Accounts, all","A","All users","E","End of period","0","373","Pure Number","0","Units","","3","",,M,,M,,M,,M,,M,,M,,M
CPMI_INSTITUTIONS:A:ZA:B2:V:F,"A","Annual","ZA","South Africa","B2","Bank type 2","V","Value","F","Accounts, all","A","All users","E","End of period","3","ZAR","Rand","6","Millions","","3","",,M,,M,,M,,M,,M,,M,,M
CPMI_INSTITUTIONS:A:ZA:B3:N:A,"A","Annual","ZA","South Africa","B3","Bank type 3","N","Number","A","Institutions","A","All users","E","End of period","0","373","Pure Number","0","Units","","3","",,M,,M,,M,,M,,M,,M,,M
CPMI_INSTITUTIONS:A:ZA:B3:N:C,"A","Annual","ZA","South Africa","B3","Bank type 3","N","Number","C","Branches or offices","A","All users","E","End of period","0","373","Pure Number","0","Units","","3","",,M,,M,,M,,M,,M,,M,,M
CPMI_INSTITUTIONS:A:ZA:B3:N:F,"A","Annual","ZA","South Africa","B3","Bank type 3","N","Number","F","Accounts, all","A","All users","E","End of period","0","373","Pure Number","0","Units","","3","",,M,,M,,M,,M,,M,,M,,M
CPMI_INSTITUTIONS:A:ZA:B3:V:F,"A","Annual","ZA","South Africa","B3","Bank type 3","V","Value","F","Accounts, all","A","All users","E","End of period","3","ZAR","Rand","6","Millions","","3","",,M,,M,,M,,M,,M,,M,,M
CPMI_INSTITUTIONS:A:ZA:BA:N:A,"A","Annual","ZA","South Africa","BA","Banks, all","N","Number","A","Institutions","A","All users","E","End of period","0","373","Pure Number","0","Units","","3","",32,A,33,A,34,A,35,A,33,A,43,A,46,A
CPMI_INSTITUTIONS:A:ZA:BA:N:C,"A","Annual","ZA","South Africa","BA","Banks, all","N","Number","C","Branches or offices","A","All users","E","End of period","0","373","Pure Number","0","Units","","3","",3713,A,3704,A,4176,A,4051,A,4049,A,3956,A,4149,A
CPMI_INSTITUTIONS:A:ZA:BA:N:F,"A","Annual","ZA","South Africa","BA","Banks, all","N","Number","F","Accounts, all","A","All users","E","End of period","0","373","Pure Number","0","Units","","3","",,L,,L,,L,,L,,L,,L,,L
CPMI_INSTITUTIONS:A:ZA:BA:N:I,"A","Annual","ZA","South Africa","BA","Banks, all","N","Number","I","Accounts, Internet-linked","A","All users","E","End of period","0","373","Pure Number","0","Units","","3","",,M,,M,,M,,M,,M,,M,,M
CPMI_INSTITUTIONS:A:ZA:BA:V:F,"A","Annual","ZA","South Africa","BA","Banks, all","V","Value","F","Accounts, all","A","All users","E","End of period","3","ZAR","Rand","6","Millions","","3","",2598331,A,2786371,A,3002095,A,3297774,A,3488894,A,3680784,A,,L
CPMI_INSTITUTIONS:A:ZA:CB:N:A,"A","Annual","ZA","South Africa","CB","Central banks","N","Number","A","Institutions","A","All users","E","End of period","0","373","Pure Number","0","Units","","3","",1,A,1,A,1,A,1,A,1,A,1,A,1,A
CPMI_INSTITUTIONS:A:ZA:CB:N:C,"A","Annual","ZA","South Africa","CB","Central banks","N","Number","C","Branches or offices","A","All users","E","End of period","0","373","Pure Number","0","Units","","3","",7,A,7,A,7,A,7,A,7,A,7,A,4,A
CPMI_INSTITUTIONS:A:ZA:CB:N:F,"A","Annual","ZA","South Africa","CB","Central banks","N","Number","F","Accounts, all","A","All users","E","End of period","0","373","Pure Number","0","Units","","3","",280,A,284,A,305,A,309,A,314,A,326,A,,L
CPMI_INSTITUTIONS:A:ZA:CB:V:F,"A","Annual","ZA","South Africa","CB","Central banks","V","Value","F","Accounts, all","A","All users","E","End of period","3","ZAR","Rand","6","Millions","","3","",71199,A,78553,A,73665,A,77348,A,81893,A,87162,A,,L
CPMI_INSTITUTIONS:A:ZA:EA:N:A,"A","Annual","ZA","South Africa","EA","E-money issuers, all","N","Number","A","Institutions","A","All users","E","End of period","0","373","Pure Number","0","Units","","3","",,M,,M,,M,,M,,M,,M,,M
CPMI_INSTITUTIONS:A:ZA:EA:V:F,"A","Annual","ZA","South Africa","EA","E-money issuers, all","V","Value","F","Accounts, all","A","All users","E","End of period","3","ZAR","Rand","6","Millions","","3","",,M,,M,,M,,M,,M,,M,,M
CPMI_INSTITUTIONS:A:ZA:EN:N:A,"A","Annual","ZA","South Africa","EN","E-money issuers - Non-banks","N","Number","A","Institutions","A","All users","E","End of period","0","373","Pure Number","0","Units","","3","",,M,,M,,M,,M,,M,,M,,M
CPMI_INSTITUTIONS:A:ZA:EN:V:F,"A","Annual","ZA","South Africa","EN","E-money issuers - Non-banks","V","Value","F","Accounts, all","A","All users","E","End of period","3","ZAR","Rand","6","Millions","","3","",,M,,M,,M,,M,,M,,M,,M
CPMI_INSTITUTIONS:A:ZA:FB:N:A,"A","Annual","ZA","South Africa","FB","Foreign banks","N","Number","A","Institutions","A","All users","E","End of period","0","373","Pure Number","0","Units","","3","",,L,,L,,L,,L,,L,12,A,15,A
CPMI_INSTITUTIONS:A:ZA:FB:N:C,"A","Annual","ZA","South Africa","FB","Foreign banks","N","Number","C","Branches or offices","A","All users","E","End of period","0","373","Pure Number","0","Units","","3","",,L,,L,,L,,L,,L,,L,,L
CPMI_INSTITUTIONS:A:ZA:FB:N:F,"A","Annual","ZA","South Africa","FB","Foreign banks","N","Number","F","Accounts, all","A","All users","E","End of period","0","373","Pure Number","0","Units","","3","",,L,,L,,L,,L,,L,,L,,L
CPMI_INSTITUTIONS:A:ZA:FB:V:F,"A","Annual","ZA","South Africa","FB","Foreign banks","V","Value","F","Accounts, all","A","All users","E","End of period","3","ZAR","Rand","6","Millions","","3","",,L,,L,,L,,L,,L,,L,,L
CPMI_INSTITUTIONS:A:ZA:IA:N:A,"A","Annual","ZA","South Africa","IA","Institutions, all","N","Number","A","Institutions","A","All users","E","End of period","0","373","Pure Number","0","Units","","3","",33,A,34,A,35,A,36,A,34,A,32,A,32,A
CPMI_INSTITUTIONS:A:ZA:N1:N:A,"A","Annual","ZA","South Africa","N1","Non-banks offering storage of value","N","Number","A","Institutions","A","All users","E","End of period","0","373","Pure Number","0","Units","","3","",,M,,M,,M,,M,,M,,M,,M
CPMI_INSTITUTIONS:A:ZA:N1:N:C,"A","Annual","ZA","South Africa","N1","Non-banks offering storage of value","N","Number","C","Branches or offices","A","All users","E","End of period","0","373","Pure Number","0","Units","","3","",,M,,M,,M,,M,,M,,M,,M
CPMI_INSTITUTIONS:A:ZA:N1:N:F,"A","Annual","ZA","South Africa","N1","Non-banks offering storage of value","N","Number","F","Accounts, all","A","All users","E","End of period","0","373","Pure Number","0","Units","","3","",,M,,M,,M,,M,,M,,M,,M
CPMI_INSTITUTIONS:A:ZA:N1:V:F,"A","Annual","ZA","South Africa","N1","Non-banks offering storage of value","V","Value","F","Accounts, all","A","All users","E","End of period","3","ZAR","Rand","6","Millions","","3","",,M,,M,,M,,M,,M,,M,,M
CPMI_INSTITUTIONS:A:ZA:N2:N:A,"A","Annual","ZA","South Africa","N2","Non-banks relying on storage of value offered by others","N","Number","A","Institutions","A","All users","E","End of period","0","373","Pure Number","0","Units","","3","",,M,,M,,M,,M,,M,,M,,M
