Code,"FREQ","FREQ#","REP_CTY","REP_CTY#","SYSTEM_TYPE","SYSTEM_TYPE#","SYSTEM","SYSTEM#","PART_TYPE","PART_TYPE#","AVAILABILITY","AVAILABILITY#","COLLECTION","COLLECTION#","DECIMALS","UNIT_MEASURE","UNIT_MEASURE#","UNIT_MULT","UNIT_MULT#","COMMENT_TS","TABLE","TITLE",2012,sts,2013,sts,2014,sts,2015,sts,2016,sts,2017,sts,2018,sts
CPMI_PARTICIPANTS:A:AR:A:AR1P:A,"A","Annual","AR","Argentina","A","Payment systems, large-value","AR1P","MEP - Medio Electronico de Pagos","A","All","A","All users","E","End of period","0","373","Pure Number","0","Units","","7","",96,A,98,A,94,A,94,A,94,A,94,A,93,A
CPMI_PARTICIPANTS:A:AR:A:AR1P:B,"A","Annual","AR","Argentina","A","Payment systems, large-value","AR1P","MEP - Medio Electronico de Pagos","B","Direct participants, Banks","A","All users","E","End of period","0","373","Pure Number","0","Units","","7","",65,A,66,A,65,A,65,A,63,A,63,A,63,A
CPMI_PARTICIPANTS:A:AR:A:AR1P:C,"A","Annual","AR","Argentina","A","Payment systems, large-value","AR1P","MEP - Medio Electronico de Pagos","C","Direct participants, Central bank","A","All users","E","End of period","0","373","Pure Number","0","Units","","7","",1,A,1,A,1,A,1,A,1,A,1,A,1,A
CPMI_PARTICIPANTS:A:AR:A:AR1P:D,"A","Annual","AR","Argentina","A","Payment systems, large-value","AR1P","MEP - Medio Electronico de Pagos","D","Direct participants, all","A","All users","E","End of period","0","373","Pure Number","0","Units","","7","",96,A,98,A,94,A,94,A,94,A,94,A,93,A
CPMI_PARTICIPANTS:A:AR:A:AR1P:F,"A","Annual","AR","Argentina","A","Payment systems, large-value","AR1P","MEP - Medio Electronico de Pagos","F","Direct participants, Government","A","All users","E","End of period","0","373","Pure Number","0","Units","","7","",,M,,M,,M,,M,,M,,M,,M
CPMI_PARTICIPANTS:A:AR:A:AR1P:G,"A","Annual","AR","Argentina","A","Payment systems, large-value","AR1P","MEP - Medio Electronico de Pagos","G","Direct participants, Postal institution","A","All users","E","End of period","0","373","Pure Number","0","Units","","7","",1,A,1,A,1,A,1,A,1,A,1,A,1,A
CPMI_PARTICIPANTS:A:AR:A:AR1P:H,"A","Annual","AR","Argentina","A","Payment systems, large-value","AR1P","MEP - Medio Electronico de Pagos","H","Direct participants, Payment systems, CCPs and SSSs","A","All users","E","End of period","0","373","Pure Number","0","Units","","7","",3,A,3,A,2,A,2,A,2,A,2,A,2,A
CPMI_PARTICIPANTS:A:AR:A:AR1P:L,"A","Annual","AR","Argentina","A","Payment systems, large-value","AR1P","MEP - Medio Electronico de Pagos","L","Direct participants, Other","A","All users","E","End of period","0","373","Pure Number","0","Units","","7","",26,A,27,A,25,A,25,A,27,A,27,A,26,A
CPMI_PARTICIPANTS:A:AR:A:AR1P:Z,"A","Annual","AR","Argentina","A","Payment systems, large-value","AR1P","MEP - Medio Electronico de Pagos","Z","Indirect participants","A","All users","E","End of period","0","373","Pure Number","0","Units","","7","",,M,,L,,L,,L,,L,,L,,L
CPMI_PARTICIPANTS:A:AR:J:AR2P:A,"A","Annual","AR","Argentina","J","Payment systems, retail & fast payments","AR2P","SNP - Sistema Nacional de Pagos","A","All","A","All users","E","End of period","0","373","Pure Number","0","Units","","7","",68,A,69,A,68,A,65,A,69,A,80,A,72,A
CPMI_PARTICIPANTS:A:AR:J:AR2P:B,"A","Annual","AR","Argentina","J","Payment systems, retail & fast payments","AR2P","SNP - Sistema Nacional de Pagos","B","Direct participants, Banks","A","All users","E","End of period","0","373","Pure Number","0","Units","","7","",65,A,66,A,65,A,62,A,63,A,62,A,59,A
CPMI_PARTICIPANTS:A:AR:J:AR2P:C,"A","Annual","AR","Argentina","J","Payment systems, retail & fast payments","AR2P","SNP - Sistema Nacional de Pagos","C","Direct participants, Central bank","A","All users","E","End of period","0","373","Pure Number","0","Units","","7","",1,A,1,A,1,A,1,A,1,A,1,A,1,A
CPMI_PARTICIPANTS:A:AR:J:AR2P:D,"A","Annual","AR","Argentina","J","Payment systems, retail & fast payments","AR2P","SNP - Sistema Nacional de Pagos","D","Direct participants, all","A","All users","E","End of period","0","373","Pure Number","0","Units","","7","",68,A,69,A,68,A,65,A,69,A,80,A,72,A
CPMI_PARTICIPANTS:A:AR:J:AR2P:F,"A","Annual","AR","Argentina","J","Payment systems, retail & fast payments","AR2P","SNP - Sistema Nacional de Pagos","F","Direct participants, Government","A","All users","E","End of period","0","373","Pure Number","0","Units","","7","",0,A,0,A,0,A,0,A,0,A,0,A,0,A
CPMI_PARTICIPANTS:A:AR:J:AR2P:G,"A","Annual","AR","Argentina","J","Payment systems, retail & fast payments","AR2P","SNP - Sistema Nacional de Pagos","G","Direct participants, Postal institution","A","All users","E","End of period","0","373","Pure Number","0","Units","","7","",1,A,1,A,1,A,1,A,1,A,1,A,1,A
CPMI_PARTICIPANTS:A:AR:J:AR2P:H,"A","Annual","AR","Argentina","J","Payment systems, retail & fast payments","AR2P","SNP - Sistema Nacional de Pagos","H","Direct participants, Payment systems, CCPs and SSSs","A","All users","E","End of period","0","373","Pure Number","0","Units","","7","",1,A,1,A,1,A,1,A,1,A,1,A,1,A
CPMI_PARTICIPANTS:A:AR:J:AR2P:L,"A","Annual","AR","Argentina","J","Payment systems, retail & fast payments","AR2P","SNP - Sistema Nacional de Pagos","L","Direct participants, Other","A","All users","E","End of period","0","373","Pure Number","0","Units","","7","",0,A,0,A,0,A,0,A,3,A,15,A,10,A
CPMI_PARTICIPANTS:A:AR:J:AR2P:Z,"A","Annual","AR","Argentina","J","Payment systems, retail & fast payments","AR2P","SNP - Sistema Nacional de Pagos","Z","Indirect participants","A","All users","E","End of period","0","373","Pure Number","0","Units","","7","",,L,,L,,L,,L,,L,,L,,L
CPMI_PARTICIPANTS:A:AR:S:SWFT:0,"A","Annual","AR","Argentina","S","Swift","SWFT","Swift","0","Members","A","All users","E","End of period","0","373","Pure Number","0","Units","","10","",18,A,18,A,18,A,19,A,19,A,19,A,19,A
CPMI_PARTICIPANTS:A:AR:S:SWFT:1,"A","Annual","AR","Argentina","S","Swift","SWFT","Swift","1","Sub-members","A","All users","E","End of period","0","373","Pure Number","0","Units","","10","",11,A,11,A,11,A,10,A,10,A,9,A,9,A
CPMI_PARTICIPANTS:A:AR:S:SWFT:A,"A","Annual","AR","Argentina","S","Swift","SWFT","Swift","A","All","A","All users","E","End of period","0","373","Pure Number","0","Units","","10","",52,A,60,A,62,A,62,A,63,A,59,A,59,A
CPMI_PARTICIPANTS:A:AR:U:AR1C:B,"A","Annual","AR","Argentina","U","Central counterparties/clearing houses","AR1C","MaTBA","B","Direct participants, Banks","A","All users","E","End of period","0","373","Pure Number","0","Units","","12","",2,A,2,A,2,A,2,A,2,A,2,A,3,A
CPMI_PARTICIPANTS:A:AR:U:AR1C:C,"A","Annual","AR","Argentina","U","Central counterparties/clearing houses","AR1C","MaTBA","C","Direct participants, Central bank","A","All users","E","End of period","0","373","Pure Number","0","Units","","12","",0,A,0,A,0,A,0,A,0,A,0,A,0,A
CPMI_PARTICIPANTS:A:AR:U:AR1C:D,"A","Annual","AR","Argentina","U","Central counterparties/clearing houses","AR1C","MaTBA","D","Direct participants, all","A","All users","E","End of period","0","373","Pure Number","0","Units","","12","",94,A,100,A,85,A,72,A,77,A,73,A,127,A
CPMI_PARTICIPANTS:A:AR:U:AR1C:I,"A","Annual","AR","Argentina","U","Central counterparties/clearing houses","AR1C","MaTBA","I","Direct participants, CCPs/Other CCPs","A","All users","E","End of period","0","373","Pure Number","0","Units","","12","",0,A,0,A,0,A,0,A,0,A,0,A,0,A
CPMI_PARTICIPANTS:A:AR:U:AR1C:L,"A","Annual","AR","Argentina","U","Central counterparties/clearing houses","AR1C","MaTBA","L","Direct participants, Other","A","All users","E","End of period","0","373","Pure Number","0","Units","","12","",92,A,98,A,83,A,70,A,75,A,71,A,124,A
CPMI_PARTICIPANTS:A:AR:U:AR1C:N,"A","Annual","AR","Argentina","U","Central counterparties/clearing houses","AR1C","MaTBA","N","Direct participants, domestic","A","All users","E","End of period","0","373","Pure Number","0","Units","","12","",94,A,100,A,85,A,72,A,77,A,73,A,127,A
CPMI_PARTICIPANTS:A:AR:U:AR1C:O,"A","Annual","AR","Argentina","U","Central counterparties/clearing houses","AR1C","MaTBA","O","Direct participants, domestic, Banks","A","All users","E","End of period","0","373","Pure Number","0","Units","","12","",2,A,2,A,2,A,2,A,2,A,2,A,3,A
CPMI_PARTICIPANTS:A:AR:U:AR1C:P,"A","Annual","AR","Argentina","U","Central counterparties/clearing houses","AR1C","MaTBA","P","Direct participants, domestic, Central banks","A","All users","E","End of period","0","373","Pure Number","0","Units","","12","",0,A,0,A,0,A,0,A,0,A,0,A,0,A
CPMI_PARTICIPANTS:A:AR:U:AR1C:Q,"A","Annual","AR","Argentina","U","Central counterparties/clearing houses","AR1C","MaTBA","Q","Direct participants, domestic, CCPs/Other CCPs","A","All users","E","End of period","0","373","Pure Number","0","Units","","12","",0,A,0,A,0,A,0,A,0,A,0,A,0,A
CPMI_PARTICIPANTS:A:AR:U:AR1C:S,"A","Annual","AR","Argentina","U","Central counterparties/clearing houses","AR1C","MaTBA","S","Direct participants, domestic, Other","A","All users","E","End of period","0","373","Pure Number","0","Units","","12","",92,A,98,A,83,A,70,A,75,A,71,A,124,A
CPMI_PARTICIPANTS:A:AR:U:AR1C:T,"A","Annual","AR","Argentina","U","Central counterparties/clearing houses","AR1C","MaTBA","T","Direct participants, foreign","A","All users","E","End of period","0","373","Pure Number","0","Units","","12","",0,A,0,A,0,A,0,A,0,A,0,A,0,A
CPMI_PARTICIPANTS:A:AR:U:AR1C:U,"A","Annual","AR","Argentina","U","Central counterparties/clearing houses","AR1C","MaTBA","U","Direct participants, foreign, Banks","A","All users","E","End of period","0","373","Pure Number","0","Units","","12","",0,A,0,A,0,A,0,A,0,A,0,A,0,A
CPMI_PARTICIPANTS:A:AR:U:AR1C:V,"A","Annual","AR","Argentina","U","Central counterparties/clearing houses","AR1C","MaTBA","V","Direct participants, foreign, Central banks","A","All users","E","End of period","0","373","Pure Number","0","Units","","12","",0,A,0,A,0,A,0,A,0,A,0,A,0,A
CPMI_PARTICIPANTS:A:AR:U:AR1C:W,"A","Annual","AR","Argentina","U","Central counterparties/clearing houses","AR1C","MaTBA","W","Direct participants, foreign, CCPs/Other CCPs","A","All users","E","End of period","0","373","Pure Number","0","Units","","12","",0,A,0,A,0,A,0,A,0,A,0,A,0,A
CPMI_PARTICIPANTS:A:AR:U:AR1C:Y,"A","Annual","AR","Argentina","U","Central counterparties/clearing houses","AR1C","MaTBA","Y","Direct participants, foreign, Other","A","All users","E","End of period","0","373","Pure Number","0","Units","","12","",0,A,0,A,0,A,0,A,0,A,0,A,0,A
CPMI_PARTICIPANTS:A:AR:U:AR2C:B,"A","Annual","AR","Argentina","U","Central counterparties/clearing houses","AR2C","MERVAL","B","Direct participants, Banks","A","All users","E","End of period","0","373","Pure Number","0","Units","","12","",0,A,0,A,0,A,0,A,0,A,0,A,0,A
CPMI_PARTICIPANTS:A:AR:U:AR2C:C,"A","Annual","AR","Argentina","U","Central counterparties/clearing houses","AR2C","MERVAL","C","Direct participants, Central bank","A","All users","E","End of period","0","373","Pure Number","0","Units","","12","",0,A,0,A,0,A,0,A,0,A,0,A,0,A
CPMI_PARTICIPANTS:A:AR:U:AR2C:D,"A","Annual","AR","Argentina","U","Central counterparties/clearing houses","AR2C","MERVAL","D","Direct participants, all","A","All users","E","End of period","0","373","Pure Number","0","Units","","12","",134,A,132,A,200,A,205,A,229,A,249,A,240,A
CPMI_PARTICIPANTS:A:AR:U:AR2C:I,"A","Annual","AR","Argentina","U","Central counterparties/clearing houses","AR2C","MERVAL","I","Direct participants, CCPs/Other CCPs","A","All users","E","End of period","0","373","Pure Number","0","Units","","12","",1,A,1,A,1,A,1,A,1,A,1,A,1,A
CPMI_PARTICIPANTS:A:AR:U:AR2C:L,"A","Annual","AR","Argentina","U","Central counterparties/clearing houses","AR2C","MERVAL","L","Direct participants, Other","A","All users","E","End of period","0","373","Pure Number","0","Units","","12","",133,A,131,A,199,A,204,A,228,A,248,A,239,A
CPMI_PARTICIPANTS:A:AR:U:AR2C:N,"A","Annual","AR","Argentina","U","Central counterparties/clearing houses","AR2C","MERVAL","N","Direct participants, domestic","A","All users","E","End of period","0","373","Pure Number","0","Units","","12","",,L,,L,,L,,L,,L,,L,,L
CPMI_PARTICIPANTS:A:AR:U:AR2C:O,"A","Annual","AR","Argentina","U","Central counterparties/clearing houses","AR2C","MERVAL","O","Direct participants, domestic, Banks","A","All users","E","End of period","0","373","Pure Number","0","Units","","12","",,L,,L,,L,,L,,L,,L,,L
CPMI_PARTICIPANTS:A:AR:U:AR2C:P,"A","Annual","AR","Argentina","U","Central counterparties/clearing houses","AR2C","MERVAL","P","Direct participants, domestic, Central banks","A","All users","E","End of period","0","373","Pure Number","0","Units","","12","",,L,,L,,L,,L,,L,,L,,L
CPMI_PARTICIPANTS:A:AR:U:AR2C:Q,"A","Annual","AR","Argentina","U","Central counterparties/clearing houses","AR2C","MERVAL","Q","Direct participants, domestic, CCPs/Other CCPs","A","All users","E","End of period","0","373","Pure Number","0","Units","","12","",,L,,L,,L,,L,,L,,L,,L
CPMI_PARTICIPANTS:A:AR:U:AR2C:S,"A","Annual","AR","Argentina","U","Central counterparties/clearing houses","AR2C","MERVAL","S","Direct participants, domestic, Other","A","All users","E","End of period","0","373","Pure Number","0","Units","","12","",,L,,L,,L,,L,,L,,L,,L
CPMI_PARTICIPANTS:A:AR:U:AR2C:T,"A","Annual","AR","Argentina","U","Central counterparties/clearing houses","AR2C","MERVAL","T","Direct participants, foreign","A","All users","E","End of period","0","373","Pure Number","0","Units","","12","",,L,,L,,L,,L,,L,,L,,L
CPMI_PARTICIPANTS:A:AR:U:AR2C:U,"A","Annual","AR","Argentina","U","Central counterparties/clearing houses","AR2C","MERVAL","U","Direct participants, foreign, Banks","A","All users","E","End of period","0","373","Pure Number","0","Units","","12","",,L,,L,,L,,L,,L,,L,,L
CPMI_PARTICIPANTS:A:AR:U:AR2C:V,"A","Annual","AR","Argentina","U","Central counterparties/clearing houses","AR2C","MERVAL","V","Direct participants, foreign, Central banks","A","All users","E","End of period","0","373","Pure Number","0","Units","","12","",,L,,L,,L,,L,,L,,L,,L
CPMI_PARTICIPANTS:A:AR:U:AR2C:W,"A","Annual","AR","Argentina","U","Central counterparties/clearing houses","AR2C","MERVAL","W","Direct participants, foreign, CCPs/Other CCPs","A","All users","E","End of period","0","373","Pure Number","0","Units","","12","",,L,,L,,L,,L,,L,,L,,L
CPMI_PARTICIPANTS:A:AR:U:AR2C:Y,"A","Annual","AR","Argentina","U","Central counterparties/clearing houses","AR2C","MERVAL","Y","Direct participants, foreign, Other","A","All users","E","End of period","0","373","Pure Number","0","Units","","12","",,L,,L,,L,,L,,L,,L,,L
CPMI_PARTICIPANTS:A:AR:U:AR3C:B,"A","Annual","AR","Argentina","U","Central counterparties/clearing houses","AR3C","MAV","B","Direct participants, Banks","A","All users","E","End of period","0","373","Pure Number","0","Units","","12","",,L,0,A,0,A,0,A,0,A,0,A,0,A
CPMI_PARTICIPANTS:A:AR:U:AR3C:C,"A","Annual","AR","Argentina","U","Central counterparties/clearing houses","AR3C","MAV","C","Direct participants, Central bank","A","All users","E","End of period","0","373","Pure Number","0","Units","","12","",,L,0,A,0,A,0,A,0,A,0,A,0,A
CPMI_PARTICIPANTS:A:AR:U:AR3C:D,"A","Annual","AR","Argentina","U","Central counterparties/clearing houses","AR3C","MAV","D","Direct participants, all","A","All users","E","End of period","0","373","Pure Number","0","Units","","12","",39,A,37,A,70,A,92,A,115,A,151,A,162,A
CPMI_PARTICIPANTS:A:AR:U:AR3C:I,"A","Annual","AR","Argentina","U","Central counterparties/clearing houses","AR3C","MAV","I","Direct participants, CCPs/Other CCPs","A","All users","E","End of period","0","373","Pure Number","0","Units","","12","",,L,37,A,70,A,92,A,115,A,151,A,162,A
CPMI_PARTICIPANTS:A:AR:U:AR3C:L,"A","Annual","AR","Argentina","U","Central counterparties/clearing houses","AR3C","MAV","L","Direct participants, Other","A","All users","E","End of period","0","373","Pure Number","0","Units","","12","",,L,0,A,0,A,0,A,0,A,0,A,0,A
CPMI_PARTICIPANTS:A:AR:U:AR3C:N,"A","Annual","AR","Argentina","U","Central counterparties/clearing houses","AR3C","MAV","N","Direct participants, domestic","A","All users","E","End of period","0","373","Pure Number","0","Units","","12","",,L,37,A,70,A,92,A,115,A,151,A,162,A
CPMI_PARTICIPANTS:A:AR:U:AR3C:O,"A","Annual","AR","Argentina","U","Central counterparties/clearing houses","AR3C","MAV","O","Direct participants, domestic, Banks","A","All users","E","End of period","0","373","Pure Number","0","Units","","12","",,L,0,A,0,A,0,A,0,A,0,A,0,A
CPMI_PARTICIPANTS:A:AR:U:AR3C:P,"A","Annual","AR","Argentina","U","Central counterparties/clearing houses","AR3C","MAV","P","Direct participants, domestic, Central banks","A","All users","E","End of period","0","373","Pure Number","0","Units","","12","",,L,0,A,0,A,0,A,0,A,0,A,0,A
CPMI_PARTICIPANTS:A:AR:U:AR3C:Q,"A","Annual","AR","Argentina","U","Central counterparties/clearing houses","AR3C","MAV","Q","Direct participants, domestic, CCPs/Other CCPs","A","All users","E","End of period","0","373","Pure Number","0","Units","","12","",,L,37,A,70,A,92,A,115,A,151,A,162,A
CPMI_PARTICIPANTS:A:AR:U:AR3C:S,"A","Annual","AR","Argentina","U","Central counterparties/clearing houses","AR3C","MAV","S","Direct participants, domestic, Other","A","All users","E","End of period","0","373","Pure Number","0","Units","","12","",,L,0,A,0,A,0,A,0,A,0,A,0,A
CPMI_PARTICIPANTS:A:AR:U:AR3C:T,"A","Annual","AR","Argentina","U","Central counterparties/clearing houses","AR3C","MAV","T","Direct participants, foreign","A","All users","E","End of period","0","373","Pure Number","0","Units","","12","",,L,0,A,0,A,0,A,0,A,0,A,0,A
CPMI_PARTICIPANTS:A:AR:U:AR3C:U,"A","Annual","AR","Argentina","U","Central counterparties/clearing houses","AR3C","MAV","U","Direct participants, foreign, Banks","A","All users","E","End of period","0","373","Pure Number","0","Units","","12","",,L,0,A,0,A,0,A,0,A,0,A,0,A
CPMI_PARTICIPANTS:A:AR:U:AR3C:V,"A","Annual","AR","Argentina","U","Central counterparties/clearing houses","AR3C","MAV","V","Direct participants, foreign, Central banks","A","All users","E","End of period","0","373","Pure Number","0","Units","","12","",,L,0,A,0,A,0,A,0,A,0,A,0,A
CPMI_PARTICIPANTS:A:AR:U:AR3C:W,"A","Annual","AR","Argentina","U","Central counterparties/clearing houses","AR3C","MAV","W","Direct participants, foreign, CCPs/Other CCPs","A","All users","E","End of period","0","373","Pure Number","0","Units","","12","",,L,0,A,0,A,0,A,0,A,0,A,0,A
CPMI_PARTICIPANTS:A:AR:U:AR3C:Y,"A","Annual","AR","Argentina","U","Central counterparties/clearing houses","AR3C","MAV","Y","Direct participants, foreign, Other","A","All users","E","End of period","0","373","Pure Number","0","Units","","12","",,L,0,A,0,A,0,A,0,A,0,A,0,A
CPMI_PARTICIPANTS:A:AR:V:AR1S:B,"A","Annual","AR","Argentina","V","Central securities depositories","AR1S","Caja de Valores S.A.","B","Direct participants, Banks","A","All users","E","End of period","0","373","Pure Number","0","Units","","15","",,L,131,A,130,A,133,A,131,A,131,A,129,A
CPMI_PARTICIPANTS:A:AR:V:AR1S:C,"A","Annual","AR","Argentina","V","Central securities depositories","AR1S","Caja de Valores S.A.","C","Direct participants, Central bank","A","All users","E","End of period","0","373","Pure Number","0","Units","","15","",,L,3,A,3,A,3,A,3,A,3,A,3,A
CPMI_PARTICIPANTS:A:AR:V:AR1S:D,"A","Annual","AR","Argentina","V","Central securities depositories","AR1S","Caja de Valores S.A.","D","Direct participants, all","A","All users","E","End of period","0","373","Pure Number","0","Units","","15","",,L,587,A,619,A,615,A,625,A,709,A,717,A
CPMI_PARTICIPANTS:A:AR:V:AR1S:I,"A","Annual","AR","Argentina","V","Central securities depositories","AR1S","Caja de Valores S.A.","I","Direct participants, CCPs/Other CCPs","A","All users","E","End of period","0","373","Pure Number","0","Units","","15","",,L,3,A,3,A,9,A,9,A,9,A,9,A
CPMI_PARTICIPANTS:A:AR:V:AR1S:J,"A","Annual","AR","Argentina","V","Central securities depositories","AR1S","Caja de Valores S.A.","J","Direct participants, CSDs","A","All users","E","End of period","0","373","Pure Number","0","Units","","15","",,L,1,A,1,A,3,A,3,A,2,A,2,A
CPMI_PARTICIPANTS:A:AR:V:AR1S:L,"A","Annual","AR","Argentina","V","Central securities depositories","AR1S","Caja de Valores S.A.","L","Direct participants, Other","A","All users","E","End of period","0","373","Pure Number","0","Units","","15","",,L,449,A,482,A,467,A,479,A,564,A,574,A
CPMI_PARTICIPANTS:A:AR:V:AR1S:N,"A","Annual","AR","Argentina","V","Central securities depositories","AR1S","Caja de Valores S.A.","N","Direct participants, domestic","A","All users","E","End of period","0","373","Pure Number","0","Units","","15","",,L,586,A,618,A,612,A,622,A,701,A,709,A
CPMI_PARTICIPANTS:A:AR:V:AR1S:O,"A","Annual","AR","Argentina","V","Central securities depositories","AR1S","Caja de Valores S.A.","O","Direct participants, domestic, Banks","A","All users","E","End of period","0","373","Pure Number","0","Units","","15","",,L,131,A,130,A,133,A,131,A,131,A,129,A
CPMI_PARTICIPANTS:A:AR:V:AR1S:P,"A","Annual","AR","Argentina","V","Central securities depositories","AR1S","Caja de Valores S.A.","P","Direct participants, domestic, Central banks","A","All users","E","End of period","0","373","Pure Number","0","Units","","15","",,L,3,A,3,A,3,A,3,A,3,A,3,A
CPMI_PARTICIPANTS:A:AR:V:AR1S:Q,"A","Annual","AR","Argentina","V","Central securities depositories","AR1S","Caja de Valores S.A.","Q","Direct participants, domestic, CCPs/Other CCPs","A","All users","E","End of period","0","373","Pure Number","0","Units","","15","",,L,3,A,3,A,9,A,9,A,9,A,9,A
CPMI_PARTICIPANTS:A:AR:V:AR1S:R,"A","Annual","AR","Argentina","V","Central securities depositories","AR1S","Caja de Valores S.A.","R","Direct participants, domestic, CSDs","A","All users","E","End of period","0","373","Pure Number","0","Units","","15","",,L,,M,,M,,M,,M,,M,,M
CPMI_PARTICIPANTS:A:AR:V:AR1S:S,"A","Annual","AR","Argentina","V","Central securities depositories","AR1S","Caja de Valores S.A.","S","Direct participants, domestic, Other","A","All users","E","End of period","0","373","Pure Number","0","Units","","15","",,L,449,A,482,A,467,A,479,A,558,A,568,A
CPMI_PARTICIPANTS:A:AR:V:AR1S:T,"A","Annual","AR","Argentina","V","Central securities depositories","AR1S","Caja de Valores S.A.","T","Direct participants, foreign","A","All users","E","End of period","0","373","Pure Number","0","Units","","15","",,L,1,A,1,A,3,A,3,A,8,A,8,A
CPMI_PARTICIPANTS:A:AR:V:AR1S:U,"A","Annual","AR","Argentina","V","Central securities depositories","AR1S","Caja de Valores S.A.","U","Direct participants, foreign, Banks","A","All users","E","End of period","0","373","Pure Number","0","Units","","15","",,L,,M,,M,,M,,M,,M,,M
CPMI_PARTICIPANTS:A:AR:V:AR1S:V,"A","Annual","AR","Argentina","V","Central securities depositories","AR1S","Caja de Valores S.A.","V","Direct participants, foreign, Central banks","A","All users","E","End of period","0","373","Pure Number","0","Units","","15","",,L,,M,,M,,M,,M,,M,,M
CPMI_PARTICIPANTS:A:AR:V:AR1S:W,"A","Annual","AR","Argentina","V","Central securities depositories","AR1S","Caja de Valores S.A.","W","Direct participants, foreign, CCPs/Other CCPs","A","All users","E","End of period","0","373","Pure Number","0","Units","","15","",,L,,M,,M,,M,,M,,M,,M
CPMI_PARTICIPANTS:A:AR:V:AR1S:X,"A","Annual","AR","Argentina","V","Central securities depositories","AR1S","Caja de Valores S.A.","X","Direct participants, foreign,CSDs","A","All users","E","End of period","0","373","Pure Number","0","Units","","15","",,L,1,A,1,A,3,A,3,A,2,A,2,A
CPMI_PARTICIPANTS:A:AR:V:AR1S:Y,"A","Annual","AR","Argentina","V","Central securities depositories","AR1S","Caja de Valores S.A.","Y","Direct participants, foreign, Other","A","All users","E","End of period","0","373","Pure Number","0","Units","","15","",,L,,M,,M,,M,,M,6,A,6,A
CPMI_PARTICIPANTS:A:AR:V:AR2S:B,"A","Annual","AR","Argentina","V","Central securities depositories","AR2S","CRYL - Central de Registro y Liquidacion de Titulos","B","Direct participants, Banks","A","All users","E","End of period","0","373","Pure Number","0","Units","","15","",,L,,L,,L,,L,,L,,L,,L
CPMI_PARTICIPANTS:A:AR:V:AR2S:C,"A","Annual","AR","Argentina","V","Central securities depositories","AR2S","CRYL - Central de Registro y Liquidacion de Titulos","C","Direct participants, Central bank","A","All users","E","End of period","0","373","Pure Number","0","Units","","15","",,L,,L,,L,,L,,L,,L,,L
CPMI_PARTICIPANTS:A:AR:V:AR2S:D,"A","Annual","AR","Argentina","V","Central securities depositories","AR2S","CRYL - Central de Registro y Liquidacion de Titulos","D","Direct participants, all","A","All users","E","End of period","0","373","Pure Number","0","Units","","15","",,L,,L,,L,,L,,L,,L,,L
CPMI_PARTICIPANTS:A:AR:V:AR2S:I,"A","Annual","AR","Argentina","V","Central securities depositories","AR2S","CRYL - Central de Registro y Liquidacion de Titulos","I","Direct participants, CCPs/Other CCPs","A","All users","E","End of period","0","373","Pure Number","0","Units","","15","",,L,,L,,L,,L,,L,,L,,L
CPMI_PARTICIPANTS:A:AR:V:AR2S:J,"A","Annual","AR","Argentina","V","Central securities depositories","AR2S","CRYL - Central de Registro y Liquidacion de Titulos","J","Direct participants, CSDs","A","All users","E","End of period","0","373","Pure Number","0","Units","","15","",,L,,L,,L,,L,,L,,L,,L
CPMI_PARTICIPANTS:A:AR:V:AR2S:L,"A","Annual","AR","Argentina","V","Central securities depositories","AR2S","CRYL - Central de Registro y Liquidacion de Titulos","L","Direct participants, Other","A","All users","E","End of period","0","373","Pure Number","0","Units","","15","",,L,,L,,L,,L,,L,,L,,L
CPMI_PARTICIPANTS:A:AR:V:AR2S:N,"A","Annual","AR","Argentina","V","Central securities depositories","AR2S","CRYL - Central de Registro y Liquidacion de Titulos","N","Direct participants, domestic","A","All users","E","End of period","0","373","Pure Number","0","Units","","15","",,L,,L,,L,,L,,L,,L,,L
CPMI_PARTICIPANTS:A:AR:V:AR2S:O,"A","Annual","AR","Argentina","V","Central securities depositories","AR2S","CRYL - Central de Registro y Liquidacion de Titulos","O","Direct participants, domestic, Banks","A","All users","E","End of period","0","373","Pure Number","0","Units","","15","",,L,,L,,L,,L,,L,,L,,L
CPMI_PARTICIPANTS:A:AR:V:AR2S:P,"A","Annual","AR","Argentina","V","Central securities depositories","AR2S","CRYL - Central de Registro y Liquidacion de Titulos","P","Direct participants, domestic, Central banks","A","All users","E","End of period","0","373","Pure Number","0","Units","","15","",,L,,L,,L,,L,,L,,L,,L
CPMI_PARTICIPANTS:A:AR:V:AR2S:Q,"A","Annual","AR","Argentina","V","Central securities depositories","AR2S","CRYL - Central de Registro y Liquidacion de Titulos","Q","Direct participants, domestic, CCPs/Other CCPs","A","All users","E","End of period","0","373","Pure Number","0","Units","","15","",,L,,L,,L,,L,,L,,L,,L
CPMI_PARTICIPANTS:A:AR:V:AR2S:R,"A","Annual","AR","Argentina","V","Central securities depositories","AR2S","CRYL - Central de Registro y Liquidacion de Titulos","R","Direct participants, domestic, CSDs","A","All users","E","End of period","0","373","Pure Number","0","Units","","15","",,L,,L,,L,,L,,L,,L,,L
CPMI_PARTICIPANTS:A:AR:V:AR2S:S,"A","Annual","AR","Argentina","V","Central securities depositories","AR2S","CRYL - Central de Registro y Liquidacion de Titulos","S","Direct participants, domestic, Other","A","All users","E","End of period","0","373","Pure Number","0","Units","","15","",,L,,L,,L,,L,,L,,L,,L
CPMI_PARTICIPANTS:A:AR:V:AR2S:T,"A","Annual","AR","Argentina","V","Central securities depositories","AR2S","CRYL - Central de Registro y Liquidacion de Titulos","T","Direct participants, foreign","A","All users","E","End of period","0","373","Pure Number","0","Units","","15","",,L,,L,,L,,L,,L,,L,,L
CPMI_PARTICIPANTS:A:AR:V:AR2S:U,"A","Annual","AR","Argentina","V","Central securities depositories","AR2S","CRYL - Central de Registro y Liquidacion de Titulos","U","Direct participants, foreign, Banks","A","All users","E","End of period","0","373","Pure Number","0","Units","","15","",,L,,L,,L,,L,,L,,L,,L
CPMI_PARTICIPANTS:A:AR:V:AR2S:V,"A","Annual","AR","Argentina","V","Central securities depositories","AR2S","CRYL - Central de Registro y Liquidacion de Titulos","V","Direct participants, foreign, Central banks","A","All users","E","End of period","0","373","Pure Number","0","Units","","15","",,L,,L,,L,,L,,L,,L,,L
CPMI_PARTICIPANTS:A:AR:V:AR2S:W,"A","Annual","AR","Argentina","V","Central securities depositories","AR2S","CRYL - Central de Registro y Liquidacion de Titulos","W","Direct participants, foreign, CCPs/Other CCPs","A","All users","E","End of period","0","373","Pure Number","0","Units","","15","",,L,,L,,L,,L,,L,,L,,L
CPMI_PARTICIPANTS:A:AR:V:AR2S:X,"A","Annual","AR","Argentina","V","Central securities depositories","AR2S","CRYL - Central de Registro y Liquidacion de Titulos","X","Direct participants, foreign,CSDs","A","All users","E","End of period","0","373","Pure Number","0","Units","","15","",,L,,L,,L,,L,,L,,L,,L
CPMI_PARTICIPANTS:A:AR:V:AR2S:Y,"A","Annual","AR","Argentina","V","Central securities depositories","AR2S","CRYL - Central de Registro y Liquidacion de Titulos","Y","Direct participants, foreign, Other","A","All users","E","End of period","0","373","Pure Number","0","Units","","15","",,L,,L,,L,,L,,L,,L,,L
CPMI_PARTICIPANTS:A:AU:A:AU1P:A,"A","Annual","AU","Australia","A","Payment systems, large-value","AU1P","RITS","A","All","A","All users","E","End of period","0","373","Pure Number","0","Units","RITS also has a number of non-participant members.","7","",82,A,85,A,88,A,87,A,95,A,97,A,100,A
CPMI_PARTICIPANTS:A:AU:A:AU1P:B,"A","Annual","AU","Australia","A","Payment systems, large-value","AU1P","RITS","B","Direct participants, Banks","A","All users","E","End of period","0","373","Pure Number","0","Units","","7","",50,A,51,A,48,A,49,A,49,A,46,A,47,A
CPMI_PARTICIPANTS:A:AU:A:AU1P:C,"A","Annual","AU","Australia","A","Payment systems, large-value","AU1P","RITS","C","Direct participants, Central bank","A","All users","E","End of period","0","373","Pure Number","0","Units","","7","",1,A,1,A,1,A,1,A,1,A,1,A,1,A
CPMI_PARTICIPANTS:A:AU:A:AU1P:D,"A","Annual","AU","Australia","A","Payment systems, large-value","AU1P","RITS","D","Direct participants, all","A","All users","E","End of period","0","373","Pure Number","0","Units","","7","",60,A,61,A,59,A,60,A,60,A,58,A,59,A
CPMI_PARTICIPANTS:A:AU:A:AU1P:F,"A","Annual","AU","Australia","A","Payment systems, large-value","AU1P","RITS","F","Direct participants, Government","A","All users","E","End of period","0","373","Pure Number","0","Units","","7","",,M,,M,,M,,M,,M,,M,,M
CPMI_PARTICIPANTS:A:AU:A:AU1P:G,"A","Annual","AU","Australia","A","Payment systems, large-value","AU1P","RITS","G","Direct participants, Postal institution","A","All users","E","End of period","0","373","Pure Number","0","Units","","7","",,M,,M,,M,,M,,M,,M,,M
CPMI_PARTICIPANTS:A:AU:A:AU1P:H,"A","Annual","AU","Australia","A","Payment systems, large-value","AU1P","RITS","H","Direct participants, Payment systems, CCPs and SSSs","A","All users","E","End of period","0","373","Pure Number","0","Units","","7","",3,A,3,A,4,A,4,A,4,A,4,A,4,A
CPMI_PARTICIPANTS:A:AU:A:AU1P:L,"A","Annual","AU","Australia","A","Payment systems, large-value","AU1P","RITS","L","Direct participants, Other","A","All users","E","End of period","0","373","Pure Number","0","Units","","7","",6,A,6,A,6,A,6,A,6,A,7,A,7,A
CPMI_PARTICIPANTS:A:AU:A:AU1P:Z,"A","Annual","AU","Australia","A","Payment systems, large-value","AU1P","RITS","Z","Indirect participants","A","All users","E","End of period","0","373","Pure Number","0","Units","","7","",22,A,24,A,29,A,27,A,35,A,39,A,41,A
CPMI_PARTICIPANTS:A:AU:C:AU2P:A,"A","Annual","AU","Australia","C","Payment systems, fast payments","AU2P","FSS","A","All","A","All users","E","End of period","0","373","Pure Number","0","Units","The Fast Settlement Service (FSS), which settles transactions for the New Payments Platform (NPP), went live on 13 February 2018.","7","",,M,,M,,M,,M,,M,,M,10,A
CPMI_PARTICIPANTS:A:AU:C:AU2P:B,"A","Annual","AU","Australia","C","Payment systems, fast payments","AU2P","FSS","B","Direct participants, Banks","A","All users","E","End of period","0","373","Pure Number","0","Units","","7","",,M,,M,,M,,M,,M,,M,6,A
CPMI_PARTICIPANTS:A:AU:C:AU2P:C,"A","Annual","AU","Australia","C","Payment systems, fast payments","AU2P","FSS","C","Direct participants, Central bank","A","All users","E","End of period","0","373","Pure Number","0","Units","","7","",,M,,M,,M,,M,,M,,M,1,A
CPMI_PARTICIPANTS:A:AU:C:AU2P:D,"A","Annual","AU","Australia","C","Payment systems, fast payments","AU2P","FSS","D","Direct participants, all","A","All users","E","End of period","0","373","Pure Number","0","Units","","7","",,M,,M,,M,,M,,M,,M,10,A
CPMI_PARTICIPANTS:A:AU:C:AU2P:F,"A","Annual","AU","Australia","C","Payment systems, fast payments","AU2P","FSS","F","Direct participants, Government","A","All users","E","End of period","0","373","Pure Number","0","Units","","7","",,M,,M,,M,,M,,M,,M,0,A
CPMI_PARTICIPANTS:A:AU:C:AU2P:G,"A","Annual","AU","Australia","C","Payment systems, fast payments","AU2P","FSS","G","Direct participants, Postal institution","A","All users","E","End of period","0","373","Pure Number","0","Units","","7","",,M,,M,,M,,M,,M,,M,0,A
CPMI_PARTICIPANTS:A:AU:C:AU2P:H,"A","Annual","AU","Australia","C","Payment systems, fast payments","AU2P","FSS","H","Direct participants, Payment systems, CCPs and SSSs","A","All users","E","End of period","0","373","Pure Number","0","Units","","7","",,M,,M,,M,,M,,M,,M,3,A
CPMI_PARTICIPANTS:A:AU:C:AU2P:L,"A","Annual","AU","Australia","C","Payment systems, fast payments","AU2P","FSS","L","Direct participants, Other","A","All users","E","End of period","0","373","Pure Number","0","Units","","7","",,M,,M,,M,,M,,M,,M,0,A
CPMI_PARTICIPANTS:A:AU:C:AU2P:Z,"A","Annual","AU","Australia","C","Payment systems, fast payments","AU2P","FSS","Z","Indirect participants","A","All users","E","End of period","0","373","Pure Number","0","Units","","7","",,M,,M,,M,,M,,M,,M,,L
CPMI_PARTICIPANTS:A:AU:S:SWFT:0,"A","Annual","AU","Australia","S","Swift","SWFT","Swift","0","Members","A","All users","E","End of period","0","373","Pure Number","0","Units","","10","",12,A,12,A,12,A,12,A,12,A,12,A,12,A
CPMI_PARTICIPANTS:A:AU:S:SWFT:1,"A","Annual","AU","Australia","S","Swift","SWFT","Swift","1","Sub-members","A","All users","E","End of period","0","373","Pure Number","0","Units","","10","",67,A,66,A,66,A,68,A,68,A,69,A,72,A
CPMI_PARTICIPANTS:A:AU:S:SWFT:A,"A","Annual","AU","Australia","S","Swift","SWFT","Swift","A","All","A","All users","E","End of period","0","373","Pure Number","0","Units","","10","",115,A,119,A,119,A,127,A,131,A,136,A,142,A
CPMI_PARTICIPANTS:A:AU:U:AU1C:B,"A","Annual","AU","Australia","U","Central counterparties/clearing houses","AU1C","ASX Clear","B","Direct participants, Banks","A","All users","E","End of period","0","373","Pure Number","0","Units","","12","",0,A,0,A,0,A,0,A,0,A,0,A,0,A
CPMI_PARTICIPANTS:A:AU:U:AU1C:C,"A","Annual","AU","Australia","U","Central counterparties/clearing houses","AU1C","ASX Clear","C","Direct participants, Central bank","A","All users","E","End of period","0","373","Pure Number","0","Units","","12","",0,A,0,A,0,A,0,A,0,A,0,A,0,A
CPMI_PARTICIPANTS:A:AU:U:AU1C:D,"A","Annual","AU","Australia","U","Central counterparties/clearing houses","AU1C","ASX Clear","D","Direct participants, all","A","All users","E","End of period","0","373","Pure Number","0","Units","Until 2014, the total number included only active clearing members that clear for themselves and excluded inactive clearing members or clearing members that only clear for others.","12","",39,A,34,A,33,A,37,A,37,A,36,A,35,A
CPMI_PARTICIPANTS:A:AU:U:AU1C:I,"A","Annual","AU","Australia","U","Central counterparties/clearing houses","AU1C","ASX Clear","I","Direct participants, CCPs/Other CCPs","A","All users","E","End of period","0","373","Pure Number","0","Units","","12","",0,A,0,A,0,A,0,A,0,A,0,A,0,A
CPMI_PARTICIPANTS:A:AU:U:AU1C:L,"A","Annual","AU","Australia","U","Central counterparties/clearing houses","AU1C","ASX Clear","L","Direct participants, Other","A","All users","E","End of period","0","373","Pure Number","0","Units","","12","",39,A,34,A,33,A,37,A,37,A,36,A,35,A
CPMI_PARTICIPANTS:A:AU:U:AU1C:N,"A","Annual","AU","Australia","U","Central counterparties/clearing houses","AU1C","ASX Clear","N","Direct participants, domestic","A","All users","E","End of period","0","373","Pure Number","0","Units","","12","",,L,,L,,L,,L,,L,,L,,L
CPMI_PARTICIPANTS:A:AU:U:AU1C:O,"A","Annual","AU","Australia","U","Central counterparties/clearing houses","AU1C","ASX Clear","O","Direct participants, domestic, Banks","A","All users","E","End of period","0","373","Pure Number","0","Units","","12","",0,A,0,A,0,A,0,A,0,A,0,A,0,A
CPMI_PARTICIPANTS:A:AU:U:AU1C:P,"A","Annual","AU","Australia","U","Central counterparties/clearing houses","AU1C","ASX Clear","P","Direct participants, domestic, Central banks","A","All users","E","End of period","0","373","Pure Number","0","Units","","12","",0,A,0,A,0,A,0,A,0,A,0,A,0,A
CPMI_PARTICIPANTS:A:AU:U:AU1C:Q,"A","Annual","AU","Australia","U","Central counterparties/clearing houses","AU1C","ASX Clear","Q","Direct participants, domestic, CCPs/Other CCPs","A","All users","E","End of period","0","373","Pure Number","0","Units","","12","",0,A,0,A,0,A,0,A,0,A,0,A,0,A
CPMI_PARTICIPANTS:A:AU:U:AU1C:S,"A","Annual","AU","Australia","U","Central counterparties/clearing houses","AU1C","ASX Clear","S","Direct participants, domestic, Other","A","All users","E","End of period","0","373","Pure Number","0","Units","","12","",,L,,L,,L,,L,,L,,L,,L
CPMI_PARTICIPANTS:A:AU:U:AU1C:T,"A","Annual","AU","Australia","U","Central counterparties/clearing houses","AU1C","ASX Clear","T","Direct participants, foreign","A","All users","E","End of period","0","373","Pure Number","0","Units","","12","",,L,,L,,L,,L,,L,,L,,L
CPMI_PARTICIPANTS:A:AU:U:AU1C:U,"A","Annual","AU","Australia","U","Central counterparties/clearing houses","AU1C","ASX Clear","U","Direct participants, foreign, Banks","A","All users","E","End of period","0","373","Pure Number","0","Units","","12","",0,A,0,A,0,A,0,A,0,A,0,A,0,A
CPMI_PARTICIPANTS:A:AU:U:AU1C:V,"A","Annual","AU","Australia","U","Central counterparties/clearing houses","AU1C","ASX Clear","V","Direct participants, foreign, Central banks","A","All users","E","End of period","0","373","Pure Number","0","Units","","12","",0,A,0,A,0,A,0,A,0,A,0,A,0,A
CPMI_PARTICIPANTS:A:AU:U:AU1C:W,"A","Annual","AU","Australia","U","Central counterparties/clearing houses","AU1C","ASX Clear","W","Direct participants, foreign, CCPs/Other CCPs","A","All users","E","End of period","0","373","Pure Number","0","Units","","12","",0,A,0,A,0,A,0,A,0,A,0,A,0,A
CPMI_PARTICIPANTS:A:AU:U:AU1C:Y,"A","Annual","AU","Australia","U","Central counterparties/clearing houses","AU1C","ASX Clear","Y","Direct participants, foreign, Other","A","All users","E","End of period","0","373","Pure Number","0","Units","","12","",,L,,L,,L,,L,,L,,L,,L
CPMI_PARTICIPANTS:A:AU:U:AU2C:B,"A","Annual","AU","Australia","U","Central counterparties/clearing houses","AU2C","ASX Clear (Futures)","B","Direct participants, Banks","A","All users","E","End of period","0","373","Pure Number","0","Units","","12","",,L,,L,,L,11,A,17,A,17,A,17,A
CPMI_PARTICIPANTS:A:AU:U:AU2C:C,"A","Annual","AU","Australia","U","Central counterparties/clearing houses","AU2C","ASX Clear (Futures)","C","Direct participants, Central bank","A","All users","E","End of period","0","373","Pure Number","0","Units","","12","",0,A,0,A,0,A,0,A,0,A,0,A,0,A
CPMI_PARTICIPANTS:A:AU:U:AU2C:D,"A","Annual","AU","Australia","U","Central counterparties/clearing houses","AU2C","ASX Clear (Futures)","D","Direct participants, all","A","All users","E","End of period","0","373","Pure Number","0","Units","","12","",17,A,19,A,19,A,20,A,20,A,20,A,20,A
CPMI_PARTICIPANTS:A:AU:U:AU2C:I,"A","Annual","AU","Australia","U","Central counterparties/clearing houses","AU2C","ASX Clear (Futures)","I","Direct participants, CCPs/Other CCPs","A","All users","E","End of period","0","373","Pure Number","0","Units","","12","",0,A,0,A,0,A,0,A,0,A,0,A,0,A
CPMI_PARTICIPANTS:A:AU:U:AU2C:L,"A","Annual","AU","Australia","U","Central counterparties/clearing houses","AU2C","ASX Clear (Futures)","L","Direct participants, Other","A","All users","E","End of period","0","373","Pure Number","0","Units","","12","",17,A,19,A,19,A,9,A,3,A,3,A,3,A
CPMI_PARTICIPANTS:A:AU:U:AU2C:N,"A","Annual","AU","Australia","U","Central counterparties/clearing houses","AU2C","ASX Clear (Futures)","N","Direct participants, domestic","A","All users","E","End of period","0","373","Pure Number","0","Units","","12","",,L,,L,,L,,L,15,A,15,A,15,A
CPMI_PARTICIPANTS:A:AU:U:AU2C:O,"A","Annual","AU","Australia","U","Central counterparties/clearing houses","AU2C","ASX Clear (Futures)","O","Direct participants, domestic, Banks","A","All users","E","End of period","0","373","Pure Number","0","Units","","12","",,L,,L,,L,,L,13,A,13,A,13,A
CPMI_PARTICIPANTS:A:AU:U:AU2C:P,"A","Annual","AU","Australia","U","Central counterparties/clearing houses","AU2C","ASX Clear (Futures)","P","Direct participants, domestic, Central banks","A","All users","E","End of period","0","373","Pure Number","0","Units","","12","",,L,,L,,L,,L,0,A,0,A,0,A
CPMI_PARTICIPANTS:A:AU:U:AU2C:Q,"A","Annual","AU","Australia","U","Central counterparties/clearing houses","AU2C","ASX Clear (Futures)","Q","Direct participants, domestic, CCPs/Other CCPs","A","All users","E","End of period","0","373","Pure Number","0","Units","","12","",,L,,L,,L,,L,0,A,0,A,0,A
CPMI_PARTICIPANTS:A:AU:U:AU2C:S,"A","Annual","AU","Australia","U","Central counterparties/clearing houses","AU2C","ASX Clear (Futures)","S","Direct participants, domestic, Other","A","All users","E","End of period","0","373","Pure Number","0","Units","","12","",,L,,L,,L,,L,2,A,2,A,2,A
CPMI_PARTICIPANTS:A:AU:U:AU2C:T,"A","Annual","AU","Australia","U","Central counterparties/clearing houses","AU2C","ASX Clear (Futures)","T","Direct participants, foreign","A","All users","E","End of period","0","373","Pure Number","0","Units","","12","",,L,,L,,L,,L,5,A,5,A,5,A
CPMI_PARTICIPANTS:A:AU:U:AU2C:U,"A","Annual","AU","Australia","U","Central counterparties/clearing houses","AU2C","ASX Clear (Futures)","U","Direct participants, foreign, Banks","A","All users","E","End of period","0","373","Pure Number","0","Units","","12","",,L,,L,,L,,L,4,A,4,A,4,A
CPMI_PARTICIPANTS:A:AU:U:AU2C:V,"A","Annual","AU","Australia","U","Central counterparties/clearing houses","AU2C","ASX Clear (Futures)","V","Direct participants, foreign, Central banks","A","All users","E","End of period","0","373","Pure Number","0","Units","","12","",,L,,L,,L,,L,0,A,0,A,0,A
CPMI_PARTICIPANTS:A:AU:U:AU2C:W,"A","Annual","AU","Australia","U","Central counterparties/clearing houses","AU2C","ASX Clear (Futures)","W","Direct participants, foreign, CCPs/Other CCPs","A","All users","E","End of period","0","373","Pure Number","0","Units","","12","",,L,,L,,L,,L,0,A,0,A,0,A
CPMI_PARTICIPANTS:A:AU:U:AU2C:Y,"A","Annual","AU","Australia","U","Central counterparties/clearing houses","AU2C","ASX Clear (Futures)","Y","Direct participants, foreign, Other","A","All users","E","End of period","0","373","Pure Number","0","Units","","12","",,L,,L,,L,,L,1,A,1,A,1,A
CPMI_PARTICIPANTS:A:AU:V:AU1S:B,"A","Annual","AU","Australia","V","Central securities depositories","AU1S","ASX Settlement","B","Direct participants, Banks","A","All users","E","End of period","0","373","Pure Number","0","Units","","15","",1,A,1,A,1,A,1,A,1,A,1,A,1,A
CPMI_PARTICIPANTS:A:AU:V:AU1S:C,"A","Annual","AU","Australia","V","Central securities depositories","AU1S","ASX Settlement","C","Direct participants, Central bank","A","All users","E","End of period","0","373","Pure Number","0","Units","","15","",0,A,0,A,0,A,0,A,0,A,0,A,0,A
CPMI_PARTICIPANTS:A:AU:V:AU1S:D,"A","Annual","AU","Australia","V","Central securities depositories","AU1S","ASX Settlement","D","Direct participants, all","A","All users","E","End of period","0","373","Pure Number","0","Units","","15","",83,A,77,A,82,A,79,A,79,A,80,A,78,A
CPMI_PARTICIPANTS:A:AU:V:AU1S:I,"A","Annual","AU","Australia","V","Central securities depositories","AU1S","ASX Settlement","I","Direct participants, CCPs/Other CCPs","A","All users","E","End of period","0","373","Pure Number","0","Units","","15","",0,A,0,A,0,A,0,A,0,A,0,A,0,A
CPMI_PARTICIPANTS:A:AU:V:AU1S:J,"A","Annual","AU","Australia","V","Central securities depositories","AU1S","ASX Settlement","J","Direct participants, CSDs","A","All users","E","End of period","0","373","Pure Number","0","Units","","15","",0,A,0,A,0,A,0,A,0,A,0,A,0,A
CPMI_PARTICIPANTS:A:AU:V:AU1S:L,"A","Annual","AU","Australia","V","Central securities depositories","AU1S","ASX Settlement","L","Direct participants, Other","A","All users","E","End of period","0","373","Pure Number","0","Units","","15","",82,A,76,A,81,A,78,A,78,A,79,A,77,A
CPMI_PARTICIPANTS:A:AU:V:AU1S:N,"A","Annual","AU","Australia","V","Central securities depositories","AU1S","ASX Settlement","N","Direct participants, domestic","A","All users","E","End of period","0","373","Pure Number","0","Units","","15","",,L,,L,,L,,L,,L,,L,,L
CPMI_PARTICIPANTS:A:AU:V:AU1S:O,"A","Annual","AU","Australia","V","Central securities depositories","AU1S","ASX Settlement","O","Direct participants, domestic, Banks","A","All users","E","End of period","0","373","Pure Number","0","Units","","15","",1,A,1,A,1,A,1,A,1,A,1,A,1,A
CPMI_PARTICIPANTS:A:AU:V:AU1S:P,"A","Annual","AU","Australia","V","Central securities depositories","AU1S","ASX Settlement","P","Direct participants, domestic, Central banks","A","All users","E","End of period","0","373","Pure Number","0","Units","","15","",0,A,0,A,0,A,0,A,0,A,0,A,0,A
CPMI_PARTICIPANTS:A:AU:V:AU1S:Q,"A","Annual","AU","Australia","V","Central securities depositories","AU1S","ASX Settlement","Q","Direct participants, domestic, CCPs/Other CCPs","A","All users","E","End of period","0","373","Pure Number","0","Units","","15","",0,A,0,A,0,A,0,A,0,A,0,A,0,A
CPMI_PARTICIPANTS:A:AU:V:AU1S:R,"A","Annual","AU","Australia","V","Central securities depositories","AU1S","ASX Settlement","R","Direct participants, domestic, CSDs","A","All users","E","End of period","0","373","Pure Number","0","Units","","15","",0,A,0,A,0,A,0,A,0,A,0,A,0,A
CPMI_PARTICIPANTS:A:AU:V:AU1S:S,"A","Annual","AU","Australia","V","Central securities depositories","AU1S","ASX Settlement","S","Direct participants, domestic, Other","A","All users","E","End of period","0","373","Pure Number","0","Units","","15","",,L,,L,,L,,L,,L,,L,,L
CPMI_PARTICIPANTS:A:AU:V:AU1S:T,"A","Annual","AU","Australia","V","Central securities depositories","AU1S","ASX Settlement","T","Direct participants, foreign","A","All users","E","End of period","0","373","Pure Number","0","Units","","15","",,L,,L,,L,,L,,L,,L,,L
CPMI_PARTICIPANTS:A:AU:V:AU1S:U,"A","Annual","AU","Australia","V","Central securities depositories","AU1S","ASX Settlement","U","Direct participants, foreign, Banks","A","All users","E","End of period","0","373","Pure Number","0","Units","","15","",0,A,0,A,0,A,0,A,0,A,0,A,0,A
CPMI_PARTICIPANTS:A:AU:V:AU1S:V,"A","Annual","AU","Australia","V","Central securities depositories","AU1S","ASX Settlement","V","Direct participants, foreign, Central banks","A","All users","E","End of period","0","373","Pure Number","0","Units","","15","",0,A,0,A,0,A,0,A,0,A,0,A,0,A
CPMI_PARTICIPANTS:A:AU:V:AU1S:W,"A","Annual","AU","Australia","V","Central securities depositories","AU1S","ASX Settlement","W","Direct participants, foreign, CCPs/Other CCPs","A","All users","E","End of period","0","373","Pure Number","0","Units","","15","",0,A,0,A,0,A,0,A,0,A,0,A,0,A
CPMI_PARTICIPANTS:A:AU:V:AU1S:X,"A","Annual","AU","Australia","V","Central securities depositories","AU1S","ASX Settlement","X","Direct participants, foreign,CSDs","A","All users","E","End of period","0","373","Pure Number","0","Units","","15","",0,A,0,A,0,A,0,A,0,A,0,A,0,A
CPMI_PARTICIPANTS:A:AU:V:AU1S:Y,"A","Annual","AU","Australia","V","Central securities depositories","AU1S","ASX Settlement","Y","Direct participants, foreign, Other","A","All users","E","End of period","0","373","Pure Number","0","Units","","15","",,L,,L,,L,,L,,L,,L,,L
CPMI_PARTICIPANTS:A:AU:V:AU2S:B,"A","Annual","AU","Australia","V","Central securities depositories","AU2S","Austraclear","B","Direct participants, Banks","A","All users","E","End of period","0","373","Pure Number","0","Units","","15","",,L,,L,,L,,L,,L,,L,,L
CPMI_PARTICIPANTS:A:AU:V:AU2S:C,"A","Annual","AU","Australia","V","Central securities depositories","AU2S","Austraclear","C","Direct participants, Central bank","A","All users","E","End of period","0","373","Pure Number","0","Units","","15","",,L,,L,,L,,L,,L,,L,,L
CPMI_PARTICIPANTS:A:AU:V:AU2S:D,"A","Annual","AU","Australia","V","Central securities depositories","AU2S","Austraclear","D","Direct participants, all","A","All users","E","End of period","0","373","Pure Number","0","Units","","15","",775,A,829,A,845,A,849,A,836,A,879,A,916,A
CPMI_PARTICIPANTS:A:AU:V:AU2S:I,"A","Annual","AU","Australia","V","Central securities depositories","AU2S","Austraclear","I","Direct participants, CCPs/Other CCPs","A","All users","E","End of period","0","373","Pure Number","0","Units","","15","",,L,,L,,L,,L,,L,,L,,L
CPMI_PARTICIPANTS:A:AU:V:AU2S:J,"A","Annual","AU","Australia","V","Central securities depositories","AU2S","Austraclear","J","Direct participants, CSDs","A","All users","E","End of period","0","373","Pure Number","0","Units","","15","",,L,,L,,L,,L,,L,,L,,L
CPMI_PARTICIPANTS:A:AU:V:AU2S:L,"A","Annual","AU","Australia","V","Central securities depositories","AU2S","Austraclear","L","Direct participants, Other","A","All users","E","End of period","0","373","Pure Number","0","Units","","15","",,L,,L,,L,,L,,L,,L,,L
CPMI_PARTICIPANTS:A:AU:V:AU2S:N,"A","Annual","AU","Australia","V","Central securities depositories","AU2S","Austraclear","N","Direct participants, domestic","A","All users","E","End of period","0","373","Pure Number","0","Units","","15","",,L,,L,,L,,L,,L,,L,,L
CPMI_PARTICIPANTS:A:AU:V:AU2S:O,"A","Annual","AU","Australia","V","Central securities depositories","AU2S","Austraclear","O","Direct participants, domestic, Banks","A","All users","E","End of period","0","373","Pure Number","0","Units","","15","",,L,,L,,L,,L,,L,,L,,L
CPMI_PARTICIPANTS:A:AU:V:AU2S:P,"A","Annual","AU","Australia","V","Central securities depositories","AU2S","Austraclear","P","Direct participants, domestic, Central banks","A","All users","E","End of period","0","373","Pure Number","0","Units","","15","",,L,,L,,L,,L,,L,,L,,L
CPMI_PARTICIPANTS:A:AU:V:AU2S:Q,"A","Annual","AU","Australia","V","Central securities depositories","AU2S","Austraclear","Q","Direct participants, domestic, CCPs/Other CCPs","A","All users","E","End of period","0","373","Pure Number","0","Units","","15","",,L,,L,,L,,L,,L,,L,,L
CPMI_PARTICIPANTS:A:AU:V:AU2S:R,"A","Annual","AU","Australia","V","Central securities depositories","AU2S","Austraclear","R","Direct participants, domestic, CSDs","A","All users","E","End of period","0","373","Pure Number","0","Units","","15","",,L,,L,,L,,L,,L,,L,,L
CPMI_PARTICIPANTS:A:AU:V:AU2S:S,"A","Annual","AU","Australia","V","Central securities depositories","AU2S","Austraclear","S","Direct participants, domestic, Other","A","All users","E","End of period","0","373","Pure Number","0","Units","","15","",,L,,L,,L,,L,,L,,L,,L
CPMI_PARTICIPANTS:A:AU:V:AU2S:T,"A","Annual","AU","Australia","V","Central securities depositories","AU2S","Austraclear","T","Direct participants, foreign","A","All users","E","End of period","0","373","Pure Number","0","Units","","15","",,L,,L,,L,,L,,L,,L,,L
CPMI_PARTICIPANTS:A:AU:V:AU2S:U,"A","Annual","AU","Australia","V","Central securities depositories","AU2S","Austraclear","U","Direct participants, foreign, Banks","A","All users","E","End of period","0","373","Pure Number","0","Units","","15","",,L,,L,,L,,L,,L,,L,,L
CPMI_PARTICIPANTS:A:AU:V:AU2S:V,"A","Annual","AU","Australia","V","Central securities depositories","AU2S","Austraclear","V","Direct participants, foreign, Central banks","A","All users","E","End of period","0","373","Pure Number","0","Units","","15","",,L,,L,,L,,L,,L,,L,,L
CPMI_PARTICIPANTS:A:AU:V:AU2S:W,"A","Annual","AU","Australia","V","Central securities depositories","AU2S","Austraclear","W","Direct participants, foreign, CCPs/Other CCPs","A","All users","E","End of period","0","373","Pure Number","0","Units","","15","",,L,,L,,L,,L,,L,,L,,L
CPMI_PARTICIPANTS:A:AU:V:AU2S:X,"A","Annual","AU","Australia","V","Central securities depositories","AU2S","Austraclear","X","Direct participants, foreign,CSDs","A","All users","E","End of period","0","373","Pure Number","0","Units","","15","",,L,,L,,L,,L,,L,,L,,L
CPMI_PARTICIPANTS:A:AU:V:AU2S:Y,"A","Annual","AU","Australia","V","Central securities depositories","AU2S","Austraclear","Y","Direct participants, foreign, Other","A","All users","E","End of period","0","373","Pure Number","0","Units","","15","",,L,,L,,L,,L,,L,,L,,L
CPMI_PARTICIPANTS:A:BE:A:BE1P:A,"A","Annual","BE","Belgium","A","Payment systems, large-value","BE1P","TARGET2-BE","A","All","A","All users","E","End of period","0","373","Pure Number","0","Units","","7","",48,A,46,A,45,A,47,A,48,A,71,A,79,A
CPMI_PARTICIPANTS:A:BE:A:BE1P:B,"A","Annual","BE","Belgium","A","Payment systems, large-value","BE1P","TARGET2-BE","B","Direct participants, Banks","A","All users","E","End of period","0","373","Pure Number","0","Units","","7","",13,A,13,A,13,A,15,A,18,A,30,A,18,A
CPMI_PARTICIPANTS:A:BE:A:BE1P:C,"A","Annual","BE","Belgium","A","Payment systems, large-value","BE1P","TARGET2-BE","C","Direct participants, Central bank","A","All users","E","End of period","0","373","Pure Number","0","Units","","7","",1,A,1,A,1,A,1,A,1,A,1,A,1,A
CPMI_PARTICIPANTS:A:BE:A:BE1P:D,"A","Annual","BE","Belgium","A","Payment systems, large-value","BE1P","TARGET2-BE","D","Direct participants, all","A","All users","E","End of period","0","373","Pure Number","0","Units","","7","",14,A,14,A,14,A,16,A,19,A,31,A,19,A
CPMI_PARTICIPANTS:A:BE:A:BE1P:F,"A","Annual","BE","Belgium","A","Payment systems, large-value","BE1P","TARGET2-BE","F","Direct participants, Government","A","All users","E","End of period","0","373","Pure Number","0","Units","","7","",0,A,0,A,0,A,0,A,0,A,0,A,0,A
CPMI_PARTICIPANTS:A:BE:A:BE1P:G,"A","Annual","BE","Belgium","A","Payment systems, large-value","BE1P","TARGET2-BE","G","Direct participants, Postal institution","A","All users","E","End of period","0","373","Pure Number","0","Units","","7","",0,A,0,A,0,A,0,A,0,A,0,A,0,A
CPMI_PARTICIPANTS:A:BE:A:BE1P:H,"A","Annual","BE","Belgium","A","Payment systems, large-value","BE1P","TARGET2-BE","H","Direct participants, Payment systems, CCPs and SSSs","A","All users","E","End of period","0","373","Pure Number","0","Units","","7","",0,A,0,A,0,A,0,A,0,A,0,A,0,A
CPMI_PARTICIPANTS:A:BE:A:BE1P:L,"A","Annual","BE","Belgium","A","Payment systems, large-value","BE1P","TARGET2-BE","L","Direct participants, Other","A","All users","E","End of period","0","373","Pure Number","0","Units","","7","",0,A,0,A,0,A,0,A,0,A,0,A,0,A
CPMI_PARTICIPANTS:A:BE:A:BE1P:Z,"A","Annual","BE","Belgium","A","Payment systems, large-value","BE1P","TARGET2-BE","Z","Indirect participants","A","All users","E","End of period","0","373","Pure Number","0","Units","","7","",34,A,32,A,31,A,31,A,29,A,40,A,60,A
CPMI_PARTICIPANTS:A:BE:B:BE3P:A,"A","Annual","BE","Belgium","B","Payment systems, retail","BE3P","CEC","A","All","A","All users","E","End of period","0","373","Pure Number","0","Units","","7","",72,A,70,A,63,A,59,A,56,A,53,A,52,A
CPMI_PARTICIPANTS:A:BE:B:BE3P:B,"A","Annual","BE","Belgium","B","Payment systems, retail","BE3P","CEC","B","Direct participants, Banks","A","All users","E","End of period","0","373","Pure Number","0","Units","","7","",13,A,13,A,12,A,13,A,13,A,12,A,12,A
CPMI_PARTICIPANTS:A:BE:B:BE3P:C,"A","Annual","BE","Belgium","B","Payment systems, retail","BE3P","CEC","C","Direct participants, Central bank","A","All users","E","End of period","0","373","Pure Number","0","Units","","7","",1,A,0,A,0,A,0,A,0,A,0,A,0,A
CPMI_PARTICIPANTS:A:BE:B:BE3P:D,"A","Annual","BE","Belgium","B","Payment systems, retail","BE3P","CEC","D","Direct participants, all","A","All users","E","End of period","0","373","Pure Number","0","Units","","7","",15,A,14,A,13,A,14,A,14,A,13,A,13,A
CPMI_PARTICIPANTS:A:BE:B:BE3P:F,"A","Annual","BE","Belgium","B","Payment systems, retail","BE3P","CEC","F","Direct participants, Government","A","All users","E","End of period","0","373","Pure Number","0","Units","","7","",0,A,0,A,0,A,0,A,0,A,0,A,0,A
CPMI_PARTICIPANTS:A:BE:B:BE3P:G,"A","Annual","BE","Belgium","B","Payment systems, retail","BE3P","CEC","G","Direct participants, Postal institution","A","All users","E","End of period","0","373","Pure Number","0","Units","","7","",1,A,1,A,1,A,1,A,1,A,1,A,1,A
CPMI_PARTICIPANTS:A:BE:B:BE3P:H,"A","Annual","BE","Belgium","B","Payment systems, retail","BE3P","CEC","H","Direct participants, Payment systems, CCPs and SSSs","A","All users","E","End of period","0","373","Pure Number","0","Units","","7","",0,A,0,A,0,A,0,A,0,A,0,A,0,A
CPMI_PARTICIPANTS:A:BE:B:BE3P:L,"A","Annual","BE","Belgium","B","Payment systems, retail","BE3P","CEC","L","Direct participants, Other","A","All users","E","End of period","0","373","Pure Number","0","Units","","7","",0,A,0,A,0,A,0,A,0,A,0,A,0,A
CPMI_PARTICIPANTS:A:BE:B:BE3P:Z,"A","Annual","BE","Belgium","B","Payment systems, retail","BE3P","CEC","Z","Indirect participants","A","All users","E","End of period","0","373","Pure Number","0","Units","","7","",57,A,56,A,50,A,45,A,42,A,40,A,39,A
CPMI_PARTICIPANTS:A:BE:S:SWFT:0,"A","Annual","BE","Belgium","S","Swift","SWFT","Swift","0","Members","A","All users","E","End of period","0","373","Pure Number","0","Units","","10","",22,A,22,A,22,A,24,A,25,A,25,A,26,A
CPMI_PARTICIPANTS:A:BE:S:SWFT:1,"A","Annual","BE","Belgium","S","Swift","SWFT","Swift","1","Sub-members","A","All users","E","End of period","0","373","Pure Number","0","Units","","10","",49,A,50,A,53,A,53,A,52,A,50,A,48,A
CPMI_PARTICIPANTS:A:BE:S:SWFT:A,"A","Annual","BE","Belgium","S","Swift","SWFT","Swift","A","All","A","All users","E","End of period","0","373","Pure Number","0","Units","","10","",119,A,130,A,134,A,137,A,144,A,146,A,149,A
CPMI_PARTICIPANTS:A:BE:V:BE1S:B,"A","Annual","BE","Belgium","V","Central securities depositories","BE1S","NBB clearing","B","Direct participants, Banks","A","All users","E","End of period","0","373","Pure Number","0","Units","","15","",63,A,63,A,59,A,50,A,48,A,47,A,47,A
CPMI_PARTICIPANTS:A:BE:V:BE1S:C,"A","Annual","BE","Belgium","V","Central securities depositories","BE1S","NBB clearing","C","Direct participants, Central bank","A","All users","E","End of period","0","373","Pure Number","0","Units","","15","",2,A,1,A,1,A,1,A,1,A,1,A,1,A
CPMI_PARTICIPANTS:A:BE:V:BE1S:D,"A","Annual","BE","Belgium","V","Central securities depositories","BE1S","NBB clearing","D","Direct participants, all","A","All users","E","End of period","0","373","Pure Number","0","Units","","15","",84,A,84,A,81,A,69,A,66,A,65,A,67,A
CPMI_PARTICIPANTS:A:BE:V:BE1S:I,"A","Annual","BE","Belgium","V","Central securities depositories","BE1S","NBB clearing","I","Direct participants, CCPs/Other CCPs","A","All users","E","End of period","0","373","Pure Number","0","Units","","15","",3,A,3,A,3,A,2,A,2,A,2,A,5,A
CPMI_PARTICIPANTS:A:BE:V:BE1S:J,"A","Annual","BE","Belgium","V","Central securities depositories","BE1S","NBB clearing","J","Direct participants, CSDs","A","All users","E","End of period","0","373","Pure Number","0","Units","","15","",4,A,5,A,6,A,6,A,6,A,6,A,6,A
CPMI_PARTICIPANTS:A:BE:V:BE1S:L,"A","Annual","BE","Belgium","V","Central securities depositories","BE1S","NBB clearing","L","Direct participants, Other","A","All users","E","End of period","0","373","Pure Number","0","Units","","15","",12,A,12,A,12,A,10,A,9,A,9,A,8,A
CPMI_PARTICIPANTS:A:BE:V:BE1S:N,"A","Annual","BE","Belgium","V","Central securities depositories","BE1S","NBB clearing","N","Direct participants, domestic","A","All users","E","End of period","0","373","Pure Number","0","Units","","15","",50,A,50,A,50,A,45,A,42,A,38,A,40,A
CPMI_PARTICIPANTS:A:BE:V:BE1S:O,"A","Annual","BE","Belgium","V","Central securities depositories","BE1S","NBB clearing","O","Direct participants, domestic, Banks","A","All users","E","End of period","0","373","Pure Number","0","Units","","15","",35,A,35,A,35,A,37,A,35,A,31,A,31,A
CPMI_PARTICIPANTS:A:BE:V:BE1S:P,"A","Annual","BE","Belgium","V","Central securities depositories","BE1S","NBB clearing","P","Direct participants, domestic, Central banks","A","All users","E","End of period","0","373","Pure Number","0","Units","","15","",1,A,1,A,1,A,1,A,1,A,1,A,1,A
CPMI_PARTICIPANTS:A:BE:V:BE1S:Q,"A","Annual","BE","Belgium","V","Central securities depositories","BE1S","NBB clearing","Q","Direct participants, domestic, CCPs/Other CCPs","A","All users","E","End of period","0","373","Pure Number","0","Units","","15","",2,A,2,A,2,A,0,A,0,A,0,A,2,A
CPMI_PARTICIPANTS:A:BE:V:BE1S:R,"A","Annual","BE","Belgium","V","Central securities depositories","BE1S","NBB clearing","R","Direct participants, domestic, CSDs","A","All users","E","End of period","0","373","Pure Number","0","Units","","15","",1,A,1,A,1,A,1,A,1,A,1,A,1,A
CPMI_PARTICIPANTS:A:BE:V:BE1S:S,"A","Annual","BE","Belgium","V","Central securities depositories","BE1S","NBB clearing","S","Direct participants, domestic, Other","A","All users","E","End of period","0","373","Pure Number","0","Units","","15","",11,A,11,A,11,A,6,A,5,A,5,A,5,A
CPMI_PARTICIPANTS:A:BE:V:BE1S:T,"A","Annual","BE","Belgium","V","Central securities depositories","BE1S","NBB clearing","T","Direct participants, foreign","A","All users","E","End of period","0","373","Pure Number","0","Units","","15","",34,A,34,A,31,A,24,A,24,A,27,A,27,A
CPMI_PARTICIPANTS:A:BE:V:BE1S:U,"A","Annual","BE","Belgium","V","Central securities depositories","BE1S","NBB clearing","U","Direct participants, foreign, Banks","A","All users","E","End of period","0","373","Pure Number","0","Units","","15","",28,A,28,A,24,A,13,A,13,A,16,A,16,A
CPMI_PARTICIPANTS:A:BE:V:BE1S:V,"A","Annual","BE","Belgium","V","Central securities depositories","BE1S","NBB clearing","V","Direct participants, foreign, Central banks","A","All users","E","End of period","0","373","Pure Number","0","Units","","15","",1,A,0,A,0,A,0,A,0,A,0,A,0,A
CPMI_PARTICIPANTS:A:BE:V:BE1S:W,"A","Annual","BE","Belgium","V","Central securities depositories","BE1S","NBB clearing","W","Direct participants, foreign, CCPs/Other CCPs","A","All users","E","End of period","0","373","Pure Number","0","Units","","15","",1,A,1,A,1,A,2,A,2,A,2,A,3,A
CPMI_PARTICIPANTS:A:BE:V:BE1S:X,"A","Annual","BE","Belgium","V","Central securities depositories","BE1S","NBB clearing","X","Direct participants, foreign,CSDs","A","All users","E","End of period","0","373","Pure Number","0","Units","","15","",3,A,4,A,5,A,5,A,5,A,5,A,5,A
CPMI_PARTICIPANTS:A:BE:V:BE1S:Y,"A","Annual","BE","Belgium","V","Central securities depositories","BE1S","NBB clearing","Y","Direct participants, foreign, Other","A","All users","E","End of period","0","373","Pure Number","0","Units","","15","",1,A,1,A,1,A,4,A,4,A,4,A,3,A
CPMI_PARTICIPANTS:A:BE:V:BE2S:B,"A","Annual","BE","Belgium","V","Central securities depositories","BE2S","Euroclear Belgium","B","Direct participants, Banks","A","All users","E","End of period","0","373","Pure Number","0","Units","","15","",27,A,31,A,34,A,34,A,33,A,35,A,35,A
CPMI_PARTICIPANTS:A:BE:V:BE2S:C,"A","Annual","BE","Belgium","V","Central securities depositories","BE2S","Euroclear Belgium","C","Direct participants, Central bank","A","All users","E","End of period","0","373","Pure Number","0","Units","","15","",1,A,1,A,1,A,1,A,1,A,1,A,1,A
CPMI_PARTICIPANTS:A:BE:V:BE2S:D,"A","Annual","BE","Belgium","V","Central securities depositories","BE2S","Euroclear Belgium","D","Direct participants, all","A","All users","E","End of period","0","373","Pure Number","0","Units","","15","",73,A,76,A,78,A,77,A,74,A,74,A,75,A
CPMI_PARTICIPANTS:A:BE:V:BE2S:I,"A","Annual","BE","Belgium","V","Central securities depositories","BE2S","Euroclear Belgium","I","Direct participants, CCPs/Other CCPs","A","All users","E","End of period","0","373","Pure Number","0","Units","","15","",1,A,1,A,1,A,1,A,1,A,1,A,1,A
CPMI_PARTICIPANTS:A:BE:V:BE2S:J,"A","Annual","BE","Belgium","V","Central securities depositories","BE2S","Euroclear Belgium","J","Direct participants, CSDs","A","All users","E","End of period","0","373","Pure Number","0","Units","","15","",0,A,0,A,0,A,0,A,0,A,0,A,0,A
CPMI_PARTICIPANTS:A:BE:V:BE2S:L,"A","Annual","BE","Belgium","V","Central securities depositories","BE2S","Euroclear Belgium","L","Direct participants, Other","A","All users","E","End of period","0","373","Pure Number","0","Units","","15","",44,A,43,A,42,A,41,A,39,A,37,A,38,A
CPMI_PARTICIPANTS:A:BE:V:BE2S:N,"A","Annual","BE","Belgium","V","Central securities depositories","BE2S","Euroclear Belgium","N","Direct participants, domestic","A","All users","E","End of period","0","373","Pure Number","0","Units","","15","",20,A,20,A,20,A,19,A,18,A,18,A,17,A
CPMI_PARTICIPANTS:A:BE:V:BE2S:O,"A","Annual","BE","Belgium","V","Central securities depositories","BE2S","Euroclear Belgium","O","Direct participants, domestic, Banks","A","All users","E","End of period","0","373","Pure Number","0","Units","","15","",3,A,3,A,3,A,3,A,2,A,2,A,2,A
CPMI_PARTICIPANTS:A:BE:V:BE2S:P,"A","Annual","BE","Belgium","V","Central securities depositories","BE2S","Euroclear Belgium","P","Direct participants, domestic, Central banks","A","All users","E","End of period","0","373","Pure Number","0","Units","","15","",1,A,1,A,1,A,1,A,1,A,1,A,1,A
CPMI_PARTICIPANTS:A:BE:V:BE2S:Q,"A","Annual","BE","Belgium","V","Central securities depositories","BE2S","Euroclear Belgium","Q","Direct participants, domestic, CCPs/Other CCPs","A","All users","E","End of period","0","373","Pure Number","0","Units","","15","",0,A,0,A,0,A,0,A,0,A,0,A,0,A
CPMI_PARTICIPANTS:A:BE:V:BE2S:R,"A","Annual","BE","Belgium","V","Central securities depositories","BE2S","Euroclear Belgium","R","Direct participants, domestic, CSDs","A","All users","E","End of period","0","373","Pure Number","0","Units","","15","",0,A,0,A,0,A,0,A,0,A,0,A,0,A
CPMI_PARTICIPANTS:A:BE:V:BE2S:S,"A","Annual","BE","Belgium","V","Central securities depositories","BE2S","Euroclear Belgium","S","Direct participants, domestic, Other","A","All users","E","End of period","0","373","Pure Number","0","Units","","15","",16,A,16,A,16,A,15,A,15,A,15,A,14,A
CPMI_PARTICIPANTS:A:BE:V:BE2S:T,"A","Annual","BE","Belgium","V","Central securities depositories","BE2S","Euroclear Belgium","T","Direct participants, foreign","A","All users","E","End of period","0","373","Pure Number","0","Units","","15","",53,A,56,A,58,A,58,A,56,A,56,A,58,A
CPMI_PARTICIPANTS:A:BE:V:BE2S:U,"A","Annual","BE","Belgium","V","Central securities depositories","BE2S","Euroclear Belgium","U","Direct participants, foreign, Banks","A","All users","E","End of period","0","373","Pure Number","0","Units","","15","",24,A,28,A,31,A,31,A,31,A,33,A,33,A
CPMI_PARTICIPANTS:A:BE:V:BE2S:V,"A","Annual","BE","Belgium","V","Central securities depositories","BE2S","Euroclear Belgium","V","Direct participants, foreign, Central banks","A","All users","E","End of period","0","373","Pure Number","0","Units","","15","",0,A,0,A,0,A,0,A,0,A,0,A,0,A
CPMI_PARTICIPANTS:A:BE:V:BE2S:W,"A","Annual","BE","Belgium","V","Central securities depositories","BE2S","Euroclear Belgium","W","Direct participants, foreign, CCPs/Other CCPs","A","All users","E","End of period","0","373","Pure Number","0","Units","","15","",1,A,1,A,1,A,1,A,1,A,1,A,1,A
CPMI_PARTICIPANTS:A:BE:V:BE2S:X,"A","Annual","BE","Belgium","V","Central securities depositories","BE2S","Euroclear Belgium","X","Direct participants, foreign,CSDs","A","All users","E","End of period","0","373","Pure Number","0","Units","","15","",0,A,0,A,0,A,0,A,0,A,0,A,0,A
CPMI_PARTICIPANTS:A:BE:V:BE2S:Y,"A","Annual","BE","Belgium","V","Central securities depositories","BE2S","Euroclear Belgium","Y","Direct participants, foreign, Other","A","All users","E","End of period","0","373","Pure Number","0","Units","","15","",28,A,27,A,26,A,26,A,24,A,22,A,24,A
CPMI_PARTICIPANTS:A:BE:V:BE3S:B,"A","Annual","BE","Belgium","V","Central securities depositories","BE3S","Euroclear bank","B","Direct participants, Banks","A","All users","E","End of period","0","373","Pure Number","0","Units","","15","",322,A,348,A,397,A,454,A,447,A,423,A,425,A
CPMI_PARTICIPANTS:A:BE:V:BE3S:C,"A","Annual","BE","Belgium","V","Central securities depositories","BE3S","Euroclear bank","C","Direct participants, Central bank","A","All users","E","End of period","0","373","Pure Number","0","Units","","15","",97,A,109,A,107,A,109,A,105,A,95,A,94,A
CPMI_PARTICIPANTS:A:BE:V:BE3S:D,"A","Annual","BE","Belgium","V","Central securities depositories","BE3S","Euroclear bank","D","Direct participants, all","A","All users","E","End of period","0","373","Pure Number","0","Units","","15","",1391,A,1474,A,1539,A,1602,A,1617,A,1639,A,1650,A
CPMI_PARTICIPANTS:A:BE:V:BE3S:I,"A","Annual","BE","Belgium","V","Central securities depositories","BE3S","Euroclear bank","I","Direct participants, CCPs/Other CCPs","A","All users","E","End of period","0","373","Pure Number","0","Units","","15","",4,A,4,A,7,A,4,A,3,A,6,A,6,A
CPMI_PARTICIPANTS:A:BE:V:BE3S:J,"A","Annual","BE","Belgium","V","Central securities depositories","BE3S","Euroclear bank","J","Direct participants, CSDs","A","All users","E","End of period","0","373","Pure Number","0","Units","","15","",15,A,15,A,21,A,14,A,14,A,21,A,21,A
CPMI_PARTICIPANTS:A:BE:V:BE3S:L,"A","Annual","BE","Belgium","V","Central securities depositories","BE3S","Euroclear bank","L","Direct participants, Other","A","All users","E","End of period","0","373","Pure Number","0","Units","","15","",953,A,998,A,1007,A,1021,A,1048,A,1094,A,1104,A
CPMI_PARTICIPANTS:A:BE:V:BE3S:N,"A","Annual","BE","Belgium","V","Central securities depositories","BE3S","Euroclear bank","N","Direct participants, domestic","A","All users","E","End of period","0","373","Pure Number","0","Units","","15","",30,A,33,A,34,A,36,A,36,A,43,A,42,A
CPMI_PARTICIPANTS:A:BE:V:BE3S:O,"A","Annual","BE","Belgium","V","Central securities depositories","BE3S","Euroclear bank","O","Direct participants, domestic, Banks","A","All users","E","End of period","0","373","Pure Number","0","Units","","15","",11,A,11,A,12,A,12,A,11,A,11,A,10,A
CPMI_PARTICIPANTS:A:BE:V:BE3S:P,"A","Annual","BE","Belgium","V","Central securities depositories","BE3S","Euroclear bank","P","Direct participants, domestic, Central banks","A","All users","E","End of period","0","373","Pure Number","0","Units","","15","",1,A,1,A,1,A,1,A,1,A,1,A,1,A
CPMI_PARTICIPANTS:A:BE:V:BE3S:Q,"A","Annual","BE","Belgium","V","Central securities depositories","BE3S","Euroclear bank","Q","Direct participants, domestic, CCPs/Other CCPs","A","All users","E","End of period","0","373","Pure Number","0","Units","","15","",0,A,0,A,0,A,0,A,0,A,0,A,0,A
CPMI_PARTICIPANTS:A:BE:V:BE3S:R,"A","Annual","BE","Belgium","V","Central securities depositories","BE3S","Euroclear bank","R","Direct participants, domestic, CSDs","A","All users","E","End of period","0","373","Pure Number","0","Units","","15","",2,A,2,A,2,A,2,A,2,A,2,A,2,A
CPMI_PARTICIPANTS:A:BE:V:BE3S:S,"A","Annual","BE","Belgium","V","Central securities depositories","BE3S","Euroclear bank","S","Direct participants, domestic, Other","A","All users","E","End of period","0","373","Pure Number","0","Units","","15","",16,A,19,A,19,A,21,A,22,A,29,A,29,A
CPMI_PARTICIPANTS:A:BE:V:BE3S:T,"A","Annual","BE","Belgium","V","Central securities depositories","BE3S","Euroclear bank","T","Direct participants, foreign","A","All users","E","End of period","0","373","Pure Number","0","Units","","15","",1361,A,1441,A,1505,A,1566,A,1581,A,1596,A,1608,A
CPMI_PARTICIPANTS:A:BE:V:BE3S:U,"A","Annual","BE","Belgium","V","Central securities depositories","BE3S","Euroclear bank","U","Direct participants, foreign, Banks","A","All users","E","End of period","0","373","Pure Number","0","Units","","15","",311,A,337,A,385,A,442,A,436,A,412,A,415,A
CPMI_PARTICIPANTS:A:BE:V:BE3S:V,"A","Annual","BE","Belgium","V","Central securities depositories","BE3S","Euroclear bank","V","Direct participants, foreign, Central banks","A","All users","E","End of period","0","373","Pure Number","0","Units","","15","",96,A,108,A,106,A,108,A,104,A,94,A,93,A
CPMI_PARTICIPANTS:A:BE:V:BE3S:W,"A","Annual","BE","Belgium","V","Central securities depositories","BE3S","Euroclear bank","W","Direct participants, foreign, CCPs/Other CCPs","A","All users","E","End of period","0","373","Pure Number","0","Units","","15","",4,A,4,A,7,A,4,A,3,A,6,A,6,A
CPMI_PARTICIPANTS:A:BE:V:BE3S:X,"A","Annual","BE","Belgium","V","Central securities depositories","BE3S","Euroclear bank","X","Direct participants, foreign,CSDs","A","All users","E","End of period","0","373","Pure Number","0","Units","","15","",13,A,13,A,19,A,12,A,12,A,19,A,19,A
CPMI_PARTICIPANTS:A:BE:V:BE3S:Y,"A","Annual","BE","Belgium","V","Central securities depositories","BE3S","Euroclear bank","Y","Direct participants, foreign, Other","A","All users","E","End of period","0","373","Pure Number","0","Units","","15","",937,A,979,A,988,A,1000,A,1026,A,1065,A,1075,A
CPMI_PARTICIPANTS:A:BR:A:BR1P:A,"A","Annual","BR","Brazil","A","Payment systems, large-value","BR1P","STR","A","All","A","All users","E","End of period","0","373","Pure Number","0","Units","","7","",171,A,169,A,172,A,181,A,187,A,197,A,214,A
CPMI_PARTICIPANTS:A:BR:A:BR1P:B,"A","Annual","BR","Brazil","A","Payment systems, large-value","BR1P","STR","B","Direct participants, Banks","A","All users","E","End of period","0","373","Pure Number","0","Units","","7","",134,A,131,A,130,A,133,A,134,A,133,A,131,A
CPMI_PARTICIPANTS:A:BR:A:BR1P:C,"A","Annual","BR","Brazil","A","Payment systems, large-value","BR1P","STR","C","Direct participants, Central bank","A","All users","E","End of period","0","373","Pure Number","0","Units","","7","",1,A,1,A,1,A,1,A,1,A,1,A,1,A
CPMI_PARTICIPANTS:A:BR:A:BR1P:D,"A","Annual","BR","Brazil","A","Payment systems, large-value","BR1P","STR","D","Direct participants, all","A","All users","E","End of period","0","373","Pure Number","0","Units","","7","",171,A,169,A,172,A,181,A,187,A,197,A,214,A
CPMI_PARTICIPANTS:A:BR:A:BR1P:F,"A","Annual","BR","Brazil","A","Payment systems, large-value","BR1P","STR","F","Direct participants, Government","A","All users","E","End of period","0","373","Pure Number","0","Units","","7","",1,A,1,A,1,A,1,A,1,A,1,A,1,A
CPMI_PARTICIPANTS:A:BR:A:BR1P:G,"A","Annual","BR","Brazil","A","Payment systems, large-value","BR1P","STR","G","Direct participants, Postal institution","A","All users","E","End of period","0","373","Pure Number","0","Units","","7","",0,A,0,A,0,A,0,A,0,A,0,A,0,A
CPMI_PARTICIPANTS:A:BR:A:BR1P:H,"A","Annual","BR","Brazil","A","Payment systems, large-value","BR1P","STR","H","Direct participants, Payment systems, CCPs and SSSs","A","All users","E","End of period","0","373","Pure Number","0","Units","","7","",3,A,3,A,3,A,3,A,3,A,2,A,2,A
CPMI_PARTICIPANTS:A:BR:A:BR1P:L,"A","Annual","BR","Brazil","A","Payment systems, large-value","BR1P","STR","L","Direct participants, Other","A","All users","E","End of period","0","373","Pure Number","0","Units","","7","",32,A,33,A,37,A,43,A,48,A,60,A,79,A
CPMI_PARTICIPANTS:A:BR:A:BR1P:Z,"A","Annual","BR","Brazil","A","Payment systems, large-value","BR1P","STR","Z","Indirect participants","A","All users","E","End of period","0","373","Pure Number","0","Units","","7","",0,A,0,A,0,A,0,A,0,A,0,A,0,A
CPMI_PARTICIPANTS:A:BR:A:BR3P:A,"A","Annual","BR","Brazil","A","Payment systems, large-value","BR3P","BmfBovespa-FX","A","All","A","All users","E","End of period","0","373","Pure Number","0","Units","","7","",71,A,76,A,76,A,77,A,80,A,72,A,75,A
CPMI_PARTICIPANTS:A:BR:A:BR3P:B,"A","Annual","BR","Brazil","A","Payment systems, large-value","BR3P","BmfBovespa-FX","B","Direct participants, Banks","A","All users","E","End of period","0","373","Pure Number","0","Units","","7","",71,A,76,A,76,A,77,A,80,A,72,A,75,A
CPMI_PARTICIPANTS:A:BR:A:BR3P:C,"A","Annual","BR","Brazil","A","Payment systems, large-value","BR3P","BmfBovespa-FX","C","Direct participants, Central bank","A","All users","E","End of period","0","373","Pure Number","0","Units","","7","",0,A,0,A,0,A,0,A,0,A,0,A,0,A
CPMI_PARTICIPANTS:A:BR:A:BR3P:D,"A","Annual","BR","Brazil","A","Payment systems, large-value","BR3P","BmfBovespa-FX","D","Direct participants, all","A","All users","E","End of period","0","373","Pure Number","0","Units","","7","",71,A,76,A,76,A,77,A,80,A,72,A,75,A
CPMI_PARTICIPANTS:A:BR:A:BR3P:F,"A","Annual","BR","Brazil","A","Payment systems, large-value","BR3P","BmfBovespa-FX","F","Direct participants, Government","A","All users","E","End of period","0","373","Pure Number","0","Units","","7","",0,A,0,A,0,A,0,A,0,A,0,A,0,A
CPMI_PARTICIPANTS:A:BR:A:BR3P:G,"A","Annual","BR","Brazil","A","Payment systems, large-value","BR3P","BmfBovespa-FX","G","Direct participants, Postal institution","A","All users","E","End of period","0","373","Pure Number","0","Units","","7","",0,A,0,A,0,A,0,A,0,A,0,A,0,A
CPMI_PARTICIPANTS:A:BR:A:BR3P:H,"A","Annual","BR","Brazil","A","Payment systems, large-value","BR3P","BmfBovespa-FX","H","Direct participants, Payment systems, CCPs and SSSs","A","All users","E","End of period","0","373","Pure Number","0","Units","","7","",0,A,0,A,0,A,0,A,0,A,0,A,0,A
CPMI_PARTICIPANTS:A:BR:A:BR3P:L,"A","Annual","BR","Brazil","A","Payment systems, large-value","BR3P","BmfBovespa-FX","L","Direct participants, Other","A","All users","E","End of period","0","373","Pure Number","0","Units","","7","",0,A,0,A,0,A,0,A,0,A,0,A,0,A
CPMI_PARTICIPANTS:A:BR:A:BR3P:Z,"A","Annual","BR","Brazil","A","Payment systems, large-value","BR3P","BmfBovespa-FX","Z","Indirect participants","A","All users","E","End of period","0","373","Pure Number","0","Units","","7","",0,A,0,A,0,A,0,A,0,A,0,A,0,A
CPMI_PARTICIPANTS:A:BR:B:BR4P:A,"A","Annual","BR","Brazil","B","Payment systems, retail","BR4P","COMPE","A","All","A","All users","E","End of period","0","373","Pure Number","0","Units","","7","",136,A,131,A,129,A,119,A,118,A,111,A,103,A
CPMI_PARTICIPANTS:A:BR:B:BR4P:B,"A","Annual","BR","Brazil","B","Payment systems, retail","BR4P","COMPE","B","Direct participants, Banks","A","All users","E","End of period","0","373","Pure Number","0","Units","","7","",123,A,118,A,115,A,106,A,104,A,101,A,92,A
CPMI_PARTICIPANTS:A:BR:B:BR4P:C,"A","Annual","BR","Brazil","B","Payment systems, retail","BR4P","COMPE","C","Direct participants, Central bank","A","All users","E","End of period","0","373","Pure Number","0","Units","","7","",0,A,0,A,0,A,0,A,0,A,0,A,0,A
CPMI_PARTICIPANTS:A:BR:B:BR4P:D,"A","Annual","BR","Brazil","B","Payment systems, retail","BR4P","COMPE","D","Direct participants, all","A","All users","E","End of period","0","373","Pure Number","0","Units","","7","",136,A,131,A,129,A,119,A,118,A,111,A,103,A
CPMI_PARTICIPANTS:A:BR:B:BR4P:F,"A","Annual","BR","Brazil","B","Payment systems, retail","BR4P","COMPE","F","Direct participants, Government","A","All users","E","End of period","0","373","Pure Number","0","Units","","7","",0,A,0,A,0,A,0,A,0,A,0,A,0,A
CPMI_PARTICIPANTS:A:BR:B:BR4P:G,"A","Annual","BR","Brazil","B","Payment systems, retail","BR4P","COMPE","G","Direct participants, Postal institution","A","All users","E","End of period","0","373","Pure Number","0","Units","","7","",0,A,0,A,0,A,0,A,0,A,0,A,0,A
CPMI_PARTICIPANTS:A:BR:B:BR4P:H,"A","Annual","BR","Brazil","B","Payment systems, retail","BR4P","COMPE","H","Direct participants, Payment systems, CCPs and SSSs","A","All users","E","End of period","0","373","Pure Number","0","Units","","7","",0,A,0,A,0,A,0,A,0,A,0,A,0,A
CPMI_PARTICIPANTS:A:BR:B:BR4P:L,"A","Annual","BR","Brazil","B","Payment systems, retail","BR4P","COMPE","L","Direct participants, Other","A","All users","E","End of period","0","373","Pure Number","0","Units","","7","",13,A,13,A,14,A,13,A,14,A,10,A,11,A
CPMI_PARTICIPANTS:A:BR:B:BR4P:Z,"A","Annual","BR","Brazil","B","Payment systems, retail","BR4P","COMPE","Z","Indirect participants","A","All users","E","End of period","0","373","Pure Number","0","Units","","7","",0,A,0,A,0,A,0,A,0,A,0,A,0,A
CPMI_PARTICIPANTS:A:BR:B:BR5P:A,"A","Annual","BR","Brazil","B","Payment systems, retail","BR5P","SILOC","A","All","A","All users","E","End of period","0","373","Pure Number","0","Units","","7","",121,A,119,A,122,A,122,A,120,A,113,A,111,A
CPMI_PARTICIPANTS:A:BR:B:BR5P:B,"A","Annual","BR","Brazil","B","Payment systems, retail","BR5P","SILOC","B","Direct participants, Banks","A","All users","E","End of period","0","373","Pure Number","0","Units","","7","",110,A,104,A,107,A,107,A,105,A,102,A,95,A
CPMI_PARTICIPANTS:A:BR:B:BR5P:C,"A","Annual","BR","Brazil","B","Payment systems, retail","BR5P","SILOC","C","Direct participants, Central bank","A","All users","E","End of period","0","373","Pure Number","0","Units","","7","",0,A,0,A,0,A,0,A,0,A,0,A,0,A
CPMI_PARTICIPANTS:A:BR:B:BR5P:D,"A","Annual","BR","Brazil","B","Payment systems, retail","BR5P","SILOC","D","Direct participants, all","A","All users","E","End of period","0","373","Pure Number","0","Units","","7","",121,A,119,A,122,A,122,A,120,A,113,A,111,A
CPMI_PARTICIPANTS:A:BR:B:BR5P:F,"A","Annual","BR","Brazil","B","Payment systems, retail","BR5P","SILOC","F","Direct participants, Government","A","All users","E","End of period","0","373","Pure Number","0","Units","","7","",0,A,0,A,0,A,0,A,0,A,0,A,0,A
CPMI_PARTICIPANTS:A:BR:B:BR5P:G,"A","Annual","BR","Brazil","B","Payment systems, retail","BR5P","SILOC","G","Direct participants, Postal institution","A","All users","E","End of period","0","373","Pure Number","0","Units","","7","",0,A,0,A,0,A,0,A,0,A,0,A,0,A
CPMI_PARTICIPANTS:A:BR:B:BR5P:H,"A","Annual","BR","Brazil","B","Payment systems, retail","BR5P","SILOC","H","Direct participants, Payment systems, CCPs and SSSs","A","All users","E","End of period","0","373","Pure Number","0","Units","","7","",0,A,0,A,0,A,0,A,0,A,0,A,0,A
CPMI_PARTICIPANTS:A:BR:B:BR5P:L,"A","Annual","BR","Brazil","B","Payment systems, retail","BR5P","SILOC","L","Direct participants, Other","A","All users","E","End of period","0","373","Pure Number","0","Units","","7","",11,A,15,A,15,A,15,A,15,A,11,A,16,A
CPMI_PARTICIPANTS:A:BR:B:BR5P:Z,"A","Annual","BR","Brazil","B","Payment systems, retail","BR5P","SILOC","Z","Indirect participants","A","All users","E","End of period","0","373","Pure Number","0","Units","","7","",0,A,0,A,0,A,0,A,0,A,0,A,0,A
CPMI_PARTICIPANTS:A:BR:B:BR6P:A,"A","Annual","BR","Brazil","B","Payment systems, retail","BR6P","SITRAF","A","All","A","All users","E","End of period","0","373","Pure Number","0","Units","Since 2012, SITRAF has been categorised as a retail payment system. Previously, SITRAF was categorised as large value payment system","7","",99,A,99,A,102,A,101,A,101,A,97,A,96,A
CPMI_PARTICIPANTS:A:BR:B:BR6P:B,"A","Annual","BR","Brazil","B","Payment systems, retail","BR6P","SITRAF","B","Direct participants, Banks","A","All users","E","End of period","0","373","Pure Number","0","Units","","7","",86,A,87,A,88,A,88,A,87,A,86,A,85,A
CPMI_PARTICIPANTS:A:BR:B:BR6P:C,"A","Annual","BR","Brazil","B","Payment systems, retail","BR6P","SITRAF","C","Direct participants, Central bank","A","All users","E","End of period","0","373","Pure Number","0","Units","","7","",0,A,0,A,0,A,0,A,0,A,0,A,0,A
CPMI_PARTICIPANTS:A:BR:B:BR6P:D,"A","Annual","BR","Brazil","B","Payment systems, retail","BR6P","SITRAF","D","Direct participants, all","A","All users","E","End of period","0","373","Pure Number","0","Units","","7","",99,A,99,A,102,A,101,A,101,A,97,A,96,A
CPMI_PARTICIPANTS:A:BR:B:BR6P:F,"A","Annual","BR","Brazil","B","Payment systems, retail","BR6P","SITRAF","F","Direct participants, Government","A","All users","E","End of period","0","373","Pure Number","0","Units","","7","",0,A,0,A,0,A,0,A,0,A,0,A,0,A
CPMI_PARTICIPANTS:A:BR:B:BR6P:G,"A","Annual","BR","Brazil","B","Payment systems, retail","BR6P","SITRAF","G","Direct participants, Postal institution","A","All users","E","End of period","0","373","Pure Number","0","Units","","7","",0,A,0,A,0,A,0,A,0,A,0,A,0,A
CPMI_PARTICIPANTS:A:BR:B:BR6P:H,"A","Annual","BR","Brazil","B","Payment systems, retail","BR6P","SITRAF","H","Direct participants, Payment systems, CCPs and SSSs","A","All users","E","End of period","0","373","Pure Number","0","Units","","7","",0,A,0,A,0,A,0,A,0,A,0,A,0,A
CPMI_PARTICIPANTS:A:BR:B:BR6P:L,"A","Annual","BR","Brazil","B","Payment systems, retail","BR6P","SITRAF","L","Direct participants, Other","A","All users","E","End of period","0","373","Pure Number","0","Units","","7","",13,A,12,A,14,A,13,A,14,A,11,A,11,A
CPMI_PARTICIPANTS:A:BR:B:BR6P:Z,"A","Annual","BR","Brazil","B","Payment systems, retail","BR6P","SITRAF","Z","Indirect participants","A","All users","E","End of period","0","373","Pure Number","0","Units","","7","",0,A,0,A,0,A,0,A,0,A,0,A,0,A
CPMI_PARTICIPANTS:A:BR:S:SWFT:0,"A","Annual","BR","Brazil","S","Swift","SWFT","Swift","0","Members","A","All users","E","End of period","0","373","Pure Number","0","Units","","10","",23,A,22,A,19,A,21,A,21,A,20,A,20,A
CPMI_PARTICIPANTS:A:BR:S:SWFT:1,"A","Annual","BR","Brazil","S","Swift","SWFT","Swift","1","Sub-members","A","All users","E","End of period","0","373","Pure Number","0","Units","","10","",29,A,31,A,31,A,31,A,33,A,33,A,31,A
CPMI_PARTICIPANTS:A:BR:S:SWFT:A,"A","Annual","BR","Brazil","S","Swift","SWFT","Swift","A","All","A","All users","E","End of period","0","373","Pure Number","0","Units","","10","",101,A,105,A,111,A,113,A,113,A,111,A,111,A
CPMI_PARTICIPANTS:A:BR:U:BR1C:B,"A","Annual","BR","Brazil","U","Central counterparties/clearing houses","BR1C","BmfBovespa-Equities","B","Direct participants, Banks","A","All users","E","End of period","0","373","Pure Number","0","Units","","12","",26,A,23,A,22,A,23,A,23,A,25,A,,M
CPMI_PARTICIPANTS:A:BR:U:BR1C:C,"A","Annual","BR","Brazil","U","Central counterparties/clearing houses","BR1C","BmfBovespa-Equities","C","Direct participants, Central bank","A","All users","E","End of period","0","373","Pure Number","0","Units","","12","",0,A,0,A,0,A,0,A,0,A,0,A,,M
CPMI_PARTICIPANTS:A:BR:U:BR1C:D,"A","Annual","BR","Brazil","U","Central counterparties/clearing houses","BR1C","BmfBovespa-Equities","D","Direct participants, all","A","All users","E","End of period","0","373","Pure Number","0","Units","","12","",88,A,80,A,79,A,70,A,68,A,62,A,,M
CPMI_PARTICIPANTS:A:BR:U:BR1C:I,"A","Annual","BR","Brazil","U","Central counterparties/clearing houses","BR1C","BmfBovespa-Equities","I","Direct participants, CCPs/Other CCPs","A","All users","E","End of period","0","373","Pure Number","0","Units","","12","",0,A,0,A,0,A,0,A,0,A,0,A,,M
CPMI_PARTICIPANTS:A:BR:U:BR1C:L,"A","Annual","BR","Brazil","U","Central counterparties/clearing houses","BR1C","BmfBovespa-Equities","L","Direct participants, Other","A","All users","E","End of period","0","373","Pure Number","0","Units","","12","",62,A,57,A,57,A,47,A,45,A,37,A,,M
CPMI_PARTICIPANTS:A:BR:U:BR1C:N,"A","Annual","BR","Brazil","U","Central counterparties/clearing houses","BR1C","BmfBovespa-Equities","N","Direct participants, domestic","A","All users","E","End of period","0","373","Pure Number","0","Units","","12","",88,A,80,A,79,A,70,A,68,A,62,A,,M
CPMI_PARTICIPANTS:A:BR:U:BR1C:O,"A","Annual","BR","Brazil","U","Central counterparties/clearing houses","BR1C","BmfBovespa-Equities","O","Direct participants, domestic, Banks","A","All users","E","End of period","0","373","Pure Number","0","Units","","12","",26,A,23,A,22,A,23,A,23,A,25,A,,M
CPMI_PARTICIPANTS:A:BR:U:BR1C:P,"A","Annual","BR","Brazil","U","Central counterparties/clearing houses","BR1C","BmfBovespa-Equities","P","Direct participants, domestic, Central banks","A","All users","E","End of period","0","373","Pure Number","0","Units","","12","",0,A,0,A,0,A,0,A,0,A,0,A,,M
CPMI_PARTICIPANTS:A:BR:U:BR1C:Q,"A","Annual","BR","Brazil","U","Central counterparties/clearing houses","BR1C","BmfBovespa-Equities","Q","Direct participants, domestic, CCPs/Other CCPs","A","All users","E","End of period","0","373","Pure Number","0","Units","","12","",0,A,0,A,0,A,0,A,0,A,0,A,,M
CPMI_PARTICIPANTS:A:BR:U:BR1C:S,"A","Annual","BR","Brazil","U","Central counterparties/clearing houses","BR1C","BmfBovespa-Equities","S","Direct participants, domestic, Other","A","All users","E","End of period","0","373","Pure Number","0","Units","","12","",62,A,57,A,57,A,47,A,45,A,37,A,,M
CPMI_PARTICIPANTS:A:BR:U:BR1C:T,"A","Annual","BR","Brazil","U","Central counterparties/clearing houses","BR1C","BmfBovespa-Equities","T","Direct participants, foreign","A","All users","E","End of period","0","373","Pure Number","0","Units","","12","",,M,,M,,M,,M,,M,,M,,M
CPMI_PARTICIPANTS:A:BR:U:BR1C:U,"A","Annual","BR","Brazil","U","Central counterparties/clearing houses","BR1C","BmfBovespa-Equities","U","Direct participants, foreign, Banks","A","All users","E","End of period","0","373","Pure Number","0","Units","","12","",,M,,M,,M,,M,,M,,M,,M
CPMI_PARTICIPANTS:A:BR:U:BR1C:V,"A","Annual","BR","Brazil","U","Central counterparties/clearing houses","BR1C","BmfBovespa-Equities","V","Direct participants, foreign, Central banks","A","All users","E","End of period","0","373","Pure Number","0","Units","","12","",,M,,M,,M,,M,,M,,M,,M
CPMI_PARTICIPANTS:A:BR:U:BR1C:W,"A","Annual","BR","Brazil","U","Central counterparties/clearing houses","BR1C","BmfBovespa-Equities","W","Direct participants, foreign, CCPs/Other CCPs","A","All users","E","End of period","0","373","Pure Number","0","Units","","12","",,M,,M,,M,,M,,M,,M,,M
CPMI_PARTICIPANTS:A:BR:U:BR1C:Y,"A","Annual","BR","Brazil","U","Central counterparties/clearing houses","BR1C","BmfBovespa-Equities","Y","Direct participants, foreign, Other","A","All users","E","End of period","0","373","Pure Number","0","Units","","12","",,M,,M,,M,,M,,M,,M,,M
CPMI_PARTICIPANTS:A:BR:U:BR2C:B,"A","Annual","BR","Brazil","U","Central counterparties/clearing houses","BR2C","BmfBovespa-Clearinghouse","B","Direct participants, Banks","A","All users","E","End of period","0","373","Pure Number","0","Units","","12","",28,A,27,A,28,A,29,A,28,A,29,A,32,A
CPMI_PARTICIPANTS:A:BR:U:BR2C:C,"A","Annual","BR","Brazil","U","Central counterparties/clearing houses","BR2C","BmfBovespa-Clearinghouse","C","Direct participants, Central bank","A","All users","E","End of period","0","373","Pure Number","0","Units","","12","",1,A,1,A,1,A,1,A,1,A,1,A,1,A
CPMI_PARTICIPANTS:A:BR:U:BR2C:D,"A","Annual","BR","Brazil","U","Central counterparties/clearing houses","BR2C","BmfBovespa-Clearinghouse","D","Direct participants, all","A","All users","E","End of period","0","373","Pure Number","0","Units","","12","",74,A,70,A,69,A,58,A,57,A,56,A,62,A
CPMI_PARTICIPANTS:A:BR:U:BR2C:I,"A","Annual","BR","Brazil","U","Central counterparties/clearing houses","BR2C","BmfBovespa-Clearinghouse","I","Direct participants, CCPs/Other CCPs","A","All users","E","End of period","0","373","Pure Number","0","Units","","12","",0,A,0,A,0,A,0,A,0,A,0,A,0,A
CPMI_PARTICIPANTS:A:BR:U:BR2C:L,"A","Annual","BR","Brazil","U","Central counterparties/clearing houses","BR2C","BmfBovespa-Clearinghouse","L","Direct participants, Other","A","All users","E","End of period","0","373","Pure Number","0","Units","","12","",45,A,42,A,40,A,28,A,28,A,26,A,29,A
CPMI_PARTICIPANTS:A:BR:U:BR2C:N,"A","Annual","BR","Brazil","U","Central counterparties/clearing houses","BR2C","BmfBovespa-Clearinghouse","N","Direct participants, domestic","A","All users","E","End of period","0","373","Pure Number","0","Units","","12","",74,A,70,A,69,A,58,A,57,A,56,A,62,A
CPMI_PARTICIPANTS:A:BR:U:BR2C:O,"A","Annual","BR","Brazil","U","Central counterparties/clearing houses","BR2C","BmfBovespa-Clearinghouse","O","Direct participants, domestic, Banks","A","All users","E","End of period","0","373","Pure Number","0","Units","","12","",28,A,27,A,28,A,29,A,28,A,29,A,32,A
CPMI_PARTICIPANTS:A:BR:U:BR2C:P,"A","Annual","BR","Brazil","U","Central counterparties/clearing houses","BR2C","BmfBovespa-Clearinghouse","P","Direct participants, domestic, Central banks","A","All users","E","End of period","0","373","Pure Number","0","Units","","12","",1,A,1,A,1,A,1,A,1,A,1,A,1,A
CPMI_PARTICIPANTS:A:BR:U:BR2C:Q,"A","Annual","BR","Brazil","U","Central counterparties/clearing houses","BR2C","BmfBovespa-Clearinghouse","Q","Direct participants, domestic, CCPs/Other CCPs","A","All users","E","End of period","0","373","Pure Number","0","Units","","12","",0,A,0,A,0,A,0,A,0,A,0,A,0,A
CPMI_PARTICIPANTS:A:BR:U:BR2C:S,"A","Annual","BR","Brazil","U","Central counterparties/clearing houses","BR2C","BmfBovespa-Clearinghouse","S","Direct participants, domestic, Other","A","All users","E","End of period","0","373","Pure Number","0","Units","","12","",45,A,42,A,40,A,28,A,28,A,26,A,29,A
CPMI_PARTICIPANTS:A:BR:U:BR2C:T,"A","Annual","BR","Brazil","U","Central counterparties/clearing houses","BR2C","BmfBovespa-Clearinghouse","T","Direct participants, foreign","A","All users","E","End of period","0","373","Pure Number","0","Units","","12","",,M,,M,,M,,M,,M,,M,,M
CPMI_PARTICIPANTS:A:BR:U:BR2C:U,"A","Annual","BR","Brazil","U","Central counterparties/clearing houses","BR2C","BmfBovespa-Clearinghouse","U","Direct participants, foreign, Banks","A","All users","E","End of period","0","373","Pure Number","0","Units","","12","",,M,,M,,M,,M,,M,,M,,M
CPMI_PARTICIPANTS:A:BR:U:BR2C:V,"A","Annual","BR","Brazil","U","Central counterparties/clearing houses","BR2C","BmfBovespa-Clearinghouse","V","Direct participants, foreign, Central banks","A","All users","E","End of period","0","373","Pure Number","0","Units","","12","",,M,,M,,M,,M,,M,,M,,M
CPMI_PARTICIPANTS:A:BR:U:BR2C:W,"A","Annual","BR","Brazil","U","Central counterparties/clearing houses","BR2C","BmfBovespa-Clearinghouse","W","Direct participants, foreign, CCPs/Other CCPs","A","All users","E","End of period","0","373","Pure Number","0","Units","","12","",,M,,M,,M,,M,,M,,M,,M
CPMI_PARTICIPANTS:A:BR:U:BR2C:Y,"A","Annual","BR","Brazil","U","Central counterparties/clearing houses","BR2C","BmfBovespa-Clearinghouse","Y","Direct participants, foreign, Other","A","All users","E","End of period","0","373","Pure Number","0","Units","","12","",,M,,M,,M,,M,,M,,M,,M
CPMI_PARTICIPANTS:A:BR:U:BR3C:B,"A","Annual","BR","Brazil","U","Central counterparties/clearing houses","BR3C","BmfBovespa-Securities","B","Direct participants, Banks","A","All users","E","End of period","0","373","Pure Number","0","Units","","12","",27,A,26,A,24,A,22,A,20,A,18,A,25,A
CPMI_PARTICIPANTS:A:BR:U:BR3C:C,"A","Annual","BR","Brazil","U","Central counterparties/clearing houses","BR3C","BmfBovespa-Securities","C","Direct participants, Central bank","A","All users","E","End of period","0","373","Pure Number","0","Units","","12","",0,A,0,A,0,A,0,A,0,A,0,A,0,A
CPMI_PARTICIPANTS:A:BR:U:BR3C:D,"A","Annual","BR","Brazil","U","Central counterparties/clearing houses","BR3C","BmfBovespa-Securities","D","Direct participants, all","A","All users","E","End of period","0","373","Pure Number","0","Units","","12","",62,A,58,A,54,A,43,A,40,A,38,A,45,A
CPMI_PARTICIPANTS:A:BR:U:BR3C:I,"A","Annual","BR","Brazil","U","Central counterparties/clearing houses","BR3C","BmfBovespa-Securities","I","Direct participants, CCPs/Other CCPs","A","All users","E","End of period","0","373","Pure Number","0","Units","","12","",0,A,0,A,0,A,0,A,0,A,0,A,0,A
CPMI_PARTICIPANTS:A:BR:U:BR3C:L,"A","Annual","BR","Brazil","U","Central counterparties/clearing houses","BR3C","BmfBovespa-Securities","L","Direct participants, Other","A","All users","E","End of period","0","373","Pure Number","0","Units","","12","",35,A,32,A,30,A,21,A,20,A,20,A,20,A
CPMI_PARTICIPANTS:A:BR:U:BR3C:N,"A","Annual","BR","Brazil","U","Central counterparties/clearing houses","BR3C","BmfBovespa-Securities","N","Direct participants, domestic","A","All users","E","End of period","0","373","Pure Number","0","Units","","12","",62,A,58,A,54,A,43,A,40,A,38,A,45,A
CPMI_PARTICIPANTS:A:BR:U:BR3C:O,"A","Annual","BR","Brazil","U","Central counterparties/clearing houses","BR3C","BmfBovespa-Securities","O","Direct participants, domestic, Banks","A","All users","E","End of period","0","373","Pure Number","0","Units","","12","",27,A,26,A,24,A,22,A,20,A,18,A,25,A
CPMI_PARTICIPANTS:A:BR:U:BR3C:P,"A","Annual","BR","Brazil","U","Central counterparties/clearing houses","BR3C","BmfBovespa-Securities","P","Direct participants, domestic, Central banks","A","All users","E","End of period","0","373","Pure Number","0","Units","","12","",0,A,0,A,0,A,0,A,0,A,0,A,0,A
CPMI_PARTICIPANTS:A:BR:U:BR3C:Q,"A","Annual","BR","Brazil","U","Central counterparties/clearing houses","BR3C","BmfBovespa-Securities","Q","Direct participants, domestic, CCPs/Other CCPs","A","All users","E","End of period","0","373","Pure Number","0","Units","","12","",0,A,0,A,0,A,0,A,0,A,0,A,0,A
CPMI_PARTICIPANTS:A:BR:U:BR3C:S,"A","Annual","BR","Brazil","U","Central counterparties/clearing houses","BR3C","BmfBovespa-Securities","S","Direct participants, domestic, Other","A","All users","E","End of period","0","373","Pure Number","0","Units","","12","",35,A,32,A,30,A,21,A,20,A,20,A,20,A
CPMI_PARTICIPANTS:A:BR:U:BR3C:T,"A","Annual","BR","Brazil","U","Central counterparties/clearing houses","BR3C","BmfBovespa-Securities","T","Direct participants, foreign","A","All users","E","End of period","0","373","Pure Number","0","Units","","12","",,M,,M,,M,,M,,M,,M,,M
CPMI_PARTICIPANTS:A:BR:U:BR3C:U,"A","Annual","BR","Brazil","U","Central counterparties/clearing houses","BR3C","BmfBovespa-Securities","U","Direct participants, foreign, Banks","A","All users","E","End of period","0","373","Pure Number","0","Units","","12","",,M,,M,,M,,M,,M,,M,,M
CPMI_PARTICIPANTS:A:BR:U:BR3C:V,"A","Annual","BR","Brazil","U","Central counterparties/clearing houses","BR3C","BmfBovespa-Securities","V","Direct participants, foreign, Central banks","A","All users","E","End of period","0","373","Pure Number","0","Units","","12","",,M,,M,,M,,M,,M,,M,,M
CPMI_PARTICIPANTS:A:BR:U:BR3C:W,"A","Annual","BR","Brazil","U","Central counterparties/clearing houses","BR3C","BmfBovespa-Securities","W","Direct participants, foreign, CCPs/Other CCPs","A","All users","E","End of period","0","373","Pure Number","0","Units","","12","",,M,,M,,M,,M,,M,,M,,M
CPMI_PARTICIPANTS:A:BR:U:BR3C:Y,"A","Annual","BR","Brazil","U","Central counterparties/clearing houses","BR3C","BmfBovespa-Securities","Y","Direct participants, foreign, Other","A","All users","E","End of period","0","373","Pure Number","0","Units","","12","",,M,,M,,M,,M,,M,,M,,M
CPMI_PARTICIPANTS:A:BR:U:BR4C:B,"A","Annual","BR","Brazil","U","Central counterparties/clearing houses","BR4C","CETIP","B","Direct participants, Banks","A","All users","E","End of period","0","373","Pure Number","0","Units","","12","",165,A,174,A,185,A,185,A,183,A,181,A,182,A
CPMI_PARTICIPANTS:A:BR:U:BR4C:C,"A","Annual","BR","Brazil","U","Central counterparties/clearing houses","BR4C","CETIP","C","Direct participants, Central bank","A","All users","E","End of period","0","373","Pure Number","0","Units","","12","",1,A,1,A,1,A,1,A,1,A,1,A,1,A
CPMI_PARTICIPANTS:A:BR:U:BR4C:D,"A","Annual","BR","Brazil","U","Central counterparties/clearing houses","BR4C","CETIP","D","Direct participants, all","A","All users","E","End of period","0","373","Pure Number","0","Units","","12","",558,A,598,A,699,A,700,A,698,A,749,A,949,A
CPMI_PARTICIPANTS:A:BR:U:BR4C:I,"A","Annual","BR","Brazil","U","Central counterparties/clearing houses","BR4C","CETIP","I","Direct participants, CCPs/Other CCPs","A","All users","E","End of period","0","373","Pure Number","0","Units","","12","",0,A,0,A,0,A,0,A,0,A,0,A,0,A
CPMI_PARTICIPANTS:A:BR:U:BR4C:L,"A","Annual","BR","Brazil","U","Central counterparties/clearing houses","BR4C","CETIP","L","Direct participants, Other","A","All users","E","End of period","0","373","Pure Number","0","Units","","12","",392,A,423,A,513,A,514,A,514,A,567,A,786,A
CPMI_PARTICIPANTS:A:BR:U:BR4C:N,"A","Annual","BR","Brazil","U","Central counterparties/clearing houses","BR4C","CETIP","N","Direct participants, domestic","A","All users","E","End of period","0","373","Pure Number","0","Units","","12","",558,A,598,A,699,A,700,A,698,A,749,A,949,A
CPMI_PARTICIPANTS:A:BR:U:BR4C:O,"A","Annual","BR","Brazil","U","Central counterparties/clearing houses","BR4C","CETIP","O","Direct participants, domestic, Banks","A","All users","E","End of period","0","373","Pure Number","0","Units","","12","",165,A,174,A,185,A,185,A,183,A,181,A,182,A
CPMI_PARTICIPANTS:A:BR:U:BR4C:P,"A","Annual","BR","Brazil","U","Central counterparties/clearing houses","BR4C","CETIP","P","Direct participants, domestic, Central banks","A","All users","E","End of period","0","373","Pure Number","0","Units","","12","",1,A,1,A,1,A,1,A,1,A,1,A,1,A
CPMI_PARTICIPANTS:A:BR:U:BR4C:Q,"A","Annual","BR","Brazil","U","Central counterparties/clearing houses","BR4C","CETIP","Q","Direct participants, domestic, CCPs/Other CCPs","A","All users","E","End of period","0","373","Pure Number","0","Units","","12","",0,A,0,A,0,A,0,A,0,A,0,A,0,A
CPMI_PARTICIPANTS:A:BR:U:BR4C:S,"A","Annual","BR","Brazil","U","Central counterparties/clearing houses","BR4C","CETIP","S","Direct participants, domestic, Other","A","All users","E","End of period","0","373","Pure Number","0","Units","","12","",392,A,423,A,513,A,514,A,514,A,567,A,786,A
CPMI_PARTICIPANTS:A:BR:U:BR4C:T,"A","Annual","BR","Brazil","U","Central counterparties/clearing houses","BR4C","CETIP","T","Direct participants, foreign","A","All users","E","End of period","0","373","Pure Number","0","Units","","12","",,M,,M,,M,,M,,M,,M,,M
CPMI_PARTICIPANTS:A:BR:U:BR4C:U,"A","Annual","BR","Brazil","U","Central counterparties/clearing houses","BR4C","CETIP","U","Direct participants, foreign, Banks","A","All users","E","End of period","0","373","Pure Number","0","Units","","12","",,M,,M,,M,,M,,M,,M,,M
CPMI_PARTICIPANTS:A:BR:U:BR4C:V,"A","Annual","BR","Brazil","U","Central counterparties/clearing houses","BR4C","CETIP","V","Direct participants, foreign, Central banks","A","All users","E","End of period","0","373","Pure Number","0","Units","","12","",,M,,M,,M,,M,,M,,M,,M
CPMI_PARTICIPANTS:A:BR:U:BR4C:W,"A","Annual","BR","Brazil","U","Central counterparties/clearing houses","BR4C","CETIP","W","Direct participants, foreign, CCPs/Other CCPs","A","All users","E","End of period","0","373","Pure Number","0","Units","","12","",,M,,M,,M,,M,,M,,M,,M
CPMI_PARTICIPANTS:A:BR:U:BR4C:Y,"A","Annual","BR","Brazil","U","Central counterparties/clearing houses","BR4C","CETIP","Y","Direct participants, foreign, Other","A","All users","E","End of period","0","373","Pure Number","0","Units","","12","",,M,,M,,M,,M,,M,,M,,M
CPMI_PARTICIPANTS:A:BR:V:BR1S:B,"A","Annual","BR","Brazil","V","Central securities depositories","BR1S","BmfBovespa-Equities","B","Direct participants, Banks","A","All users","E","End of period","0","373","Pure Number","0","Units","","15","",46,A,47,A,45,A,66,A,69,A,77,A,50,A
CPMI_PARTICIPANTS:A:BR:V:BR1S:C,"A","Annual","BR","Brazil","V","Central securities depositories","BR1S","BmfBovespa-Equities","C","Direct participants, Central bank","A","All users","E","End of period","0","373","Pure Number","0","Units","","15","",0,A,0,A,0,A,0,A,0,A,0,A,0,A
CPMI_PARTICIPANTS:A:BR:V:BR1S:D,"A","Annual","BR","Brazil","V","Central securities depositories","BR1S","BmfBovespa-Equities","D","Direct participants, all","A","All users","E","End of period","0","373","Pure Number","0","Units","","15","",201,A,201,A,193,A,193,A,186,A,192,A,177,A
CPMI_PARTICIPANTS:A:BR:V:BR1S:I,"A","Annual","BR","Brazil","V","Central securities depositories","BR1S","BmfBovespa-Equities","I","Direct participants, CCPs/Other CCPs","A","All users","E","End of period","0","373","Pure Number","0","Units","","15","",0,A,0,A,0,A,0,A,0,A,0,A,0,A
CPMI_PARTICIPANTS:A:BR:V:BR1S:J,"A","Annual","BR","Brazil","V","Central securities depositories","BR1S","BmfBovespa-Equities","J","Direct participants, CSDs","A","All users","E","End of period","0","373","Pure Number","0","Units","","15","",0,A,0,A,0,A,0,A,0,A,0,A,0,A
CPMI_PARTICIPANTS:A:BR:V:BR1S:L,"A","Annual","BR","Brazil","V","Central securities depositories","BR1S","BmfBovespa-Equities","L","Direct participants, Other","A","All users","E","End of period","0","373","Pure Number","0","Units","","15","",155,A,154,A,148,A,127,A,117,A,115,A,127,A
CPMI_PARTICIPANTS:A:BR:V:BR1S:N,"A","Annual","BR","Brazil","V","Central securities depositories","BR1S","BmfBovespa-Equities","N","Direct participants, domestic","A","All users","E","End of period","0","373","Pure Number","0","Units","","15","",201,A,201,A,193,A,193,A,186,A,192,A,177,A
CPMI_PARTICIPANTS:A:BR:V:BR1S:O,"A","Annual","BR","Brazil","V","Central securities depositories","BR1S","BmfBovespa-Equities","O","Direct participants, domestic, Banks","A","All users","E","End of period","0","373","Pure Number","0","Units","","15","",46,A,47,A,45,A,66,A,69,A,77,A,50,A
CPMI_PARTICIPANTS:A:BR:V:BR1S:P,"A","Annual","BR","Brazil","V","Central securities depositories","BR1S","BmfBovespa-Equities","P","Direct participants, domestic, Central banks","A","All users","E","End of period","0","373","Pure Number","0","Units","","15","",0,A,0,A,0,A,0,A,0,A,0,A,0,A
CPMI_PARTICIPANTS:A:BR:V:BR1S:Q,"A","Annual","BR","Brazil","V","Central securities depositories","BR1S","BmfBovespa-Equities","Q","Direct participants, domestic, CCPs/Other CCPs","A","All users","E","End of period","0","373","Pure Number","0","Units","","15","",0,A,0,A,0,A,0,A,0,A,0,A,0,A
CPMI_PARTICIPANTS:A:BR:V:BR1S:R,"A","Annual","BR","Brazil","V","Central securities depositories","BR1S","BmfBovespa-Equities","R","Direct participants, domestic, CSDs","A","All users","E","End of period","0","373","Pure Number","0","Units","","15","",0,A,0,A,0,A,0,A,0,A,0,A,0,A
CPMI_PARTICIPANTS:A:BR:V:BR1S:S,"A","Annual","BR","Brazil","V","Central securities depositories","BR1S","BmfBovespa-Equities","S","Direct participants, domestic, Other","A","All users","E","End of period","0","373","Pure Number","0","Units","","15","",155,A,154,A,148,A,127,A,117,A,115,A,127,A
CPMI_PARTICIPANTS:A:BR:V:BR1S:T,"A","Annual","BR","Brazil","V","Central securities depositories","BR1S","BmfBovespa-Equities","T","Direct participants, foreign","A","All users","E","End of period","0","373","Pure Number","0","Units","","15","",0,A,0,A,0,A,0,A,0,A,0,A,0,A
CPMI_PARTICIPANTS:A:BR:V:BR1S:U,"A","Annual","BR","Brazil","V","Central securities depositories","BR1S","BmfBovespa-Equities","U","Direct participants, foreign, Banks","A","All users","E","End of period","0","373","Pure Number","0","Units","","15","",0,A,0,A,0,A,0,A,0,A,0,A,0,A
CPMI_PARTICIPANTS:A:BR:V:BR1S:V,"A","Annual","BR","Brazil","V","Central securities depositories","BR1S","BmfBovespa-Equities","V","Direct participants, foreign, Central banks","A","All users","E","End of period","0","373","Pure Number","0","Units","","15","",0,A,0,A,0,A,0,A,0,A,0,A,0,A
CPMI_PARTICIPANTS:A:BR:V:BR1S:W,"A","Annual","BR","Brazil","V","Central securities depositories","BR1S","BmfBovespa-Equities","W","Direct participants, foreign, CCPs/Other CCPs","A","All users","E","End of period","0","373","Pure Number","0","Units","","15","",0,A,0,A,0,A,0,A,0,A,0,A,0,A
CPMI_PARTICIPANTS:A:BR:V:BR1S:X,"A","Annual","BR","Brazil","V","Central securities depositories","BR1S","BmfBovespa-Equities","X","Direct participants, foreign,CSDs","A","All users","E","End of period","0","373","Pure Number","0","Units","","15","",0,A,0,A,0,A,0,A,0,A,0,A,0,A
CPMI_PARTICIPANTS:A:BR:V:BR1S:Y,"A","Annual","BR","Brazil","V","Central securities depositories","BR1S","BmfBovespa-Equities","Y","Direct participants, foreign, Other","A","All users","E","End of period","0","373","Pure Number","0","Units","","15","",0,A,0,A,0,A,0,A,0,A,0,A,0,A
CPMI_PARTICIPANTS:A:BR:V:BR2S:B,"A","Annual","BR","Brazil","V","Central securities depositories","BR2S","CETIP","B","Direct participants, Banks","A","All users","E","End of period","0","373","Pure Number","0","Units","","15","",165,A,174,A,185,A,185,A,183,A,181,A,182,A
CPMI_PARTICIPANTS:A:BR:V:BR2S:C,"A","Annual","BR","Brazil","V","Central securities depositories","BR2S","CETIP","C","Direct participants, Central bank","A","All users","E","End of period","0","373","Pure Number","0","Units","","15","",1,A,1,A,1,A,1,A,1,A,1,A,1,A
CPMI_PARTICIPANTS:A:BR:V:BR2S:D,"A","Annual","BR","Brazil","V","Central securities depositories","BR2S","CETIP","D","Direct participants, all","A","All users","E","End of period","0","373","Pure Number","0","Units","","15","",558,A,598,A,699,A,700,A,698,A,749,A,949,A
CPMI_PARTICIPANTS:A:BR:V:BR2S:I,"A","Annual","BR","Brazil","V","Central securities depositories","BR2S","CETIP","I","Direct participants, CCPs/Other CCPs","A","All users","E","End of period","0","373","Pure Number","0","Units","","15","",0,A,0,A,0,A,0,A,0,A,0,A,0,A
CPMI_PARTICIPANTS:A:BR:V:BR2S:J,"A","Annual","BR","Brazil","V","Central securities depositories","BR2S","CETIP","J","Direct participants, CSDs","A","All users","E","End of period","0","373","Pure Number","0","Units","","15","",0,A,0,A,0,A,0,A,0,A,0,A,0,A
CPMI_PARTICIPANTS:A:BR:V:BR2S:L,"A","Annual","BR","Brazil","V","Central securities depositories","BR2S","CETIP","L","Direct participants, Other","A","All users","E","End of period","0","373","Pure Number","0","Units","","15","",392,A,423,A,513,A,514,A,514,A,567,A,766,A
CPMI_PARTICIPANTS:A:BR:V:BR2S:N,"A","Annual","BR","Brazil","V","Central securities depositories","BR2S","CETIP","N","Direct participants, domestic","A","All users","E","End of period","0","373","Pure Number","0","Units","","15","",558,A,598,A,699,A,700,A,698,A,749,A,949,A
CPMI_PARTICIPANTS:A:BR:V:BR2S:O,"A","Annual","BR","Brazil","V","Central securities depositories","BR2S","CETIP","O","Direct participants, domestic, Banks","A","All users","E","End of period","0","373","Pure Number","0","Units","","15","",165,A,174,A,185,A,185,A,183,A,181,A,182,A
CPMI_PARTICIPANTS:A:BR:V:BR2S:P,"A","Annual","BR","Brazil","V","Central securities depositories","BR2S","CETIP","P","Direct participants, domestic, Central banks","A","All users","E","End of period","0","373","Pure Number","0","Units","","15","",1,A,1,A,1,A,1,A,1,A,1,A,1,A
CPMI_PARTICIPANTS:A:BR:V:BR2S:Q,"A","Annual","BR","Brazil","V","Central securities depositories","BR2S","CETIP","Q","Direct participants, domestic, CCPs/Other CCPs","A","All users","E","End of period","0","373","Pure Number","0","Units","","15","",0,A,0,A,0,A,0,A,0,A,0,A,0,A
CPMI_PARTICIPANTS:A:BR:V:BR2S:R,"A","Annual","BR","Brazil","V","Central securities depositories","BR2S","CETIP","R","Direct participants, domestic, CSDs","A","All users","E","End of period","0","373","Pure Number","0","Units","","15","",0,A,0,A,0,A,0,A,0,A,0,A,0,A
CPMI_PARTICIPANTS:A:BR:V:BR2S:S,"A","Annual","BR","Brazil","V","Central securities depositories","BR2S","CETIP","S","Direct participants, domestic, Other","A","All users","E","End of period","0","373","Pure Number","0","Units","","15","",392,A,423,A,513,A,514,A,514,A,567,A,766,A
CPMI_PARTICIPANTS:A:BR:V:BR2S:T,"A","Annual","BR","Brazil","V","Central securities depositories","BR2S","CETIP","T","Direct participants, foreign","A","All users","E","End of period","0","373","Pure Number","0","Units","","15","",,M,,M,,M,,M,,M,,M,,M
CPMI_PARTICIPANTS:A:BR:V:BR2S:U,"A","Annual","BR","Brazil","V","Central securities depositories","BR2S","CETIP","U","Direct participants, foreign, Banks","A","All users","E","End of period","0","373","Pure Number","0","Units","","15","",,M,,M,,M,,M,,M,,M,,M
CPMI_PARTICIPANTS:A:BR:V:BR2S:V,"A","Annual","BR","Brazil","V","Central securities depositories","BR2S","CETIP","V","Direct participants, foreign, Central banks","A","All users","E","End of period","0","373","Pure Number","0","Units","","15","",,M,,M,,M,,M,,M,,M,,M
CPMI_PARTICIPANTS:A:BR:V:BR2S:W,"A","Annual","BR","Brazil","V","Central securities depositories","BR2S","CETIP","W","Direct participants, foreign, CCPs/Other CCPs","A","All users","E","End of period","0","373","Pure Number","0","Units","","15","",,M,,M,,M,,M,,M,,M,,M
CPMI_PARTICIPANTS:A:BR:V:BR2S:X,"A","Annual","BR","Brazil","V","Central securities depositories","BR2S","CETIP","X","Direct participants, foreign,CSDs","A","All users","E","End of period","0","373","Pure Number","0","Units","","15","",,M,,M,,M,,M,,M,,M,,M
CPMI_PARTICIPANTS:A:BR:V:BR2S:Y,"A","Annual","BR","Brazil","V","Central securities depositories","BR2S","CETIP","Y","Direct participants, foreign, Other","A","All users","E","End of period","0","373","Pure Number","0","Units","","15","",,M,,M,,M,,M,,M,,M,,M
CPMI_PARTICIPANTS:A:BR:V:BR3S:B,"A","Annual","BR","Brazil","V","Central securities depositories","BR3S","SELIC","B","Direct participants, Banks","A","All users","E","End of period","0","373","Pure Number","0","Units","","15","",167,A,164,A,163,A,164,A,165,A,165,A,160,A
CPMI_PARTICIPANTS:A:BR:V:BR3S:C,"A","Annual","BR","Brazil","V","Central securities depositories","BR3S","SELIC","C","Direct participants, Central bank","A","All users","E","End of period","0","373","Pure Number","0","Units","","15","",1,A,1,A,1,A,1,A,1,A,1,A,1,A
CPMI_PARTICIPANTS:A:BR:V:BR3S:D,"A","Annual","BR","Brazil","V","Central securities depositories","BR3S","SELIC","D","Direct participants, all","A","All users","E","End of period","0","373","Pure Number","0","Units","","15","",499,A,497,A,486,A,484,A,471,A,466,A,462,A
CPMI_PARTICIPANTS:A:BR:V:BR3S:I,"A","Annual","BR","Brazil","V","Central securities depositories","BR3S","SELIC","I","Direct participants, CCPs/Other CCPs","A","All users","E","End of period","0","373","Pure Number","0","Units","","15","",4,A,4,A,4,A,4,A,4,A,3,A,2,A
CPMI_PARTICIPANTS:A:BR:V:BR3S:J,"A","Annual","BR","Brazil","V","Central securities depositories","BR3S","SELIC","J","Direct participants, CSDs","A","All users","E","End of period","0","373","Pure Number","0","Units","","15","",1,A,1,A,1,A,1,A,1,A,1,A,1,A
CPMI_PARTICIPANTS:A:BR:V:BR3S:L,"A","Annual","BR","Brazil","V","Central securities depositories","BR3S","SELIC","L","Direct participants, Other","A","All users","E","End of period","0","373","Pure Number","0","Units","","15","",326,A,327,A,317,A,314,A,300,A,296,A,298,A
CPMI_PARTICIPANTS:A:BR:V:BR3S:N,"A","Annual","BR","Brazil","V","Central securities depositories","BR3S","SELIC","N","Direct participants, domestic","A","All users","E","End of period","0","373","Pure Number","0","Units","","15","",499,A,497,A,486,A,484,A,471,A,466,A,462,A
CPMI_PARTICIPANTS:A:BR:V:BR3S:O,"A","Annual","BR","Brazil","V","Central securities depositories","BR3S","SELIC","O","Direct participants, domestic, Banks","A","All users","E","End of period","0","373","Pure Number","0","Units","","15","",167,A,164,A,163,A,164,A,165,A,165,A,160,A
CPMI_PARTICIPANTS:A:BR:V:BR3S:P,"A","Annual","BR","Brazil","V","Central securities depositories","BR3S","SELIC","P","Direct participants, domestic, Central banks","A","All users","E","End of period","0","373","Pure Number","0","Units","","15","",1,A,1,A,1,A,1,A,1,A,1,A,1,A
CPMI_PARTICIPANTS:A:BR:V:BR3S:Q,"A","Annual","BR","Brazil","V","Central securities depositories","BR3S","SELIC","Q","Direct participants, domestic, CCPs/Other CCPs","A","All users","E","End of period","0","373","Pure Number","0","Units","","15","",4,A,4,A,4,A,4,A,4,A,3,A,2,A
CPMI_PARTICIPANTS:A:BR:V:BR3S:R,"A","Annual","BR","Brazil","V","Central securities depositories","BR3S","SELIC","R","Direct participants, domestic, CSDs","A","All users","E","End of period","0","373","Pure Number","0","Units","","15","",1,A,1,A,1,A,1,A,1,A,1,A,1,A
CPMI_PARTICIPANTS:A:BR:V:BR3S:S,"A","Annual","BR","Brazil","V","Central securities depositories","BR3S","SELIC","S","Direct participants, domestic, Other","A","All users","E","End of period","0","373","Pure Number","0","Units","","15","",326,A,327,A,317,A,314,A,300,A,296,A,298,A
CPMI_PARTICIPANTS:A:BR:V:BR3S:T,"A","Annual","BR","Brazil","V","Central securities depositories","BR3S","SELIC","T","Direct participants, foreign","A","All users","E","End of period","0","373","Pure Number","0","Units","","15","",,M,,M,,M,,M,,M,,M,,M
CPMI_PARTICIPANTS:A:BR:V:BR3S:U,"A","Annual","BR","Brazil","V","Central securities depositories","BR3S","SELIC","U","Direct participants, foreign, Banks","A","All users","E","End of period","0","373","Pure Number","0","Units","","15","",,M,,M,,M,,M,,M,,M,,M
CPMI_PARTICIPANTS:A:BR:V:BR3S:V,"A","Annual","BR","Brazil","V","Central securities depositories","BR3S","SELIC","V","Direct participants, foreign, Central banks","A","All users","E","End of period","0","373","Pure Number","0","Units","","15","",,M,,M,,M,,M,,M,,M,,M
CPMI_PARTICIPANTS:A:BR:V:BR3S:W,"A","Annual","BR","Brazil","V","Central securities depositories","BR3S","SELIC","W","Direct participants, foreign, CCPs/Other CCPs","A","All users","E","End of period","0","373","Pure Number","0","Units","","15","",,M,,M,,M,,M,,M,,M,,M
CPMI_PARTICIPANTS:A:BR:V:BR3S:X,"A","Annual","BR","Brazil","V","Central securities depositories","BR3S","SELIC","X","Direct participants, foreign,CSDs","A","All users","E","End of period","0","373","Pure Number","0","Units","","15","",,M,,M,,M,,M,,M,,M,,M
CPMI_PARTICIPANTS:A:BR:V:BR3S:Y,"A","Annual","BR","Brazil","V","Central securities depositories","BR3S","SELIC","Y","Direct participants, foreign, Other","A","All users","E","End of period","0","373","Pure Number","0","Units","","15","",,M,,M,,M,,M,,M,,M,,M
CPMI_PARTICIPANTS:A:CA:A:CA1P:A,"A","Annual","CA","Canada","A","Payment systems, large-value","CA1P","LVTS","A","All","A","All users","E","End of period","0","373","Pure Number","0","Units","","7","",89,A,90,A,84,A,82,A,82,A,76,A,75,A
CPMI_PARTICIPANTS:A:CA:A:CA1P:B,"A","Annual","CA","Canada","A","Payment systems, large-value","CA1P","LVTS","B","Direct participants, Banks","A","All users","E","End of period","0","373","Pure Number","0","Units","","7","",12,A,12,A,12,A,13,A,13,A,13,A,13,A
CPMI_PARTICIPANTS:A:CA:A:CA1P:C,"A","Annual","CA","Canada","A","Payment systems, large-value","CA1P","LVTS","C","Direct participants, Central bank","A","All users","E","End of period","0","373","Pure Number","0","Units","","7","",1,A,1,A,1,A,1,A,1,A,1,A,1,A
CPMI_PARTICIPANTS:A:CA:A:CA1P:D,"A","Annual","CA","Canada","A","Payment systems, large-value","CA1P","LVTS","D","Direct participants, all","A","All users","E","End of period","0","373","Pure Number","0","Units","","7","",16,A,16,A,16,A,17,A,17,A,17,A,17,A
CPMI_PARTICIPANTS:A:CA:A:CA1P:F,"A","Annual","CA","Canada","A","Payment systems, large-value","CA1P","LVTS","F","Direct participants, Government","A","All users","E","End of period","0","373","Pure Number","0","Units","","7","",0,A,0,A,0,A,0,A,0,A,0,A,0,A
CPMI_PARTICIPANTS:A:CA:A:CA1P:G,"A","Annual","CA","Canada","A","Payment systems, large-value","CA1P","LVTS","G","Direct participants, Postal institution","A","All users","E","End of period","0","373","Pure Number","0","Units","","7","",0,A,0,A,0,A,0,A,0,A,0,A,0,A
CPMI_PARTICIPANTS:A:CA:A:CA1P:H,"A","Annual","CA","Canada","A","Payment systems, large-value","CA1P","LVTS","H","Direct participants, Payment systems, CCPs and SSSs","A","All users","E","End of period","0","373","Pure Number","0","Units","","7","",0,A,0,A,0,A,0,A,0,A,0,A,0,A
CPMI_PARTICIPANTS:A:CA:A:CA1P:L,"A","Annual","CA","Canada","A","Payment systems, large-value","CA1P","LVTS","L","Direct participants, Other","A","All users","E","End of period","0","373","Pure Number","0","Units","","7","",3,A,3,A,3,A,3,A,3,A,3,A,3,A
CPMI_PARTICIPANTS:A:CA:A:CA1P:Z,"A","Annual","CA","Canada","A","Payment systems, large-value","CA1P","LVTS","Z","Indirect participants","A","All users","E","End of period","0","373","Pure Number","0","Units","","7","",73,A,74,A,68,A,65,A,65,A,59,A,58,A
CPMI_PARTICIPANTS:A:CA:B:CA2P:A,"A","Annual","CA","Canada","B","Payment systems, retail","CA2P","Automated Clearing Settlement System","A","All","A","All users","E","End of period","0","373","Pure Number","0","Units","","7","",122,A,117,A,123,A,123,A,124,A,120,A,119,A
CPMI_PARTICIPANTS:A:CA:B:CA2P:B,"A","Annual","CA","Canada","B","Payment systems, retail","CA2P","Automated Clearing Settlement System","B","Direct participants, Banks","A","All users","E","End of period","0","373","Pure Number","0","Units","","7","",8,A,8,A,8,A,8,A,8,A,8,A,8,A
CPMI_PARTICIPANTS:A:CA:B:CA2P:C,"A","Annual","CA","Canada","B","Payment systems, retail","CA2P","Automated Clearing Settlement System","C","Direct participants, Central bank","A","All users","E","End of period","0","373","Pure Number","0","Units","","7","",1,A,1,A,1,A,1,A,1,A,1,A,1,A
CPMI_PARTICIPANTS:A:CA:B:CA2P:D,"A","Annual","CA","Canada","B","Payment systems, retail","CA2P","Automated Clearing Settlement System","D","Direct participants, all","A","All users","E","End of period","0","373","Pure Number","0","Units","","7","",12,A,12,A,12,A,12,A,12,A,12,A,12,A
CPMI_PARTICIPANTS:A:CA:B:CA2P:F,"A","Annual","CA","Canada","B","Payment systems, retail","CA2P","Automated Clearing Settlement System","F","Direct participants, Government","A","All users","E","End of period","0","373","Pure Number","0","Units","","7","",0,A,0,A,0,A,0,A,0,A,0,A,0,A
CPMI_PARTICIPANTS:A:CA:B:CA2P:G,"A","Annual","CA","Canada","B","Payment systems, retail","CA2P","Automated Clearing Settlement System","G","Direct participants, Postal institution","A","All users","E","End of period","0","373","Pure Number","0","Units","","7","",0,A,0,A,0,A,0,A,0,A,0,A,0,A
CPMI_PARTICIPANTS:A:CA:B:CA2P:H,"A","Annual","CA","Canada","B","Payment systems, retail","CA2P","Automated Clearing Settlement System","H","Direct participants, Payment systems, CCPs and SSSs","A","All users","E","End of period","0","373","Pure Number","0","Units","","7","",0,A,0,A,0,A,0,A,0,A,0,A,0,A
CPMI_PARTICIPANTS:A:CA:B:CA2P:L,"A","Annual","CA","Canada","B","Payment systems, retail","CA2P","Automated Clearing Settlement System","L","Direct participants, Other","A","All users","E","End of period","0","373","Pure Number","0","Units","","7","",3,A,3,A,3,A,3,A,3,A,3,A,3,A
CPMI_PARTICIPANTS:A:CA:B:CA2P:Z,"A","Annual","CA","Canada","B","Payment systems, retail","CA2P","Automated Clearing Settlement System","Z","Indirect participants","A","All users","E","End of period","0","373","Pure Number","0","Units","","7","",110,A,105,A,111,A,111,A,112,A,108,A,107,A
CPMI_PARTICIPANTS:A:CA:B:CA3P:A,"A","Annual","CA","Canada","B","Payment systems, retail","CA3P","Interac e-Transfer","A","All","A","All users","E","End of period","0","373","Pure Number","0","Units","","7","",,L,,L,,L,258,A,259,A,257,A,257,A
CPMI_PARTICIPANTS:A:CA:B:CA3P:B,"A","Annual","CA","Canada","B","Payment systems, retail","CA3P","Interac e-Transfer","B","Direct participants, Banks","A","All users","E","End of period","0","373","Pure Number","0","Units","","7","",,L,,L,,L,,L,,L,,L,,L
CPMI_PARTICIPANTS:A:CA:B:CA3P:C,"A","Annual","CA","Canada","B","Payment systems, retail","CA3P","Interac e-Transfer","C","Direct participants, Central bank","A","All users","E","End of period","0","373","Pure Number","0","Units","","7","",,L,,L,,L,,L,,L,,L,,L
CPMI_PARTICIPANTS:A:CA:B:CA3P:D,"A","Annual","CA","Canada","B","Payment systems, retail","CA3P","Interac e-Transfer","D","Direct participants, all","A","All users","E","End of period","0","373","Pure Number","0","Units","","7","",,L,,L,,L,,L,,L,,L,,L
CPMI_PARTICIPANTS:A:CA:B:CA3P:F,"A","Annual","CA","Canada","B","Payment systems, retail","CA3P","Interac e-Transfer","F","Direct participants, Government","A","All users","E","End of period","0","373","Pure Number","0","Units","","7","",,L,,L,,L,,L,,L,,L,,L
CPMI_PARTICIPANTS:A:CA:B:CA3P:G,"A","Annual","CA","Canada","B","Payment systems, retail","CA3P","Interac e-Transfer","G","Direct participants, Postal institution","A","All users","E","End of period","0","373","Pure Number","0","Units","","7","",,L,,L,,L,,L,,L,,L,,L
CPMI_PARTICIPANTS:A:CA:B:CA3P:H,"A","Annual","CA","Canada","B","Payment systems, retail","CA3P","Interac e-Transfer","H","Direct participants, Payment systems, CCPs and SSSs","A","All users","E","End of period","0","373","Pure Number","0","Units","","7","",,L,,L,,L,,L,,L,,L,,L
CPMI_PARTICIPANTS:A:CA:B:CA3P:L,"A","Annual","CA","Canada","B","Payment systems, retail","CA3P","Interac e-Transfer","L","Direct participants, Other","A","All users","E","End of period","0","373","Pure Number","0","Units","","7","",,L,,L,,L,,L,,L,,L,,L
CPMI_PARTICIPANTS:A:CA:B:CA3P:Z,"A","Annual","CA","Canada","B","Payment systems, retail","CA3P","Interac e-Transfer","Z","Indirect participants","A","All users","E","End of period","0","373","Pure Number","0","Units","","7","",,L,,L,,L,,L,,L,,L,,L
CPMI_PARTICIPANTS:A:CA:S:SWFT:0,"A","Annual","CA","Canada","S","Swift","SWFT","Swift","0","Members","A","All users","E","End of period","0","373","Pure Number","0","Units","","10","",17,A,17,A,17,A,17,A,17,A,16,A,18,A
CPMI_PARTICIPANTS:A:CA:S:SWFT:1,"A","Annual","CA","Canada","S","Swift","SWFT","Swift","1","Sub-members","A","All users","E","End of period","0","373","Pure Number","0","Units","","10","",38,A,37,A,38,A,39,A,41,A,43,A,42,A
CPMI_PARTICIPANTS:A:CA:S:SWFT:A,"A","Annual","CA","Canada","S","Swift","SWFT","Swift","A","All","A","All users","E","End of period","0","373","Pure Number","0","Units","","10","",91,A,92,A,100,A,111,A,117,A,122,A,123,A
CPMI_PARTICIPANTS:A:CA:U:CA1C:B,"A","Annual","CA","Canada","U","Central counterparties/clearing houses","CA1C","ICE NGX","B","Direct participants, Banks","A","All users","E","End of period","0","373","Pure Number","0","Units","","12","",,L,,L,,L,,L,,L,,L,,L
CPMI_PARTICIPANTS:A:CA:U:CA1C:C,"A","Annual","CA","Canada","U","Central counterparties/clearing houses","CA1C","ICE NGX","C","Direct participants, Central bank","A","All users","E","End of period","0","373","Pure Number","0","Units","","12","",,L,,L,,L,,L,,L,,L,,L
CPMI_PARTICIPANTS:A:CA:U:CA1C:D,"A","Annual","CA","Canada","U","Central counterparties/clearing houses","CA1C","ICE NGX","D","Direct participants, all","A","All users","E","End of period","0","373","Pure Number","0","Units","","12","",248,A,259,A,264,A,269,A,286,A,262,A,275,A
CPMI_PARTICIPANTS:A:CA:U:CA1C:I,"A","Annual","CA","Canada","U","Central counterparties/clearing houses","CA1C","ICE NGX","I","Direct participants, CCPs/Other CCPs","A","All users","E","End of period","0","373","Pure Number","0","Units","","12","",,L,,L,,L,,L,,L,,L,,L
CPMI_PARTICIPANTS:A:CA:U:CA1C:L,"A","Annual","CA","Canada","U","Central counterparties/clearing houses","CA1C","ICE NGX","L","Direct participants, Other","A","All users","E","End of period","0","373","Pure Number","0","Units","","12","",,L,,L,,L,,L,,L,,L,,L
CPMI_PARTICIPANTS:A:CA:U:CA1C:N,"A","Annual","CA","Canada","U","Central counterparties/clearing houses","CA1C","ICE NGX","N","Direct participants, domestic","A","All users","E","End of period","0","373","Pure Number","0","Units","","12","",,L,,L,,L,,L,,L,,L,,L
CPMI_PARTICIPANTS:A:CA:U:CA1C:O,"A","Annual","CA","Canada","U","Central counterparties/clearing houses","CA1C","ICE NGX","O","Direct participants, domestic, Banks","A","All users","E","End of period","0","373","Pure Number","0","Units","","12","",,L,,L,,L,,L,,L,,L,,L
CPMI_PARTICIPANTS:A:CA:U:CA1C:P,"A","Annual","CA","Canada","U","Central counterparties/clearing houses","CA1C","ICE NGX","P","Direct participants, domestic, Central banks","A","All users","E","End of period","0","373","Pure Number","0","Units","","12","",,L,,L,,L,,L,,L,,L,,L
CPMI_PARTICIPANTS:A:CA:U:CA1C:Q,"A","Annual","CA","Canada","U","Central counterparties/clearing houses","CA1C","ICE NGX","Q","Direct participants, domestic, CCPs/Other CCPs","A","All users","E","End of period","0","373","Pure Number","0","Units","","12","",,L,,L,,L,,L,,L,,L,,L
CPMI_PARTICIPANTS:A:CA:U:CA1C:S,"A","Annual","CA","Canada","U","Central counterparties/clearing houses","CA1C","ICE NGX","S","Direct participants, domestic, Other","A","All users","E","End of period","0","373","Pure Number","0","Units","","12","",,L,,L,,L,,L,,L,,L,,L
CPMI_PARTICIPANTS:A:CA:U:CA1C:T,"A","Annual","CA","Canada","U","Central counterparties/clearing houses","CA1C","ICE NGX","T","Direct participants, foreign","A","All users","E","End of period","0","373","Pure Number","0","Units","","12","",,L,,L,,L,,L,,L,,L,,L
CPMI_PARTICIPANTS:A:CA:U:CA1C:U,"A","Annual","CA","Canada","U","Central counterparties/clearing houses","CA1C","ICE NGX","U","Direct participants, foreign, Banks","A","All users","E","End of period","0","373","Pure Number","0","Units","","12","",,L,,L,,L,,L,,L,,L,,L
CPMI_PARTICIPANTS:A:CA:U:CA1C:V,"A","Annual","CA","Canada","U","Central counterparties/clearing houses","CA1C","ICE NGX","V","Direct participants, foreign, Central banks","A","All users","E","End of period","0","373","Pure Number","0","Units","","12","",,L,,L,,L,,L,,L,,L,,L
CPMI_PARTICIPANTS:A:CA:U:CA1C:W,"A","Annual","CA","Canada","U","Central counterparties/clearing houses","CA1C","ICE NGX","W","Direct participants, foreign, CCPs/Other CCPs","A","All users","E","End of period","0","373","Pure Number","0","Units","","12","",,L,,L,,L,,L,,L,,L,,L
CPMI_PARTICIPANTS:A:CA:U:CA1C:Y,"A","Annual","CA","Canada","U","Central counterparties/clearing houses","CA1C","ICE NGX","Y","Direct participants, foreign, Other","A","All users","E","End of period","0","373","Pure Number","0","Units","","12","",,L,,L,,L,,L,,L,,L,,L
CPMI_PARTICIPANTS:A:CA:U:CA2C:B,"A","Annual","CA","Canada","U","Central counterparties/clearing houses","CA2C","ICE Futures","B","Direct participants, Banks","A","All users","E","End of period","0","373","Pure Number","0","Units","","12","",,L,,L,,L,,L,,L,,L,,
CPMI_PARTICIPANTS:A:CA:U:CA2C:C,"A","Annual","CA","Canada","U","Central counterparties/clearing houses","CA2C","ICE Futures","C","Direct participants, Central bank","A","All users","E","End of period","0","373","Pure Number","0","Units","","12","",,L,,L,,L,,L,,L,,L,,
CPMI_PARTICIPANTS:A:CA:U:CA2C:D,"A","Annual","CA","Canada","U","Central counterparties/clearing houses","CA2C","ICE Futures","D","Direct participants, all","A","All users","E","End of period","0","373","Pure Number","0","Units","","12","",9,A,9,A,9,A,9,A,9,A,8,A,,
CPMI_PARTICIPANTS:A:CA:U:CA2C:I,"A","Annual","CA","Canada","U","Central counterparties/clearing houses","CA2C","ICE Futures","I","Direct participants, CCPs/Other CCPs","A","All users","E","End of period","0","373","Pure Number","0","Units","","12","",,L,,L,,L,,L,,L,,L,,
CPMI_PARTICIPANTS:A:CA:U:CA2C:L,"A","Annual","CA","Canada","U","Central counterparties/clearing houses","CA2C","ICE Futures","L","Direct participants, Other","A","All users","E","End of period","0","373","Pure Number","0","Units","","12","",9,A,9,A,9,A,9,A,9,A,8,A,,
CPMI_PARTICIPANTS:A:CA:U:CA2C:N,"A","Annual","CA","Canada","U","Central counterparties/clearing houses","CA2C","ICE Futures","N","Direct participants, domestic","A","All users","E","End of period","0","373","Pure Number","0","Units","All ICE members are Canadian corporations with offices in Canada, though some may be wholly owned subsidiaries of foreign corporations.","12","",9,A,9,A,9,A,9,A,9,A,8,A,,
CPMI_PARTICIPANTS:A:CA:U:CA2C:O,"A","Annual","CA","Canada","U","Central counterparties/clearing houses","CA2C","ICE Futures","O","Direct participants, domestic, Banks","A","All users","E","End of period","0","373","Pure Number","0","Units","","12","",,L,,L,,L,,L,,L,,L,,
CPMI_PARTICIPANTS:A:CA:U:CA2C:P,"A","Annual","CA","Canada","U","Central counterparties/clearing houses","CA2C","ICE Futures","P","Direct participants, domestic, Central banks","A","All users","E","End of period","0","373","Pure Number","0","Units","","12","",,L,,L,,L,,L,,L,,L,,
CPMI_PARTICIPANTS:A:CA:U:CA2C:Q,"A","Annual","CA","Canada","U","Central counterparties/clearing houses","CA2C","ICE Futures","Q","Direct participants, domestic, CCPs/Other CCPs","A","All users","E","End of period","0","373","Pure Number","0","Units","","12","",,L,,L,,L,,L,,L,,L,,
CPMI_PARTICIPANTS:A:CA:U:CA2C:S,"A","Annual","CA","Canada","U","Central counterparties/clearing houses","CA2C","ICE Futures","S","Direct participants, domestic, Other","A","All users","E","End of period","0","373","Pure Number","0","Units","","12","",9,A,9,A,9,A,9,A,9,A,8,A,,
CPMI_PARTICIPANTS:A:CA:U:CA2C:T,"A","Annual","CA","Canada","U","Central counterparties/clearing houses","CA2C","ICE Futures","T","Direct participants, foreign","A","All users","E","End of period","0","373","Pure Number","0","Units","","12","",,M,,M,,M,,M,,M,,M,,
CPMI_PARTICIPANTS:A:CA:U:CA2C:U,"A","Annual","CA","Canada","U","Central counterparties/clearing houses","CA2C","ICE Futures","U","Direct participants, foreign, Banks","A","All users","E","End of period","0","373","Pure Number","0","Units","","12","",,M,,M,,M,,M,,M,,M,,
CPMI_PARTICIPANTS:A:CA:U:CA2C:V,"A","Annual","CA","Canada","U","Central counterparties/clearing houses","CA2C","ICE Futures","V","Direct participants, foreign, Central banks","A","All users","E","End of period","0","373","Pure Number","0","Units","","12","",,M,,M,,M,,M,,M,,M,,
CPMI_PARTICIPANTS:A:CA:U:CA2C:W,"A","Annual","CA","Canada","U","Central counterparties/clearing houses","CA2C","ICE Futures","W","Direct participants, foreign, CCPs/Other CCPs","A","All users","E","End of period","0","373","Pure Number","0","Units","","12","",,M,,M,,M,,M,,M,,M,,
CPMI_PARTICIPANTS:A:CA:U:CA2C:Y,"A","Annual","CA","Canada","U","Central counterparties/clearing houses","CA2C","ICE Futures","Y","Direct participants, foreign, Other","A","All users","E","End of period","0","373","Pure Number","0","Units","","12","",,M,,M,,M,,M,,M,,M,,
CPMI_PARTICIPANTS:A:CA:U:CA3C:B,"A","Annual","CA","Canada","U","Central counterparties/clearing houses","CA3C","CDCC","B","Direct participants, Banks","A","All users","E","End of period","0","373","Pure Number","0","Units","","12","",4,A,3,A,3,A,3,A,3,A,6,A,4,A
CPMI_PARTICIPANTS:A:CA:U:CA3C:C,"A","Annual","CA","Canada","U","Central counterparties/clearing houses","CA3C","CDCC","C","Direct participants, Central bank","A","All users","E","End of period","0","373","Pure Number","0","Units","","12","",,M,,M,,M,,M,,M,,M,,M
CPMI_PARTICIPANTS:A:CA:U:CA3C:D,"A","Annual","CA","Canada","U","Central counterparties/clearing houses","CA3C","CDCC","D","Direct participants, all","A","All users","E","End of period","0","373","Pure Number","0","Units","","12","",40,A,37,A,34,A,36,A,35,A,34,A,38,A
CPMI_PARTICIPANTS:A:CA:U:CA3C:I,"A","Annual","CA","Canada","U","Central counterparties/clearing houses","CA3C","CDCC","I","Direct participants, CCPs/Other CCPs","A","All users","E","End of period","0","373","Pure Number","0","Units","","12","",,M,,M,,M,,M,,M,,M,,M
CPMI_PARTICIPANTS:A:CA:U:CA3C:L,"A","Annual","CA","Canada","U","Central counterparties/clearing houses","CA3C","CDCC","L","Direct participants, Other","A","All users","E","End of period","0","373","Pure Number","0","Units","","12","",36,A,34,A,31,A,33,A,32,A,28,A,34,A
CPMI_PARTICIPANTS:A:CA:U:CA3C:N,"A","Annual","CA","Canada","U","Central counterparties/clearing houses","CA3C","CDCC","N","Direct participants, domestic","A","All users","E","End of period","0","373","Pure Number","0","Units","","12","",40,A,37,A,34,A,36,A,35,A,34,A,38,A
CPMI_PARTICIPANTS:A:CA:U:CA3C:O,"A","Annual","CA","Canada","U","Central counterparties/clearing houses","CA3C","CDCC","O","Direct participants, domestic, Banks","A","All users","E","End of period","0","373","Pure Number","0","Units","","12","",4,A,3,A,3,A,3,A,3,A,6,A,4,A
CPMI_PARTICIPANTS:A:CA:U:CA3C:P,"A","Annual","CA","Canada","U","Central counterparties/clearing houses","CA3C","CDCC","P","Direct participants, domestic, Central banks","A","All users","E","End of period","0","373","Pure Number","0","Units","","12","",,M,,M,,M,,M,,M,,M,,M
CPMI_PARTICIPANTS:A:CA:U:CA3C:Q,"A","Annual","CA","Canada","U","Central counterparties/clearing houses","CA3C","CDCC","Q","Direct participants, domestic, CCPs/Other CCPs","A","All users","E","End of period","0","373","Pure Number","0","Units","","12","",,M,,M,,M,,M,,M,,M,,M
CPMI_PARTICIPANTS:A:CA:U:CA3C:S,"A","Annual","CA","Canada","U","Central counterparties/clearing houses","CA3C","CDCC","S","Direct participants, domestic, Other","A","All users","E","End of period","0","373","Pure Number","0","Units","","12","",36,A,34,A,31,A,33,A,32,A,28,A,34,A
CPMI_PARTICIPANTS:A:CA:U:CA3C:T,"A","Annual","CA","Canada","U","Central counterparties/clearing houses","CA3C","CDCC","T","Direct participants, foreign","A","All users","E","End of period","0","373","Pure Number","0","Units","","12","",,M,,M,,M,,M,,M,,M,,M
CPMI_PARTICIPANTS:A:CA:U:CA3C:U,"A","Annual","CA","Canada","U","Central counterparties/clearing houses","CA3C","CDCC","U","Direct participants, foreign, Banks","A","All users","E","End of period","0","373","Pure Number","0","Units","","12","",,M,,M,,M,,M,,M,,M,,M
CPMI_PARTICIPANTS:A:CA:U:CA3C:V,"A","Annual","CA","Canada","U","Central counterparties/clearing houses","CA3C","CDCC","V","Direct participants, foreign, Central banks","A","All users","E","End of period","0","373","Pure Number","0","Units","","12","",,M,,M,,M,,M,,M,,M,,M
CPMI_PARTICIPANTS:A:CA:U:CA3C:W,"A","Annual","CA","Canada","U","Central counterparties/clearing houses","CA3C","CDCC","W","Direct participants, foreign, CCPs/Other CCPs","A","All users","E","End of period","0","373","Pure Number","0","Units","","12","",,M,,M,,M,,M,,M,,M,,M
CPMI_PARTICIPANTS:A:CA:U:CA3C:Y,"A","Annual","CA","Canada","U","Central counterparties/clearing houses","CA3C","CDCC","Y","Direct participants, foreign, Other","A","All users","E","End of period","0","373","Pure Number","0","Units","","12","",,M,,M,,M,,M,,M,,M,,M
CPMI_PARTICIPANTS:A:CA:V:CA1S:B,"A","Annual","CA","Canada","V","Central securities depositories","CA1S","CDS","B","Direct participants, Banks","A","All users","E","End of period","0","373","Pure Number","0","Units","","15","",11,A,11,A,11,A,11,A,11,A,11,A,11,A
CPMI_PARTICIPANTS:A:CA:V:CA1S:C,"A","Annual","CA","Canada","V","Central securities depositories","CA1S","CDS","C","Direct participants, Central bank","A","All users","E","End of period","0","373","Pure Number","0","Units","","15","",1,A,1,A,1,A,1,A,1,A,1,A,1,A
CPMI_PARTICIPANTS:A:CA:V:CA1S:D,"A","Annual","CA","Canada","V","Central securities depositories","CA1S","CDS","D","Direct participants, all","A","All users","E","End of period","0","373","Pure Number","0","Units","CDS also offers central counterparty services through its Continuous Net Settlement (CNS) and FINet functions.","15","",100,A,100,A,100,A,100,A,93,A,97,A,92,A
CPMI_PARTICIPANTS:A:CA:V:CA1S:I,"A","Annual","CA","Canada","V","Central securities depositories","CA1S","CDS","I","Direct participants, CCPs/Other CCPs","A","All users","E","End of period","0","373","Pure Number","0","Units","","15","",2,A,2,A,2,A,2,A,2,A,2,A,2,A
CPMI_PARTICIPANTS:A:CA:V:CA1S:J,"A","Annual","CA","Canada","V","Central securities depositories","CA1S","CDS","J","Direct participants, CSDs","A","All users","E","End of period","0","373","Pure Number","0","Units","","15","",3,A,3,A,3,A,3,A,3,A,3,A,3,A
CPMI_PARTICIPANTS:A:CA:V:CA1S:L,"A","Annual","CA","Canada","V","Central securities depositories","CA1S","CDS","L","Direct participants, Other","A","All users","E","End of period","0","373","Pure Number","0","Units","","15","",83,A,83,A,83,A,83,A,76,A,80,A,75,A
CPMI_PARTICIPANTS:A:CA:V:CA1S:N,"A","Annual","CA","Canada","V","Central securities depositories","CA1S","CDS","N","Direct participants, domestic","A","All users","E","End of period","0","373","Pure Number","0","Units","","15","",95,A,95,A,95,A,92,A,86,A,88,A,82,A
CPMI_PARTICIPANTS:A:CA:V:CA1S:O,"A","Annual","CA","Canada","V","Central securities depositories","CA1S","CDS","O","Direct participants, domestic, Banks","A","All users","E","End of period","0","373","Pure Number","0","Units","","15","",11,A,11,A,11,A,10,A,10,A,11,A,11,A
CPMI_PARTICIPANTS:A:CA:V:CA1S:P,"A","Annual","CA","Canada","V","Central securities depositories","CA1S","CDS","P","Direct participants, domestic, Central banks","A","All users","E","End of period","0","373","Pure Number","0","Units","","15","",1,A,1,A,1,A,1,A,1,A,1,A,1,A
CPMI_PARTICIPANTS:A:CA:V:CA1S:Q,"A","Annual","CA","Canada","V","Central securities depositories","CA1S","CDS","Q","Direct participants, domestic, CCPs/Other CCPs","A","All users","E","End of period","0","373","Pure Number","0","Units","","15","",2,A,2,A,2,A,2,A,2,A,2,A,2,A
CPMI_PARTICIPANTS:A:CA:V:CA1S:R,"A","Annual","CA","Canada","V","Central securities depositories","CA1S","CDS","R","Direct participants, domestic, CSDs","A","All users","E","End of period","0","373","Pure Number","0","Units","","15","",0,A,0,A,0,A,0,A,0,A,0,A,0,A
CPMI_PARTICIPANTS:A:CA:V:CA1S:S,"A","Annual","CA","Canada","V","Central securities depositories","CA1S","CDS","S","Direct participants, domestic, Other","A","All users","E","End of period","0","373","Pure Number","0","Units","","15","",81,A,81,A,81,A,79,A,73,A,74,A,68,A
CPMI_PARTICIPANTS:A:CA:V:CA1S:T,"A","Annual","CA","Canada","V","Central securities depositories","CA1S","CDS","T","Direct participants, foreign","A","All users","E","End of period","0","373","Pure Number","0","Units","","15","",5,A,5,A,5,A,8,A,7,A,9,A,10,A
CPMI_PARTICIPANTS:A:CA:V:CA1S:U,"A","Annual","CA","Canada","V","Central securities depositories","CA1S","CDS","U","Direct participants, foreign, Banks","A","All users","E","End of period","0","373","Pure Number","0","Units","","15","",0,A,0,A,0,A,1,A,1,A,0,A,0,A
CPMI_PARTICIPANTS:A:CA:V:CA1S:V,"A","Annual","CA","Canada","V","Central securities depositories","CA1S","CDS","V","Direct participants, foreign, Central banks","A","All users","E","End of period","0","373","Pure Number","0","Units","","15","",0,A,0,A,0,A,0,A,0,A,0,A,0,A
CPMI_PARTICIPANTS:A:CA:V:CA1S:W,"A","Annual","CA","Canada","V","Central securities depositories","CA1S","CDS","W","Direct participants, foreign, CCPs/Other CCPs","A","All users","E","End of period","0","373","Pure Number","0","Units","","15","",0,A,0,A,0,A,0,A,0,A,0,A,0,A
CPMI_PARTICIPANTS:A:CA:V:CA1S:X,"A","Annual","CA","Canada","V","Central securities depositories","CA1S","CDS","X","Direct participants, foreign,CSDs","A","All users","E","End of period","0","373","Pure Number","0","Units","","15","",3,A,3,A,3,A,3,A,3,A,3,A,3,A
CPMI_PARTICIPANTS:A:CA:V:CA1S:Y,"A","Annual","CA","Canada","V","Central securities depositories","CA1S","CDS","Y","Direct participants, foreign, Other","A","All users","E","End of period","0","373","Pure Number","0","Units","","15","",2,A,2,A,2,A,4,A,3,A,6,A,7,A
CPMI_PARTICIPANTS:A:CH:H:CH1P:A,"A","Annual","CH","Switzerland","H","Payment systems, large-value & retail","CH1P","Swiss Interbank Clearing","A","All","A","All users","E","End of period","0","373","Pure Number","0","Units","As of 2016, Payment systems, central counterparties and central securities depositories with a banking licence are reported in the category ""Clearing and settlement organisations"" and not under the category ""Banks"". ","7","",378,A,368,A,358,A,350,A,337,A,333.0,A,325.0,A
CPMI_PARTICIPANTS:A:CH:H:CH1P:B,"A","Annual","CH","Switzerland","H","Payment systems, large-value & retail","CH1P","Swiss Interbank Clearing","B","Direct participants, Banks","A","All users","E","End of period","0","373","Pure Number","0","Units","","7","",358,A,348,A,339,A,332,A,315,A,311.0,A,302.0,A
CPMI_PARTICIPANTS:A:CH:H:CH1P:C,"A","Annual","CH","Switzerland","H","Payment systems, large-value & retail","CH1P","Swiss Interbank Clearing","C","Direct participants, Central bank","A","All users","E","End of period","0","373","Pure Number","0","Units","","7","",1,A,1,A,1,A,1,A,1,A,1.0,A,1.0,A
CPMI_PARTICIPANTS:A:CH:H:CH1P:D,"A","Annual","CH","Switzerland","H","Payment systems, large-value & retail","CH1P","Swiss Interbank Clearing","D","Direct participants, all","A","All users","E","End of period","0","373","Pure Number","0","Units","","7","",378,A,368,A,358,A,350,A,337,A,333.0,A,325.0,A
CPMI_PARTICIPANTS:A:CH:H:CH1P:F,"A","Annual","CH","Switzerland","H","Payment systems, large-value & retail","CH1P","Swiss Interbank Clearing","F","Direct participants, Government","A","All users","E","End of period","0","373","Pure Number","0","Units","","7","",1,A,1,A,1,A,1,A,1,A,1.0,A,1.0,A
CPMI_PARTICIPANTS:A:CH:H:CH1P:G,"A","Annual","CH","Switzerland","H","Payment systems, large-value & retail","CH1P","Swiss Interbank Clearing","G","Direct participants, Postal institution","A","All users","E","End of period","0","373","Pure Number","0","Units","PostFinance until 2012. Since mid-2013, PostFinance has held a banking license. As of 2013, data relating to PostFinance are reported under ""Banks""","7","",1,A,0,A,0,A,0,A,0,A,0.0,A,0.0,A
CPMI_PARTICIPANTS:A:CH:H:CH1P:H,"A","Annual","CH","Switzerland","H","Payment systems, large-value & retail","CH1P","Swiss Interbank Clearing","H","Direct participants, Payment systems, CCPs and SSSs","A","All users","E","End of period","0","373","Pure Number","0","Units","","7","",3,A,3,A,3,A,4,A,7,A,6.0,A,6.0,A
CPMI_PARTICIPANTS:A:CH:H:CH1P:L,"A","Annual","CH","Switzerland","H","Payment systems, large-value & retail","CH1P","Swiss Interbank Clearing","L","Direct participants, Other","A","All users","E","End of period","0","373","Pure Number","0","Units","","7","",14,A,15,A,14,A,12,A,13,A,14.0,A,15.0,A
CPMI_PARTICIPANTS:A:CH:H:CH1P:Z,"A","Annual","CH","Switzerland","H","Payment systems, large-value & retail","CH1P","Swiss Interbank Clearing","Z","Indirect participants","A","All users","E","End of period","0","373","Pure Number","0","Units","","7","",0,A,0,A,0,A,0,A,0,A,0.0,A,0.0,A
CPMI_PARTICIPANTS:A:CH:S:SWFT:0,"A","Annual","CH","Switzerland","S","Swift","SWFT","Swift","0","Members","A","All users","E","End of period","0","373","Pure Number","0","Units","","10","",95,A,95,A,93,A,97,A,94,A,93,A,95,A
CPMI_PARTICIPANTS:A:CH:S:SWFT:1,"A","Annual","CH","Switzerland","S","Swift","SWFT","Swift","1","Sub-members","A","All users","E","End of period","0","373","Pure Number","0","Units","","10","",76,A,71,A,71,A,72,A,67,A,67,A,62,A
CPMI_PARTICIPANTS:A:CH:S:SWFT:A,"A","Annual","CH","Switzerland","S","Swift","SWFT","Swift","A","All","A","All users","E","End of period","0","373","Pure Number","0","Units","","10","",337,A,345,A,352,A,349,A,355,A,364,A,361,A
CPMI_PARTICIPANTS:A:CH:U:CH1C:B,"A","Annual","CH","Switzerland","U","Central counterparties/clearing houses","CH1C","SIX x-clear (Total)","B","Direct participants, Banks","A","All users","E","End of period","0","373","Pure Number","0","Units","","12","",70,A,70,A,68,A,66,A,84,A,66.0,A,68.0,A
CPMI_PARTICIPANTS:A:CH:U:CH1C:C,"A","Annual","CH","Switzerland","U","Central counterparties/clearing houses","CH1C","SIX x-clear (Total)","C","Direct participants, Central bank","A","All users","E","End of period","0","373","Pure Number","0","Units","","12","",0,A,0,A,0,A,0,A,0,A,0.0,A,0.0,A
CPMI_PARTICIPANTS:A:CH:U:CH1C:D,"A","Annual","CH","Switzerland","U","Central counterparties/clearing houses","CH1C","SIX x-clear (Total)","D","Direct participants, all","A","All users","E","End of period","0","373","Pure Number","0","Units","","12","",70,A,70,A,68,A,66,A,84,A,82.0,A,81.0,A
CPMI_PARTICIPANTS:A:CH:U:CH1C:I,"A","Annual","CH","Switzerland","U","Central counterparties/clearing houses","CH1C","SIX x-clear (Total)","I","Direct participants, CCPs/Other CCPs","A","All users","E","End of period","0","373","Pure Number","0","Units","","12","",0,A,0,A,0,A,0,A,0,A,2.0,A,2.0,A
CPMI_PARTICIPANTS:A:CH:U:CH1C:L,"A","Annual","CH","Switzerland","U","Central counterparties/clearing houses","CH1C","SIX x-clear (Total)","L","Direct participants, Other","A","All users","E","End of period","0","373","Pure Number","0","Units","","12","",0,A,0,A,0,A,0,A,0,A,14.0,A,11.0,A
CPMI_PARTICIPANTS:A:CH:U:CH1C:N,"A","Annual","CH","Switzerland","U","Central counterparties/clearing houses","CH1C","SIX x-clear (Total)","N","Direct participants, domestic","A","All users","E","End of period","0","373","Pure Number","0","Units","","12","",52,A,50,A,49,A,49,A,47,A,48.0,A,48.0,A
CPMI_PARTICIPANTS:A:CH:U:CH1C:O,"A","Annual","CH","Switzerland","U","Central counterparties/clearing houses","CH1C","SIX x-clear (Total)","O","Direct participants, domestic, Banks","A","All users","E","End of period","0","373","Pure Number","0","Units","","12","",52,A,50,A,49,A,49,A,47,A,46.0,A,46.0,A
CPMI_PARTICIPANTS:A:CH:U:CH1C:P,"A","Annual","CH","Switzerland","U","Central counterparties/clearing houses","CH1C","SIX x-clear (Total)","P","Direct participants, domestic, Central banks","A","All users","E","End of period","0","373","Pure Number","0","Units","","12","",0,A,0,A,0,A,0,A,0,A,0.0,A,0.0,A
CPMI_PARTICIPANTS:A:CH:U:CH1C:Q,"A","Annual","CH","Switzerland","U","Central counterparties/clearing houses","CH1C","SIX x-clear (Total)","Q","Direct participants, domestic, CCPs/Other CCPs","A","All users","E","End of period","0","373","Pure Number","0","Units","","12","",0,A,0,A,0,A,0,A,0,A,0.0,A,0.0,A
CPMI_PARTICIPANTS:A:CH:U:CH1C:S,"A","Annual","CH","Switzerland","U","Central counterparties/clearing houses","CH1C","SIX x-clear (Total)","S","Direct participants, domestic, Other","A","All users","E","End of period","0","373","Pure Number","0","Units","","12","",0,A,0,A,0,A,0,A,0,A,2.0,A,2.0,A
CPMI_PARTICIPANTS:A:CH:U:CH1C:T,"A","Annual","CH","Switzerland","U","Central counterparties/clearing houses","CH1C","SIX x-clear (Total)","T","Direct participants, foreign","A","All users","E","End of period","0","373","Pure Number","0","Units","","12","",18,A,20,A,19,A,17,A,37,A,34.0,A,33.0,A
CPMI_PARTICIPANTS:A:CH:U:CH1C:U,"A","Annual","CH","Switzerland","U","Central counterparties/clearing houses","CH1C","SIX x-clear (Total)","U","Direct participants, foreign, Banks","A","All users","E","End of period","0","373","Pure Number","0","Units","","12","",18,A,20,A,19,A,17,A,37,A,20.0,A,22.0,A
CPMI_PARTICIPANTS:A:CH:U:CH1C:V,"A","Annual","CH","Switzerland","U","Central counterparties/clearing houses","CH1C","SIX x-clear (Total)","V","Direct participants, foreign, Central banks","A","All users","E","End of period","0","373","Pure Number","0","Units","","12","",0,A,0,A,0,A,0,A,0,A,0.0,A,0.0,A
CPMI_PARTICIPANTS:A:CH:U:CH1C:W,"A","Annual","CH","Switzerland","U","Central counterparties/clearing houses","CH1C","SIX x-clear (Total)","W","Direct participants, foreign, CCPs/Other CCPs","A","All users","E","End of period","0","373","Pure Number","0","Units","","12","",0,A,0,A,0,A,0,A,0,A,2.0,A,2.0,A
CPMI_PARTICIPANTS:A:CH:U:CH1C:Y,"A","Annual","CH","Switzerland","U","Central counterparties/clearing houses","CH1C","SIX x-clear (Total)","Y","Direct participants, foreign, Other","A","All users","E","End of period","0","373","Pure Number","0","Units","","12","",0,A,0,A,0,A,0,A,0,A,12.0,A,9.0,A
CPMI_PARTICIPANTS:A:CH:U:CH2C:B,"A","Annual","CH","Switzerland","U","Central counterparties/clearing houses","CH2C","SIX x-clear of which, in Switzerland","B","Direct participants, Banks","A","All users","E","End of period","0","373","Pure Number","0","Units","","12","",,L,,L,,L,,L,,L,45.0,A,45.0,A
CPMI_PARTICIPANTS:A:CH:U:CH2C:C,"A","Annual","CH","Switzerland","U","Central counterparties/clearing houses","CH2C","SIX x-clear of which, in Switzerland","C","Direct participants, Central bank","A","All users","E","End of period","0","373","Pure Number","0","Units","","12","",,L,,L,,L,,L,,L,0.0,A,0.0,A
CPMI_PARTICIPANTS:A:CH:U:CH2C:D,"A","Annual","CH","Switzerland","U","Central counterparties/clearing houses","CH2C","SIX x-clear of which, in Switzerland","D","Direct participants, all","A","All users","E","End of period","0","373","Pure Number","0","Units","Data only available as of 2017 ","12","",,L,,L,,L,,L,,L,47.0,A,47.0,A
CPMI_PARTICIPANTS:A:CH:U:CH2C:I,"A","Annual","CH","Switzerland","U","Central counterparties/clearing houses","CH2C","SIX x-clear of which, in Switzerland","I","Direct participants, CCPs/Other CCPs","A","All users","E","End of period","0","373","Pure Number","0","Units","","12","",,L,,L,,L,,L,,L,0.0,A,0.0,A
CPMI_PARTICIPANTS:A:CH:U:CH2C:L,"A","Annual","CH","Switzerland","U","Central counterparties/clearing houses","CH2C","SIX x-clear of which, in Switzerland","L","Direct participants, Other","A","All users","E","End of period","0","373","Pure Number","0","Units","","12","",,L,,L,,L,,L,,L,2.0,A,2.0,A
CPMI_PARTICIPANTS:A:CH:U:CH2C:N,"A","Annual","CH","Switzerland","U","Central counterparties/clearing houses","CH2C","SIX x-clear of which, in Switzerland","N","Direct participants, domestic","A","All users","E","End of period","0","373","Pure Number","0","Units","","12","",,L,,L,,L,,L,,L,47.0,A,47.0,A
CPMI_PARTICIPANTS:A:CH:U:CH2C:O,"A","Annual","CH","Switzerland","U","Central counterparties/clearing houses","CH2C","SIX x-clear of which, in Switzerland","O","Direct participants, domestic, Banks","A","All users","E","End of period","0","373","Pure Number","0","Units","","12","",,L,,L,,L,,L,,L,45.0,A,45.0,A
CPMI_PARTICIPANTS:A:CH:U:CH2C:P,"A","Annual","CH","Switzerland","U","Central counterparties/clearing houses","CH2C","SIX x-clear of which, in Switzerland","P","Direct participants, domestic, Central banks","A","All users","E","End of period","0","373","Pure Number","0","Units","","12","",,L,,L,,L,,L,,L,0.0,A,0.0,A
CPMI_PARTICIPANTS:A:CH:U:CH2C:Q,"A","Annual","CH","Switzerland","U","Central counterparties/clearing houses","CH2C","SIX x-clear of which, in Switzerland","Q","Direct participants, domestic, CCPs/Other CCPs","A","All users","E","End of period","0","373","Pure Number","0","Units","","12","",,L,,L,,L,,L,,L,0.0,A,0.0,A
CPMI_PARTICIPANTS:A:CH:U:CH2C:S,"A","Annual","CH","Switzerland","U","Central counterparties/clearing houses","CH2C","SIX x-clear of which, in Switzerland","S","Direct participants, domestic, Other","A","All users","E","End of period","0","373","Pure Number","0","Units","","12","",,L,,L,,L,,L,,L,2.0,A,2.0,A
CPMI_PARTICIPANTS:A:CH:U:CH2C:T,"A","Annual","CH","Switzerland","U","Central counterparties/clearing houses","CH2C","SIX x-clear of which, in Switzerland","T","Direct participants, foreign","A","All users","E","End of period","0","373","Pure Number","0","Units","","12","",,L,,L,,L,,L,,L,0.0,A,0.0,A
CPMI_PARTICIPANTS:A:CH:U:CH2C:U,"A","Annual","CH","Switzerland","U","Central counterparties/clearing houses","CH2C","SIX x-clear of which, in Switzerland","U","Direct participants, foreign, Banks","A","All users","E","End of period","0","373","Pure Number","0","Units","","12","",,L,,L,,L,,L,,L,0.0,A,0.0,A
CPMI_PARTICIPANTS:A:CH:U:CH2C:V,"A","Annual","CH","Switzerland","U","Central counterparties/clearing houses","CH2C","SIX x-clear of which, in Switzerland","V","Direct participants, foreign, Central banks","A","All users","E","End of period","0","373","Pure Number","0","Units","","12","",,L,,L,,L,,L,,L,0.0,A,0.0,A
CPMI_PARTICIPANTS:A:CH:U:CH2C:W,"A","Annual","CH","Switzerland","U","Central counterparties/clearing houses","CH2C","SIX x-clear of which, in Switzerland","W","Direct participants, foreign, CCPs/Other CCPs","A","All users","E","End of period","0","373","Pure Number","0","Units","","12","",,L,,L,,L,,L,,L,0.0,A,0.0,A
CPMI_PARTICIPANTS:A:CH:U:CH2C:Y,"A","Annual","CH","Switzerland","U","Central counterparties/clearing houses","CH2C","SIX x-clear of which, in Switzerland","Y","Direct participants, foreign, Other","A","All users","E","End of period","0","373","Pure Number","0","Units","","12","",,L,,L,,L,,L,,L,0.0,A,0.0,A
CPMI_PARTICIPANTS:A:CH:U:CH3C:B,"A","Annual","CH","Switzerland","U","Central counterparties/clearing houses","CH3C","SIX x-clear of which, in Germany","B","Direct participants, Banks","A","All users","E","End of period","0","373","Pure Number","0","Units","","12","",,L,,L,,L,,L,,L,5.0,A,5.0,A
CPMI_PARTICIPANTS:A:CH:U:CH3C:C,"A","Annual","CH","Switzerland","U","Central counterparties/clearing houses","CH3C","SIX x-clear of which, in Germany","C","Direct participants, Central bank","A","All users","E","End of period","0","373","Pure Number","0","Units","","12","",,L,,L,,L,,L,,L,0.0,A,0.0,A
CPMI_PARTICIPANTS:A:CH:U:CH3C:D,"A","Annual","CH","Switzerland","U","Central counterparties/clearing houses","CH3C","SIX x-clear of which, in Germany","D","Direct participants, all","A","All users","E","End of period","0","373","Pure Number","0","Units","Data only available as of 2017","12","",,L,,L,,L,,L,,L,6.0,A,6.0,A
CPMI_PARTICIPANTS:A:CH:U:CH3C:I,"A","Annual","CH","Switzerland","U","Central counterparties/clearing houses","CH3C","SIX x-clear of which, in Germany","I","Direct participants, CCPs/Other CCPs","A","All users","E","End of period","0","373","Pure Number","0","Units","","12","",,L,,L,,L,,L,,L,0.0,A,0.0,A
CPMI_PARTICIPANTS:A:CH:U:CH3C:L,"A","Annual","CH","Switzerland","U","Central counterparties/clearing houses","CH3C","SIX x-clear of which, in Germany","L","Direct participants, Other","A","All users","E","End of period","0","373","Pure Number","0","Units","","12","",,L,,L,,L,,L,,L,1.0,A,1.0,A
CPMI_PARTICIPANTS:A:CH:U:CH3C:N,"A","Annual","CH","Switzerland","U","Central counterparties/clearing houses","CH3C","SIX x-clear of which, in Germany","N","Direct participants, domestic","A","All users","E","End of period","0","373","Pure Number","0","Units","","12","",,L,,L,,L,,L,,L,0.0,A,0.0,A
CPMI_PARTICIPANTS:A:CH:U:CH3C:O,"A","Annual","CH","Switzerland","U","Central counterparties/clearing houses","CH3C","SIX x-clear of which, in Germany","O","Direct participants, domestic, Banks","A","All users","E","End of period","0","373","Pure Number","0","Units","","12","",,L,,L,,L,,L,,L,0.0,A,0.0,A
CPMI_PARTICIPANTS:A:CH:U:CH3C:P,"A","Annual","CH","Switzerland","U","Central counterparties/clearing houses","CH3C","SIX x-clear of which, in Germany","P","Direct participants, domestic, Central banks","A","All users","E","End of period","0","373","Pure Number","0","Units","","12","",,L,,L,,L,,L,,L,0.0,A,0.0,A
CPMI_PARTICIPANTS:A:CH:U:CH3C:Q,"A","Annual","CH","Switzerland","U","Central counterparties/clearing houses","CH3C","SIX x-clear of which, in Germany","Q","Direct participants, domestic, CCPs/Other CCPs","A","All users","E","End of period","0","373","Pure Number","0","Units","","12","",,L,,L,,L,,L,,L,0.0,A,0.0,A
CPMI_PARTICIPANTS:A:CH:U:CH3C:S,"A","Annual","CH","Switzerland","U","Central counterparties/clearing houses","CH3C","SIX x-clear of which, in Germany","S","Direct participants, domestic, Other","A","All users","E","End of period","0","373","Pure Number","0","Units","","12","",,L,,L,,L,,L,,L,0.0,A,0.0,A
CPMI_PARTICIPANTS:A:CH:U:CH3C:T,"A","Annual","CH","Switzerland","U","Central counterparties/clearing houses","CH3C","SIX x-clear of which, in Germany","T","Direct participants, foreign","A","All users","E","End of period","0","373","Pure Number","0","Units","","12","",,L,,L,,L,,L,,L,6.0,A,6.0,A
CPMI_PARTICIPANTS:A:CH:U:CH3C:U,"A","Annual","CH","Switzerland","U","Central counterparties/clearing houses","CH3C","SIX x-clear of which, in Germany","U","Direct participants, foreign, Banks","A","All users","E","End of period","0","373","Pure Number","0","Units","","12","",,L,,L,,L,,L,,L,5.0,A,5.0,A
CPMI_PARTICIPANTS:A:CH:U:CH3C:V,"A","Annual","CH","Switzerland","U","Central counterparties/clearing houses","CH3C","SIX x-clear of which, in Germany","V","Direct participants, foreign, Central banks","A","All users","E","End of period","0","373","Pure Number","0","Units","","12","",,L,,L,,L,,L,,L,0.0,A,0.0,A
CPMI_PARTICIPANTS:A:CH:U:CH3C:W,"A","Annual","CH","Switzerland","U","Central counterparties/clearing houses","CH3C","SIX x-clear of which, in Germany","W","Direct participants, foreign, CCPs/Other CCPs","A","All users","E","End of period","0","373","Pure Number","0","Units","","12","",,L,,L,,L,,L,,L,0.0,A,0.0,A
CPMI_PARTICIPANTS:A:CH:U:CH3C:Y,"A","Annual","CH","Switzerland","U","Central counterparties/clearing houses","CH3C","SIX x-clear of which, in Germany","Y","Direct participants, foreign, Other","A","All users","E","End of period","0","373","Pure Number","0","Units","","12","",,L,,L,,L,,L,,L,1.0,A,1.0,A
CPMI_PARTICIPANTS:A:CH:U:CH4C:B,"A","Annual","CH","Switzerland","U","Central counterparties/clearing houses","CH4C","SIX x-clear of which, in United Kingdom","B","Direct participants, Banks","A","All users","E","End of period","0","373","Pure Number","0","Units","","12","",,L,,L,,L,,L,,L,5.0,A,6.0,A
CPMI_PARTICIPANTS:A:CH:U:CH4C:C,"A","Annual","CH","Switzerland","U","Central counterparties/clearing houses","CH4C","SIX x-clear of which, in United Kingdom","C","Direct participants, Central bank","A","All users","E","End of period","0","373","Pure Number","0","Units","","12","",,L,,L,,L,,L,,L,0.0,A,0.0,A
CPMI_PARTICIPANTS:A:CH:U:CH4C:D,"A","Annual","CH","Switzerland","U","Central counterparties/clearing houses","CH4C","SIX x-clear of which, in United Kingdom","D","Direct participants, all","A","All users","E","End of period","0","373","Pure Number","0","Units","Data only available as of 2017","12","",,L,,L,,L,,L,,L,8.0,A,9.0,A
CPMI_PARTICIPANTS:A:CH:U:CH4C:I,"A","Annual","CH","Switzerland","U","Central counterparties/clearing houses","CH4C","SIX x-clear of which, in United Kingdom","I","Direct participants, CCPs/Other CCPs","A","All users","E","End of period","0","373","Pure Number","0","Units","","12","",,L,,L,,L,,L,,L,1.0,A,1.0,A
CPMI_PARTICIPANTS:A:CH:U:CH4C:L,"A","Annual","CH","Switzerland","U","Central counterparties/clearing houses","CH4C","SIX x-clear of which, in United Kingdom","L","Direct participants, Other","A","All users","E","End of period","0","373","Pure Number","0","Units","","12","",,L,,L,,L,,L,,L,2.0,A,2.0,A
CPMI_PARTICIPANTS:A:CH:U:CH4C:N,"A","Annual","CH","Switzerland","U","Central counterparties/clearing houses","CH4C","SIX x-clear of which, in United Kingdom","N","Direct participants, domestic","A","All users","E","End of period","0","373","Pure Number","0","Units","","12","",,L,,L,,L,,L,,L,1.0,A,1.0,A
CPMI_PARTICIPANTS:A:CH:U:CH4C:O,"A","Annual","CH","Switzerland","U","Central counterparties/clearing houses","CH4C","SIX x-clear of which, in United Kingdom","O","Direct participants, domestic, Banks","A","All users","E","End of period","0","373","Pure Number","0","Units","","12","",,L,,L,,L,,L,,L,1.0,A,1.0,A
CPMI_PARTICIPANTS:A:CH:U:CH4C:P,"A","Annual","CH","Switzerland","U","Central counterparties/clearing houses","CH4C","SIX x-clear of which, in United Kingdom","P","Direct participants, domestic, Central banks","A","All users","E","End of period","0","373","Pure Number","0","Units","","12","",,L,,L,,L,,L,,L,0.0,A,0.0,A
CPMI_PARTICIPANTS:A:CH:U:CH4C:Q,"A","Annual","CH","Switzerland","U","Central counterparties/clearing houses","CH4C","SIX x-clear of which, in United Kingdom","Q","Direct participants, domestic, CCPs/Other CCPs","A","All users","E","End of period","0","373","Pure Number","0","Units","","12","",,L,,L,,L,,L,,L,0.0,A,0.0,A
CPMI_PARTICIPANTS:A:CH:U:CH4C:S,"A","Annual","CH","Switzerland","U","Central counterparties/clearing houses","CH4C","SIX x-clear of which, in United Kingdom","S","Direct participants, domestic, Other","A","All users","E","End of period","0","373","Pure Number","0","Units","","12","",,L,,L,,L,,L,,L,0.0,A,0.0,A
CPMI_PARTICIPANTS:A:CH:U:CH4C:T,"A","Annual","CH","Switzerland","U","Central counterparties/clearing houses","CH4C","SIX x-clear of which, in United Kingdom","T","Direct participants, foreign","A","All users","E","End of period","0","373","Pure Number","0","Units","","12","",,L,,L,,L,,L,,L,7.0,A,8.0,A
CPMI_PARTICIPANTS:A:CH:U:CH4C:U,"A","Annual","CH","Switzerland","U","Central counterparties/clearing houses","CH4C","SIX x-clear of which, in United Kingdom","U","Direct participants, foreign, Banks","A","All users","E","End of period","0","373","Pure Number","0","Units","","12","",,L,,L,,L,,L,,L,4.0,A,5.0,A
CPMI_PARTICIPANTS:A:CH:U:CH4C:V,"A","Annual","CH","Switzerland","U","Central counterparties/clearing houses","CH4C","SIX x-clear of which, in United Kingdom","V","Direct participants, foreign, Central banks","A","All users","E","End of period","0","373","Pure Number","0","Units","","12","",,L,,L,,L,,L,,L,0.0,A,0.0,A
CPMI_PARTICIPANTS:A:CH:U:CH4C:W,"A","Annual","CH","Switzerland","U","Central counterparties/clearing houses","CH4C","SIX x-clear of which, in United Kingdom","W","Direct participants, foreign, CCPs/Other CCPs","A","All users","E","End of period","0","373","Pure Number","0","Units","","12","",,L,,L,,L,,L,,L,1.0,A,1.0,A
CPMI_PARTICIPANTS:A:CH:U:CH4C:Y,"A","Annual","CH","Switzerland","U","Central counterparties/clearing houses","CH4C","SIX x-clear of which, in United Kingdom","Y","Direct participants, foreign, Other","A","All users","E","End of period","0","373","Pure Number","0","Units","","12","",,L,,L,,L,,L,,L,2.0,A,2.0,A
CPMI_PARTICIPANTS:A:CH:U:CH5C:B,"A","Annual","CH","Switzerland","U","Central counterparties/clearing houses","CH5C","SIX x-clear of which, in Sweden","B","Direct participants, Banks","A","All users","E","End of period","0","373","Pure Number","0","Units","","12","",,L,,L,,L,,L,,L,3.0,A,3.0,A
CPMI_PARTICIPANTS:A:CH:U:CH5C:C,"A","Annual","CH","Switzerland","U","Central counterparties/clearing houses","CH5C","SIX x-clear of which, in Sweden","C","Direct participants, Central bank","A","All users","E","End of period","0","373","Pure Number","0","Units","","12","",,L,,L,,L,,L,,L,0.0,A,0.0,A
CPMI_PARTICIPANTS:A:CH:U:CH5C:D,"A","Annual","CH","Switzerland","U","Central counterparties/clearing houses","CH5C","SIX x-clear of which, in Sweden","D","Direct participants, all","A","All users","E","End of period","0","373","Pure Number","0","Units","Data only available as of 2017","12","",,L,,L,,L,,L,,L,3.0,A,3.0,A
CPMI_PARTICIPANTS:A:CH:U:CH5C:I,"A","Annual","CH","Switzerland","U","Central counterparties/clearing houses","CH5C","SIX x-clear of which, in Sweden","I","Direct participants, CCPs/Other CCPs","A","All users","E","End of period","0","373","Pure Number","0","Units","","12","",,L,,L,,L,,L,,L,0.0,A,0.0,A
CPMI_PARTICIPANTS:A:CH:U:CH5C:L,"A","Annual","CH","Switzerland","U","Central counterparties/clearing houses","CH5C","SIX x-clear of which, in Sweden","L","Direct participants, Other","A","All users","E","End of period","0","373","Pure Number","0","Units","","12","",,L,,L,,L,,L,,L,0.0,A,0.0,A
CPMI_PARTICIPANTS:A:CH:U:CH5C:N,"A","Annual","CH","Switzerland","U","Central counterparties/clearing houses","CH5C","SIX x-clear of which, in Sweden","N","Direct participants, domestic","A","All users","E","End of period","0","373","Pure Number","0","Units","","12","",,L,,L,,L,,L,,L,0.0,A,0.0,A
CPMI_PARTICIPANTS:A:CH:U:CH5C:O,"A","Annual","CH","Switzerland","U","Central counterparties/clearing houses","CH5C","SIX x-clear of which, in Sweden","O","Direct participants, domestic, Banks","A","All users","E","End of period","0","373","Pure Number","0","Units","","12","",,L,,L,,L,,L,,L,0.0,A,0.0,A
CPMI_PARTICIPANTS:A:CH:U:CH5C:P,"A","Annual","CH","Switzerland","U","Central counterparties/clearing houses","CH5C","SIX x-clear of which, in Sweden","P","Direct participants, domestic, Central banks","A","All users","E","End of period","0","373","Pure Number","0","Units","","12","",,L,,L,,L,,L,,L,0.0,A,0.0,A
CPMI_PARTICIPANTS:A:CH:U:CH5C:Q,"A","Annual","CH","Switzerland","U","Central counterparties/clearing houses","CH5C","SIX x-clear of which, in Sweden","Q","Direct participants, domestic, CCPs/Other CCPs","A","All users","E","End of period","0","373","Pure Number","0","Units","","12","",,L,,L,,L,,L,,L,0.0,A,0.0,A
CPMI_PARTICIPANTS:A:CH:U:CH5C:S,"A","Annual","CH","Switzerland","U","Central counterparties/clearing houses","CH5C","SIX x-clear of which, in Sweden","S","Direct participants, domestic, Other","A","All users","E","End of period","0","373","Pure Number","0","Units","","12","",,L,,L,,L,,L,,L,0.0,A,0.0,A
CPMI_PARTICIPANTS:A:CH:U:CH5C:T,"A","Annual","CH","Switzerland","U","Central counterparties/clearing houses","CH5C","SIX x-clear of which, in Sweden","T","Direct participants, foreign","A","All users","E","End of period","0","373","Pure Number","0","Units","","12","",,L,,L,,L,,L,,L,3.0,A,3.0,A
CPMI_PARTICIPANTS:A:CH:U:CH5C:U,"A","Annual","CH","Switzerland","U","Central counterparties/clearing houses","CH5C","SIX x-clear of which, in Sweden","U","Direct participants, foreign, Banks","A","All users","E","End of period","0","373","Pure Number","0","Units","","12","",,L,,L,,L,,L,,L,3.0,A,3.0,A
CPMI_PARTICIPANTS:A:CH:U:CH5C:V,"A","Annual","CH","Switzerland","U","Central counterparties/clearing houses","CH5C","SIX x-clear of which, in Sweden","V","Direct participants, foreign, Central banks","A","All users","E","End of period","0","373","Pure Number","0","Units","","12","",,L,,L,,L,,L,,L,0.0,A,0.0,A
CPMI_PARTICIPANTS:A:CH:U:CH5C:W,"A","Annual","CH","Switzerland","U","Central counterparties/clearing houses","CH5C","SIX x-clear of which, in Sweden","W","Direct participants, foreign, CCPs/Other CCPs","A","All users","E","End of period","0","373","Pure Number","0","Units","","12","",,L,,L,,L,,L,,L,0.0,A,0.0,A
CPMI_PARTICIPANTS:A:CH:U:CH5C:Y,"A","Annual","CH","Switzerland","U","Central counterparties/clearing houses","CH5C","SIX x-clear of which, in Sweden","Y","Direct participants, foreign, Other","A","All users","E","End of period","0","373","Pure Number","0","Units","","12","",,L,,L,,L,,L,,L,0.0,A,0.0,A
CPMI_PARTICIPANTS:A:CH:U:CH6C:B,"A","Annual","CH","Switzerland","U","Central counterparties/clearing houses","CH6C","SIX x-clear of which, in Other","B","Direct participants, Banks","A","All users","E","End of period","0","373","Pure Number","0","Units","","12","",,L,,L,,L,,L,,L,8.0,A,9.0,A
CPMI_PARTICIPANTS:A:CH:U:CH6C:C,"A","Annual","CH","Switzerland","U","Central counterparties/clearing houses","CH6C","SIX x-clear of which, in Other","C","Direct participants, Central bank","A","All users","E","End of period","0","373","Pure Number","0","Units","","12","",,L,,L,,L,,L,,L,0.0,A,0.0,A
CPMI_PARTICIPANTS:A:CH:U:CH6C:D,"A","Annual","CH","Switzerland","U","Central counterparties/clearing houses","CH6C","SIX x-clear of which, in Other","D","Direct participants, all","A","All users","E","End of period","0","373","Pure Number","0","Units","Data only available as of 2017","12","",,L,,L,,L,,L,,L,18.0,A,16.0,A
CPMI_PARTICIPANTS:A:CH:U:CH6C:I,"A","Annual","CH","Switzerland","U","Central counterparties/clearing houses","CH6C","SIX x-clear of which, in Other","I","Direct participants, CCPs/Other CCPs","A","All users","E","End of period","0","373","Pure Number","0","Units","","12","",,L,,L,,L,,L,,L,1.0,A,1.0,A
CPMI_PARTICIPANTS:A:CH:U:CH6C:L,"A","Annual","CH","Switzerland","U","Central counterparties/clearing houses","CH6C","SIX x-clear of which, in Other","L","Direct participants, Other","A","All users","E","End of period","0","373","Pure Number","0","Units","","12","",,L,,L,,L,,L,,L,9.0,A,6.0,A
CPMI_PARTICIPANTS:A:CH:U:CH6C:N,"A","Annual","CH","Switzerland","U","Central counterparties/clearing houses","CH6C","SIX x-clear of which, in Other","N","Direct participants, domestic","A","All users","E","End of period","0","373","Pure Number","0","Units","","12","",,L,,L,,L,,L,,L,0.0,A,0.0,A
CPMI_PARTICIPANTS:A:CH:U:CH6C:O,"A","Annual","CH","Switzerland","U","Central counterparties/clearing houses","CH6C","SIX x-clear of which, in Other","O","Direct participants, domestic, Banks","A","All users","E","End of period","0","373","Pure Number","0","Units","","12","",,L,,L,,L,,L,,L,0.0,A,0.0,A
CPMI_PARTICIPANTS:A:CH:U:CH6C:P,"A","Annual","CH","Switzerland","U","Central counterparties/clearing houses","CH6C","SIX x-clear of which, in Other","P","Direct participants, domestic, Central banks","A","All users","E","End of period","0","373","Pure Number","0","Units","","12","",,L,,L,,L,,L,,L,0.0,A,0.0,A
CPMI_PARTICIPANTS:A:CH:U:CH6C:Q,"A","Annual","CH","Switzerland","U","Central counterparties/clearing houses","CH6C","SIX x-clear of which, in Other","Q","Direct participants, domestic, CCPs/Other CCPs","A","All users","E","End of period","0","373","Pure Number","0","Units","","12","",,L,,L,,L,,L,,L,0.0,A,0.0,A
CPMI_PARTICIPANTS:A:CH:U:CH6C:S,"A","Annual","CH","Switzerland","U","Central counterparties/clearing houses","CH6C","SIX x-clear of which, in Other","S","Direct participants, domestic, Other","A","All users","E","End of period","0","373","Pure Number","0","Units","","12","",,L,,L,,L,,L,,L,0.0,A,0.0,A
CPMI_PARTICIPANTS:A:CH:U:CH6C:T,"A","Annual","CH","Switzerland","U","Central counterparties/clearing houses","CH6C","SIX x-clear of which, in Other","T","Direct participants, foreign","A","All users","E","End of period","0","373","Pure Number","0","Units","","12","",,L,,L,,L,,L,,L,18.0,A,16.0,A
CPMI_PARTICIPANTS:A:CH:U:CH6C:U,"A","Annual","CH","Switzerland","U","Central counterparties/clearing houses","CH6C","SIX x-clear of which, in Other","U","Direct participants, foreign, Banks","A","All users","E","End of period","0","373","Pure Number","0","Units","","12","",,L,,L,,L,,L,,L,8.0,A,9.0,A
CPMI_PARTICIPANTS:A:CH:U:CH6C:V,"A","Annual","CH","Switzerland","U","Central counterparties/clearing houses","CH6C","SIX x-clear of which, in Other","V","Direct participants, foreign, Central banks","A","All users","E","End of period","0","373","Pure Number","0","Units","","12","",,L,,L,,L,,L,,L,0.0,A,0.0,A
CPMI_PARTICIPANTS:A:CH:U:CH6C:W,"A","Annual","CH","Switzerland","U","Central counterparties/clearing houses","CH6C","SIX x-clear of which, in Other","W","Direct participants, foreign, CCPs/Other CCPs","A","All users","E","End of period","0","373","Pure Number","0","Units","","12","",,L,,L,,L,,L,,L,1.0,A,1.0,A
CPMI_PARTICIPANTS:A:CH:U:CH6C:Y,"A","Annual","CH","Switzerland","U","Central counterparties/clearing houses","CH6C","SIX x-clear of which, in Other","Y","Direct participants, foreign, Other","A","All users","E","End of period","0","373","Pure Number","0","Units","","12","",,L,,L,,L,,L,,L,9.0,A,6.0,A
CPMI_PARTICIPANTS:A:CH:V:CH1S:B,"A","Annual","CH","Switzerland","V","Central securities depositories","CH1S","SIX SIS","B","Direct participants, Banks","A","All users","E","End of period","0","373","Pure Number","0","Units","","15","",,L,,L,,L,,L,,L,,L,,L
CPMI_PARTICIPANTS:A:CH:V:CH1S:C,"A","Annual","CH","Switzerland","V","Central securities depositories","CH1S","SIX SIS","C","Direct participants, Central bank","A","All users","E","End of period","0","373","Pure Number","0","Units","","15","",,L,,L,,L,,L,,L,,L,,L
CPMI_PARTICIPANTS:A:CH:V:CH1S:D,"A","Annual","CH","Switzerland","V","Central securities depositories","CH1S","SIX SIS","D","Direct participants, all","A","All users","E","End of period","0","373","Pure Number","0","Units","","15","",375,A,367,A,354,A,342,A,322,A,304.0,A,303.0,A
CPMI_PARTICIPANTS:A:CH:V:CH1S:I,"A","Annual","CH","Switzerland","V","Central securities depositories","CH1S","SIX SIS","I","Direct participants, CCPs/Other CCPs","A","All users","E","End of period","0","373","Pure Number","0","Units","","15","",,L,,L,,L,,L,,L,,L,,L
CPMI_PARTICIPANTS:A:CH:V:CH1S:J,"A","Annual","CH","Switzerland","V","Central securities depositories","CH1S","SIX SIS","J","Direct participants, CSDs","A","All users","E","End of period","0","373","Pure Number","0","Units","","15","",,L,,L,,L,,L,,L,,L,,L
CPMI_PARTICIPANTS:A:CH:V:CH1S:L,"A","Annual","CH","Switzerland","V","Central securities depositories","CH1S","SIX SIS","L","Direct participants, Other","A","All users","E","End of period","0","373","Pure Number","0","Units","","15","",,L,,L,,L,,L,,L,,L,,L
CPMI_PARTICIPANTS:A:CH:V:CH1S:N,"A","Annual","CH","Switzerland","V","Central securities depositories","CH1S","SIX SIS","N","Direct participants, domestic","A","All users","E","End of period","0","373","Pure Number","0","Units","","15","",,L,,L,,L,,L,195,A,182.0,A,183.0,A
CPMI_PARTICIPANTS:A:CH:V:CH1S:O,"A","Annual","CH","Switzerland","V","Central securities depositories","CH1S","SIX SIS","O","Direct participants, domestic, Banks","A","All users","E","End of period","0","373","Pure Number","0","Units","","15","",,L,,L,,L,,L,,L,,L,,L
CPMI_PARTICIPANTS:A:CH:V:CH1S:P,"A","Annual","CH","Switzerland","V","Central securities depositories","CH1S","SIX SIS","P","Direct participants, domestic, Central banks","A","All users","E","End of period","0","373","Pure Number","0","Units","","15","",,L,,L,,L,,L,,L,,L,,L
CPMI_PARTICIPANTS:A:CH:V:CH1S:Q,"A","Annual","CH","Switzerland","V","Central securities depositories","CH1S","SIX SIS","Q","Direct participants, domestic, CCPs/Other CCPs","A","All users","E","End of period","0","373","Pure Number","0","Units","","15","",,L,,L,,L,,L,,L,,L,,L
CPMI_PARTICIPANTS:A:CH:V:CH1S:R,"A","Annual","CH","Switzerland","V","Central securities depositories","CH1S","SIX SIS","R","Direct participants, domestic, CSDs","A","All users","E","End of period","0","373","Pure Number","0","Units","","15","",,L,,L,,L,,L,,L,,L,,L
CPMI_PARTICIPANTS:A:CH:V:CH1S:S,"A","Annual","CH","Switzerland","V","Central securities depositories","CH1S","SIX SIS","S","Direct participants, domestic, Other","A","All users","E","End of period","0","373","Pure Number","0","Units","","15","",,L,,L,,L,,L,,L,,L,,L
CPMI_PARTICIPANTS:A:CH:V:CH1S:T,"A","Annual","CH","Switzerland","V","Central securities depositories","CH1S","SIX SIS","T","Direct participants, foreign","A","All users","E","End of period","0","373","Pure Number","0","Units","","15","",,L,,L,,L,,L,127,A,122.0,A,120.0,A
CPMI_PARTICIPANTS:A:CH:V:CH1S:U,"A","Annual","CH","Switzerland","V","Central securities depositories","CH1S","SIX SIS","U","Direct participants, foreign, Banks","A","All users","E","End of period","0","373","Pure Number","0","Units","","15","",,L,,L,,L,,L,,L,,L,,L
CPMI_PARTICIPANTS:A:CH:V:CH1S:V,"A","Annual","CH","Switzerland","V","Central securities depositories","CH1S","SIX SIS","V","Direct participants, foreign, Central banks","A","All users","E","End of period","0","373","Pure Number","0","Units","","15","",,L,,L,,L,,L,,L,,L,,L
CPMI_PARTICIPANTS:A:CH:V:CH1S:W,"A","Annual","CH","Switzerland","V","Central securities depositories","CH1S","SIX SIS","W","Direct participants, foreign, CCPs/Other CCPs","A","All users","E","End of period","0","373","Pure Number","0","Units","","15","",,L,,L,,L,,L,,L,,L,,L
CPMI_PARTICIPANTS:A:CH:V:CH1S:X,"A","Annual","CH","Switzerland","V","Central securities depositories","CH1S","SIX SIS","X","Direct participants, foreign,CSDs","A","All users","E","End of period","0","373","Pure Number","0","Units","","15","",,L,,L,,L,,L,,L,,L,,L
CPMI_PARTICIPANTS:A:CH:V:CH1S:Y,"A","Annual","CH","Switzerland","V","Central securities depositories","CH1S","SIX SIS","Y","Direct participants, foreign, Other","A","All users","E","End of period","0","373","Pure Number","0","Units","","15","",,L,,L,,L,,L,,L,,L,,L
CPMI_PARTICIPANTS:A:CN:A:CN1P:A,"A","Annual","CN","China","A","Payment systems, large-value","CN1P","HVPS","A","All","A","All users","E","End of period","0","373","Pure Number","0","Units","","7","",119214,A,125937,A,131653,A,137488,A,141329,A,143981,A,146559,A
CPMI_PARTICIPANTS:A:CN:A:CN1P:B,"A","Annual","CN","China","A","Payment systems, large-value","CN1P","HVPS","B","Direct participants, Banks","A","All users","E","End of period","0","373","Pure Number","0","Units","","7","",1064,A,1073,A,373,A,268,A,268,A,274,A,282,A
CPMI_PARTICIPANTS:A:CN:A:CN1P:C,"A","Annual","CN","China","A","Payment systems, large-value","CN1P","HVPS","C","Direct participants, Central bank","A","All users","E","End of period","0","373","Pure Number","0","Units","Because the second generation payment system promotion work has been completed.  The TBS participant have been revoked in May 2016, because of uable to intiate and receive the second generation packets, so central bank direct participants decreased from 355 to 3 in 2015 for HVPS and BEPS.","7","",678,A,686,A,355,A,355,A,3,A,3,A,3,A
CPMI_PARTICIPANTS:A:CN:A:CN1P:D,"A","Annual","CN","China","A","Payment systems, large-value","CN1P","HVPS","D","Direct participants, all","A","All users","E","End of period","0","373","Pure Number","0","Units","","7","",1783,A,1799,A,773,A,656,A,305,A,310,A,318,A
CPMI_PARTICIPANTS:A:CN:A:CN1P:F,"A","Annual","CN","China","A","Payment systems, large-value","CN1P","HVPS","F","Direct participants, Government","A","All users","E","End of period","0","373","Pure Number","0","Units","","7","",0,A,0,A,0,A,0,A,0,A,0,A,0,A
CPMI_PARTICIPANTS:A:CN:A:CN1P:G,"A","Annual","CN","China","A","Payment systems, large-value","CN1P","HVPS","G","Direct participants, Postal institution","A","All users","E","End of period","0","373","Pure Number","0","Units","","7","",0,A,0,A,0,A,0,A,0,A,0,A,0,A
CPMI_PARTICIPANTS:A:CN:A:CN1P:H,"A","Annual","CN","China","A","Payment systems, large-value","CN1P","HVPS","H","Direct participants, Payment systems, CCPs and SSSs","A","All users","E","End of period","0","373","Pure Number","0","Units","","7","",9,A,9,A,9,A,9,A,10,A,9,A,9,A
CPMI_PARTICIPANTS:A:CN:A:CN1P:L,"A","Annual","CN","China","A","Payment systems, large-value","CN1P","HVPS","L","Direct participants, Other","A","All users","E","End of period","0","373","Pure Number","0","Units","","7","",32,A,31,A,36,A,24,A,24,A,24,A,24,A
CPMI_PARTICIPANTS:A:CN:A:CN1P:Z,"A","Annual","CN","China","A","Payment systems, large-value","CN1P","HVPS","Z","Indirect participants","A","All users","E","End of period","0","373","Pure Number","0","Units","","7","",117431,A,124138,A,130880,A,136832,A,141024,A,143671,A,146241,A
CPMI_PARTICIPANTS:A:CN:B:CN2P:A,"A","Annual","CN","China","B","Payment systems, retail","CN2P","BEPS","A","All","A","All users","E","End of period","0","373","Pure Number","0","Units","","7","",119115,A,125823,A,131522,A,137012,A,140825,A,134390,A,146029,A
CPMI_PARTICIPANTS:A:CN:B:CN2P:B,"A","Annual","CN","China","B","Payment systems, retail","CN2P","BEPS","B","Direct participants, Banks","A","All users","E","End of period","0","373","Pure Number","0","Units","","7","",1064,A,1073,A,373,A,268,A,265,A,273,A,273,A
CPMI_PARTICIPANTS:A:CN:B:CN2P:C,"A","Annual","CN","China","B","Payment systems, retail","CN2P","BEPS","C","Direct participants, Central bank","A","All users","E","End of period","0","373","Pure Number","0","Units","Because the second generation payment system promotion work has been completed.  The TBS participant have been revoked in May 2016, because of uable to intiate and receive the second generation packets, so central bank direct participants decreased from 355 to 3 in 2015 for HVPS and BEPS.","7","",678,A,686,A,355,A,355,A,3,A,3,A,3,A
CPMI_PARTICIPANTS:A:CN:B:CN2P:D,"A","Annual","CN","China","B","Payment systems, retail","CN2P","BEPS","D","Direct participants, all","A","All users","E","End of period","0","373","Pure Number","0","Units","","7","",1791,A,1807,A,774,A,640,A,284,A,293,A,294,A
CPMI_PARTICIPANTS:A:CN:B:CN2P:F,"A","Annual","CN","China","B","Payment systems, retail","CN2P","BEPS","F","Direct participants, Government","A","All users","E","End of period","0","373","Pure Number","0","Units","","7","",0,A,0,A,0,A,0,A,0,A,0,A,0,A
CPMI_PARTICIPANTS:A:CN:B:CN2P:G,"A","Annual","CN","China","B","Payment systems, retail","CN2P","BEPS","G","Direct participants, Postal institution","A","All users","E","End of period","0","373","Pure Number","0","Units","","7","",0,A,0,A,0,A,0,A,0,A,0,A,0,A
CPMI_PARTICIPANTS:A:CN:B:CN2P:H,"A","Annual","CN","China","B","Payment systems, retail","CN2P","BEPS","H","Direct participants, Payment systems, CCPs and SSSs","A","All users","E","End of period","0","373","Pure Number","0","Units","","7","",1,A,1,A,1,A,1,A,1,A,1,A,2,A
CPMI_PARTICIPANTS:A:CN:B:CN2P:L,"A","Annual","CN","China","B","Payment systems, retail","CN2P","BEPS","L","Direct participants, Other","A","All users","E","End of period","0","373","Pure Number","0","Units","","7","",48,A,47,A,45,A,16,A,15,A,16,A,16,A
CPMI_PARTICIPANTS:A:CN:B:CN2P:Z,"A","Annual","CN","China","B","Payment systems, retail","CN2P","BEPS","Z","Indirect participants","A","All users","E","End of period","0","373","Pure Number","0","Units","","7","",117324,A,124016,A,130748,A,136372,A,140541,A,134097,A,145735,A
CPMI_PARTICIPANTS:A:CN:B:CN3P:A,"A","Annual","CN","China","B","Payment systems, retail","CN3P","ACH","A","All","A","All users","E","End of period","0","373","Pure Number","0","Units","","7","",,L,,L,,L,,L,,L,,L,,L
CPMI_PARTICIPANTS:A:CN:B:CN3P:B,"A","Annual","CN","China","B","Payment systems, retail","CN3P","ACH","B","Direct participants, Banks","A","All users","E","End of period","0","373","Pure Number","0","Units","","7","",,L,,L,,L,,L,,L,,L,,L
CPMI_PARTICIPANTS:A:CN:B:CN3P:C,"A","Annual","CN","China","B","Payment systems, retail","CN3P","ACH","C","Direct participants, Central bank","A","All users","E","End of period","0","373","Pure Number","0","Units","","7","",,L,,L,,L,,L,,L,,L,,L
CPMI_PARTICIPANTS:A:CN:B:CN3P:D,"A","Annual","CN","China","B","Payment systems, retail","CN3P","ACH","D","Direct participants, all","A","All users","E","End of period","0","373","Pure Number","0","Units","","7","",,L,,L,,L,,L,,L,,L,,L
CPMI_PARTICIPANTS:A:CN:B:CN3P:F,"A","Annual","CN","China","B","Payment systems, retail","CN3P","ACH","F","Direct participants, Government","A","All users","E","End of period","0","373","Pure Number","0","Units","","7","",,L,,L,,L,,L,,L,,L,,L
CPMI_PARTICIPANTS:A:CN:B:CN3P:G,"A","Annual","CN","China","B","Payment systems, retail","CN3P","ACH","G","Direct participants, Postal institution","A","All users","E","End of period","0","373","Pure Number","0","Units","","7","",,L,,L,,L,,L,,L,,L,,L
CPMI_PARTICIPANTS:A:CN:B:CN3P:H,"A","Annual","CN","China","B","Payment systems, retail","CN3P","ACH","H","Direct participants, Payment systems, CCPs and SSSs","A","All users","E","End of period","0","373","Pure Number","0","Units","","7","",,L,,L,,L,,L,,L,,L,,L
CPMI_PARTICIPANTS:A:CN:B:CN3P:L,"A","Annual","CN","China","B","Payment systems, retail","CN3P","ACH","L","Direct participants, Other","A","All users","E","End of period","0","373","Pure Number","0","Units","","7","",,L,,L,,L,,L,,L,,L,,L
CPMI_PARTICIPANTS:A:CN:B:CN3P:Z,"A","Annual","CN","China","B","Payment systems, retail","CN3P","ACH","Z","Indirect participants","A","All users","E","End of period","0","373","Pure Number","0","Units","","7","",,L,,L,,L,,L,,L,,L,,L
CPMI_PARTICIPANTS:A:CN:B:CN4P:A,"A","Annual","CN","China","B","Payment systems, retail","CN4P","CUPS","A","All","A","All users","E","End of period","0","373","Pure Number","0","Units","","7","",,L,,L,,L,,L,,L,1928,A,2194,A
CPMI_PARTICIPANTS:A:CN:B:CN4P:B,"A","Annual","CN","China","B","Payment systems, retail","CN4P","CUPS","B","Direct participants, Banks","A","All users","E","End of period","0","373","Pure Number","0","Units","","7","",,L,,L,,L,,L,,L,,L,,L
CPMI_PARTICIPANTS:A:CN:B:CN4P:C,"A","Annual","CN","China","B","Payment systems, retail","CN4P","CUPS","C","Direct participants, Central bank","A","All users","E","End of period","0","373","Pure Number","0","Units","","7","",,L,,L,,L,,L,,L,,L,,L
CPMI_PARTICIPANTS:A:CN:B:CN4P:D,"A","Annual","CN","China","B","Payment systems, retail","CN4P","CUPS","D","Direct participants, all","A","All users","E","End of period","0","373","Pure Number","0","Units","","7","",,L,,L,,L,,L,,L,,L,,L
CPMI_PARTICIPANTS:A:CN:B:CN4P:F,"A","Annual","CN","China","B","Payment systems, retail","CN4P","CUPS","F","Direct participants, Government","A","All users","E","End of period","0","373","Pure Number","0","Units","","7","",,L,,L,,L,,L,,L,,L,,L
CPMI_PARTICIPANTS:A:CN:B:CN4P:G,"A","Annual","CN","China","B","Payment systems, retail","CN4P","CUPS","G","Direct participants, Postal institution","A","All users","E","End of period","0","373","Pure Number","0","Units","","7","",,L,,L,,L,,L,,L,,L,,L
CPMI_PARTICIPANTS:A:CN:B:CN4P:H,"A","Annual","CN","China","B","Payment systems, retail","CN4P","CUPS","H","Direct participants, Payment systems, CCPs and SSSs","A","All users","E","End of period","0","373","Pure Number","0","Units","","7","",,L,,L,,L,,L,,L,,L,,L
CPMI_PARTICIPANTS:A:CN:B:CN4P:L,"A","Annual","CN","China","B","Payment systems, retail","CN4P","CUPS","L","Direct participants, Other","A","All users","E","End of period","0","373","Pure Number","0","Units","","7","",,L,,L,,L,,L,,L,,L,,L
CPMI_PARTICIPANTS:A:CN:B:CN4P:Z,"A","Annual","CN","China","B","Payment systems, retail","CN4P","CUPS","Z","Indirect participants","A","All users","E","End of period","0","373","Pure Number","0","Units","","7","",,L,,L,,L,,L,,L,,L,,L
CPMI_PARTICIPANTS:A:CN:C:CN5P:A,"A","Annual","CN","China","C","Payment systems, fast payments","CN5P","IBPS","A","All","A","All users","E","End of period","0","373","Pure Number","0","Units","","7","",119,A,132,A,138,A,153,A,195,A,275,A,290,A
CPMI_PARTICIPANTS:A:CN:C:CN5P:B,"A","Annual","CN","China","C","Payment systems, fast payments","CN5P","IBPS","B","Direct participants, Banks","A","All users","E","End of period","0","373","Pure Number","0","Units","","7","",119,A,132,A,138,A,153,A,174,A,189,A,199,A
CPMI_PARTICIPANTS:A:CN:C:CN5P:C,"A","Annual","CN","China","C","Payment systems, fast payments","CN5P","IBPS","C","Direct participants, Central bank","A","All users","E","End of period","0","373","Pure Number","0","Units","","7","",0,A,0,A,0,A,0,A,0,A,0,A,0,A
CPMI_PARTICIPANTS:A:CN:C:CN5P:D,"A","Annual","CN","China","C","Payment systems, fast payments","CN5P","IBPS","D","Direct participants, all","A","All users","E","End of period","0","373","Pure Number","0","Units","","7","",119,A,132,A,138,A,153,A,174,A,189,A,199,A
CPMI_PARTICIPANTS:A:CN:C:CN5P:F,"A","Annual","CN","China","C","Payment systems, fast payments","CN5P","IBPS","F","Direct participants, Government","A","All users","E","End of period","0","373","Pure Number","0","Units","","7","",0,A,0,A,0,A,0,A,0,A,0,A,0,A
CPMI_PARTICIPANTS:A:CN:C:CN5P:G,"A","Annual","CN","China","C","Payment systems, fast payments","CN5P","IBPS","G","Direct participants, Postal institution","A","All users","E","End of period","0","373","Pure Number","0","Units","","7","",0,A,0,A,0,A,0,A,0,A,0,A,0,A
CPMI_PARTICIPANTS:A:CN:C:CN5P:H,"A","Annual","CN","China","C","Payment systems, fast payments","CN5P","IBPS","H","Direct participants, Payment systems, CCPs and SSSs","A","All users","E","End of period","0","373","Pure Number","0","Units","","7","",0,A,0,A,0,A,0,A,0,A,0,A,0,A
CPMI_PARTICIPANTS:A:CN:C:CN5P:L,"A","Annual","CN","China","C","Payment systems, fast payments","CN5P","IBPS","L","Direct participants, Other","A","All users","E","End of period","0","373","Pure Number","0","Units","","7","",0,A,0,A,0,A,0,A,0,A,0,A,0,A
CPMI_PARTICIPANTS:A:CN:C:CN5P:Z,"A","Annual","CN","China","C","Payment systems, fast payments","CN5P","IBPS","Z","Indirect participants","A","All users","E","End of period","0","373","Pure Number","0","Units","","7","",0,A,0,A,0,A,0,A,21,A,86,A,91,A
CPMI_PARTICIPANTS:A:CN:S:SWFT:0,"A","Annual","CN","China","S","Swift","SWFT","Swift","0","Members","A","All users","E","End of period","0","373","Pure Number","0","Units","","10","",49,A,50,A,51,A,52,A,52,A,53,A,53,A
CPMI_PARTICIPANTS:A:CN:S:SWFT:1,"A","Annual","CN","China","S","Swift","SWFT","Swift","1","Sub-members","A","All users","E","End of period","0","373","Pure Number","0","Units","","10","",129,A,131,A,135,A,146,A,149,A,153,A,154,A
CPMI_PARTICIPANTS:A:CN:S:SWFT:A,"A","Annual","CN","China","S","Swift","SWFT","Swift","A","All","A","All users","E","End of period","0","373","Pure Number","0","Units","","10","",314,A,347,A,362,A,421,A,459,A,484,A,510,A
CPMI_PARTICIPANTS:A:CN:U:CN1C:B,"A","Annual","CN","China","U","Central counterparties/clearing houses","CN1C","SD&C","B","Direct participants, Banks","A","All users","E","End of period","0","373","Pure Number","0","Units","","12","",27,A,28,A,39,A,40,A,40,A,40,A,41,A
CPMI_PARTICIPANTS:A:CN:U:CN1C:C,"A","Annual","CN","China","U","Central counterparties/clearing houses","CN1C","SD&C","C","Direct participants, Central bank","A","All users","E","End of period","0","373","Pure Number","0","Units","","12","",,L,,L,,L,,L,,L,,L,,L
CPMI_PARTICIPANTS:A:CN:U:CN1C:D,"A","Annual","CN","China","U","Central counterparties/clearing houses","CN1C","SD&C","D","Direct participants, all","A","All users","E","End of period","0","373","Pure Number","0","Units","","12","",223,A,226,A,230,A,251,A,256,A,264,A,261,A
CPMI_PARTICIPANTS:A:CN:U:CN1C:I,"A","Annual","CN","China","U","Central counterparties/clearing houses","CN1C","SD&C","I","Direct participants, CCPs/Other CCPs","A","All users","E","End of period","0","373","Pure Number","0","Units","","12","",,L,,L,,L,,L,,L,,L,,L
CPMI_PARTICIPANTS:A:CN:U:CN1C:L,"A","Annual","CN","China","U","Central counterparties/clearing houses","CN1C","SD&C","L","Direct participants, Other","A","All users","E","End of period","0","373","Pure Number","0","Units","","12","",,L,,L,,L,,L,,L,224,A,220,A
CPMI_PARTICIPANTS:A:CN:U:CN1C:N,"A","Annual","CN","China","U","Central counterparties/clearing houses","CN1C","SD&C","N","Direct participants, domestic","A","All users","E","End of period","0","373","Pure Number","0","Units","","12","",161,A,164,A,168,A,189,A,194,A,198,A,195,A
CPMI_PARTICIPANTS:A:CN:U:CN1C:O,"A","Annual","CN","China","U","Central counterparties/clearing houses","CN1C","SD&C","O","Direct participants, domestic, Banks","A","All users","E","End of period","0","373","Pure Number","0","Units","","12","",23,A,24,A,31,A,32,A,32,A,32,A,33,A
CPMI_PARTICIPANTS:A:CN:U:CN1C:P,"A","Annual","CN","China","U","Central counterparties/clearing houses","CN1C","SD&C","P","Direct participants, domestic, Central banks","A","All users","E","End of period","0","373","Pure Number","0","Units","","12","",,L,,L,,L,,L,,L,,L,,L
CPMI_PARTICIPANTS:A:CN:U:CN1C:Q,"A","Annual","CN","China","U","Central counterparties/clearing houses","CN1C","SD&C","Q","Direct participants, domestic, CCPs/Other CCPs","A","All users","E","End of period","0","373","Pure Number","0","Units","","12","",,L,,L,,L,,L,,L,,L,,L
CPMI_PARTICIPANTS:A:CN:U:CN1C:S,"A","Annual","CN","China","U","Central counterparties/clearing houses","CN1C","SD&C","S","Direct participants, domestic, Other","A","All users","E","End of period","0","373","Pure Number","0","Units","","12","",,L,,L,,L,,L,,L,166,A,162,A
CPMI_PARTICIPANTS:A:CN:U:CN1C:T,"A","Annual","CN","China","U","Central counterparties/clearing houses","CN1C","SD&C","T","Direct participants, foreign","A","All users","E","End of period","0","373","Pure Number","0","Units","","12","",62,A,62,A,62,A,62,A,62,A,66,A,66,A
CPMI_PARTICIPANTS:A:CN:U:CN1C:U,"A","Annual","CN","China","U","Central counterparties/clearing houses","CN1C","SD&C","U","Direct participants, foreign, Banks","A","All users","E","End of period","0","373","Pure Number","0","Units","","12","",4,A,4,A,8,A,8,A,8,A,8,A,8,A
CPMI_PARTICIPANTS:A:CN:U:CN1C:V,"A","Annual","CN","China","U","Central counterparties/clearing houses","CN1C","SD&C","V","Direct participants, foreign, Central banks","A","All users","E","End of period","0","373","Pure Number","0","Units","","12","",,L,,L,,L,,L,,L,,L,,L
CPMI_PARTICIPANTS:A:CN:U:CN1C:W,"A","Annual","CN","China","U","Central counterparties/clearing houses","CN1C","SD&C","W","Direct participants, foreign, CCPs/Other CCPs","A","All users","E","End of period","0","373","Pure Number","0","Units","","12","",,L,,L,,L,,L,,L,,L,,L
CPMI_PARTICIPANTS:A:CN:U:CN1C:Y,"A","Annual","CN","China","U","Central counterparties/clearing houses","CN1C","SD&C","Y","Direct participants, foreign, Other","A","All users","E","End of period","0","373","Pure Number","0","Units","","12","",,L,,L,,L,,L,,L,58,A,58,A
CPMI_PARTICIPANTS:A:CN:V:CN1S:B,"A","Annual","CN","China","V","Central securities depositories","CN1S","SD&C","B","Direct participants, Banks","A","All users","E","End of period","0","373","Pure Number","0","Units","","15","",,M,,M,,M,,M,,M,,M,,M
CPMI_PARTICIPANTS:A:CN:V:CN1S:C,"A","Annual","CN","China","V","Central securities depositories","CN1S","SD&C","C","Direct participants, Central bank","A","All users","E","End of period","0","373","Pure Number","0","Units","","15","",,M,,M,,M,,M,,M,,M,,M
CPMI_PARTICIPANTS:A:CN:V:CN1S:D,"A","Annual","CN","China","V","Central securities depositories","CN1S","SD&C","D","Direct participants, all","A","All users","E","End of period","0","373","Pure Number","0","Units","","15","",,M,,M,,M,,M,,M,,M,,M
CPMI_PARTICIPANTS:A:CN:V:CN1S:I,"A","Annual","CN","China","V","Central securities depositories","CN1S","SD&C","I","Direct participants, CCPs/Other CCPs","A","All users","E","End of period","0","373","Pure Number","0","Units","","15","",,M,,M,,M,,M,,M,,M,,M
CPMI_PARTICIPANTS:A:CN:V:CN1S:J,"A","Annual","CN","China","V","Central securities depositories","CN1S","SD&C","J","Direct participants, CSDs","A","All users","E","End of period","0","373","Pure Number","0","Units","","15","",,M,,M,,M,,M,,M,,M,,M
CPMI_PARTICIPANTS:A:CN:V:CN1S:L,"A","Annual","CN","China","V","Central securities depositories","CN1S","SD&C","L","Direct participants, Other","A","All users","E","End of period","0","373","Pure Number","0","Units","","15","",,M,,M,,M,,M,,M,,M,,M
CPMI_PARTICIPANTS:A:CN:V:CN1S:N,"A","Annual","CN","China","V","Central securities depositories","CN1S","SD&C","N","Direct participants, domestic","A","All users","E","End of period","0","373","Pure Number","0","Units","","15","",,M,,M,,M,,M,,M,,M,,M
CPMI_PARTICIPANTS:A:CN:V:CN1S:O,"A","Annual","CN","China","V","Central securities depositories","CN1S","SD&C","O","Direct participants, domestic, Banks","A","All users","E","End of period","0","373","Pure Number","0","Units","","15","",,M,,M,,M,,M,,M,,M,,M
CPMI_PARTICIPANTS:A:CN:V:CN1S:P,"A","Annual","CN","China","V","Central securities depositories","CN1S","SD&C","P","Direct participants, domestic, Central banks","A","All users","E","End of period","0","373","Pure Number","0","Units","","15","",,M,,M,,M,,M,,M,,M,,M
CPMI_PARTICIPANTS:A:CN:V:CN1S:Q,"A","Annual","CN","China","V","Central securities depositories","CN1S","SD&C","Q","Direct participants, domestic, CCPs/Other CCPs","A","All users","E","End of period","0","373","Pure Number","0","Units","","15","",,M,,M,,M,,M,,M,,M,,M
CPMI_PARTICIPANTS:A:CN:V:CN1S:R,"A","Annual","CN","China","V","Central securities depositories","CN1S","SD&C","R","Direct participants, domestic, CSDs","A","All users","E","End of period","0","373","Pure Number","0","Units","","15","",,M,,M,,M,,M,,M,,M,,M
CPMI_PARTICIPANTS:A:CN:V:CN1S:S,"A","Annual","CN","China","V","Central securities depositories","CN1S","SD&C","S","Direct participants, domestic, Other","A","All users","E","End of period","0","373","Pure Number","0","Units","","15","",,M,,M,,M,,M,,M,,M,,M
CPMI_PARTICIPANTS:A:CN:V:CN1S:T,"A","Annual","CN","China","V","Central securities depositories","CN1S","SD&C","T","Direct participants, foreign","A","All users","E","End of period","0","373","Pure Number","0","Units","","15","",,M,,M,,M,,M,,M,,M,,M
CPMI_PARTICIPANTS:A:CN:V:CN1S:U,"A","Annual","CN","China","V","Central securities depositories","CN1S","SD&C","U","Direct participants, foreign, Banks","A","All users","E","End of period","0","373","Pure Number","0","Units","","15","",,M,,M,,M,,M,,M,,M,,M
CPMI_PARTICIPANTS:A:CN:V:CN1S:V,"A","Annual","CN","China","V","Central securities depositories","CN1S","SD&C","V","Direct participants, foreign, Central banks","A","All users","E","End of period","0","373","Pure Number","0","Units","","15","",,M,,M,,M,,M,,M,,M,,M
CPMI_PARTICIPANTS:A:CN:V:CN1S:W,"A","Annual","CN","China","V","Central securities depositories","CN1S","SD&C","W","Direct participants, foreign, CCPs/Other CCPs","A","All users","E","End of period","0","373","Pure Number","0","Units","","15","",,M,,M,,M,,M,,M,,M,,M
CPMI_PARTICIPANTS:A:CN:V:CN1S:X,"A","Annual","CN","China","V","Central securities depositories","CN1S","SD&C","X","Direct participants, foreign,CSDs","A","All users","E","End of period","0","373","Pure Number","0","Units","","15","",,M,,M,,M,,M,,M,,M,,M
CPMI_PARTICIPANTS:A:CN:V:CN1S:Y,"A","Annual","CN","China","V","Central securities depositories","CN1S","SD&C","Y","Direct participants, foreign, Other","A","All users","E","End of period","0","373","Pure Number","0","Units","","15","",,M,,M,,M,,M,,M,,M,,M
CPMI_PARTICIPANTS:A:CN:V:CN2S:B,"A","Annual","CN","China","V","Central securities depositories","CN2S","CDC depository and settlement system","B","Direct participants, Banks","A","All users","E","End of period","0","373","Pure Number","0","Units","","15","",601,A,602,A,658,A,846,A,1127,A,1327,A,1463,A
CPMI_PARTICIPANTS:A:CN:V:CN2S:C,"A","Annual","CN","China","V","Central securities depositories","CN2S","CDC depository and settlement system","C","Direct participants, Central bank","A","All users","E","End of period","0","373","Pure Number","0","Units","","15","",16,A,26,A,31,A,39,A,59,A,66,A,71,A
CPMI_PARTICIPANTS:A:CN:V:CN2S:D,"A","Annual","CN","China","V","Central securities depositories","CN2S","CDC depository and settlement system","D","Direct participants, all","A","All users","E","End of period","0","373","Pure Number","0","Units","","15","",12415,A,6075,A,6681,A,10018,A,15300,A,18741,A,20345,A
CPMI_PARTICIPANTS:A:CN:V:CN2S:I,"A","Annual","CN","China","V","Central securities depositories","CN2S","CDC depository and settlement system","I","Direct participants, CCPs/Other CCPs","A","All users","E","End of period","0","373","Pure Number","0","Units","","15","",0,A,1,A,1,A,1,A,1,A,1,A,1,A
CPMI_PARTICIPANTS:A:CN:V:CN2S:J,"A","Annual","CN","China","V","Central securities depositories","CN2S","CDC depository and settlement system","J","Direct participants, CSDs","A","All users","E","End of period","0","373","Pure Number","0","Units","","15","",2,A,2,A,2,A,2,A,3,A,4,A,4,A
CPMI_PARTICIPANTS:A:CN:V:CN2S:L,"A","Annual","CN","China","V","Central securities depositories","CN2S","CDC depository and settlement system","L","Direct participants, Other","A","All users","E","End of period","0","373","Pure Number","0","Units","","15","",11796,A,5444,A,5989,A,9130,A,14110,A,17343,A,18806,A
CPMI_PARTICIPANTS:A:CN:V:CN2S:N,"A","Annual","CN","China","V","Central securities depositories","CN2S","CDC depository and settlement system","N","Direct participants, domestic","A","All users","E","End of period","0","373","Pure Number","0","Units","","15","",12332,A,5963,A,6498,A,9711,A,14888,A,18121,A,19576,A
CPMI_PARTICIPANTS:A:CN:V:CN2S:O,"A","Annual","CN","China","V","Central securities depositories","CN2S","CDC depository and settlement system","O","Direct participants, domestic, Banks","A","All users","E","End of period","0","373","Pure Number","0","Units","","15","",557,A,546,A,591,A,763,A,1030,A,1220,A,1352,A
CPMI_PARTICIPANTS:A:CN:V:CN2S:P,"A","Annual","CN","China","V","Central securities depositories","CN2S","CDC depository and settlement system","P","Direct participants, domestic, Central banks","A","All users","E","End of period","0","373","Pure Number","0","Units","","15","",2,A,2,A,2,A,2,A,2,A,2,A,2,A
CPMI_PARTICIPANTS:A:CN:V:CN2S:Q,"A","Annual","CN","China","V","Central securities depositories","CN2S","CDC depository and settlement system","Q","Direct participants, domestic, CCPs/Other CCPs","A","All users","E","End of period","0","373","Pure Number","0","Units","","15","",0,A,1,A,1,A,1,A,1,A,1,A,1,A
CPMI_PARTICIPANTS:A:CN:V:CN2S:R,"A","Annual","CN","China","V","Central securities depositories","CN2S","CDC depository and settlement system","R","Direct participants, domestic, CSDs","A","All users","E","End of period","0","373","Pure Number","0","Units","","15","",2,A,2,A,2,A,2,A,3,A,3,A,3,A
CPMI_PARTICIPANTS:A:CN:V:CN2S:S,"A","Annual","CN","China","V","Central securities depositories","CN2S","CDC depository and settlement system","S","Direct participants, domestic, Other","A","All users","E","End of period","0","373","Pure Number","0","Units","","15","",11771,A,5412,A,5902,A,8943,A,13852,A,16895,A,18218,A
CPMI_PARTICIPANTS:A:CN:V:CN2S:T,"A","Annual","CN","China","V","Central securities depositories","CN2S","CDC depository and settlement system","T","Direct participants, foreign","A","All users","E","End of period","0","373","Pure Number","0","Units","","15","",83,A,112,A,183,A,307,A,412,A,620,A,769,A
CPMI_PARTICIPANTS:A:CN:V:CN2S:U,"A","Annual","CN","China","V","Central securities depositories","CN2S","CDC depository and settlement system","U","Direct participants, foreign, Banks","A","All users","E","End of period","0","373","Pure Number","0","Units","","15","",44,A,56,A,67,A,83,A,97,A,107,A,111,A
CPMI_PARTICIPANTS:A:CN:V:CN2S:V,"A","Annual","CN","China","V","Central securities depositories","CN2S","CDC depository and settlement system","V","Direct participants, foreign, Central banks","A","All users","E","End of period","0","373","Pure Number","0","Units","","15","",14,A,24,A,29,A,37,A,57,A,64,A,69,A
CPMI_PARTICIPANTS:A:CN:V:CN2S:W,"A","Annual","CN","China","V","Central securities depositories","CN2S","CDC depository and settlement system","W","Direct participants, foreign, CCPs/Other CCPs","A","All users","E","End of period","0","373","Pure Number","0","Units","","15","",0,A,0,A,0,A,0,A,0,A,0,A,0,A
CPMI_PARTICIPANTS:A:CN:V:CN2S:X,"A","Annual","CN","China","V","Central securities depositories","CN2S","CDC depository and settlement system","X","Direct participants, foreign,CSDs","A","All users","E","End of period","0","373","Pure Number","0","Units","","15","",0,A,0,A,0,A,0,A,0,A,1,A,1,A
CPMI_PARTICIPANTS:A:CN:V:CN2S:Y,"A","Annual","CN","China","V","Central securities depositories","CN2S","CDC depository and settlement system","Y","Direct participants, foreign, Other","A","All users","E","End of period","0","373","Pure Number","0","Units","","15","",25,A,32,A,87,A,187,A,258,A,448,A,588,A
CPMI_PARTICIPANTS:A:DE:A:DE1P:A,"A","Annual","DE","Germany","A","Payment systems, large-value","DE1P","TARGET2-BBk","A","All","A","All users","E","End of period","0","373","Pure Number","0","Units","","7","",2744,A,874,A,944,A,865,A,989,A,959,A,941,A
CPMI_PARTICIPANTS:A:DE:A:DE1P:B,"A","Annual","DE","Germany","A","Payment systems, large-value","DE1P","TARGET2-BBk","B","Direct participants, Banks","A","All users","E","End of period","0","373","Pure Number","0","Units","","7","",276,A,637,A,712,A,713,A,842,A,810,A,796,A
CPMI_PARTICIPANTS:A:DE:A:DE1P:C,"A","Annual","DE","Germany","A","Payment systems, large-value","DE1P","TARGET2-BBk","C","Direct participants, Central bank","A","All users","E","End of period","0","373","Pure Number","0","Units","","7","",1,A,1,A,1,A,1,A,1,A,1,A,1,A
CPMI_PARTICIPANTS:A:DE:A:DE1P:D,"A","Annual","DE","Germany","A","Payment systems, large-value","DE1P","TARGET2-BBk","D","Direct participants, all","A","All users","E","End of period","0","373","Pure Number","0","Units","When the transition period ended in 2013, many formerly indirect participants decided to participate directly.","7","",283,A,644,A,719,A,719,A,848,A,816,A,802,A
CPMI_PARTICIPANTS:A:DE:A:DE1P:F,"A","Annual","DE","Germany","A","Payment systems, large-value","DE1P","TARGET2-BBk","F","Direct participants, Government","A","All users","E","End of period","0","373","Pure Number","0","Units","","7","",0,A,0,A,0,A,0,A,0,A,0,A,0,A
CPMI_PARTICIPANTS:A:DE:A:DE1P:G,"A","Annual","DE","Germany","A","Payment systems, large-value","DE1P","TARGET2-BBk","G","Direct participants, Postal institution","A","All users","E","End of period","0","373","Pure Number","0","Units","","7","",0,A,0,A,0,A,0,A,0,A,0,A,0,A
CPMI_PARTICIPANTS:A:DE:A:DE1P:H,"A","Annual","DE","Germany","A","Payment systems, large-value","DE1P","TARGET2-BBk","H","Direct participants, Payment systems, CCPs and SSSs","A","All users","E","End of period","0","373","Pure Number","0","Units","","7","",6,A,6,A,6,A,5,A,5,A,5,A,5,A
CPMI_PARTICIPANTS:A:DE:A:DE1P:L,"A","Annual","DE","Germany","A","Payment systems, large-value","DE1P","TARGET2-BBk","L","Direct participants, Other","A","All users","E","End of period","0","373","Pure Number","0","Units","","7","",0,A,0,A,0,A,0,A,0,A,0,A,0,A
CPMI_PARTICIPANTS:A:DE:A:DE1P:Z,"A","Annual","DE","Germany","A","Payment systems, large-value","DE1P","TARGET2-BBk","Z","Indirect participants","A","All users","E","End of period","0","373","Pure Number","0","Units","When the transition period ended in 2013, many formerly indirect participants decided to participate directly.","7","",2461,A,230,A,225,A,146,A,141,A,143,A,139,A
CPMI_PARTICIPANTS:A:DE:B:DE3P:A,"A","Annual","DE","Germany","B","Payment systems, retail","DE3P","RPS","A","All","A","All users","E","End of period","0","373","Pure Number","0","Units","","7","",204,A,207,A,175,A,182,A,187,A,194,A,186,A
CPMI_PARTICIPANTS:A:DE:B:DE3P:B,"A","Annual","DE","Germany","B","Payment systems, retail","DE3P","RPS","B","Direct participants, Banks","A","All users","E","End of period","0","373","Pure Number","0","Units","","7","",203,A,201,A,171,A,178,A,181,A,188,A,180,A
CPMI_PARTICIPANTS:A:DE:B:DE3P:C,"A","Annual","DE","Germany","B","Payment systems, retail","DE3P","RPS","C","Direct participants, Central bank","A","All users","E","End of period","0","373","Pure Number","0","Units","","7","",1,A,1,A,4,A,4,A,6,A,6,A,6,A
CPMI_PARTICIPANTS:A:DE:B:DE3P:D,"A","Annual","DE","Germany","B","Payment systems, retail","DE3P","RPS","D","Direct participants, all","A","All users","E","End of period","0","373","Pure Number","0","Units","After a revision of the definition of a participant, ""Other direct participants"" are no longer shown, as the links to them exist outside the normal EMZ participation agreements.","7","",204,A,207,A,175,A,182,A,187,A,194,A,186,A
CPMI_PARTICIPANTS:A:DE:B:DE3P:F,"A","Annual","DE","Germany","B","Payment systems, retail","DE3P","RPS","F","Direct participants, Government","A","All users","E","End of period","0","373","Pure Number","0","Units","","7","",0,A,0,A,0,A,0,A,0,A,0,A,0,A
CPMI_PARTICIPANTS:A:DE:B:DE3P:G,"A","Annual","DE","Germany","B","Payment systems, retail","DE3P","RPS","G","Direct participants, Postal institution","A","All users","E","End of period","0","373","Pure Number","0","Units","","7","",0,A,0,A,0,A,0,A,0,A,0,A,0,A
CPMI_PARTICIPANTS:A:DE:B:DE3P:H,"A","Annual","DE","Germany","B","Payment systems, retail","DE3P","RPS","H","Direct participants, Payment systems, CCPs and SSSs","A","All users","E","End of period","0","373","Pure Number","0","Units","","7","",0,A,5,A,0,A,0,A,0,A,0,A,0,A
CPMI_PARTICIPANTS:A:DE:B:DE3P:L,"A","Annual","DE","Germany","B","Payment systems, retail","DE3P","RPS","L","Direct participants, Other","A","All users","E","End of period","0","373","Pure Number","0","Units","","7","",0,A,0,A,0,A,0,A,0,A,0,A,0,A
CPMI_PARTICIPANTS:A:DE:B:DE3P:Z,"A","Annual","DE","Germany","B","Payment systems, retail","DE3P","RPS","Z","Indirect participants","A","All users","E","End of period","0","373","Pure Number","0","Units","","7","",0,A,0,A,0,A,0,A,0,A,0,A,0,A
CPMI_PARTICIPANTS:A:DE:B:DE4P:A,"A","Annual","DE","Germany","B","Payment systems, retail","DE4P","STEP2 Card Clearing","A","All","A","All users","E","End of period","0","373","Pure Number","0","Units","","7","",,,,,,,,,2041,A,2041,A,2032,A
CPMI_PARTICIPANTS:A:DE:B:DE4P:B,"A","Annual","DE","Germany","B","Payment systems, retail","DE4P","STEP2 Card Clearing","B","Direct participants, Banks","A","All users","E","End of period","0","373","Pure Number","0","Units","","7","",,,,,,,,,7,A,7,A,7,A
CPMI_PARTICIPANTS:A:DE:B:DE4P:C,"A","Annual","DE","Germany","B","Payment systems, retail","DE4P","STEP2 Card Clearing","C","Direct participants, Central bank","A","All users","E","End of period","0","373","Pure Number","0","Units","","7","",,,,,,,,,,L,,L,,
CPMI_PARTICIPANTS:A:DE:B:DE4P:D,"A","Annual","DE","Germany","B","Payment systems, retail","DE4P","STEP2 Card Clearing","D","Direct participants, all","A","All users","E","End of period","0","373","Pure Number","0","Units","","7","",,,,,,,,,7,A,7,A,7,A
CPMI_PARTICIPANTS:A:DE:B:DE4P:F,"A","Annual","DE","Germany","B","Payment systems, retail","DE4P","STEP2 Card Clearing","F","Direct participants, Government","A","All users","E","End of period","0","373","Pure Number","0","Units","","7","",,,,,,,,,,L,,L,,
CPMI_PARTICIPANTS:A:DE:B:DE4P:G,"A","Annual","DE","Germany","B","Payment systems, retail","DE4P","STEP2 Card Clearing","G","Direct participants, Postal institution","A","All users","E","End of period","0","373","Pure Number","0","Units","","7","",,,,,,,,,,L,,L,,
CPMI_PARTICIPANTS:A:DE:B:DE4P:H,"A","Annual","DE","Germany","B","Payment systems, retail","DE4P","STEP2 Card Clearing","H","Direct participants, Payment systems, CCPs and SSSs","A","All users","E","End of period","0","373","Pure Number","0","Units","","7","",,,,,,,,,,L,,L,,
CPMI_PARTICIPANTS:A:DE:B:DE4P:L,"A","Annual","DE","Germany","B","Payment systems, retail","DE4P","STEP2 Card Clearing","L","Direct participants, Other","A","All users","E","End of period","0","373","Pure Number","0","Units","","7","",,,,,,,,,,L,,L,,
CPMI_PARTICIPANTS:A:DE:B:DE4P:Z,"A","Annual","DE","Germany","B","Payment systems, retail","DE4P","STEP2 Card Clearing","Z","Indirect participants","A","All users","E","End of period","0","373","Pure Number","0","Units","","7","",,,,,,,,,2034,A,2034,A,2025,A
CPMI_PARTICIPANTS:A:DE:S:SWFT:0,"A","Annual","DE","Germany","S","Swift","SWFT","Swift","0","Members","A","All users","E","End of period","0","373","Pure Number","0","Units","","10","",109,A,109,A,109,A,113,A,111,A,109,A,114,A
CPMI_PARTICIPANTS:A:DE:S:SWFT:1,"A","Annual","DE","Germany","S","Swift","SWFT","Swift","1","Sub-members","A","All users","E","End of period","0","373","Pure Number","0","Units","","10","",116,A,118,A,116,A,117,A,118,A,121,A,129,A
CPMI_PARTICIPANTS:A:DE:S:SWFT:A,"A","Annual","DE","Germany","S","Swift","SWFT","Swift","A","All","A","All users","E","End of period","0","373","Pure Number","0","Units","","10","",435,A,449,A,457,A,484,A,518,A,520,A,552,A
CPMI_PARTICIPANTS:A:DE:U:DE2C:B,"A","Annual","DE","Germany","U","Central counterparties/clearing houses","DE2C","Eurex clearing AG","B","Direct participants, Banks","A","All users","E","End of period","0","373","Pure Number","0","Units","","12","",160,A,172,A,180,A,182,A,186,A,179,A,198,A
CPMI_PARTICIPANTS:A:DE:U:DE2C:C,"A","Annual","DE","Germany","U","Central counterparties/clearing houses","DE2C","Eurex clearing AG","C","Direct participants, Central bank","A","All users","E","End of period","0","373","Pure Number","0","Units","","12","",3,A,3,A,3,A,4,A,4,A,4,A,4,A
CPMI_PARTICIPANTS:A:DE:U:DE2C:D,"A","Annual","DE","Germany","U","Central counterparties/clearing houses","DE2C","Eurex clearing AG","D","Direct participants, all","A","All users","E","End of period","0","373","Pure Number","0","Units","Eurex Clearing AG acts as central counterparty for Eurex Deutschland, Eurex Zuerich, Eurex Bonds, Eurex Repo, Frankfurter Wertpapierboerse and the Irish Stock Exchange.","12","",163,A,175,A,183,A,186,A,195,A,190,A,209,A
CPMI_PARTICIPANTS:A:DE:U:DE2C:I,"A","Annual","DE","Germany","U","Central counterparties/clearing houses","DE2C","Eurex clearing AG","I","Direct participants, CCPs/Other CCPs","A","All users","E","End of period","0","373","Pure Number","0","Units","","12","",0,A,0,A,0,A,0,A,0,A,0,A,0,A
CPMI_PARTICIPANTS:A:DE:U:DE2C:L,"A","Annual","DE","Germany","U","Central counterparties/clearing houses","DE2C","Eurex clearing AG","L","Direct participants, Other","A","All users","E","End of period","0","373","Pure Number","0","Units","","12","",0,A,0,A,0,A,0,A,5,A,7,A,7,A
CPMI_PARTICIPANTS:A:DE:U:DE2C:N,"A","Annual","DE","Germany","U","Central counterparties/clearing houses","DE2C","Eurex clearing AG","N","Direct participants, domestic","A","All users","E","End of period","0","373","Pure Number","0","Units","","12","",62,A,63,A,63,A,64,A,63,A,59,A,70,A
CPMI_PARTICIPANTS:A:DE:U:DE2C:O,"A","Annual","DE","Germany","U","Central counterparties/clearing houses","DE2C","Eurex clearing AG","O","Direct participants, domestic, Banks","A","All users","E","End of period","0","373","Pure Number","0","Units","","12","",61,A,62,A,62,A,63,A,61,A,56,A,67,A
CPMI_PARTICIPANTS:A:DE:U:DE2C:P,"A","Annual","DE","Germany","U","Central counterparties/clearing houses","DE2C","Eurex clearing AG","P","Direct participants, domestic, Central banks","A","All users","E","End of period","0","373","Pure Number","0","Units","","12","",1,A,1,A,1,A,1,A,1,A,1,A,1,A
CPMI_PARTICIPANTS:A:DE:U:DE2C:Q,"A","Annual","DE","Germany","U","Central counterparties/clearing houses","DE2C","Eurex clearing AG","Q","Direct participants, domestic, CCPs/Other CCPs","A","All users","E","End of period","0","373","Pure Number","0","Units","","12","",0,A,0,A,0,A,0,A,0,A,0,A,0,A
CPMI_PARTICIPANTS:A:DE:U:DE2C:S,"A","Annual","DE","Germany","U","Central counterparties/clearing houses","DE2C","Eurex clearing AG","S","Direct participants, domestic, Other","A","All users","E","End of period","0","373","Pure Number","0","Units","","12","",0,A,0,A,0,A,0,A,1,A,2,A,2,A
CPMI_PARTICIPANTS:A:DE:U:DE2C:T,"A","Annual","DE","Germany","U","Central counterparties/clearing houses","DE2C","Eurex clearing AG","T","Direct participants, foreign","A","All users","E","End of period","0","373","Pure Number","0","Units","","12","",101,A,112,A,120,A,122,A,132,A,131,A,139,A
CPMI_PARTICIPANTS:A:DE:U:DE2C:U,"A","Annual","DE","Germany","U","Central counterparties/clearing houses","DE2C","Eurex clearing AG","U","Direct participants, foreign, Banks","A","All users","E","End of period","0","373","Pure Number","0","Units","","12","",99,A,110,A,118,A,119,A,125,A,123,A,131,A
CPMI_PARTICIPANTS:A:DE:U:DE2C:V,"A","Annual","DE","Germany","U","Central counterparties/clearing houses","DE2C","Eurex clearing AG","V","Direct participants, foreign, Central banks","A","All users","E","End of period","0","373","Pure Number","0","Units","","12","",2,A,2,A,2,A,3,A,3,A,3,A,3,A
CPMI_PARTICIPANTS:A:DE:U:DE2C:W,"A","Annual","DE","Germany","U","Central counterparties/clearing houses","DE2C","Eurex clearing AG","W","Direct participants, foreign, CCPs/Other CCPs","A","All users","E","End of period","0","373","Pure Number","0","Units","","12","",0,A,0,A,0,A,0,A,0,A,0,A,0,A
CPMI_PARTICIPANTS:A:DE:U:DE2C:Y,"A","Annual","DE","Germany","U","Central counterparties/clearing houses","DE2C","Eurex clearing AG","Y","Direct participants, foreign, Other","A","All users","E","End of period","0","373","Pure Number","0","Units","","12","",0,A,0,A,0,A,0,A,4,A,5,A,5,A
CPMI_PARTICIPANTS:A:DE:V:DE1S:B,"A","Annual","DE","Germany","V","Central securities depositories","DE1S","Clearstream Banking Frankfurt","B","Direct participants, Banks","A","All users","E","End of period","0","373","Pure Number","0","Units","","15","",295,A,251,A,243,A,223,A,210,A,248,A,276,A
CPMI_PARTICIPANTS:A:DE:V:DE1S:C,"A","Annual","DE","Germany","V","Central securities depositories","DE1S","Clearstream Banking Frankfurt","C","Direct participants, Central bank","A","All users","E","End of period","0","373","Pure Number","0","Units","","15","",2,A,2,A,2,A,2,A,2,A,2,A,2,A
CPMI_PARTICIPANTS:A:DE:V:DE1S:D,"A","Annual","DE","Germany","V","Central securities depositories","DE1S","Clearstream Banking Frankfurt","D","Direct participants, all","A","All users","E","End of period","0","373","Pure Number","0","Units","","15","",405,A,359,A,298,A,288,A,270,A,302,A,330,A
CPMI_PARTICIPANTS:A:DE:V:DE1S:I,"A","Annual","DE","Germany","V","Central securities depositories","DE1S","Clearstream Banking Frankfurt","I","Direct participants, CCPs/Other CCPs","A","All users","E","End of period","0","373","Pure Number","0","Units","","15","",3,A,2,A,2,A,2,A,2,A,4,A,4,A
CPMI_PARTICIPANTS:A:DE:V:DE1S:J,"A","Annual","DE","Germany","V","Central securities depositories","DE1S","Clearstream Banking Frankfurt","J","Direct participants, CSDs","A","All users","E","End of period","0","373","Pure Number","0","Units","","15","",11,A,14,A,11,A,10,A,10,A,10,A,9,A
CPMI_PARTICIPANTS:A:DE:V:DE1S:L,"A","Annual","DE","Germany","V","Central securities depositories","DE1S","Clearstream Banking Frankfurt","L","Direct participants, Other","A","All users","E","End of period","0","373","Pure Number","0","Units","","15","",94,A,90,A,40,A,51,A,46,A,38,A,39,A
CPMI_PARTICIPANTS:A:DE:V:DE1S:N,"A","Annual","DE","Germany","V","Central securities depositories","DE1S","Clearstream Banking Frankfurt","N","Direct participants, domestic","A","All users","E","End of period","0","373","Pure Number","0","Units","","15","",199,A,182,A,179,A,169,A,164,A,157,A,153,A
CPMI_PARTICIPANTS:A:DE:V:DE1S:O,"A","Annual","DE","Germany","V","Central securities depositories","DE1S","Clearstream Banking Frankfurt","O","Direct participants, domestic, Banks","A","All users","E","End of period","0","373","Pure Number","0","Units","","15","",158,A,145,A,154,A,132,A,129,A,126,A,122,A
CPMI_PARTICIPANTS:A:DE:V:DE1S:P,"A","Annual","DE","Germany","V","Central securities depositories","DE1S","Clearstream Banking Frankfurt","P","Direct participants, domestic, Central banks","A","All users","E","End of period","0","373","Pure Number","0","Units","","15","",1,A,1,A,1,A,1,A,1,A,1,A,1,A
CPMI_PARTICIPANTS:A:DE:V:DE1S:Q,"A","Annual","DE","Germany","V","Central securities depositories","DE1S","Clearstream Banking Frankfurt","Q","Direct participants, domestic, CCPs/Other CCPs","A","All users","E","End of period","0","373","Pure Number","0","Units","","15","",2,A,2,A,2,A,2,A,2,A,2,A,2,A
CPMI_PARTICIPANTS:A:DE:V:DE1S:R,"A","Annual","DE","Germany","V","Central securities depositories","DE1S","Clearstream Banking Frankfurt","R","Direct participants, domestic, CSDs","A","All users","E","End of period","0","373","Pure Number","0","Units","","15","",0,A,0,A,0,A,0,A,0,A,0,A,0,A
CPMI_PARTICIPANTS:A:DE:V:DE1S:S,"A","Annual","DE","Germany","V","Central securities depositories","DE1S","Clearstream Banking Frankfurt","S","Direct participants, domestic, Other","A","All users","E","End of period","0","373","Pure Number","0","Units","","15","",38,A,34,A,22,A,34,A,32,A,28,A,28,A
CPMI_PARTICIPANTS:A:DE:V:DE1S:T,"A","Annual","DE","Germany","V","Central securities depositories","DE1S","Clearstream Banking Frankfurt","T","Direct participants, foreign","A","All users","E","End of period","0","373","Pure Number","0","Units","","15","",206,A,177,A,119,A,119,A,106,A,145,A,177,A
CPMI_PARTICIPANTS:A:DE:V:DE1S:U,"A","Annual","DE","Germany","V","Central securities depositories","DE1S","Clearstream Banking Frankfurt","U","Direct participants, foreign, Banks","A","All users","E","End of period","0","373","Pure Number","0","Units","","15","",137,A,106,A,89,A,91,A,81,A,122,A,154,A
CPMI_PARTICIPANTS:A:DE:V:DE1S:V,"A","Annual","DE","Germany","V","Central securities depositories","DE1S","Clearstream Banking Frankfurt","V","Direct participants, foreign, Central banks","A","All users","E","End of period","0","373","Pure Number","0","Units","","15","",1,A,1,A,1,A,1,A,1,A,1,A,1,A
CPMI_PARTICIPANTS:A:DE:V:DE1S:W,"A","Annual","DE","Germany","V","Central securities depositories","DE1S","Clearstream Banking Frankfurt","W","Direct participants, foreign, CCPs/Other CCPs","A","All users","E","End of period","0","373","Pure Number","0","Units","","15","",1,A,0,A,0,A,0,A,0,A,2,A,2,A
CPMI_PARTICIPANTS:A:DE:V:DE1S:X,"A","Annual","DE","Germany","V","Central securities depositories","DE1S","Clearstream Banking Frankfurt","X","Direct participants, foreign,CSDs","A","All users","E","End of period","0","373","Pure Number","0","Units","","15","",11,A,14,A,11,A,10,A,10,A,10,A,9,A
CPMI_PARTICIPANTS:A:DE:V:DE1S:Y,"A","Annual","DE","Germany","V","Central securities depositories","DE1S","Clearstream Banking Frankfurt","Y","Direct participants, foreign, Other","A","All users","E","End of period","0","373","Pure Number","0","Units","","15","",56,A,56,A,18,A,17,A,14,A,10,A,11,A
CPMI_PARTICIPANTS:A:ES:A:ES2P:A,"A","Annual","ES","Spain","A","Payment systems, large-value","ES2P","TARGET2-ES","A","All","A","All users","E","End of period","0","373","Pure Number","0","Units","","7","",191,A,182,A,179,A,175,A,167,A,155,A,152,P
CPMI_PARTICIPANTS:A:ES:A:ES2P:B,"A","Annual","ES","Spain","A","Payment systems, large-value","ES2P","TARGET2-ES","B","Direct participants, Banks","A","All users","E","End of period","0","373","Pure Number","0","Units","","7","",81,A,78,A,78,A,76,A,75,A,74,A,67,P
CPMI_PARTICIPANTS:A:ES:A:ES2P:C,"A","Annual","ES","Spain","A","Payment systems, large-value","ES2P","TARGET2-ES","C","Direct participants, Central bank","A","All users","E","End of period","0","373","Pure Number","0","Units","","7","",1,A,1,A,1,A,1,A,1,A,1,A,1,P
CPMI_PARTICIPANTS:A:ES:A:ES2P:D,"A","Annual","ES","Spain","A","Payment systems, large-value","ES2P","TARGET2-ES","D","Direct participants, all","A","All users","E","End of period","0","373","Pure Number","0","Units","","7","",101,A,96,A,95,A,92,A,89,A,83,A,77,P
CPMI_PARTICIPANTS:A:ES:A:ES2P:F,"A","Annual","ES","Spain","A","Payment systems, large-value","ES2P","TARGET2-ES","F","Direct participants, Government","A","All users","E","End of period","0","373","Pure Number","0","Units","","7","",1,A,1,A,0,A,0,A,0,A,0,A,0,P
CPMI_PARTICIPANTS:A:ES:A:ES2P:G,"A","Annual","ES","Spain","A","Payment systems, large-value","ES2P","TARGET2-ES","G","Direct participants, Postal institution","A","All users","E","End of period","0","373","Pure Number","0","Units","","7","",,M,,M,,M,,M,,M,,M,,M
CPMI_PARTICIPANTS:A:ES:A:ES2P:H,"A","Annual","ES","Spain","A","Payment systems, large-value","ES2P","TARGET2-ES","H","Direct participants, Payment systems, CCPs and SSSs","A","All users","E","End of period","0","373","Pure Number","0","Units","","7","",5,A,3,A,3,A,3,A,4,A,3,A,4,P
CPMI_PARTICIPANTS:A:ES:A:ES2P:L,"A","Annual","ES","Spain","A","Payment systems, large-value","ES2P","TARGET2-ES","L","Direct participants, Other","A","All users","E","End of period","0","373","Pure Number","0","Units","","7","",13,A,13,A,13,A,12,A,9,A,5,A,5,P
CPMI_PARTICIPANTS:A:ES:A:ES2P:Z,"A","Annual","ES","Spain","A","Payment systems, large-value","ES2P","TARGET2-ES","Z","Indirect participants","A","All users","E","End of period","0","373","Pure Number","0","Units","","7","",90,A,86,A,84,A,83,A,78,A,72,A,75,P
CPMI_PARTICIPANTS:A:ES:B:ES1P:A,"A","Annual","ES","Spain","B","Payment systems, retail","ES1P","SNCE","A","All","A","All users","E","End of period","0","373","Pure Number","0","Units","","7","",187,A,172,A,165,A,164,A,153,A,151,A,141,P
CPMI_PARTICIPANTS:A:ES:B:ES1P:B,"A","Annual","ES","Spain","B","Payment systems, retail","ES1P","SNCE","B","Direct participants, Banks","A","All users","E","End of period","0","373","Pure Number","0","Units","","7","",19,A,17,A,16,A,15,A,15,A,16,A,14,P
CPMI_PARTICIPANTS:A:ES:B:ES1P:C,"A","Annual","ES","Spain","B","Payment systems, retail","ES1P","SNCE","C","Direct participants, Central bank","A","All users","E","End of period","0","373","Pure Number","0","Units","","7","",1,A,1,A,1,A,1,A,1,A,1,A,1,P
CPMI_PARTICIPANTS:A:ES:B:ES1P:D,"A","Annual","ES","Spain","B","Payment systems, retail","ES1P","SNCE","D","Direct participants, all","A","All users","E","End of period","0","373","Pure Number","0","Units","","7","",20,A,18,A,17,A,16,A,16,A,17,A,15,P
CPMI_PARTICIPANTS:A:ES:B:ES1P:F,"A","Annual","ES","Spain","B","Payment systems, retail","ES1P","SNCE","F","Direct participants, Government","A","All users","E","End of period","0","373","Pure Number","0","Units","","7","",,L,,L,0,A,0,A,0,A,0,A,0,P
CPMI_PARTICIPANTS:A:ES:B:ES1P:G,"A","Annual","ES","Spain","B","Payment systems, retail","ES1P","SNCE","G","Direct participants, Postal institution","A","All users","E","End of period","0","373","Pure Number","0","Units","","7","",,M,,M,,M,,M,,M,,M,,M
CPMI_PARTICIPANTS:A:ES:B:ES1P:H,"A","Annual","ES","Spain","B","Payment systems, retail","ES1P","SNCE","H","Direct participants, Payment systems, CCPs and SSSs","A","All users","E","End of period","0","373","Pure Number","0","Units","","7","",,L,,L,0,A,0,A,0,A,0,A,0,P
CPMI_PARTICIPANTS:A:ES:B:ES1P:L,"A","Annual","ES","Spain","B","Payment systems, retail","ES1P","SNCE","L","Direct participants, Other","A","All users","E","End of period","0","373","Pure Number","0","Units","","7","",,L,,L,0,A,0,A,0,A,0,A,0,P
CPMI_PARTICIPANTS:A:ES:B:ES1P:Z,"A","Annual","ES","Spain","B","Payment systems, retail","ES1P","SNCE","Z","Indirect participants","A","All users","E","End of period","0","373","Pure Number","0","Units","","7","",167,A,154,A,148,A,148,A,137,A,134,A,126,P
CPMI_PARTICIPANTS:A:ES:S:SWFT:0,"A","Annual","ES","Spain","S","Swift","SWFT","Swift","0","Members","A","All users","E","End of period","0","373","Pure Number","0","Units","","10","",40,A,35,A,34,A,33,A,32,A,32,A,31,A
CPMI_PARTICIPANTS:A:ES:S:SWFT:1,"A","Annual","ES","Spain","S","Swift","SWFT","Swift","1","Sub-members","A","All users","E","End of period","0","373","Pure Number","0","Units","","10","",65,A,67,A,68,A,67,A,66,A,64,A,61,A
CPMI_PARTICIPANTS:A:ES:S:SWFT:A,"A","Annual","ES","Spain","S","Swift","SWFT","Swift","A","All","A","All users","E","End of period","0","373","Pure Number","0","Units","","10","",175,A,178,A,189,A,200,A,205,A,203,A,208,A
CPMI_PARTICIPANTS:A:ES:U:ES1C:B,"A","Annual","ES","Spain","U","Central counterparties/clearing houses","ES1C","BME_Clearing","B","Direct participants, Banks","A","All users","E","End of period","0","373","Pure Number","0","Units","","12","",28,A,42,A,42,A,44,A,45,A,42,A,42,P
CPMI_PARTICIPANTS:A:ES:U:ES1C:C,"A","Annual","ES","Spain","U","Central counterparties/clearing houses","ES1C","BME_Clearing","C","Direct participants, Central bank","A","All users","E","End of period","0","373","Pure Number","0","Units","","12","",0,A,0,A,0,A,0,A,0,A,0,A,0,P
CPMI_PARTICIPANTS:A:ES:U:ES1C:D,"A","Annual","ES","Spain","U","Central counterparties/clearing houses","ES1C","BME_Clearing","D","Direct participants, all","A","All users","E","End of period","0","373","Pure Number","0","Units","","12","",44,A,57,A,58,A,60,A,65,A,65,A,64,P
CPMI_PARTICIPANTS:A:ES:U:ES1C:I,"A","Annual","ES","Spain","U","Central counterparties/clearing houses","ES1C","BME_Clearing","I","Direct participants, CCPs/Other CCPs","A","All users","E","End of period","0","373","Pure Number","0","Units","","12","",0,A,0,A,0,A,0,A,0,A,0,A,0,P
CPMI_PARTICIPANTS:A:ES:U:ES1C:L,"A","Annual","ES","Spain","U","Central counterparties/clearing houses","ES1C","BME_Clearing","L","Direct participants, Other","A","All users","E","End of period","0","373","Pure Number","0","Units","","12","",16,A,15,A,16,A,16,A,20,A,23,A,22,P
CPMI_PARTICIPANTS:A:ES:U:ES1C:N,"A","Annual","ES","Spain","U","Central counterparties/clearing houses","ES1C","BME_Clearing","N","Direct participants, domestic","A","All users","E","End of period","0","373","Pure Number","0","Units","","12","",38,A,49,A,47,A,49,A,51,A,48,A,39,P
CPMI_PARTICIPANTS:A:ES:U:ES1C:O,"A","Annual","ES","Spain","U","Central counterparties/clearing houses","ES1C","BME_Clearing","O","Direct participants, domestic, Banks","A","All users","E","End of period","0","373","Pure Number","0","Units","","12","",23,A,36,A,34,A,36,A,37,A,33,A,27,P
CPMI_PARTICIPANTS:A:ES:U:ES1C:P,"A","Annual","ES","Spain","U","Central counterparties/clearing houses","ES1C","BME_Clearing","P","Direct participants, domestic, Central banks","A","All users","E","End of period","0","373","Pure Number","0","Units","","12","",0,A,0,A,0,A,0,A,0,A,0,A,0,P
CPMI_PARTICIPANTS:A:ES:U:ES1C:Q,"A","Annual","ES","Spain","U","Central counterparties/clearing houses","ES1C","BME_Clearing","Q","Direct participants, domestic, CCPs/Other CCPs","A","All users","E","End of period","0","373","Pure Number","0","Units","","12","",0,A,0,A,0,A,0,A,0,A,0,A,0,P
CPMI_PARTICIPANTS:A:ES:U:ES1C:S,"A","Annual","ES","Spain","U","Central counterparties/clearing houses","ES1C","BME_Clearing","S","Direct participants, domestic, Other","A","All users","E","End of period","0","373","Pure Number","0","Units","","12","",15,A,13,A,13,A,13,A,14,A,15,A,12,P
CPMI_PARTICIPANTS:A:ES:U:ES1C:T,"A","Annual","ES","Spain","U","Central counterparties/clearing houses","ES1C","BME_Clearing","T","Direct participants, foreign","A","All users","E","End of period","0","373","Pure Number","0","Units","","12","",6,A,8,A,11,A,11,A,14,A,17,A,25,P
CPMI_PARTICIPANTS:A:ES:U:ES1C:U,"A","Annual","ES","Spain","U","Central counterparties/clearing houses","ES1C","BME_Clearing","U","Direct participants, foreign, Banks","A","All users","E","End of period","0","373","Pure Number","0","Units","","12","",5,A,6,A,8,A,8,A,8,A,9,A,15,P
CPMI_PARTICIPANTS:A:ES:U:ES1C:V,"A","Annual","ES","Spain","U","Central counterparties/clearing houses","ES1C","BME_Clearing","V","Direct participants, foreign, Central banks","A","All users","E","End of period","0","373","Pure Number","0","Units","","12","",0,A,0,A,0,A,0,A,0,A,0,A,0,P
CPMI_PARTICIPANTS:A:ES:U:ES1C:W,"A","Annual","ES","Spain","U","Central counterparties/clearing houses","ES1C","BME_Clearing","W","Direct participants, foreign, CCPs/Other CCPs","A","All users","E","End of period","0","373","Pure Number","0","Units","","12","",0,A,0,A,0,A,0,A,0,A,0,A,0,P
CPMI_PARTICIPANTS:A:ES:U:ES1C:Y,"A","Annual","ES","Spain","U","Central counterparties/clearing houses","ES1C","BME_Clearing","Y","Direct participants, foreign, Other","A","All users","E","End of period","0","373","Pure Number","0","Units","","12","",1,A,2,A,3,A,3,A,6,A,8,A,10,P
CPMI_PARTICIPANTS:A:ES:V:ES1S:B,"A","Annual","ES","Spain","V","Central securities depositories","ES1S","IBERCLEAR","B","Direct participants, Banks","A","All users","E","End of period","0","373","Pure Number","0","Units","","15","",97,A,92,A,86,A,80,A,80,A,67,A,47,P
CPMI_PARTICIPANTS:A:ES:V:ES1S:C,"A","Annual","ES","Spain","V","Central securities depositories","ES1S","IBERCLEAR","C","Direct participants, Central bank","A","All users","E","End of period","0","373","Pure Number","0","Units","","15","",1,A,1,A,1,A,1,A,1,A,1,A,1,P
CPMI_PARTICIPANTS:A:ES:V:ES1S:D,"A","Annual","ES","Spain","V","Central securities depositories","ES1S","IBERCLEAR","D","Direct participants, all","A","All users","E","End of period","0","373","Pure Number","0","Units","","15","",161,A,150,A,138,A,128,A,116,A,93,A,74,P
CPMI_PARTICIPANTS:A:ES:V:ES1S:I,"A","Annual","ES","Spain","V","Central securities depositories","ES1S","IBERCLEAR","I","Direct participants, CCPs/Other CCPs","A","All users","E","End of period","0","373","Pure Number","0","Units","","15","",2,A,2,A,2,A,2,A,3,A,4,A,4,P
CPMI_PARTICIPANTS:A:ES:V:ES1S:J,"A","Annual","ES","Spain","V","Central securities depositories","ES1S","IBERCLEAR","J","Direct participants, CSDs","A","All users","E","End of period","0","373","Pure Number","0","Units","","15","",6,A,6,A,6,A,6,A,6,A,8,A,8,P
CPMI_PARTICIPANTS:A:ES:V:ES1S:L,"A","Annual","ES","Spain","V","Central securities depositories","ES1S","IBERCLEAR","L","Direct participants, Other","A","All users","E","End of period","0","373","Pure Number","0","Units","","15","",55,A,49,A,43,A,39,A,26,A,13,A,14,P
CPMI_PARTICIPANTS:A:ES:V:ES1S:N,"A","Annual","ES","Spain","V","Central securities depositories","ES1S","IBERCLEAR","N","Direct participants, domestic","A","All users","E","End of period","0","373","Pure Number","0","Units","","15","",127,A,117,A,106,A,95,A,84,A,76,A,56,P
CPMI_PARTICIPANTS:A:ES:V:ES1S:O,"A","Annual","ES","Spain","V","Central securities depositories","ES1S","IBERCLEAR","O","Direct participants, domestic, Banks","A","All users","E","End of period","0","373","Pure Number","0","Units","","15","",73,A,68,A,63,A,56,A,57,A,60,A,39,P
CPMI_PARTICIPANTS:A:ES:V:ES1S:P,"A","Annual","ES","Spain","V","Central securities depositories","ES1S","IBERCLEAR","P","Direct participants, domestic, Central banks","A","All users","E","End of period","0","373","Pure Number","0","Units","","15","",1,A,1,A,1,A,1,A,1,A,1,A,1,P
CPMI_PARTICIPANTS:A:ES:V:ES1S:Q,"A","Annual","ES","Spain","V","Central securities depositories","ES1S","IBERCLEAR","Q","Direct participants, domestic, CCPs/Other CCPs","A","All users","E","End of period","0","373","Pure Number","0","Units","","15","",1,A,1,A,1,A,1,A,1,A,1,A,1,P
CPMI_PARTICIPANTS:A:ES:V:ES1S:R,"A","Annual","ES","Spain","V","Central securities depositories","ES1S","IBERCLEAR","R","Direct participants, domestic, CSDs","A","All users","E","End of period","0","373","Pure Number","0","Units","","15","",1,A,1,A,1,A,1,A,1,A,1,A,1,P
CPMI_PARTICIPANTS:A:ES:V:ES1S:S,"A","Annual","ES","Spain","V","Central securities depositories","ES1S","IBERCLEAR","S","Direct participants, domestic, Other","A","All users","E","End of period","0","373","Pure Number","0","Units","","15","",51,A,46,A,40,A,36,A,24,A,13,A,14,P
CPMI_PARTICIPANTS:A:ES:V:ES1S:T,"A","Annual","ES","Spain","V","Central securities depositories","ES1S","IBERCLEAR","T","Direct participants, foreign","A","All users","E","End of period","0","373","Pure Number","0","Units","","15","",34,A,33,A,32,A,33,A,32,A,17,A,18,P
CPMI_PARTICIPANTS:A:ES:V:ES1S:U,"A","Annual","ES","Spain","V","Central securities depositories","ES1S","IBERCLEAR","U","Direct participants, foreign, Banks","A","All users","E","End of period","0","373","Pure Number","0","Units","","15","",24,A,24,A,23,A,24,A,23,A,7,A,8,P
CPMI_PARTICIPANTS:A:ES:V:ES1S:V,"A","Annual","ES","Spain","V","Central securities depositories","ES1S","IBERCLEAR","V","Direct participants, foreign, Central banks","A","All users","E","End of period","0","373","Pure Number","0","Units","","15","",0,A,0,A,0,A,0,A,0,A,0,A,0,P
CPMI_PARTICIPANTS:A:ES:V:ES1S:W,"A","Annual","ES","Spain","V","Central securities depositories","ES1S","IBERCLEAR","W","Direct participants, foreign, CCPs/Other CCPs","A","All users","E","End of period","0","373","Pure Number","0","Units","","15","",1,A,1,A,1,A,1,A,2,A,3,A,3,P
CPMI_PARTICIPANTS:A:ES:V:ES1S:X,"A","Annual","ES","Spain","V","Central securities depositories","ES1S","IBERCLEAR","X","Direct participants, foreign,CSDs","A","All users","E","End of period","0","373","Pure Number","0","Units","","15","",5,A,5,A,5,A,5,A,5,A,7,A,7,P
CPMI_PARTICIPANTS:A:ES:V:ES1S:Y,"A","Annual","ES","Spain","V","Central securities depositories","ES1S","IBERCLEAR","Y","Direct participants, foreign, Other","A","All users","E","End of period","0","373","Pure Number","0","Units","","15","",4,A,3,A,3,A,3,A,2,A,0,A,0,P
CPMI_PARTICIPANTS:A:FR:A:FR1P:A,"A","Annual","FR","France","A","Payment systems, large-value","FR1P","TARGET2-BdF","A","All","A","All users","E","End of period","0","373","Pure Number","0","Units","","7","",320,A,328,A,320,A,317,A,329,A,327,A,325,A
CPMI_PARTICIPANTS:A:FR:A:FR1P:B,"A","Annual","FR","France","A","Payment systems, large-value","FR1P","TARGET2-BdF","B","Direct participants, Banks","A","All users","E","End of period","0","373","Pure Number","0","Units","","7","",108,A,118,A,116,A,119,A,129,A,134,A,136,A
CPMI_PARTICIPANTS:A:FR:A:FR1P:C,"A","Annual","FR","France","A","Payment systems, large-value","FR1P","TARGET2-BdF","C","Direct participants, Central bank","A","All users","E","End of period","0","373","Pure Number","0","Units","","7","",1,A,1,A,1,A,1,A,1,A,1,A,1,A
CPMI_PARTICIPANTS:A:FR:A:FR1P:D,"A","Annual","FR","France","A","Payment systems, large-value","FR1P","TARGET2-BdF","D","Direct participants, all","A","All users","E","End of period","0","373","Pure Number","0","Units","","7","",114,A,124,A,121,A,123,A,133,A,138,A,140,A
CPMI_PARTICIPANTS:A:FR:A:FR1P:F,"A","Annual","FR","France","A","Payment systems, large-value","FR1P","TARGET2-BdF","F","Direct participants, Government","A","All users","E","End of period","0","373","Pure Number","0","Units","","7","",0,A,0,A,0,A,0,A,0,A,0,A,0,A
CPMI_PARTICIPANTS:A:FR:A:FR1P:G,"A","Annual","FR","France","A","Payment systems, large-value","FR1P","TARGET2-BdF","G","Direct participants, Postal institution","A","All users","E","End of period","0","373","Pure Number","0","Units","","7","",2,A,2,A,2,A,2,A,2,A,2,A,0.000000,A
CPMI_PARTICIPANTS:A:FR:A:FR1P:H,"A","Annual","FR","France","A","Payment systems, large-value","FR1P","TARGET2-BdF","H","Direct participants, Payment systems, CCPs and SSSs","A","All users","E","End of period","0","373","Pure Number","0","Units","","7","",3,A,3,A,2,A,1,A,1,A,1,A,2,A
CPMI_PARTICIPANTS:A:FR:A:FR1P:L,"A","Annual","FR","France","A","Payment systems, large-value","FR1P","TARGET2-BdF","L","Direct participants, Other","A","All users","E","End of period","0","373","Pure Number","0","Units","","7","",0,A,0,A,0,A,0,A,0,A,0,A,0,A
CPMI_PARTICIPANTS:A:FR:A:FR1P:Z,"A","Annual","FR","France","A","Payment systems, large-value","FR1P","TARGET2-BdF","Z","Indirect participants","A","All users","E","End of period","0","373","Pure Number","0","Units","","7","",206,A,204,A,199,A,194,A,196,A,189,A,185,A
CPMI_PARTICIPANTS:A:FR:A:FR3P:A,"A","Annual","FR","France","A","Payment systems, large-value","FR3P","CORE","A","All","A","All users","E","End of period","0","373","Pure Number","0","Units","","7","",419,A,380,A,367,A,367,A,363,A,362,A,,
CPMI_PARTICIPANTS:A:FR:A:FR3P:B,"A","Annual","FR","France","A","Payment systems, large-value","FR3P","CORE","B","Direct participants, Banks","A","All users","E","End of period","0","373","Pure Number","0","Units","","7","",8,A,8,A,8,A,8,A,8,A,8,A,,
CPMI_PARTICIPANTS:A:FR:A:FR3P:C,"A","Annual","FR","France","A","Payment systems, large-value","FR3P","CORE","C","Direct participants, Central bank","A","All users","E","End of period","0","373","Pure Number","0","Units","","7","",1,A,1,A,1,A,1,A,1,A,1,A,,
CPMI_PARTICIPANTS:A:FR:A:FR3P:D,"A","Annual","FR","France","A","Payment systems, large-value","FR3P","CORE","D","Direct participants, all","A","All users","E","End of period","0","373","Pure Number","0","Units","","7","",10,A,10,A,10,A,10,A,10,A,10,A,,
CPMI_PARTICIPANTS:A:FR:A:FR3P:F,"A","Annual","FR","France","A","Payment systems, large-value","FR3P","CORE","F","Direct participants, Government","A","All users","E","End of period","0","373","Pure Number","0","Units","","7","",0,A,0,A,0,A,0,A,0,A,0,A,,
CPMI_PARTICIPANTS:A:FR:A:FR3P:G,"A","Annual","FR","France","A","Payment systems, large-value","FR3P","CORE","G","Direct participants, Postal institution","A","All users","E","End of period","0","373","Pure Number","0","Units","","7","",0,A,0,A,0,A,0,A,0,A,0,A,,
CPMI_PARTICIPANTS:A:FR:A:FR3P:H,"A","Annual","FR","France","A","Payment systems, large-value","FR3P","CORE","H","Direct participants, Payment systems, CCPs and SSSs","A","All users","E","End of period","0","373","Pure Number","0","Units","","7","",0,A,0,A,0,A,0,A,0,A,0,A,,
CPMI_PARTICIPANTS:A:FR:A:FR3P:L,"A","Annual","FR","France","A","Payment systems, large-value","FR3P","CORE","L","Direct participants, Other","A","All users","E","End of period","0","373","Pure Number","0","Units","","7","",1,A,1,A,1,A,1,A,1,A,1,A,,
CPMI_PARTICIPANTS:A:FR:A:FR3P:Z,"A","Annual","FR","France","A","Payment systems, large-value","FR3P","CORE","Z","Indirect participants","A","All users","E","End of period","0","373","Pure Number","0","Units","","7","",409,A,370,A,357,A,357,A,353,A,352,A,,
CPMI_PARTICIPANTS:A:FR:A:FR4P:A,"A","Annual","FR","France","A","Payment systems, large-value","FR4P","SEPA-eu","A","All","A","All users","E","End of period","0","373","Pure Number","0","Units","","7","",0,A,0,A,0,A,0,A,0,A,362,A,,
CPMI_PARTICIPANTS:A:FR:A:FR4P:B,"A","Annual","FR","France","A","Payment systems, large-value","FR4P","SEPA-eu","B","Direct participants, Banks","A","All users","E","End of period","0","373","Pure Number","0","Units","","7","",,M,,M,,M,,M,,M,8,A,,
CPMI_PARTICIPANTS:A:FR:A:FR4P:C,"A","Annual","FR","France","A","Payment systems, large-value","FR4P","SEPA-eu","C","Direct participants, Central bank","A","All users","E","End of period","0","373","Pure Number","0","Units","","7","",,M,,M,,M,,M,,M,1,A,,
CPMI_PARTICIPANTS:A:FR:A:FR4P:D,"A","Annual","FR","France","A","Payment systems, large-value","FR4P","SEPA-eu","D","Direct participants, all","A","All users","E","End of period","0","373","Pure Number","0","Units","","7","",0,A,0,A,0,A,0,A,0,A,10,A,,
CPMI_PARTICIPANTS:A:FR:A:FR4P:F,"A","Annual","FR","France","A","Payment systems, large-value","FR4P","SEPA-eu","F","Direct participants, Government","A","All users","E","End of period","0","373","Pure Number","0","Units","","7","",,M,,M,,M,,M,,M,0,A,,
CPMI_PARTICIPANTS:A:FR:A:FR4P:G,"A","Annual","FR","France","A","Payment systems, large-value","FR4P","SEPA-eu","G","Direct participants, Postal institution","A","All users","E","End of period","0","373","Pure Number","0","Units","","7","",,M,,M,,M,,M,,M,0,A,,
CPMI_PARTICIPANTS:A:FR:A:FR4P:H,"A","Annual","FR","France","A","Payment systems, large-value","FR4P","SEPA-eu","H","Direct participants, Payment systems, CCPs and SSSs","A","All users","E","End of period","0","373","Pure Number","0","Units","","7","",,M,,M,,M,,M,,M,0,A,,
CPMI_PARTICIPANTS:A:FR:A:FR4P:L,"A","Annual","FR","France","A","Payment systems, large-value","FR4P","SEPA-eu","L","Direct participants, Other","A","All users","E","End of period","0","373","Pure Number","0","Units","","7","",,M,,M,,M,,M,,M,1,A,,
CPMI_PARTICIPANTS:A:FR:A:FR4P:Z,"A","Annual","FR","France","A","Payment systems, large-value","FR4P","SEPA-eu","Z","Indirect participants","A","All users","E","End of period","0","373","Pure Number","0","Units","","7","",,M,,M,,M,,M,,M,352,A,,
CPMI_PARTICIPANTS:A:FR:B:FR3P:A,"A","Annual","FR","France","B","Payment systems, retail","FR3P","CORE","A","All","A","All users","E","End of period","0","373","Pure Number","0","Units","","7","",419,A,380,A,367,A,367,A,363,A,362,A,356,A
CPMI_PARTICIPANTS:A:FR:B:FR3P:B,"A","Annual","FR","France","B","Payment systems, retail","FR3P","CORE","B","Direct participants, Banks","A","All users","E","End of period","0","373","Pure Number","0","Units","","7","",8,A,8,A,8,A,8,A,8,A,8,A,8,A
CPMI_PARTICIPANTS:A:FR:B:FR3P:C,"A","Annual","FR","France","B","Payment systems, retail","FR3P","CORE","C","Direct participants, Central bank","A","All users","E","End of period","0","373","Pure Number","0","Units","","7","",1,A,1,A,1,A,1,A,1,A,1,A,1,A
CPMI_PARTICIPANTS:A:FR:B:FR3P:D,"A","Annual","FR","France","B","Payment systems, retail","FR3P","CORE","D","Direct participants, all","A","All users","E","End of period","0","373","Pure Number","0","Units","","7","",10,A,10,A,10,A,10,A,10,A,10,A,10,A
CPMI_PARTICIPANTS:A:FR:B:FR3P:F,"A","Annual","FR","France","B","Payment systems, retail","FR3P","CORE","F","Direct participants, Government","A","All users","E","End of period","0","373","Pure Number","0","Units","","7","",0,A,0,A,0,A,0,A,0,A,0,A,0,A
CPMI_PARTICIPANTS:A:FR:B:FR3P:G,"A","Annual","FR","France","B","Payment systems, retail","FR3P","CORE","G","Direct participants, Postal institution","A","All users","E","End of period","0","373","Pure Number","0","Units","","7","",0,A,0,A,0,A,0,A,0,A,0,A,0.000000,A
CPMI_PARTICIPANTS:A:FR:B:FR3P:H,"A","Annual","FR","France","B","Payment systems, retail","FR3P","CORE","H","Direct participants, Payment systems, CCPs and SSSs","A","All users","E","End of period","0","373","Pure Number","0","Units","","7","",0,A,0,A,0,A,0,A,0,A,0,A,0,A
CPMI_PARTICIPANTS:A:FR:B:FR3P:L,"A","Annual","FR","France","B","Payment systems, retail","FR3P","CORE","L","Direct participants, Other","A","All users","E","End of period","0","373","Pure Number","0","Units","","7","",1,A,1,A,1,A,1,A,1,A,1,A,0,A
CPMI_PARTICIPANTS:A:FR:B:FR3P:Z,"A","Annual","FR","France","B","Payment systems, retail","FR3P","CORE","Z","Indirect participants","A","All users","E","End of period","0","373","Pure Number","0","Units","","7","",409,A,370,A,357,A,357,A,353,A,352,A,346,A
CPMI_PARTICIPANTS:A:FR:B:FR4P:A,"A","Annual","FR","France","B","Payment systems, retail","FR4P","SEPA-eu","A","All","A","All users","E","End of period","0","373","Pure Number","0","Units","","7","",,M,,M,,M,,M,363,A,362,A,356,A
CPMI_PARTICIPANTS:A:FR:B:FR4P:B,"A","Annual","FR","France","B","Payment systems, retail","FR4P","SEPA-eu","B","Direct participants, Banks","A","All users","E","End of period","0","373","Pure Number","0","Units","","7","",,M,,M,,M,,M,8,A,8,A,8,A
CPMI_PARTICIPANTS:A:FR:B:FR4P:C,"A","Annual","FR","France","B","Payment systems, retail","FR4P","SEPA-eu","C","Direct participants, Central bank","A","All users","E","End of period","0","373","Pure Number","0","Units","","7","",,M,,M,,M,,M,1,A,1,A,1,A
CPMI_PARTICIPANTS:A:FR:B:FR4P:D,"A","Annual","FR","France","B","Payment systems, retail","FR4P","SEPA-eu","D","Direct participants, all","A","All users","E","End of period","0","373","Pure Number","0","Units","","7","",,M,,M,,M,,M,10,A,10,A,10,A
CPMI_PARTICIPANTS:A:FR:B:FR4P:F,"A","Annual","FR","France","B","Payment systems, retail","FR4P","SEPA-eu","F","Direct participants, Government","A","All users","E","End of period","0","373","Pure Number","0","Units","","7","",,M,,M,,M,,M,0,A,0,A,0,A
CPMI_PARTICIPANTS:A:FR:B:FR4P:G,"A","Annual","FR","France","B","Payment systems, retail","FR4P","SEPA-eu","G","Direct participants, Postal institution","A","All users","E","End of period","0","373","Pure Number","0","Units","","7","",,M,,M,,M,,M,0,A,0,A,0.000000,A
CPMI_PARTICIPANTS:A:FR:B:FR4P:H,"A","Annual","FR","France","B","Payment systems, retail","FR4P","SEPA-eu","H","Direct participants, Payment systems, CCPs and SSSs","A","All users","E","End of period","0","373","Pure Number","0","Units","","7","",,M,,M,,M,,M,0,A,0,A,0,A
CPMI_PARTICIPANTS:A:FR:B:FR4P:L,"A","Annual","FR","France","B","Payment systems, retail","FR4P","SEPA-eu","L","Direct participants, Other","A","All users","E","End of period","0","373","Pure Number","0","Units","","7","",,M,,M,,M,,M,1,A,1,A,0,A
CPMI_PARTICIPANTS:A:FR:B:FR4P:Z,"A","Annual","FR","France","B","Payment systems, retail","FR4P","SEPA-eu","Z","Indirect participants","A","All users","E","End of period","0","373","Pure Number","0","Units","","7","",,M,,M,,M,,M,353,A,352,A,346,A
CPMI_PARTICIPANTS:A:FR:S:SWFT:0,"A","Annual","FR","France","S","Swift","SWFT","Swift","0","Members","A","All users","E","End of period","0","373","Pure Number","0","Units","","10","",53,A,54,A,54,A,58,A,58,A,59,A,58,A
CPMI_PARTICIPANTS:A:FR:S:SWFT:1,"A","Annual","FR","France","S","Swift","SWFT","Swift","1","Sub-members","A","All users","E","End of period","0","373","Pure Number","0","Units","","10","",106,A,107,A,107,A,115,A,116,A,115,A,116,A
CPMI_PARTICIPANTS:A:FR:S:SWFT:A,"A","Annual","FR","France","S","Swift","SWFT","Swift","A","All","A","All users","E","End of period","0","373","Pure Number","0","Units","","10","",480,A,488,A,492,A,516,A,541,A,547,A,574,A
CPMI_PARTICIPANTS:A:FR:U:FR1C:B,"A","Annual","FR","France","U","Central counterparties/clearing houses","FR1C","LCH.Clearnet SA (Total)","B","Direct participants, Banks","A","All users","E","End of period","0","373","Pure Number","0","Units","","12","",80,A,77,A,76,A,75,A,72,A,72,A,88.000,A
CPMI_PARTICIPANTS:A:FR:U:FR1C:C,"A","Annual","FR","France","U","Central counterparties/clearing houses","FR1C","LCH.Clearnet SA (Total)","C","Direct participants, Central bank","A","All users","E","End of period","0","373","Pure Number","0","Units","","12","",0,A,0,A,0,A,0,A,0,A,0,A,0.000,A
CPMI_PARTICIPANTS:A:FR:U:FR1C:D,"A","Annual","FR","France","U","Central counterparties/clearing houses","FR1C","LCH.Clearnet SA (Total)","D","Direct participants, all","A","All users","E","End of period","0","373","Pure Number","0","Units","","12","",114,A,109,A,110,A,110,A,100,A,99,A,125.000,A
CPMI_PARTICIPANTS:A:FR:U:FR1C:I,"A","Annual","FR","France","U","Central counterparties/clearing houses","FR1C","LCH.Clearnet SA (Total)","I","Direct participants, CCPs/Other CCPs","A","All users","E","End of period","0","373","Pure Number","0","Units","","12","",1,A,1,A,1,A,1,A,1,A,1,A,1.000,A
CPMI_PARTICIPANTS:A:FR:U:FR1C:L,"A","Annual","FR","France","U","Central counterparties/clearing houses","FR1C","LCH.Clearnet SA (Total)","L","Direct participants, Other","A","All users","E","End of period","0","373","Pure Number","0","Units","","12","",33,A,31,A,33,A,34,A,27,A,26,A,36.000,A
CPMI_PARTICIPANTS:A:FR:U:FR1C:N,"A","Annual","FR","France","U","Central counterparties/clearing houses","FR1C","LCH.Clearnet SA (Total)","N","Direct participants, domestic","A","All users","E","End of period","0","373","Pure Number","0","Units","","12","",46,A,42,A,41,A,41,A,44,A,19,A,19.000,A
CPMI_PARTICIPANTS:A:FR:U:FR1C:O,"A","Annual","FR","France","U","Central counterparties/clearing houses","FR1C","LCH.Clearnet SA (Total)","O","Direct participants, domestic, Banks","A","All users","E","End of period","0","373","Pure Number","0","Units","","12","",31,A,30,A,29,A,28,A,35,A,12,A,12.000,A
CPMI_PARTICIPANTS:A:FR:U:FR1C:P,"A","Annual","FR","France","U","Central counterparties/clearing houses","FR1C","LCH.Clearnet SA (Total)","P","Direct participants, domestic, Central banks","A","All users","E","End of period","0","373","Pure Number","0","Units","","12","",0,A,0,A,0,A,0,A,0,A,0,A,0.000,A
CPMI_PARTICIPANTS:A:FR:U:FR1C:Q,"A","Annual","FR","France","U","Central counterparties/clearing houses","FR1C","LCH.Clearnet SA (Total)","Q","Direct participants, domestic, CCPs/Other CCPs","A","All users","E","End of period","0","373","Pure Number","0","Units","","12","",0,A,0,A,0,A,0,A,0,A,0,A,0.000,A
CPMI_PARTICIPANTS:A:FR:U:FR1C:S,"A","Annual","FR","France","U","Central counterparties/clearing houses","FR1C","LCH.Clearnet SA (Total)","S","Direct participants, domestic, Other","A","All users","E","End of period","0","373","Pure Number","0","Units","","12","",15,A,12,A,12,A,13,A,9,A,7,A,7.000,A
CPMI_PARTICIPANTS:A:FR:U:FR1C:T,"A","Annual","FR","France","U","Central counterparties/clearing houses","FR1C","LCH.Clearnet SA (Total)","T","Direct participants, foreign","A","All users","E","End of period","0","373","Pure Number","0","Units","","12","",68,A,67,A,69,A,69,A,56,A,80,A,106.000,A
CPMI_PARTICIPANTS:A:FR:U:FR1C:U,"A","Annual","FR","France","U","Central counterparties/clearing houses","FR1C","LCH.Clearnet SA (Total)","U","Direct participants, foreign, Banks","A","All users","E","End of period","0","373","Pure Number","0","Units","","12","",49,A,47,A,47,A,47,A,37,A,60,A,76.000,A
CPMI_PARTICIPANTS:A:FR:U:FR1C:V,"A","Annual","FR","France","U","Central counterparties/clearing houses","FR1C","LCH.Clearnet SA (Total)","V","Direct participants, foreign, Central banks","A","All users","E","End of period","0","373","Pure Number","0","Units","","12","",0,A,0,A,0,A,0,A,0,A,0,A,0.000,A
CPMI_PARTICIPANTS:A:FR:U:FR1C:W,"A","Annual","FR","France","U","Central counterparties/clearing houses","FR1C","LCH.Clearnet SA (Total)","W","Direct participants, foreign, CCPs/Other CCPs","A","All users","E","End of period","0","373","Pure Number","0","Units","","12","",1,A,1,A,1,A,1,A,1,A,1,A,1.000,A
CPMI_PARTICIPANTS:A:FR:U:FR1C:Y,"A","Annual","FR","France","U","Central counterparties/clearing houses","FR1C","LCH.Clearnet SA (Total)","Y","Direct participants, foreign, Other","A","All users","E","End of period","0","373","Pure Number","0","Units","","12","",18,A,19,A,21,A,21,A,18,A,19,A,29.000,A
CPMI_PARTICIPANTS:A:FR:V:FR1S:B,"A","Annual","FR","France","V","Central securities depositories","FR1S","Euroclear France","B","Direct participants, Banks","A","All users","E","End of period","0","373","Pure Number","0","Units","","15","",97,A,100,A,101,A,99,A,99,A,102,A,103,A
CPMI_PARTICIPANTS:A:FR:V:FR1S:C,"A","Annual","FR","France","V","Central securities depositories","FR1S","Euroclear France","C","Direct participants, Central bank","A","All users","E","End of period","0","373","Pure Number","0","Units","","15","",1,A,1,A,1,A,1,A,1,A,1,A,1,A
CPMI_PARTICIPANTS:A:FR:V:FR1S:D,"A","Annual","FR","France","V","Central securities depositories","FR1S","Euroclear France","D","Direct participants, all","A","All users","E","End of period","0","373","Pure Number","0","Units","","15","",156,A,157,A,152,A,147,A,137,A,139,A,141,A
CPMI_PARTICIPANTS:A:FR:V:FR1S:I,"A","Annual","FR","France","V","Central securities depositories","FR1S","Euroclear France","I","Direct participants, CCPs/Other CCPs","A","All users","E","End of period","0","373","Pure Number","0","Units","","15","",1,A,1,A,1,A,1,A,1,A,1,A,1,A
CPMI_PARTICIPANTS:A:FR:V:FR1S:J,"A","Annual","FR","France","V","Central securities depositories","FR1S","Euroclear France","J","Direct participants, CSDs","A","All users","E","End of period","0","373","Pure Number","0","Units","","15","",5,A,4,A,4,A,2,A,0,A,0,A,0,A
CPMI_PARTICIPANTS:A:FR:V:FR1S:L,"A","Annual","FR","France","V","Central securities depositories","FR1S","Euroclear France","L","Direct participants, Other","A","All users","E","End of period","0","373","Pure Number","0","Units","","15","",52,A,51,A,45,A,44,A,36,A,35,A,36,A
CPMI_PARTICIPANTS:A:FR:V:FR1S:N,"A","Annual","FR","France","V","Central securities depositories","FR1S","Euroclear France","N","Direct participants, domestic","A","All users","E","End of period","0","373","Pure Number","0","Units","","15","",119,A,118,A,110,A,106,A,94,A,91,A,86,A
CPMI_PARTICIPANTS:A:FR:V:FR1S:O,"A","Annual","FR","France","V","Central securities depositories","FR1S","Euroclear France","O","Direct participants, domestic, Banks","A","All users","E","End of period","0","373","Pure Number","0","Units","","15","",73,A,73,A,72,A,69,A,66,A,65,A,62,A
CPMI_PARTICIPANTS:A:FR:V:FR1S:P,"A","Annual","FR","France","V","Central securities depositories","FR1S","Euroclear France","P","Direct participants, domestic, Central banks","A","All users","E","End of period","0","373","Pure Number","0","Units","","15","",1,A,1,A,1,A,1,A,1,A,1,A,1,A
CPMI_PARTICIPANTS:A:FR:V:FR1S:Q,"A","Annual","FR","France","V","Central securities depositories","FR1S","Euroclear France","Q","Direct participants, domestic, CCPs/Other CCPs","A","All users","E","End of period","0","373","Pure Number","0","Units","","15","",1,A,1,A,1,A,1,A,1,A,1,A,1,A
CPMI_PARTICIPANTS:A:FR:V:FR1S:R,"A","Annual","FR","France","V","Central securities depositories","FR1S","Euroclear France","R","Direct participants, domestic, CSDs","A","All users","E","End of period","0","373","Pure Number","0","Units","","15","",0,A,0,A,0,A,0,A,0,A,0,A,0,A
CPMI_PARTICIPANTS:A:FR:V:FR1S:S,"A","Annual","FR","France","V","Central securities depositories","FR1S","Euroclear France","S","Direct participants, domestic, Other","A","All users","E","End of period","0","373","Pure Number","0","Units","","15","",44,A,43,A,36,A,35,A,26,A,24,A,22,A
CPMI_PARTICIPANTS:A:FR:V:FR1S:T,"A","Annual","FR","France","V","Central securities depositories","FR1S","Euroclear France","T","Direct participants, foreign","A","All users","E","End of period","0","373","Pure Number","0","Units","","15","",37,A,39,A,42,A,41,A,43,A,48,A,55,A
CPMI_PARTICIPANTS:A:FR:V:FR1S:U,"A","Annual","FR","France","V","Central securities depositories","FR1S","Euroclear France","U","Direct participants, foreign, Banks","A","All users","E","End of period","0","373","Pure Number","0","Units","","15","",24,A,27,A,29,A,30,A,33,A,37,A,41,A
CPMI_PARTICIPANTS:A:FR:V:FR1S:V,"A","Annual","FR","France","V","Central securities depositories","FR1S","Euroclear France","V","Direct participants, foreign, Central banks","A","All users","E","End of period","0","373","Pure Number","0","Units","","15","",0,A,0,A,0,A,0,A,0,A,0,A,0,A
CPMI_PARTICIPANTS:A:FR:V:FR1S:W,"A","Annual","FR","France","V","Central securities depositories","FR1S","Euroclear France","W","Direct participants, foreign, CCPs/Other CCPs","A","All users","E","End of period","0","373","Pure Number","0","Units","","15","",0,A,0,A,0,A,0,A,0,A,0,A,0,A
CPMI_PARTICIPANTS:A:FR:V:FR1S:X,"A","Annual","FR","France","V","Central securities depositories","FR1S","Euroclear France","X","Direct participants, foreign,CSDs","A","All users","E","End of period","0","373","Pure Number","0","Units","","15","",5,A,4,A,4,A,2,A,0,A,0,A,0,A
CPMI_PARTICIPANTS:A:FR:V:FR1S:Y,"A","Annual","FR","France","V","Central securities depositories","FR1S","Euroclear France","Y","Direct participants, foreign, Other","A","All users","E","End of period","0","373","Pure Number","0","Units","","15","",8,A,8,A,9,A,9,A,10,A,11,A,14,A
CPMI_PARTICIPANTS:A:GB:A:GB2P:A,"A","Annual","GB","United Kingdom","A","Payment systems, large-value","GB2P","CHAPS Sterling","A","All","A","All users","E","End of period","0","373","Pure Number","0","Units","","7","",19,A,20,A,21,A,22,A,24,A,31,A,34,A
CPMI_PARTICIPANTS:A:GB:A:GB2P:B,"A","Annual","GB","United Kingdom","A","Payment systems, large-value","GB2P","CHAPS Sterling","B","Direct participants, Banks","A","All users","E","End of period","0","373","Pure Number","0","Units","","7","",17,A,18,A,19,A,20,A,22,A,27,A,31,A
CPMI_PARTICIPANTS:A:GB:A:GB2P:C,"A","Annual","GB","United Kingdom","A","Payment systems, large-value","GB2P","CHAPS Sterling","C","Direct participants, Central bank","A","All users","E","End of period","0","373","Pure Number","0","Units","","7","",1,A,1,A,1,A,1,A,1,A,1,A,1,A
CPMI_PARTICIPANTS:A:GB:A:GB2P:D,"A","Annual","GB","United Kingdom","A","Payment systems, large-value","GB2P","CHAPS Sterling","D","Direct participants, all","A","All users","E","End of period","0","373","Pure Number","0","Units","","7","",19,A,20,A,21,A,22,A,24,A,31,A,34,A
CPMI_PARTICIPANTS:A:GB:A:GB2P:F,"A","Annual","GB","United Kingdom","A","Payment systems, large-value","GB2P","CHAPS Sterling","F","Direct participants, Government","A","All users","E","End of period","0","373","Pure Number","0","Units","","7","",0,A,0,A,0,A,0,A,0,A,0,A,0,A
CPMI_PARTICIPANTS:A:GB:A:GB2P:G,"A","Annual","GB","United Kingdom","A","Payment systems, large-value","GB2P","CHAPS Sterling","G","Direct participants, Postal institution","A","All users","E","End of period","0","373","Pure Number","0","Units","","7","",0,A,0,A,0,A,0,A,0,A,0,A,0,A
CPMI_PARTICIPANTS:A:GB:A:GB2P:H,"A","Annual","GB","United Kingdom","A","Payment systems, large-value","GB2P","CHAPS Sterling","H","Direct participants, Payment systems, CCPs and SSSs","A","All users","E","End of period","0","373","Pure Number","0","Units","","7","",1,A,1,A,1,A,1,A,1,A,2,A,2,A
CPMI_PARTICIPANTS:A:GB:A:GB2P:L,"A","Annual","GB","United Kingdom","A","Payment systems, large-value","GB2P","CHAPS Sterling","L","Direct participants, Other","A","All users","E","End of period","0","373","Pure Number","0","Units","","7","",0,A,0,A,0,A,0,A,0,A,1,A,0,A
CPMI_PARTICIPANTS:A:GB:A:GB2P:Z,"A","Annual","GB","United Kingdom","A","Payment systems, large-value","GB2P","CHAPS Sterling","Z","Indirect participants","A","All users","E","End of period","0","373","Pure Number","0","Units","","7","",,L,,L,,L,,L,,L,,L,,L
CPMI_PARTICIPANTS:A:GB:B:GB3P:A,"A","Annual","GB","United Kingdom","B","Payment systems, retail","GB3P","Cheque/credit","A","All","A","All users","E","End of period","0","373","Pure Number","0","Units","","7","",11,A,11,A,11,A,11,A,11,A,10,A,10,A
CPMI_PARTICIPANTS:A:GB:B:GB3P:B,"A","Annual","GB","United Kingdom","B","Payment systems, retail","GB3P","Cheque/credit","B","Direct participants, Banks","A","All users","E","End of period","0","373","Pure Number","0","Units","","7","",10,A,10,A,10,A,10,A,10,A,10,A,10,A
CPMI_PARTICIPANTS:A:GB:B:GB3P:C,"A","Annual","GB","United Kingdom","B","Payment systems, retail","GB3P","Cheque/credit","C","Direct participants, Central bank","A","All users","E","End of period","0","373","Pure Number","0","Units","","7","",1,A,1,A,1,A,1,A,1,A,1,A,0,A
CPMI_PARTICIPANTS:A:GB:B:GB3P:D,"A","Annual","GB","United Kingdom","B","Payment systems, retail","GB3P","Cheque/credit","D","Direct participants, all","A","All users","E","End of period","0","373","Pure Number","0","Units","","7","",11,A,11,A,11,A,11,A,11,A,10,A,10,A
CPMI_PARTICIPANTS:A:GB:B:GB3P:F,"A","Annual","GB","United Kingdom","B","Payment systems, retail","GB3P","Cheque/credit","F","Direct participants, Government","A","All users","E","End of period","0","373","Pure Number","0","Units","","7","",0,A,0,A,0,A,0,A,0,A,0,A,0,A
CPMI_PARTICIPANTS:A:GB:B:GB3P:G,"A","Annual","GB","United Kingdom","B","Payment systems, retail","GB3P","Cheque/credit","G","Direct participants, Postal institution","A","All users","E","End of period","0","373","Pure Number","0","Units","","7","",0,A,0,A,0,A,0,A,0,A,0,A,0,A
CPMI_PARTICIPANTS:A:GB:B:GB3P:H,"A","Annual","GB","United Kingdom","B","Payment systems, retail","GB3P","Cheque/credit","H","Direct participants, Payment systems, CCPs and SSSs","A","All users","E","End of period","0","373","Pure Number","0","Units","","7","",0,A,0,A,0,A,0,A,0,A,0,A,0,A
CPMI_PARTICIPANTS:A:GB:B:GB3P:L,"A","Annual","GB","United Kingdom","B","Payment systems, retail","GB3P","Cheque/credit","L","Direct participants, Other","A","All users","E","End of period","0","373","Pure Number","0","Units","","7","",0,A,0,A,0,A,0,A,0,A,0,A,0,A
CPMI_PARTICIPANTS:A:GB:B:GB3P:Z,"A","Annual","GB","United Kingdom","B","Payment systems, retail","GB3P","Cheque/credit","Z","Indirect participants","A","All users","E","End of period","0","373","Pure Number","0","Units","","7","",,L,,L,,L,,L,,L,,L,,L
CPMI_PARTICIPANTS:A:GB:B:GB4P:A,"A","Annual","GB","United Kingdom","B","Payment systems, retail","GB4P","BACS","A","All","A","All users","E","End of period","0","373","Pure Number","0","Units","","7","",16,A,16,A,16,A,16,A,16,A,22,A,24,A
CPMI_PARTICIPANTS:A:GB:B:GB4P:B,"A","Annual","GB","United Kingdom","B","Payment systems, retail","GB4P","BACS","B","Direct participants, Banks","A","All users","E","End of period","0","373","Pure Number","0","Units","","7","",15,A,15,A,15,A,15,A,15,A,21,A,23,A
CPMI_PARTICIPANTS:A:GB:B:GB4P:C,"A","Annual","GB","United Kingdom","B","Payment systems, retail","GB4P","BACS","C","Direct participants, Central bank","A","All users","E","End of period","0","373","Pure Number","0","Units","","7","",1,A,1,A,1,A,1,A,1,A,1,A,1,A
CPMI_PARTICIPANTS:A:GB:B:GB4P:D,"A","Annual","GB","United Kingdom","B","Payment systems, retail","GB4P","BACS","D","Direct participants, all","A","All users","E","End of period","0","373","Pure Number","0","Units","","7","",16,A,16,A,16,A,16,A,16,A,22,A,24,A
CPMI_PARTICIPANTS:A:GB:B:GB4P:F,"A","Annual","GB","United Kingdom","B","Payment systems, retail","GB4P","BACS","F","Direct participants, Government","A","All users","E","End of period","0","373","Pure Number","0","Units","","7","",0,A,0,A,0,A,0,A,0,A,0,A,0,A
CPMI_PARTICIPANTS:A:GB:B:GB4P:G,"A","Annual","GB","United Kingdom","B","Payment systems, retail","GB4P","BACS","G","Direct participants, Postal institution","A","All users","E","End of period","0","373","Pure Number","0","Units","","7","",0,A,0,A,0,A,0,A,0,A,0,A,0,A
CPMI_PARTICIPANTS:A:GB:B:GB4P:H,"A","Annual","GB","United Kingdom","B","Payment systems, retail","GB4P","BACS","H","Direct participants, Payment systems, CCPs and SSSs","A","All users","E","End of period","0","373","Pure Number","0","Units","","7","",0,A,0,A,0,A,0,A,0,A,0,A,0,A
CPMI_PARTICIPANTS:A:GB:B:GB4P:L,"A","Annual","GB","United Kingdom","B","Payment systems, retail","GB4P","BACS","L","Direct participants, Other","A","All users","E","End of period","0","373","Pure Number","0","Units","","7","",0,A,0,A,0,A,0,A,0,A,0,A,0,A
CPMI_PARTICIPANTS:A:GB:B:GB4P:Z,"A","Annual","GB","United Kingdom","B","Payment systems, retail","GB4P","BACS","Z","Indirect participants","A","All users","E","End of period","0","373","Pure Number","0","Units","","7","",,L,,L,,L,,L,,L,,L,,L
CPMI_PARTICIPANTS:A:GB:B:GB6P:A,"A","Annual","GB","United Kingdom","B","Payment systems, retail","GB6P","LINK","A","All","A","All users","E","End of period","0","373","Pure Number","0","Units","","7","",,L,,L,,L,,L,36,A,36,A,35,A
CPMI_PARTICIPANTS:A:GB:B:GB6P:B,"A","Annual","GB","United Kingdom","B","Payment systems, retail","GB6P","LINK","B","Direct participants, Banks","A","All users","E","End of period","0","373","Pure Number","0","Units","","7","",,L,,L,,L,,L,25,A,25,A,24,A
CPMI_PARTICIPANTS:A:GB:B:GB6P:C,"A","Annual","GB","United Kingdom","B","Payment systems, retail","GB6P","LINK","C","Direct participants, Central bank","A","All users","E","End of period","0","373","Pure Number","0","Units","","7","",,L,,L,,L,,L,0,A,0,A,0,A
CPMI_PARTICIPANTS:A:GB:B:GB6P:D,"A","Annual","GB","United Kingdom","B","Payment systems, retail","GB6P","LINK","D","Direct participants, all","A","All users","E","End of period","0","373","Pure Number","0","Units","","7","",,L,,L,,L,,L,36,A,36,A,35,A
CPMI_PARTICIPANTS:A:GB:B:GB6P:F,"A","Annual","GB","United Kingdom","B","Payment systems, retail","GB6P","LINK","F","Direct participants, Government","A","All users","E","End of period","0","373","Pure Number","0","Units","","7","",,L,,L,,L,,L,0,A,0,A,0,A
CPMI_PARTICIPANTS:A:GB:B:GB6P:G,"A","Annual","GB","United Kingdom","B","Payment systems, retail","GB6P","LINK","G","Direct participants, Postal institution","A","All users","E","End of period","0","373","Pure Number","0","Units","","7","",,L,,L,,L,,L,0,A,0,A,0,A
CPMI_PARTICIPANTS:A:GB:B:GB6P:H,"A","Annual","GB","United Kingdom","B","Payment systems, retail","GB6P","LINK","H","Direct participants, Payment systems, CCPs and SSSs","A","All users","E","End of period","0","373","Pure Number","0","Units","","7","",,L,,L,,L,,L,0,A,0,A,0,A
CPMI_PARTICIPANTS:A:GB:B:GB6P:L,"A","Annual","GB","United Kingdom","B","Payment systems, retail","GB6P","LINK","L","Direct participants, Other","A","All users","E","End of period","0","373","Pure Number","0","Units","","7","",,L,,L,,L,,L,11,A,11,A,11,A
CPMI_PARTICIPANTS:A:GB:B:GB6P:Z,"A","Annual","GB","United Kingdom","B","Payment systems, retail","GB6P","LINK","Z","Indirect participants","A","All users","E","End of period","0","373","Pure Number","0","Units","","7","",,L,,L,,L,,L,,L,,L,,L
CPMI_PARTICIPANTS:A:GB:C:GB5P:A,"A","Annual","GB","United Kingdom","C","Payment systems, fast payments","GB5P","Faster Payments Service","A","All","A","All users","E","End of period","0","373","Pure Number","0","Units","","7","",10,A,10,A,10,A,10,A,12,A,20,A,30,A
CPMI_PARTICIPANTS:A:GB:C:GB5P:B,"A","Annual","GB","United Kingdom","C","Payment systems, fast payments","GB5P","Faster Payments Service","B","Direct participants, Banks","A","All users","E","End of period","0","373","Pure Number","0","Units","","7","",10,A,10,A,10,A,10,A,12,A,17,A,22,A
CPMI_PARTICIPANTS:A:GB:C:GB5P:C,"A","Annual","GB","United Kingdom","C","Payment systems, fast payments","GB5P","Faster Payments Service","C","Direct participants, Central bank","A","All users","E","End of period","0","373","Pure Number","0","Units","","7","",0,A,0,A,0,A,0,A,0,A,0,A,0,A
CPMI_PARTICIPANTS:A:GB:C:GB5P:D,"A","Annual","GB","United Kingdom","C","Payment systems, fast payments","GB5P","Faster Payments Service","D","Direct participants, all","A","All users","E","End of period","0","373","Pure Number","0","Units","","7","",10,A,10,A,10,A,10,A,12,A,20,A,30,A
CPMI_PARTICIPANTS:A:GB:C:GB5P:F,"A","Annual","GB","United Kingdom","C","Payment systems, fast payments","GB5P","Faster Payments Service","F","Direct participants, Government","A","All users","E","End of period","0","373","Pure Number","0","Units","","7","",0,A,0,A,0,A,0,A,0,A,0,A,0,A
CPMI_PARTICIPANTS:A:GB:C:GB5P:G,"A","Annual","GB","United Kingdom","C","Payment systems, fast payments","GB5P","Faster Payments Service","G","Direct participants, Postal institution","A","All users","E","End of period","0","373","Pure Number","0","Units","","7","",0,A,0,A,0,A,0,A,0,A,0,A,0,A
CPMI_PARTICIPANTS:A:GB:C:GB5P:H,"A","Annual","GB","United Kingdom","C","Payment systems, fast payments","GB5P","Faster Payments Service","H","Direct participants, Payment systems, CCPs and SSSs","A","All users","E","End of period","0","373","Pure Number","0","Units","","7","",0,A,0,A,0,A,0,A,0,A,0,A,0,A
CPMI_PARTICIPANTS:A:GB:C:GB5P:L,"A","Annual","GB","United Kingdom","C","Payment systems, fast payments","GB5P","Faster Payments Service","L","Direct participants, Other","A","All users","E","End of period","0","373","Pure Number","0","Units","","7","",0,A,0,A,0,A,0,A,0,A,3,A,8,A
CPMI_PARTICIPANTS:A:GB:C:GB5P:Z,"A","Annual","GB","United Kingdom","C","Payment systems, fast payments","GB5P","Faster Payments Service","Z","Indirect participants","A","All users","E","End of period","0","373","Pure Number","0","Units","","7","",,L,,L,,L,,L,,L,,L,,L
CPMI_PARTICIPANTS:A:GB:S:SWFT:0,"A","Annual","GB","United Kingdom","S","Swift","SWFT","Swift","0","Members","A","All users","E","End of period","0","373","Pure Number","0","Units","","10","",98,A,98,A,90,A,96,A,95,A,92,A,102,A
CPMI_PARTICIPANTS:A:GB:S:SWFT:1,"A","Annual","GB","United Kingdom","S","Swift","SWFT","Swift","1","Sub-members","A","All users","E","End of period","0","373","Pure Number","0","Units","","10","",244,A,243,A,241,A,245,A,246,A,243,A,243,A
CPMI_PARTICIPANTS:A:GB:S:SWFT:A,"A","Annual","GB","United Kingdom","S","Swift","SWFT","Swift","A","All","A","All users","E","End of period","0","373","Pure Number","0","Units","","10","",651,A,682,A,705,A,752,A,778,A,793,A,803,A
CPMI_PARTICIPANTS:A:GB:U:GB1C:B,"A","Annual","GB","United Kingdom","U","Central counterparties/clearing houses","GB1C","ICE Clear Europe","B","Direct participants, Banks","A","All users","E","End of period","0","373","Pure Number","0","Units","","12","",35,A,25,A,25,A,24,A,27,A,22,A,23,A
CPMI_PARTICIPANTS:A:GB:U:GB1C:C,"A","Annual","GB","United Kingdom","U","Central counterparties/clearing houses","GB1C","ICE Clear Europe","C","Direct participants, Central bank","A","All users","E","End of period","0","373","Pure Number","0","Units","","12","",0,A,0,A,0,A,0,A,0,A,0,A,0,A
CPMI_PARTICIPANTS:A:GB:U:GB1C:D,"A","Annual","GB","United Kingdom","U","Central counterparties/clearing houses","GB1C","ICE Clear Europe","D","Direct participants, all","A","All users","E","End of period","0","373","Pure Number","0","Units","","12","",69,A,81,A,80,A,79,A,81,A,80,A,81,A
CPMI_PARTICIPANTS:A:GB:U:GB1C:I,"A","Annual","GB","United Kingdom","U","Central counterparties/clearing houses","GB1C","ICE Clear Europe","I","Direct participants, CCPs/Other CCPs","A","All users","E","End of period","0","373","Pure Number","0","Units","","12","",0,A,0,A,0,A,0,A,0,A,0,A,0,A
CPMI_PARTICIPANTS:A:GB:U:GB1C:L,"A","Annual","GB","United Kingdom","U","Central counterparties/clearing houses","GB1C","ICE Clear Europe","L","Direct participants, Other","A","All users","E","End of period","0","373","Pure Number","0","Units","","12","",34,A,56,A,55,A,55,A,54,A,58,A,58,A
CPMI_PARTICIPANTS:A:GB:U:GB1C:N,"A","Annual","GB","United Kingdom","U","Central counterparties/clearing houses","GB1C","ICE Clear Europe","N","Direct participants, domestic","A","All users","E","End of period","0","373","Pure Number","0","Units","","12","",32,A,38,A,38,A,35,A,34,A,34,A,33,A
CPMI_PARTICIPANTS:A:GB:U:GB1C:O,"A","Annual","GB","United Kingdom","U","Central counterparties/clearing houses","GB1C","ICE Clear Europe","O","Direct participants, domestic, Banks","A","All users","E","End of period","0","373","Pure Number","0","Units","","12","",16,A,15,A,15,A,14,A,15,A,12,A,9,A
CPMI_PARTICIPANTS:A:GB:U:GB1C:P,"A","Annual","GB","United Kingdom","U","Central counterparties/clearing houses","GB1C","ICE Clear Europe","P","Direct participants, domestic, Central banks","A","All users","E","End of period","0","373","Pure Number","0","Units","","12","",0,A,0,A,0,A,0,A,0,A,0,A,0,A
CPMI_PARTICIPANTS:A:GB:U:GB1C:Q,"A","Annual","GB","United Kingdom","U","Central counterparties/clearing houses","GB1C","ICE Clear Europe","Q","Direct participants, domestic, CCPs/Other CCPs","A","All users","E","End of period","0","373","Pure Number","0","Units","","12","",0,A,0,A,0,A,0,A,0,A,0,A,0,A
CPMI_PARTICIPANTS:A:GB:U:GB1C:S,"A","Annual","GB","United Kingdom","U","Central counterparties/clearing houses","GB1C","ICE Clear Europe","S","Direct participants, domestic, Other","A","All users","E","End of period","0","373","Pure Number","0","Units","","12","",16,A,23,A,23,A,21,A,19,A,22,A,24,A
CPMI_PARTICIPANTS:A:GB:U:GB1C:T,"A","Annual","GB","United Kingdom","U","Central counterparties/clearing houses","GB1C","ICE Clear Europe","T","Direct participants, foreign","A","All users","E","End of period","0","373","Pure Number","0","Units","","12","",37,A,43,A,42,A,44,A,47,A,46,A,48,A
CPMI_PARTICIPANTS:A:GB:U:GB1C:U,"A","Annual","GB","United Kingdom","U","Central counterparties/clearing houses","GB1C","ICE Clear Europe","U","Direct participants, foreign, Banks","A","All users","E","End of period","0","373","Pure Number","0","Units","","12","",19,A,10,A,10,A,10,A,12,A,10,A,11,A
CPMI_PARTICIPANTS:A:GB:U:GB1C:V,"A","Annual","GB","United Kingdom","U","Central counterparties/clearing houses","GB1C","ICE Clear Europe","V","Direct participants, foreign, Central banks","A","All users","E","End of period","0","373","Pure Number","0","Units","","12","",0,A,0,A,0,A,0,A,0,A,0,A,0,A
CPMI_PARTICIPANTS:A:GB:U:GB1C:W,"A","Annual","GB","United Kingdom","U","Central counterparties/clearing houses","GB1C","ICE Clear Europe","W","Direct participants, foreign, CCPs/Other CCPs","A","All users","E","End of period","0","373","Pure Number","0","Units","","12","",0,A,0,A,0,A,0,A,0,A,0,A,0,A
CPMI_PARTICIPANTS:A:GB:U:GB1C:Y,"A","Annual","GB","United Kingdom","U","Central counterparties/clearing houses","GB1C","ICE Clear Europe","Y","Direct participants, foreign, Other","A","All users","E","End of period","0","373","Pure Number","0","Units","","12","",18,A,33,A,32,A,34,A,35,A,36,A,37,A
CPMI_PARTICIPANTS:A:GB:U:GB2C:B,"A","Annual","GB","United Kingdom","U","Central counterparties/clearing houses","GB2C","LME Clear Limited","B","Direct participants, Banks","A","All users","E","End of period","0","373","Pure Number","0","Units","","12","",,L,,L,4,A,4,A,5,A,6,A,6,A
CPMI_PARTICIPANTS:A:GB:U:GB2C:C,"A","Annual","GB","United Kingdom","U","Central counterparties/clearing houses","GB2C","LME Clear Limited","C","Direct participants, Central bank","A","All users","E","End of period","0","373","Pure Number","0","Units","","12","",,L,,L,0,A,0,A,0,A,0,A,0,A
CPMI_PARTICIPANTS:A:GB:U:GB2C:D,"A","Annual","GB","United Kingdom","U","Central counterparties/clearing houses","GB2C","LME Clear Limited","D","Direct participants, all","A","All users","E","End of period","0","373","Pure Number","0","Units","","12","",,L,,L,42,A,42,A,44,A,46,A,46,A
CPMI_PARTICIPANTS:A:GB:U:GB2C:I,"A","Annual","GB","United Kingdom","U","Central counterparties/clearing houses","GB2C","LME Clear Limited","I","Direct participants, CCPs/Other CCPs","A","All users","E","End of period","0","373","Pure Number","0","Units","","12","",,L,,L,0,A,0,A,0,A,0,A,0,A
CPMI_PARTICIPANTS:A:GB:U:GB2C:L,"A","Annual","GB","United Kingdom","U","Central counterparties/clearing houses","GB2C","LME Clear Limited","L","Direct participants, Other","A","All users","E","End of period","0","373","Pure Number","0","Units","","12","",,L,,L,38,A,38,A,39,A,40,A,40,A
CPMI_PARTICIPANTS:A:GB:U:GB2C:N,"A","Annual","GB","United Kingdom","U","Central counterparties/clearing houses","GB2C","LME Clear Limited","N","Direct participants, domestic","A","All users","E","End of period","0","373","Pure Number","0","Units","","12","",,L,,L,34,A,34,A,35,A,37,A,37,A
CPMI_PARTICIPANTS:A:GB:U:GB2C:O,"A","Annual","GB","United Kingdom","U","Central counterparties/clearing houses","GB2C","LME Clear Limited","O","Direct participants, domestic, Banks","A","All users","E","End of period","0","373","Pure Number","0","Units","","12","",,L,,L,2,A,2,A,3,A,3,A,3,A
CPMI_PARTICIPANTS:A:GB:U:GB2C:P,"A","Annual","GB","United Kingdom","U","Central counterparties/clearing houses","GB2C","LME Clear Limited","P","Direct participants, domestic, Central banks","A","All users","E","End of period","0","373","Pure Number","0","Units","","12","",,L,,L,0,A,0,A,0,A,0,A,0,A
CPMI_PARTICIPANTS:A:GB:U:GB2C:Q,"A","Annual","GB","United Kingdom","U","Central counterparties/clearing houses","GB2C","LME Clear Limited","Q","Direct participants, domestic, CCPs/Other CCPs","A","All users","E","End of period","0","373","Pure Number","0","Units","","12","",,L,,L,0,A,0,A,0,A,0,A,0,A
CPMI_PARTICIPANTS:A:GB:U:GB2C:S,"A","Annual","GB","United Kingdom","U","Central counterparties/clearing houses","GB2C","LME Clear Limited","S","Direct participants, domestic, Other","A","All users","E","End of period","0","373","Pure Number","0","Units","","12","",,L,,L,32,A,32,A,32,A,34,A,34,A
CPMI_PARTICIPANTS:A:GB:U:GB2C:T,"A","Annual","GB","United Kingdom","U","Central counterparties/clearing houses","GB2C","LME Clear Limited","T","Direct participants, foreign","A","All users","E","End of period","0","373","Pure Number","0","Units","","12","",,L,,L,8,A,8,A,9,A,9,A,9,A
CPMI_PARTICIPANTS:A:GB:U:GB2C:U,"A","Annual","GB","United Kingdom","U","Central counterparties/clearing houses","GB2C","LME Clear Limited","U","Direct participants, foreign, Banks","A","All users","E","End of period","0","373","Pure Number","0","Units","","12","",,L,,L,2,A,2,A,2,A,3,A,3,A
CPMI_PARTICIPANTS:A:GB:U:GB2C:V,"A","Annual","GB","United Kingdom","U","Central counterparties/clearing houses","GB2C","LME Clear Limited","V","Direct participants, foreign, Central banks","A","All users","E","End of period","0","373","Pure Number","0","Units","","12","",,L,,L,0,A,0,A,0,A,0,A,0,A
CPMI_PARTICIPANTS:A:GB:U:GB2C:W,"A","Annual","GB","United Kingdom","U","Central counterparties/clearing houses","GB2C","LME Clear Limited","W","Direct participants, foreign, CCPs/Other CCPs","A","All users","E","End of period","0","373","Pure Number","0","Units","","12","",,L,,L,0,A,0,A,0,A,0,A,0,A
CPMI_PARTICIPANTS:A:GB:U:GB2C:Y,"A","Annual","GB","United Kingdom","U","Central counterparties/clearing houses","GB2C","LME Clear Limited","Y","Direct participants, foreign, Other","A","All users","E","End of period","0","373","Pure Number","0","Units","","12","",,L,,L,6,A,6,A,7,A,6,A,6,A
CPMI_PARTICIPANTS:A:GB:U:GB4C:B,"A","Annual","GB","United Kingdom","U","Central counterparties/clearing houses","GB4C","LCH.Clearnet Ltd","B","Direct participants, Banks","A","All users","E","End of period","0","373","Pure Number","0","Units","","12","",92,A,95,A,105,A,102,A,105,A,134,A,138,A
CPMI_PARTICIPANTS:A:GB:U:GB4C:C,"A","Annual","GB","United Kingdom","U","Central counterparties/clearing houses","GB4C","LCH.Clearnet Ltd","C","Direct participants, Central bank","A","All users","E","End of period","0","373","Pure Number","0","Units","","12","",0,A,0,A,0,A,0,A,0,A,0,A,0,A
CPMI_PARTICIPANTS:A:GB:U:GB4C:D,"A","Annual","GB","United Kingdom","U","Central counterparties/clearing houses","GB4C","LCH.Clearnet Ltd","D","Direct participants, all","A","All users","E","End of period","0","373","Pure Number","0","Units","","12","",171,A,165,A,161,A,154,A,158,A,157,A,161,A
CPMI_PARTICIPANTS:A:GB:U:GB4C:I,"A","Annual","GB","United Kingdom","U","Central counterparties/clearing houses","GB4C","LCH.Clearnet Ltd","I","Direct participants, CCPs/Other CCPs","A","All users","E","End of period","0","373","Pure Number","0","Units","","12","",4,A,4,A,3,A,2,A,2,A,2,A,2,A
CPMI_PARTICIPANTS:A:GB:U:GB4C:L,"A","Annual","GB","United Kingdom","U","Central counterparties/clearing houses","GB4C","LCH.Clearnet Ltd","L","Direct participants, Other","A","All users","E","End of period","0","373","Pure Number","0","Units","","12","",75,A,66,A,53,A,50,A,51,A,21,A,21,A
CPMI_PARTICIPANTS:A:GB:U:GB4C:N,"A","Annual","GB","United Kingdom","U","Central counterparties/clearing houses","GB4C","LCH.Clearnet Ltd","N","Direct participants, domestic","A","All users","E","End of period","0","373","Pure Number","0","Units","","12","",61,A,59,A,50,A,49,A,49,A,25,A,50,A
CPMI_PARTICIPANTS:A:GB:U:GB4C:O,"A","Annual","GB","United Kingdom","U","Central counterparties/clearing houses","GB4C","LCH.Clearnet Ltd","O","Direct participants, domestic, Banks","A","All users","E","End of period","0","373","Pure Number","0","Units","","12","",21,A,21,A,23,A,23,A,23,A,19,A,36,A
CPMI_PARTICIPANTS:A:GB:U:GB4C:P,"A","Annual","GB","United Kingdom","U","Central counterparties/clearing houses","GB4C","LCH.Clearnet Ltd","P","Direct participants, domestic, Central banks","A","All users","E","End of period","0","373","Pure Number","0","Units","","12","",0,A,0,A,0,A,0,A,0,A,0,A,0,A
CPMI_PARTICIPANTS:A:GB:U:GB4C:Q,"A","Annual","GB","United Kingdom","U","Central counterparties/clearing houses","GB4C","LCH.Clearnet Ltd","Q","Direct participants, domestic, CCPs/Other CCPs","A","All users","E","End of period","0","373","Pure Number","0","Units","","12","",0,A,0,A,0,A,0,A,0,A,0,A,0,A
CPMI_PARTICIPANTS:A:GB:U:GB4C:S,"A","Annual","GB","United Kingdom","U","Central counterparties/clearing houses","GB4C","LCH.Clearnet Ltd","S","Direct participants, domestic, Other","A","All users","E","End of period","0","373","Pure Number","0","Units","","12","",40,A,38,A,27,A,26,A,26,A,6,A,14,A
CPMI_PARTICIPANTS:A:GB:U:GB4C:T,"A","Annual","GB","United Kingdom","U","Central counterparties/clearing houses","GB4C","LCH.Clearnet Ltd","T","Direct participants, foreign","A","All users","E","End of period","0","373","Pure Number","0","Units","","12","",110,A,106,A,111,A,105,A,109,A,132,A,111,A
CPMI_PARTICIPANTS:A:GB:U:GB4C:U,"A","Annual","GB","United Kingdom","U","Central counterparties/clearing houses","GB4C","LCH.Clearnet Ltd","U","Direct participants, foreign, Banks","A","All users","E","End of period","0","373","Pure Number","0","Units","","12","",71,A,74,A,82,A,79,A,82,A,115,A,102,A
CPMI_PARTICIPANTS:A:GB:U:GB4C:V,"A","Annual","GB","United Kingdom","U","Central counterparties/clearing houses","GB4C","LCH.Clearnet Ltd","V","Direct participants, foreign, Central banks","A","All users","E","End of period","0","373","Pure Number","0","Units","","12","",0,A,0,A,0,A,0,A,0,A,0,A,0,A
CPMI_PARTICIPANTS:A:GB:U:GB4C:W,"A","Annual","GB","United Kingdom","U","Central counterparties/clearing houses","GB4C","LCH.Clearnet Ltd","W","Direct participants, foreign, CCPs/Other CCPs","A","All users","E","End of period","0","373","Pure Number","0","Units","","12","",4,A,4,A,3,A,2,A,2,A,2,A,2,A
CPMI_PARTICIPANTS:A:GB:U:GB4C:Y,"A","Annual","GB","United Kingdom","U","Central counterparties/clearing houses","GB4C","LCH.Clearnet Ltd","Y","Direct participants, foreign, Other","A","All users","E","End of period","0","373","Pure Number","0","Units","","12","",35,A,28,A,26,A,24,A,25,A,15,A,7,A
CPMI_PARTICIPANTS:A:GB:V:GB1S:B,"A","Annual","GB","United Kingdom","V","Central securities depositories","GB1S","Euroclear UK & Ireland","B","Direct participants, Banks","A","All users","E","End of period","0","373","Pure Number","0","Units","","15","",,L,,L,,L,,L,,L,,L,,L
CPMI_PARTICIPANTS:A:GB:V:GB1S:C,"A","Annual","GB","United Kingdom","V","Central securities depositories","GB1S","Euroclear UK & Ireland","C","Direct participants, Central bank","A","All users","E","End of period","0","373","Pure Number","0","Units","","15","",,L,,L,,L,,L,,L,,L,,L
CPMI_PARTICIPANTS:A:GB:V:GB1S:D,"A","Annual","GB","United Kingdom","V","Central securities depositories","GB1S","Euroclear UK & Ireland","D","Direct participants, all","A","All users","E","End of period","0","373","Pure Number","0","Units","","15","",32388,A,26643,A,23648,A,22500,A,17050,A,15351,A,14660,A
CPMI_PARTICIPANTS:A:GB:V:GB1S:I,"A","Annual","GB","United Kingdom","V","Central securities depositories","GB1S","Euroclear UK & Ireland","I","Direct participants, CCPs/Other CCPs","A","All users","E","End of period","0","373","Pure Number","0","Units","","15","",,L,,L,,L,,L,,L,,L,,L
CPMI_PARTICIPANTS:A:GB:V:GB1S:J,"A","Annual","GB","United Kingdom","V","Central securities depositories","GB1S","Euroclear UK & Ireland","J","Direct participants, CSDs","A","All users","E","End of period","0","373","Pure Number","0","Units","","15","",,L,,L,,L,,L,,L,,L,,L
CPMI_PARTICIPANTS:A:GB:V:GB1S:L,"A","Annual","GB","United Kingdom","V","Central securities depositories","GB1S","Euroclear UK & Ireland","L","Direct participants, Other","A","All users","E","End of period","0","373","Pure Number","0","Units","","15","",,L,,L,,L,,L,,L,,L,,L
CPMI_PARTICIPANTS:A:GB:V:GB1S:N,"A","Annual","GB","United Kingdom","V","Central securities depositories","GB1S","Euroclear UK & Ireland","N","Direct participants, domestic","A","All users","E","End of period","0","373","Pure Number","0","Units","","15","",,L,,L,,L,,L,,L,,L,,L
CPMI_PARTICIPANTS:A:GB:V:GB1S:O,"A","Annual","GB","United Kingdom","V","Central securities depositories","GB1S","Euroclear UK & Ireland","O","Direct participants, domestic, Banks","A","All users","E","End of period","0","373","Pure Number","0","Units","","15","",,L,,L,,L,,L,,L,,L,,L
CPMI_PARTICIPANTS:A:GB:V:GB1S:P,"A","Annual","GB","United Kingdom","V","Central securities depositories","GB1S","Euroclear UK & Ireland","P","Direct participants, domestic, Central banks","A","All users","E","End of period","0","373","Pure Number","0","Units","","15","",,L,,L,,L,,L,,L,,L,,L
CPMI_PARTICIPANTS:A:GB:V:GB1S:Q,"A","Annual","GB","United Kingdom","V","Central securities depositories","GB1S","Euroclear UK & Ireland","Q","Direct participants, domestic, CCPs/Other CCPs","A","All users","E","End of period","0","373","Pure Number","0","Units","","15","",,L,,L,,L,,L,,L,,L,,L
CPMI_PARTICIPANTS:A:GB:V:GB1S:R,"A","Annual","GB","United Kingdom","V","Central securities depositories","GB1S","Euroclear UK & Ireland","R","Direct participants, domestic, CSDs","A","All users","E","End of period","0","373","Pure Number","0","Units","","15","",,L,,L,,L,,L,,L,,L,,L
CPMI_PARTICIPANTS:A:GB:V:GB1S:S,"A","Annual","GB","United Kingdom","V","Central securities depositories","GB1S","Euroclear UK & Ireland","S","Direct participants, domestic, Other","A","All users","E","End of period","0","373","Pure Number","0","Units","","15","",,L,,L,,L,,L,,L,,L,,L
CPMI_PARTICIPANTS:A:GB:V:GB1S:T,"A","Annual","GB","United Kingdom","V","Central securities depositories","GB1S","Euroclear UK & Ireland","T","Direct participants, foreign","A","All users","E","End of period","0","373","Pure Number","0","Units","","15","",,L,,L,,L,,L,,L,,L,,L
CPMI_PARTICIPANTS:A:GB:V:GB1S:U,"A","Annual","GB","United Kingdom","V","Central securities depositories","GB1S","Euroclear UK & Ireland","U","Direct participants, foreign, Banks","A","All users","E","End of period","0","373","Pure Number","0","Units","","15","",,L,,L,,L,,L,,L,,L,,L
CPMI_PARTICIPANTS:A:GB:V:GB1S:V,"A","Annual","GB","United Kingdom","V","Central securities depositories","GB1S","Euroclear UK & Ireland","V","Direct participants, foreign, Central banks","A","All users","E","End of period","0","373","Pure Number","0","Units","","15","",,L,,L,,L,,L,,L,,L,,L
CPMI_PARTICIPANTS:A:GB:V:GB1S:W,"A","Annual","GB","United Kingdom","V","Central securities depositories","GB1S","Euroclear UK & Ireland","W","Direct participants, foreign, CCPs/Other CCPs","A","All users","E","End of period","0","373","Pure Number","0","Units","","15","",,L,,L,,L,,L,,L,,L,,L
CPMI_PARTICIPANTS:A:GB:V:GB1S:X,"A","Annual","GB","United Kingdom","V","Central securities depositories","GB1S","Euroclear UK & Ireland","X","Direct participants, foreign,CSDs","A","All users","E","End of period","0","373","Pure Number","0","Units","","15","",,L,,L,,L,,L,,L,,L,,L
CPMI_PARTICIPANTS:A:GB:V:GB1S:Y,"A","Annual","GB","United Kingdom","V","Central securities depositories","GB1S","Euroclear UK & Ireland","Y","Direct participants, foreign, Other","A","All users","E","End of period","0","373","Pure Number","0","Units","","15","",,L,,L,,L,,L,,L,,L,,L
CPMI_PARTICIPANTS:A:HK:A:HK1P:A,"A","Annual","HK","Hong Kong SAR","A","Payment systems, large-value","HK1P","HKD CHATS","A","All","A","All users","E","End of period","0","373","Pure Number","0","Units","Clearing House Automated Transfer System (CHATS) is the RTGS system originally designed for HKD interbank payments.","7","",152,A,154,A,159,A,156,A,153,A,153,A,153,A
CPMI_PARTICIPANTS:A:HK:A:HK1P:B,"A","Annual","HK","Hong Kong SAR","A","Payment systems, large-value","HK1P","HKD CHATS","B","Direct participants, Banks","A","All users","E","End of period","0","373","Pure Number","0","Units","Bank refers to licensed bank and restricted licence bank, if applicable ","7","",151,A,153,A,158,A,155,A,152,A,152,A,152,A
CPMI_PARTICIPANTS:A:HK:A:HK1P:C,"A","Annual","HK","Hong Kong SAR","A","Payment systems, large-value","HK1P","HKD CHATS","C","Direct participants, Central bank","A","All users","E","End of period","0","373","Pure Number","0","Units","","7","",,M,,M,,M,,M,,M,,M,,M
CPMI_PARTICIPANTS:A:HK:A:HK1P:D,"A","Annual","HK","Hong Kong SAR","A","Payment systems, large-value","HK1P","HKD CHATS","D","Direct participants, all","A","All users","E","End of period","0","373","Pure Number","0","Units","","7","",152,A,154,A,159,A,156,A,153,A,153,A,153,A
CPMI_PARTICIPANTS:A:HK:A:HK1P:F,"A","Annual","HK","Hong Kong SAR","A","Payment systems, large-value","HK1P","HKD CHATS","F","Direct participants, Government","A","All users","E","End of period","0","373","Pure Number","0","Units","","7","",,M,,M,,M,,M,,M,,M,,M
CPMI_PARTICIPANTS:A:HK:A:HK1P:G,"A","Annual","HK","Hong Kong SAR","A","Payment systems, large-value","HK1P","HKD CHATS","G","Direct participants, Postal institution","A","All users","E","End of period","0","373","Pure Number","0","Units","","7","",,M,,M,,M,,M,,M,,M,,M
CPMI_PARTICIPANTS:A:HK:A:HK1P:H,"A","Annual","HK","Hong Kong SAR","A","Payment systems, large-value","HK1P","HKD CHATS","H","Direct participants, Payment systems, CCPs and SSSs","A","All users","E","End of period","0","373","Pure Number","0","Units","","7","",1,A,1,A,1,A,1,A,1,A,1,A,1,A
CPMI_PARTICIPANTS:A:HK:A:HK1P:L,"A","Annual","HK","Hong Kong SAR","A","Payment systems, large-value","HK1P","HKD CHATS","L","Direct participants, Other","A","All users","E","End of period","0","373","Pure Number","0","Units","","7","",,M,,M,,M,,M,,M,,M,,M
CPMI_PARTICIPANTS:A:HK:A:HK1P:Z,"A","Annual","HK","Hong Kong SAR","A","Payment systems, large-value","HK1P","HKD CHATS","Z","Indirect participants","A","All users","E","End of period","0","373","Pure Number","0","Units","","7","",,M,,M,,M,,M,,M,,M,,M
CPMI_PARTICIPANTS:A:HK:A:HK2P:A,"A","Annual","HK","Hong Kong SAR","A","Payment systems, large-value","HK2P","USD CHATS","A","All","A","All users","E","End of period","0","373","Pure Number","0","Units","Clearing House Automated Transfer System (CHATS) is the RTGS system originally designed for HKD interbank payments.","7","",222,A,223,A,222,A,219,A,217,A,210,A,210,A
CPMI_PARTICIPANTS:A:HK:A:HK2P:B,"A","Annual","HK","Hong Kong SAR","A","Payment systems, large-value","HK2P","USD CHATS","B","Direct participants, Banks","A","All users","E","End of period","0","373","Pure Number","0","Units","Bank refers to licensed bank and restricted licence bank, if applicable ","7","",91,A,93,A,99,A,99,A,104,A,102,A,102,A
CPMI_PARTICIPANTS:A:HK:A:HK2P:C,"A","Annual","HK","Hong Kong SAR","A","Payment systems, large-value","HK2P","USD CHATS","C","Direct participants, Central bank","A","All users","E","End of period","0","373","Pure Number","0","Units","","7","",1,A,1,A,1,A,1,A,1,A,1,A,1,A
CPMI_PARTICIPANTS:A:HK:A:HK2P:D,"A","Annual","HK","Hong Kong SAR","A","Payment systems, large-value","HK2P","USD CHATS","D","Direct participants, all","A","All users","E","End of period","0","373","Pure Number","0","Units","","7","",92,A,94,A,100,A,100,A,105,A,103,A,103,A
CPMI_PARTICIPANTS:A:HK:A:HK2P:F,"A","Annual","HK","Hong Kong SAR","A","Payment systems, large-value","HK2P","USD CHATS","F","Direct participants, Government","A","All users","E","End of period","0","373","Pure Number","0","Units","","7","",,M,,M,,M,,M,,M,,M,,M
CPMI_PARTICIPANTS:A:HK:A:HK2P:G,"A","Annual","HK","Hong Kong SAR","A","Payment systems, large-value","HK2P","USD CHATS","G","Direct participants, Postal institution","A","All users","E","End of period","0","373","Pure Number","0","Units","","7","",,M,,M,,M,,M,,M,,M,,M
CPMI_PARTICIPANTS:A:HK:A:HK2P:H,"A","Annual","HK","Hong Kong SAR","A","Payment systems, large-value","HK2P","USD CHATS","H","Direct participants, Payment systems, CCPs and SSSs","A","All users","E","End of period","0","373","Pure Number","0","Units","","7","",,M,,M,,M,,M,,M,,M,,M
CPMI_PARTICIPANTS:A:HK:A:HK2P:L,"A","Annual","HK","Hong Kong SAR","A","Payment systems, large-value","HK2P","USD CHATS","L","Direct participants, Other","A","All users","E","End of period","0","373","Pure Number","0","Units","","7","",,M,,M,,M,,M,,M,,M,,M
CPMI_PARTICIPANTS:A:HK:A:HK2P:Z,"A","Annual","HK","Hong Kong SAR","A","Payment systems, large-value","HK2P","USD CHATS","Z","Indirect participants","A","All users","E","End of period","0","373","Pure Number","0","Units","","7","",130,A,129,A,122,A,119,A,112,A,107,A,107,A
CPMI_PARTICIPANTS:A:HK:A:HK3P:A,"A","Annual","HK","Hong Kong SAR","A","Payment systems, large-value","HK3P","EUR CHATS","A","All","A","All users","E","End of period","0","373","Pure Number","0","Units","Clearing House Automated Transfer System (CHATS) is the RTGS system originally designed for HKD interbank payments.","7","",52,A,55,A,55,A,55,A,55,A,53,A,53,A
CPMI_PARTICIPANTS:A:HK:A:HK3P:B,"A","Annual","HK","Hong Kong SAR","A","Payment systems, large-value","HK3P","EUR CHATS","B","Direct participants, Banks","A","All users","E","End of period","0","373","Pure Number","0","Units","Bank refers to licensed bank and restricted licence bank, if applicable ","7","",32,A,36,A,36,A,36,A,37,A,35,A,35,A
CPMI_PARTICIPANTS:A:HK:A:HK3P:C,"A","Annual","HK","Hong Kong SAR","A","Payment systems, large-value","HK3P","EUR CHATS","C","Direct participants, Central bank","A","All users","E","End of period","0","373","Pure Number","0","Units","","7","",1,A,1,A,1,A,1,A,1,A,1,A,1,A
CPMI_PARTICIPANTS:A:HK:A:HK3P:D,"A","Annual","HK","Hong Kong SAR","A","Payment systems, large-value","HK3P","EUR CHATS","D","Direct participants, all","A","All users","E","End of period","0","373","Pure Number","0","Units","","7","",33,A,37,A,37,A,37,A,38,A,36,A,36,A
CPMI_PARTICIPANTS:A:HK:A:HK3P:F,"A","Annual","HK","Hong Kong SAR","A","Payment systems, large-value","HK3P","EUR CHATS","F","Direct participants, Government","A","All users","E","End of period","0","373","Pure Number","0","Units","","7","",,M,,M,,M,,M,,M,,M,,M
CPMI_PARTICIPANTS:A:HK:A:HK3P:G,"A","Annual","HK","Hong Kong SAR","A","Payment systems, large-value","HK3P","EUR CHATS","G","Direct participants, Postal institution","A","All users","E","End of period","0","373","Pure Number","0","Units","","7","",,M,,M,,M,,M,,M,,M,,M
CPMI_PARTICIPANTS:A:HK:A:HK3P:H,"A","Annual","HK","Hong Kong SAR","A","Payment systems, large-value","HK3P","EUR CHATS","H","Direct participants, Payment systems, CCPs and SSSs","A","All users","E","End of period","0","373","Pure Number","0","Units","","7","",,M,,M,,M,,M,,M,,M,,M
CPMI_PARTICIPANTS:A:HK:A:HK3P:L,"A","Annual","HK","Hong Kong SAR","A","Payment systems, large-value","HK3P","EUR CHATS","L","Direct participants, Other","A","All users","E","End of period","0","373","Pure Number","0","Units","","7","",,M,,M,,M,,M,,M,,M,,M
CPMI_PARTICIPANTS:A:HK:A:HK3P:Z,"A","Annual","HK","Hong Kong SAR","A","Payment systems, large-value","HK3P","EUR CHATS","Z","Indirect participants","A","All users","E","End of period","0","373","Pure Number","0","Units","","7","",19,A,18,A,18,A,18,A,17,A,17,A,17,A
CPMI_PARTICIPANTS:A:HK:A:HK8P:A,"A","Annual","HK","Hong Kong SAR","A","Payment systems, large-value","HK8P","RMB CHATS","A","All","A","All users","E","End of period","0","373","Pure Number","0","Units","Clearing House Automated Transfer System (CHATS) is the RTGS system originally designed for HKD interbank payments.","7","",174,A,184,A,199,A,219,A,212,A,205,A,202,A
CPMI_PARTICIPANTS:A:HK:A:HK8P:B,"A","Annual","HK","Hong Kong SAR","A","Payment systems, large-value","HK8P","RMB CHATS","B","Direct participants, Banks","A","All users","E","End of period","0","373","Pure Number","0","Units","Bank refers to licensed bank and restricted licence bank, if applicable ","7","",129,A,136,A,142,A,143,A,142,A,136,A,135,A
CPMI_PARTICIPANTS:A:HK:A:HK8P:C,"A","Annual","HK","Hong Kong SAR","A","Payment systems, large-value","HK8P","RMB CHATS","C","Direct participants, Central bank","A","All users","E","End of period","0","373","Pure Number","0","Units","","7","",1,A,1,A,1,A,1,A,1,A,1,A,1,A
CPMI_PARTICIPANTS:A:HK:A:HK8P:D,"A","Annual","HK","Hong Kong SAR","A","Payment systems, large-value","HK8P","RMB CHATS","D","Direct participants, all","A","All users","E","End of period","0","373","Pure Number","0","Units","","7","",174,A,184,A,199,A,219,A,212,A,205,A,202,A
CPMI_PARTICIPANTS:A:HK:A:HK8P:F,"A","Annual","HK","Hong Kong SAR","A","Payment systems, large-value","HK8P","RMB CHATS","F","Direct participants, Government","A","All users","E","End of period","0","373","Pure Number","0","Units","","7","",,M,,M,,M,,M,,M,,M,,M
CPMI_PARTICIPANTS:A:HK:A:HK8P:G,"A","Annual","HK","Hong Kong SAR","A","Payment systems, large-value","HK8P","RMB CHATS","G","Direct participants, Postal institution","A","All users","E","End of period","0","373","Pure Number","0","Units","","7","",,M,,M,,M,,M,,M,,M,,M
CPMI_PARTICIPANTS:A:HK:A:HK8P:H,"A","Annual","HK","Hong Kong SAR","A","Payment systems, large-value","HK8P","RMB CHATS","H","Direct participants, Payment systems, CCPs and SSSs","A","All users","E","End of period","0","373","Pure Number","0","Units","","7","",,M,,M,,M,,M,,M,,M,,M
CPMI_PARTICIPANTS:A:HK:A:HK8P:L,"A","Annual","HK","Hong Kong SAR","A","Payment systems, large-value","HK8P","RMB CHATS","L","Direct participants, Other","A","All users","E","End of period","0","373","Pure Number","0","Units","","7","",44,A,47,A,56,A,75,A,69,A,68,A,66,A
CPMI_PARTICIPANTS:A:HK:A:HK8P:Z,"A","Annual","HK","Hong Kong SAR","A","Payment systems, large-value","HK8P","RMB CHATS","Z","Indirect participants","A","All users","E","End of period","0","373","Pure Number","0","Units","","7","",,M,,M,,M,,M,,M,,M,,M
CPMI_PARTICIPANTS:A:HK:B:HK4P:A,"A","Annual","HK","Hong Kong SAR","B","Payment systems, retail","HK4P","HKD Cheques","A","All","A","All users","E","End of period","0","373","Pure Number","0","Units","","7","",138,A,136,A,137,A,133,A,133,A,130,A,131,A
CPMI_PARTICIPANTS:A:HK:B:HK4P:B,"A","Annual","HK","Hong Kong SAR","B","Payment systems, retail","HK4P","HKD Cheques","B","Direct participants, Banks","A","All users","E","End of period","0","373","Pure Number","0","Units","","7","",138,A,136,A,137,A,133,A,133,A,130,A,131,A
CPMI_PARTICIPANTS:A:HK:B:HK4P:C,"A","Annual","HK","Hong Kong SAR","B","Payment systems, retail","HK4P","HKD Cheques","C","Direct participants, Central bank","A","All users","E","End of period","0","373","Pure Number","0","Units","","7","",,M,,M,,M,,M,,M,,M,,M
CPMI_PARTICIPANTS:A:HK:B:HK4P:D,"A","Annual","HK","Hong Kong SAR","B","Payment systems, retail","HK4P","HKD Cheques","D","Direct participants, all","A","All users","E","End of period","0","373","Pure Number","0","Units","","7","",138,A,136,A,137,A,133,A,133,A,130,A,131,A
CPMI_PARTICIPANTS:A:HK:B:HK4P:F,"A","Annual","HK","Hong Kong SAR","B","Payment systems, retail","HK4P","HKD Cheques","F","Direct participants, Government","A","All users","E","End of period","0","373","Pure Number","0","Units","","7","",,M,,M,,M,,M,,M,,M,,M
CPMI_PARTICIPANTS:A:HK:B:HK4P:G,"A","Annual","HK","Hong Kong SAR","B","Payment systems, retail","HK4P","HKD Cheques","G","Direct participants, Postal institution","A","All users","E","End of period","0","373","Pure Number","0","Units","","7","",,M,,M,,M,,M,,M,,M,,M
CPMI_PARTICIPANTS:A:HK:B:HK4P:H,"A","Annual","HK","Hong Kong SAR","B","Payment systems, retail","HK4P","HKD Cheques","H","Direct participants, Payment systems, CCPs and SSSs","A","All users","E","End of period","0","373","Pure Number","0","Units","","7","",,M,,M,,M,,M,,M,,M,,M
CPMI_PARTICIPANTS:A:HK:B:HK4P:L,"A","Annual","HK","Hong Kong SAR","B","Payment systems, retail","HK4P","HKD Cheques","L","Direct participants, Other","A","All users","E","End of period","0","373","Pure Number","0","Units","","7","",,M,,M,,M,,M,,M,,M,,M
CPMI_PARTICIPANTS:A:HK:B:HK4P:Z,"A","Annual","HK","Hong Kong SAR","B","Payment systems, retail","HK4P","HKD Cheques","Z","Indirect participants","A","All users","E","End of period","0","373","Pure Number","0","Units","","7","",,M,,M,,M,,M,,M,,M,,M
CPMI_PARTICIPANTS:A:HK:B:HK5P:A,"A","Annual","HK","Hong Kong SAR","B","Payment systems, retail","HK5P","USD Cheques","A","All","A","All users","E","End of period","0","373","Pure Number","0","Units","","7","",103,A,105,A,110,A,109,A,114,A,110,A,109,A
CPMI_PARTICIPANTS:A:HK:B:HK5P:B,"A","Annual","HK","Hong Kong SAR","B","Payment systems, retail","HK5P","USD Cheques","B","Direct participants, Banks","A","All users","E","End of period","0","373","Pure Number","0","Units","","7","",83,A,84,A,88,A,87,A,93,A,89,A,88,A
CPMI_PARTICIPANTS:A:HK:B:HK5P:C,"A","Annual","HK","Hong Kong SAR","B","Payment systems, retail","HK5P","USD Cheques","C","Direct participants, Central bank","A","All users","E","End of period","0","373","Pure Number","0","Units","","7","",,M,,M,,M,,M,,M,,M,,M
CPMI_PARTICIPANTS:A:HK:B:HK5P:D,"A","Annual","HK","Hong Kong SAR","B","Payment systems, retail","HK5P","USD Cheques","D","Direct participants, all","A","All users","E","End of period","0","373","Pure Number","0","Units","","7","",83,A,84,A,88,A,87,A,93,A,89,A,88,A
CPMI_PARTICIPANTS:A:HK:B:HK5P:F,"A","Annual","HK","Hong Kong SAR","B","Payment systems, retail","HK5P","USD Cheques","F","Direct participants, Government","A","All users","E","End of period","0","373","Pure Number","0","Units","","7","",,M,,M,,M,,M,,M,,M,,M
CPMI_PARTICIPANTS:A:HK:B:HK5P:G,"A","Annual","HK","Hong Kong SAR","B","Payment systems, retail","HK5P","USD Cheques","G","Direct participants, Postal institution","A","All users","E","End of period","0","373","Pure Number","0","Units","","7","",,M,,M,,M,,M,,M,,M,,M
CPMI_PARTICIPANTS:A:HK:B:HK5P:H,"A","Annual","HK","Hong Kong SAR","B","Payment systems, retail","HK5P","USD Cheques","H","Direct participants, Payment systems, CCPs and SSSs","A","All users","E","End of period","0","373","Pure Number","0","Units","","7","",,M,,M,,M,,M,,M,,M,,M
CPMI_PARTICIPANTS:A:HK:B:HK5P:L,"A","Annual","HK","Hong Kong SAR","B","Payment systems, retail","HK5P","USD Cheques","L","Direct participants, Other","A","All users","E","End of period","0","373","Pure Number","0","Units","","7","",,M,,M,,M,,M,,M,,M,,M
CPMI_PARTICIPANTS:A:HK:B:HK5P:Z,"A","Annual","HK","Hong Kong SAR","B","Payment systems, retail","HK5P","USD Cheques","Z","Indirect participants","A","All users","E","End of period","0","373","Pure Number","0","Units","","7","",20,A,21,A,22,A,22,A,21,A,21,A,21,A
CPMI_PARTICIPANTS:A:HK:B:HK6P:A,"A","Annual","HK","Hong Kong SAR","B","Payment systems, retail","HK6P","HKD Electronic Clearing (ECG)","A","All","A","All users","E","End of period","0","373","Pure Number","0","Units","","7","",107,A,106,A,106,A,134,A,134,A,132,A,133,A
CPMI_PARTICIPANTS:A:HK:B:HK6P:B,"A","Annual","HK","Hong Kong SAR","B","Payment systems, retail","HK6P","HKD Electronic Clearing (ECG)","B","Direct participants, Banks","A","All users","E","End of period","0","373","Pure Number","0","Units","","7","",107,A,106,A,106,A,134,A,134,A,132,A,133,A
CPMI_PARTICIPANTS:A:HK:B:HK6P:C,"A","Annual","HK","Hong Kong SAR","B","Payment systems, retail","HK6P","HKD Electronic Clearing (ECG)","C","Direct participants, Central bank","A","All users","E","End of period","0","373","Pure Number","0","Units","","7","",,M,,M,,M,,M,,M,,M,,M
CPMI_PARTICIPANTS:A:HK:B:HK6P:D,"A","Annual","HK","Hong Kong SAR","B","Payment systems, retail","HK6P","HKD Electronic Clearing (ECG)","D","Direct participants, all","A","All users","E","End of period","0","373","Pure Number","0","Units","","7","",107,A,106,A,106,A,134,A,134,A,132,A,133,A
CPMI_PARTICIPANTS:A:HK:B:HK6P:F,"A","Annual","HK","Hong Kong SAR","B","Payment systems, retail","HK6P","HKD Electronic Clearing (ECG)","F","Direct participants, Government","A","All users","E","End of period","0","373","Pure Number","0","Units","","7","",,M,,M,,M,,M,,M,,M,,M
CPMI_PARTICIPANTS:A:HK:B:HK6P:G,"A","Annual","HK","Hong Kong SAR","B","Payment systems, retail","HK6P","HKD Electronic Clearing (ECG)","G","Direct participants, Postal institution","A","All users","E","End of period","0","373","Pure Number","0","Units","","7","",,M,,M,,M,,M,,M,,M,,M
CPMI_PARTICIPANTS:A:HK:B:HK6P:H,"A","Annual","HK","Hong Kong SAR","B","Payment systems, retail","HK6P","HKD Electronic Clearing (ECG)","H","Direct participants, Payment systems, CCPs and SSSs","A","All users","E","End of period","0","373","Pure Number","0","Units","","7","",,M,,M,,M,,M,,M,,M,,M
CPMI_PARTICIPANTS:A:HK:B:HK6P:L,"A","Annual","HK","Hong Kong SAR","B","Payment systems, retail","HK6P","HKD Electronic Clearing (ECG)","L","Direct participants, Other","A","All users","E","End of period","0","373","Pure Number","0","Units","","7","",,M,,M,,M,,M,,M,,M,,M
CPMI_PARTICIPANTS:A:HK:B:HK6P:Z,"A","Annual","HK","Hong Kong SAR","B","Payment systems, retail","HK6P","HKD Electronic Clearing (ECG)","Z","Indirect participants","A","All users","E","End of period","0","373","Pure Number","0","Units","","7","",,M,,M,,M,,M,,M,,M,,M
CPMI_PARTICIPANTS:A:HK:B:HK7P:A,"A","Annual","HK","Hong Kong SAR","B","Payment systems, retail","HK7P","USD Electronic Clearing (ECG)","A","All","A","All users","E","End of period","0","373","Pure Number","0","Units","","7","",32,A,32,A,33,A,110,A,115,A,111,A,110,A
CPMI_PARTICIPANTS:A:HK:B:HK7P:B,"A","Annual","HK","Hong Kong SAR","B","Payment systems, retail","HK7P","USD Electronic Clearing (ECG)","B","Direct participants, Banks","A","All users","E","End of period","0","373","Pure Number","0","Units","","7","",32,A,32,A,33,A,88,A,94,A,90,A,89,A
CPMI_PARTICIPANTS:A:HK:B:HK7P:C,"A","Annual","HK","Hong Kong SAR","B","Payment systems, retail","HK7P","USD Electronic Clearing (ECG)","C","Direct participants, Central bank","A","All users","E","End of period","0","373","Pure Number","0","Units","","7","",,M,,M,,M,,M,,M,,M,,M
CPMI_PARTICIPANTS:A:HK:B:HK7P:D,"A","Annual","HK","Hong Kong SAR","B","Payment systems, retail","HK7P","USD Electronic Clearing (ECG)","D","Direct participants, all","A","All users","E","End of period","0","373","Pure Number","0","Units","","7","",32,A,32,A,33,A,88,A,94,A,90,A,89,A
CPMI_PARTICIPANTS:A:HK:B:HK7P:F,"A","Annual","HK","Hong Kong SAR","B","Payment systems, retail","HK7P","USD Electronic Clearing (ECG)","F","Direct participants, Government","A","All users","E","End of period","0","373","Pure Number","0","Units","","7","",,M,,M,,M,,M,,M,,M,,M
CPMI_PARTICIPANTS:A:HK:B:HK7P:G,"A","Annual","HK","Hong Kong SAR","B","Payment systems, retail","HK7P","USD Electronic Clearing (ECG)","G","Direct participants, Postal institution","A","All users","E","End of period","0","373","Pure Number","0","Units","","7","",,M,,M,,M,,M,,M,,M,,M
CPMI_PARTICIPANTS:A:HK:B:HK7P:H,"A","Annual","HK","Hong Kong SAR","B","Payment systems, retail","HK7P","USD Electronic Clearing (ECG)","H","Direct participants, Payment systems, CCPs and SSSs","A","All users","E","End of period","0","373","Pure Number","0","Units","","7","",,M,,M,,M,,M,,M,,M,,M
CPMI_PARTICIPANTS:A:HK:B:HK7P:L,"A","Annual","HK","Hong Kong SAR","B","Payment systems, retail","HK7P","USD Electronic Clearing (ECG)","L","Direct participants, Other","A","All users","E","End of period","0","373","Pure Number","0","Units","","7","",,M,,M,,M,,M,,M,,M,,M
CPMI_PARTICIPANTS:A:HK:B:HK7P:Z,"A","Annual","HK","Hong Kong SAR","B","Payment systems, retail","HK7P","USD Electronic Clearing (ECG)","Z","Indirect participants","A","All users","E","End of period","0","373","Pure Number","0","Units","","7","",0,A,0,A,0,A,22,A,21,A,21,A,21,A
CPMI_PARTICIPANTS:A:HK:B:HK9P:A,"A","Annual","HK","Hong Kong SAR","B","Payment systems, retail","HK9P","RMB Cheques","A","All","A","All users","E","End of period","0","373","Pure Number","0","Units","","7","",77,A,82,A,82,A,82,A,84,A,80,A,81,A
CPMI_PARTICIPANTS:A:HK:B:HK9P:B,"A","Annual","HK","Hong Kong SAR","B","Payment systems, retail","HK9P","RMB Cheques","B","Direct participants, Banks","A","All users","E","End of period","0","373","Pure Number","0","Units","","7","",77,A,82,A,82,A,82,A,84,A,80,A,81,A
CPMI_PARTICIPANTS:A:HK:B:HK9P:C,"A","Annual","HK","Hong Kong SAR","B","Payment systems, retail","HK9P","RMB Cheques","C","Direct participants, Central bank","A","All users","E","End of period","0","373","Pure Number","0","Units","","7","",,M,,M,,M,,M,,M,,M,,M
CPMI_PARTICIPANTS:A:HK:B:HK9P:D,"A","Annual","HK","Hong Kong SAR","B","Payment systems, retail","HK9P","RMB Cheques","D","Direct participants, all","A","All users","E","End of period","0","373","Pure Number","0","Units","","7","",77,A,82,A,82,A,82,A,84,A,80,A,81,A
CPMI_PARTICIPANTS:A:HK:B:HK9P:F,"A","Annual","HK","Hong Kong SAR","B","Payment systems, retail","HK9P","RMB Cheques","F","Direct participants, Government","A","All users","E","End of period","0","373","Pure Number","0","Units","","7","",,M,,M,,M,,M,,M,,M,,M
CPMI_PARTICIPANTS:A:HK:B:HK9P:G,"A","Annual","HK","Hong Kong SAR","B","Payment systems, retail","HK9P","RMB Cheques","G","Direct participants, Postal institution","A","All users","E","End of period","0","373","Pure Number","0","Units","","7","",,M,,M,,M,,M,,M,,M,,M
CPMI_PARTICIPANTS:A:HK:B:HK9P:H,"A","Annual","HK","Hong Kong SAR","B","Payment systems, retail","HK9P","RMB Cheques","H","Direct participants, Payment systems, CCPs and SSSs","A","All users","E","End of period","0","373","Pure Number","0","Units","","7","",,M,,M,,M,,M,,M,,M,,M
CPMI_PARTICIPANTS:A:HK:B:HK9P:L,"A","Annual","HK","Hong Kong SAR","B","Payment systems, retail","HK9P","RMB Cheques","L","Direct participants, Other","A","All users","E","End of period","0","373","Pure Number","0","Units","","7","",,M,,M,,M,,M,,M,,M,,M
CPMI_PARTICIPANTS:A:HK:B:HK9P:Z,"A","Annual","HK","Hong Kong SAR","B","Payment systems, retail","HK9P","RMB Cheques","Z","Indirect participants","A","All users","E","End of period","0","373","Pure Number","0","Units","","7","",,M,,M,,M,,M,,M,,M,,M
CPMI_PARTICIPANTS:A:HK:B:HKAP:A,"A","Annual","HK","Hong Kong SAR","B","Payment systems, retail","HKAP","RMB Electronic Clearing (ECG)","A","All","A","All users","E","End of period","0","373","Pure Number","0","Units","","7","",47,A,48,A,49,A,91,A,91,A,87,A,88,A
CPMI_PARTICIPANTS:A:HK:B:HKAP:B,"A","Annual","HK","Hong Kong SAR","B","Payment systems, retail","HKAP","RMB Electronic Clearing (ECG)","B","Direct participants, Banks","A","All users","E","End of period","0","373","Pure Number","0","Units","","7","",47,A,48,A,49,A,91,A,91,A,87,A,88,A
CPMI_PARTICIPANTS:A:HK:B:HKAP:C,"A","Annual","HK","Hong Kong SAR","B","Payment systems, retail","HKAP","RMB Electronic Clearing (ECG)","C","Direct participants, Central bank","A","All users","E","End of period","0","373","Pure Number","0","Units","","7","",,M,,M,,M,,M,,M,,M,,M
CPMI_PARTICIPANTS:A:HK:B:HKAP:D,"A","Annual","HK","Hong Kong SAR","B","Payment systems, retail","HKAP","RMB Electronic Clearing (ECG)","D","Direct participants, all","A","All users","E","End of period","0","373","Pure Number","0","Units","","7","",47,A,48,A,49,A,91,A,91,A,87,A,88,A
CPMI_PARTICIPANTS:A:HK:B:HKAP:F,"A","Annual","HK","Hong Kong SAR","B","Payment systems, retail","HKAP","RMB Electronic Clearing (ECG)","F","Direct participants, Government","A","All users","E","End of period","0","373","Pure Number","0","Units","","7","",,M,,M,,M,,M,,M,,M,,M
CPMI_PARTICIPANTS:A:HK:B:HKAP:G,"A","Annual","HK","Hong Kong SAR","B","Payment systems, retail","HKAP","RMB Electronic Clearing (ECG)","G","Direct participants, Postal institution","A","All users","E","End of period","0","373","Pure Number","0","Units","","7","",,M,,M,,M,,M,,M,,M,,M
CPMI_PARTICIPANTS:A:HK:B:HKAP:H,"A","Annual","HK","Hong Kong SAR","B","Payment systems, retail","HKAP","RMB Electronic Clearing (ECG)","H","Direct participants, Payment systems, CCPs and SSSs","A","All users","E","End of period","0","373","Pure Number","0","Units","","7","",,M,,M,,M,,M,,M,,M,,M
CPMI_PARTICIPANTS:A:HK:B:HKAP:L,"A","Annual","HK","Hong Kong SAR","B","Payment systems, retail","HKAP","RMB Electronic Clearing (ECG)","L","Direct participants, Other","A","All users","E","End of period","0","373","Pure Number","0","Units","","7","",,M,,M,,M,,M,,M,,M,,M
CPMI_PARTICIPANTS:A:HK:B:HKAP:Z,"A","Annual","HK","Hong Kong SAR","B","Payment systems, retail","HKAP","RMB Electronic Clearing (ECG)","Z","Indirect participants","A","All users","E","End of period","0","373","Pure Number","0","Units","","7","",,M,,M,,M,,M,,M,,M,,M
CPMI_PARTICIPANTS:A:HK:C:HKBP:A,"A","Annual","HK","Hong Kong SAR","C","Payment systems, fast payments","HKBP","HKD Faster Payment System","A","All","A","All users","E","End of period","0","373","Pure Number","0","Units","","7","",,,,,,,,,,,,,153,A
CPMI_PARTICIPANTS:A:HK:C:HKBP:B,"A","Annual","HK","Hong Kong SAR","C","Payment systems, fast payments","HKBP","HKD Faster Payment System","B","Direct participants, Banks","A","All users","E","End of period","0","373","Pure Number","0","Units","","7","",,,,,,,,,,,,,143,A
CPMI_PARTICIPANTS:A:HK:C:HKBP:C,"A","Annual","HK","Hong Kong SAR","C","Payment systems, fast payments","HKBP","HKD Faster Payment System","C","Direct participants, Central bank","A","All users","E","End of period","0","373","Pure Number","0","Units","","7","",,,,,,,,,,,,,,M
CPMI_PARTICIPANTS:A:HK:C:HKBP:D,"A","Annual","HK","Hong Kong SAR","C","Payment systems, fast payments","HKBP","HKD Faster Payment System","D","Direct participants, all","A","All users","E","End of period","0","373","Pure Number","0","Units","It is known as ""Settlement Participant"" in FPS who maintains a settlement account in FPS with access to all FPS services. ","7","",,,,,,,,,,,,,143,A
CPMI_PARTICIPANTS:A:HK:C:HKBP:F,"A","Annual","HK","Hong Kong SAR","C","Payment systems, fast payments","HKBP","HKD Faster Payment System","F","Direct participants, Government","A","All users","E","End of period","0","373","Pure Number","0","Units","","7","",,,,,,,,,,,,,,M
CPMI_PARTICIPANTS:A:HK:C:HKBP:G,"A","Annual","HK","Hong Kong SAR","C","Payment systems, fast payments","HKBP","HKD Faster Payment System","G","Direct participants, Postal institution","A","All users","E","End of period","0","373","Pure Number","0","Units","","7","",,,,,,,,,,,,,,M
CPMI_PARTICIPANTS:A:HK:C:HKBP:H,"A","Annual","HK","Hong Kong SAR","C","Payment systems, fast payments","HKBP","HKD Faster Payment System","H","Direct participants, Payment systems, CCPs and SSSs","A","All users","E","End of period","0","373","Pure Number","0","Units","","7","",,,,,,,,,,,,,,M
CPMI_PARTICIPANTS:A:HK:C:HKBP:L,"A","Annual","HK","Hong Kong SAR","C","Payment systems, fast payments","HKBP","HKD Faster Payment System","L","Direct participants, Other","A","All users","E","End of period","0","373","Pure Number","0","Units","","7","",,,,,,,,,,,,,,M
CPMI_PARTICIPANTS:A:HK:C:HKBP:Z,"A","Annual","HK","Hong Kong SAR","C","Payment systems, fast payments","HKBP","HKD Faster Payment System","Z","Indirect participants","A","All users","E","End of period","0","373","Pure Number","0","Units","It is known as ""Clearing Participant"" in FPS who has access to all FPS services and engages a Settlement Participant for settling funds in FPS.","7","",,,,,,,,,,,,,10,A
CPMI_PARTICIPANTS:A:HK:C:HKCP:A,"A","Annual","HK","Hong Kong SAR","C","Payment systems, fast payments","HKCP","RMB Faster Payment System","A","All","A","All users","E","End of period","0","373","Pure Number","0","Units","","7","",,,,,,,,,,,,,53,A
CPMI_PARTICIPANTS:A:HK:C:HKCP:B,"A","Annual","HK","Hong Kong SAR","C","Payment systems, fast payments","HKCP","RMB Faster Payment System","B","Direct participants, Banks","A","All users","E","End of period","0","373","Pure Number","0","Units","","7","",,,,,,,,,,,,,49,A
CPMI_PARTICIPANTS:A:HK:C:HKCP:C,"A","Annual","HK","Hong Kong SAR","C","Payment systems, fast payments","HKCP","RMB Faster Payment System","C","Direct participants, Central bank","A","All users","E","End of period","0","373","Pure Number","0","Units","","7","",,,,,,,,,,,,,,M
CPMI_PARTICIPANTS:A:HK:C:HKCP:D,"A","Annual","HK","Hong Kong SAR","C","Payment systems, fast payments","HKCP","RMB Faster Payment System","D","Direct participants, all","A","All users","E","End of period","0","373","Pure Number","0","Units","It is known as ""Settlement Participant"" in FPS who maintains a settlement account in FPS with access to all FPS services. ","7","",,,,,,,,,,,,,49,A
CPMI_PARTICIPANTS:A:HK:C:HKCP:F,"A","Annual","HK","Hong Kong SAR","C","Payment systems, fast payments","HKCP","RMB Faster Payment System","F","Direct participants, Government","A","All users","E","End of period","0","373","Pure Number","0","Units","","7","",,,,,,,,,,,,,,M
CPMI_PARTICIPANTS:A:HK:C:HKCP:G,"A","Annual","HK","Hong Kong SAR","C","Payment systems, fast payments","HKCP","RMB Faster Payment System","G","Direct participants, Postal institution","A","All users","E","End of period","0","373","Pure Number","0","Units","","7","",,,,,,,,,,,,,,M
CPMI_PARTICIPANTS:A:HK:C:HKCP:H,"A","Annual","HK","Hong Kong SAR","C","Payment systems, fast payments","HKCP","RMB Faster Payment System","H","Direct participants, Payment systems, CCPs and SSSs","A","All users","E","End of period","0","373","Pure Number","0","Units","","7","",,,,,,,,,,,,,,M
CPMI_PARTICIPANTS:A:HK:C:HKCP:L,"A","Annual","HK","Hong Kong SAR","C","Payment systems, fast payments","HKCP","RMB Faster Payment System","L","Direct participants, Other","A","All users","E","End of period","0","373","Pure Number","0","Units","","7","",,,,,,,,,,,,,,M
CPMI_PARTICIPANTS:A:HK:C:HKCP:Z,"A","Annual","HK","Hong Kong SAR","C","Payment systems, fast payments","HKCP","RMB Faster Payment System","Z","Indirect participants","A","All users","E","End of period","0","373","Pure Number","0","Units","It is known as ""Clearing Participant"" in FPS who has access to all FPS services and engages a Settlement Participant for settling funds in FPS.","7","",,,,,,,,,,,,,4,A
CPMI_PARTICIPANTS:A:HK:S:SWFT:0,"A","Annual","HK","Hong Kong SAR","S","Swift","SWFT","Swift","0","Members","A","All users","E","End of period","0","373","Pure Number","0","Units","","10","",22,A,21,A,21,A,21,A,22,A,22,A,23,A
CPMI_PARTICIPANTS:A:HK:S:SWFT:1,"A","Annual","HK","Hong Kong SAR","S","Swift","SWFT","Swift","1","Sub-members","A","All users","E","End of period","0","373","Pure Number","0","Units","","10","",185,A,188,A,190,A,193,A,189,A,186,A,186,A
CPMI_PARTICIPANTS:A:HK:S:SWFT:A,"A","Annual","HK","Hong Kong SAR","S","Swift","SWFT","Swift","A","All","A","All users","E","End of period","0","373","Pure Number","0","Units","","10","",251,A,256,A,261,A,274,A,276,A,269,A,271,A
CPMI_PARTICIPANTS:A:HK:U:HK1C:B,"A","Annual","HK","Hong Kong SAR","U","Central counterparties/clearing houses","HK1C","CCASS (HKSCC)","B","Direct participants, Banks","A","All users","E","End of period","0","373","Pure Number","0","Units","","12","",,L,,L,,L,,L,,L,,L,,L
CPMI_PARTICIPANTS:A:HK:U:HK1C:C,"A","Annual","HK","Hong Kong SAR","U","Central counterparties/clearing houses","HK1C","CCASS (HKSCC)","C","Direct participants, Central bank","A","All users","E","End of period","0","373","Pure Number","0","Units","","12","",,M,,M,,M,,M,,M,,M,,M
CPMI_PARTICIPANTS:A:HK:U:HK1C:D,"A","Annual","HK","Hong Kong SAR","U","Central counterparties/clearing houses","HK1C","CCASS (HKSCC)","D","Direct participants, all","A","All users","E","End of period","0","373","Pure Number","0","Units","Include clearing, custodian, stock pledgee and clearing agency participants.","12","",503,A,496,A,493,A,504,A,544,A,607,A,627,A
CPMI_PARTICIPANTS:A:HK:U:HK1C:I,"A","Annual","HK","Hong Kong SAR","U","Central counterparties/clearing houses","HK1C","CCASS (HKSCC)","I","Direct participants, CCPs/Other CCPs","A","All users","E","End of period","0","373","Pure Number","0","Units","","12","",,L,,L,,L,,L,,L,,L,,L
CPMI_PARTICIPANTS:A:HK:U:HK1C:L,"A","Annual","HK","Hong Kong SAR","U","Central counterparties/clearing houses","HK1C","CCASS (HKSCC)","L","Direct participants, Other","A","All users","E","End of period","0","373","Pure Number","0","Units","Including Clearing and Clearing Agency Participants.","12","",503,A,496,A,493,A,504,A,544,A,607,A,627,A
CPMI_PARTICIPANTS:A:HK:U:HK1C:N,"A","Annual","HK","Hong Kong SAR","U","Central counterparties/clearing houses","HK1C","CCASS (HKSCC)","N","Direct participants, domestic","A","All users","E","End of period","0","373","Pure Number","0","Units","","12","",,L,,L,,L,,L,,L,,L,,L
CPMI_PARTICIPANTS:A:HK:U:HK1C:O,"A","Annual","HK","Hong Kong SAR","U","Central counterparties/clearing houses","HK1C","CCASS (HKSCC)","O","Direct participants, domestic, Banks","A","All users","E","End of period","0","373","Pure Number","0","Units","","12","",,L,,L,,L,,L,,L,,L,,L
CPMI_PARTICIPANTS:A:HK:U:HK1C:P,"A","Annual","HK","Hong Kong SAR","U","Central counterparties/clearing houses","HK1C","CCASS (HKSCC)","P","Direct participants, domestic, Central banks","A","All users","E","End of period","0","373","Pure Number","0","Units","","12","",,M,,M,,M,,M,,M,,M,,M
CPMI_PARTICIPANTS:A:HK:U:HK1C:Q,"A","Annual","HK","Hong Kong SAR","U","Central counterparties/clearing houses","HK1C","CCASS (HKSCC)","Q","Direct participants, domestic, CCPs/Other CCPs","A","All users","E","End of period","0","373","Pure Number","0","Units","","12","",,L,,L,,L,,L,,L,,L,,L
CPMI_PARTICIPANTS:A:HK:U:HK1C:S,"A","Annual","HK","Hong Kong SAR","U","Central counterparties/clearing houses","HK1C","CCASS (HKSCC)","S","Direct participants, domestic, Other","A","All users","E","End of period","0","373","Pure Number","0","Units","","12","",,L,,L,,L,,L,,L,,L,,L
CPMI_PARTICIPANTS:A:HK:U:HK1C:T,"A","Annual","HK","Hong Kong SAR","U","Central counterparties/clearing houses","HK1C","CCASS (HKSCC)","T","Direct participants, foreign","A","All users","E","End of period","0","373","Pure Number","0","Units","","12","",,L,,L,,L,,L,,L,,L,,L
CPMI_PARTICIPANTS:A:HK:U:HK1C:U,"A","Annual","HK","Hong Kong SAR","U","Central counterparties/clearing houses","HK1C","CCASS (HKSCC)","U","Direct participants, foreign, Banks","A","All users","E","End of period","0","373","Pure Number","0","Units","","12","",,L,,L,,L,,L,,L,,L,,L
CPMI_PARTICIPANTS:A:HK:U:HK1C:V,"A","Annual","HK","Hong Kong SAR","U","Central counterparties/clearing houses","HK1C","CCASS (HKSCC)","V","Direct participants, foreign, Central banks","A","All users","E","End of period","0","373","Pure Number","0","Units","","12","",,M,,M,,M,,M,,M,,M,,M
CPMI_PARTICIPANTS:A:HK:U:HK1C:W,"A","Annual","HK","Hong Kong SAR","U","Central counterparties/clearing houses","HK1C","CCASS (HKSCC)","W","Direct participants, foreign, CCPs/Other CCPs","A","All users","E","End of period","0","373","Pure Number","0","Units","","12","",,L,,L,,L,,L,,L,,L,,L
CPMI_PARTICIPANTS:A:HK:U:HK1C:Y,"A","Annual","HK","Hong Kong SAR","U","Central counterparties/clearing houses","HK1C","CCASS (HKSCC)","Y","Direct participants, foreign, Other","A","All users","E","End of period","0","373","Pure Number","0","Units","","12","",,L,,L,,L,,L,,L,,L,,L
CPMI_PARTICIPANTS:A:HK:U:HK2C:B,"A","Annual","HK","Hong Kong SAR","U","Central counterparties/clearing houses","HK2C","DCASS (SEOCH)","B","Direct participants, Banks","A","All users","E","End of period","0","373","Pure Number","0","Units","","12","",,M,,M,,M,,M,,M,,M,,M
CPMI_PARTICIPANTS:A:HK:U:HK2C:C,"A","Annual","HK","Hong Kong SAR","U","Central counterparties/clearing houses","HK2C","DCASS (SEOCH)","C","Direct participants, Central bank","A","All users","E","End of period","0","373","Pure Number","0","Units","","12","",,M,,M,,M,,M,,M,,M,,M
CPMI_PARTICIPANTS:A:HK:U:HK2C:D,"A","Annual","HK","Hong Kong SAR","U","Central counterparties/clearing houses","HK2C","DCASS (SEOCH)","D","Direct participants, all","A","All users","E","End of period","0","373","Pure Number","0","Units","","12","",72,A,71,A,74,A,78,A,74,A,71,A,72,A
CPMI_PARTICIPANTS:A:HK:U:HK2C:I,"A","Annual","HK","Hong Kong SAR","U","Central counterparties/clearing houses","HK2C","DCASS (SEOCH)","I","Direct participants, CCPs/Other CCPs","A","All users","E","End of period","0","373","Pure Number","0","Units","","12","",,M,,M,,M,,M,,M,,M,,M
CPMI_PARTICIPANTS:A:HK:U:HK2C:L,"A","Annual","HK","Hong Kong SAR","U","Central counterparties/clearing houses","HK2C","DCASS (SEOCH)","L","Direct participants, Other","A","All users","E","End of period","0","373","Pure Number","0","Units","Including Direct and General Clearing Participants.","12","",72,A,71,A,74,A,78,A,74,A,71,A,72,A
CPMI_PARTICIPANTS:A:HK:U:HK2C:N,"A","Annual","HK","Hong Kong SAR","U","Central counterparties/clearing houses","HK2C","DCASS (SEOCH)","N","Direct participants, domestic","A","All users","E","End of period","0","373","Pure Number","0","Units","","12","",72,A,71,A,74,A,78,A,74,A,71,A,72,A
CPMI_PARTICIPANTS:A:HK:U:HK2C:O,"A","Annual","HK","Hong Kong SAR","U","Central counterparties/clearing houses","HK2C","DCASS (SEOCH)","O","Direct participants, domestic, Banks","A","All users","E","End of period","0","373","Pure Number","0","Units","","12","",,M,,M,,M,,M,,M,,M,,M
CPMI_PARTICIPANTS:A:HK:U:HK2C:P,"A","Annual","HK","Hong Kong SAR","U","Central counterparties/clearing houses","HK2C","DCASS (SEOCH)","P","Direct participants, domestic, Central banks","A","All users","E","End of period","0","373","Pure Number","0","Units","","12","",,M,,M,,M,,M,,M,,M,,M
CPMI_PARTICIPANTS:A:HK:U:HK2C:Q,"A","Annual","HK","Hong Kong SAR","U","Central counterparties/clearing houses","HK2C","DCASS (SEOCH)","Q","Direct participants, domestic, CCPs/Other CCPs","A","All users","E","End of period","0","373","Pure Number","0","Units","","12","",,M,,M,,M,,M,,M,,M,,M
CPMI_PARTICIPANTS:A:HK:U:HK2C:S,"A","Annual","HK","Hong Kong SAR","U","Central counterparties/clearing houses","HK2C","DCASS (SEOCH)","S","Direct participants, domestic, Other","A","All users","E","End of period","0","373","Pure Number","0","Units","","12","",72,A,71,A,74,A,78,A,74,A,71,A,72,A
CPMI_PARTICIPANTS:A:HK:U:HK2C:T,"A","Annual","HK","Hong Kong SAR","U","Central counterparties/clearing houses","HK2C","DCASS (SEOCH)","T","Direct participants, foreign","A","All users","E","End of period","0","373","Pure Number","0","Units","","12","",,M,,M,,M,,M,,M,,M,,M
CPMI_PARTICIPANTS:A:HK:U:HK2C:U,"A","Annual","HK","Hong Kong SAR","U","Central counterparties/clearing houses","HK2C","DCASS (SEOCH)","U","Direct participants, foreign, Banks","A","All users","E","End of period","0","373","Pure Number","0","Units","","12","",,M,,M,,M,,M,,M,,M,,M
CPMI_PARTICIPANTS:A:HK:U:HK2C:V,"A","Annual","HK","Hong Kong SAR","U","Central counterparties/clearing houses","HK2C","DCASS (SEOCH)","V","Direct participants, foreign, Central banks","A","All users","E","End of period","0","373","Pure Number","0","Units","","12","",,M,,M,,M,,M,,M,,M,,M
CPMI_PARTICIPANTS:A:HK:U:HK2C:W,"A","Annual","HK","Hong Kong SAR","U","Central counterparties/clearing houses","HK2C","DCASS (SEOCH)","W","Direct participants, foreign, CCPs/Other CCPs","A","All users","E","End of period","0","373","Pure Number","0","Units","","12","",,M,,M,,M,,M,,M,,M,,M
CPMI_PARTICIPANTS:A:HK:U:HK2C:Y,"A","Annual","HK","Hong Kong SAR","U","Central counterparties/clearing houses","HK2C","DCASS (SEOCH)","Y","Direct participants, foreign, Other","A","All users","E","End of period","0","373","Pure Number","0","Units","","12","",,M,,M,,M,,M,,M,,M,,M
CPMI_PARTICIPANTS:A:HK:U:HK3C:B,"A","Annual","HK","Hong Kong SAR","U","Central counterparties/clearing houses","HK3C","DCASS (HKCC)","B","Direct participants, Banks","A","All users","E","End of period","0","373","Pure Number","0","Units","","12","",,M,,M,,M,,M,,M,,M,,M
CPMI_PARTICIPANTS:A:HK:U:HK3C:C,"A","Annual","HK","Hong Kong SAR","U","Central counterparties/clearing houses","HK3C","DCASS (HKCC)","C","Direct participants, Central bank","A","All users","E","End of period","0","373","Pure Number","0","Units","","12","",,M,,M,,M,,M,,M,,M,,M
CPMI_PARTICIPANTS:A:HK:U:HK3C:D,"A","Annual","HK","Hong Kong SAR","U","Central counterparties/clearing houses","HK3C","DCASS (HKCC)","D","Direct participants, all","A","All users","E","End of period","0","373","Pure Number","0","Units","","12","",167,A,161,A,161,A,160,A,161,A,164,A,171,A
CPMI_PARTICIPANTS:A:HK:U:HK3C:I,"A","Annual","HK","Hong Kong SAR","U","Central counterparties/clearing houses","HK3C","DCASS (HKCC)","I","Direct participants, CCPs/Other CCPs","A","All users","E","End of period","0","373","Pure Number","0","Units","","12","",,M,,M,,M,,M,,M,,M,,M
CPMI_PARTICIPANTS:A:HK:U:HK3C:L,"A","Annual","HK","Hong Kong SAR","U","Central counterparties/clearing houses","HK3C","DCASS (HKCC)","L","Direct participants, Other","A","All users","E","End of period","0","373","Pure Number","0","Units","Including Clearing and General Clearing Participants.","12","",167,A,161,A,161,A,160,A,161,A,164,A,171,A
CPMI_PARTICIPANTS:A:HK:U:HK3C:N,"A","Annual","HK","Hong Kong SAR","U","Central counterparties/clearing houses","HK3C","DCASS (HKCC)","N","Direct participants, domestic","A","All users","E","End of period","0","373","Pure Number","0","Units","","12","",167,A,161,A,161,A,160,A,161,A,164,A,171,A
CPMI_PARTICIPANTS:A:HK:U:HK3C:O,"A","Annual","HK","Hong Kong SAR","U","Central counterparties/clearing houses","HK3C","DCASS (HKCC)","O","Direct participants, domestic, Banks","A","All users","E","End of period","0","373","Pure Number","0","Units","","12","",,M,,M,,M,,M,,M,,M,,M
CPMI_PARTICIPANTS:A:HK:U:HK3C:P,"A","Annual","HK","Hong Kong SAR","U","Central counterparties/clearing houses","HK3C","DCASS (HKCC)","P","Direct participants, domestic, Central banks","A","All users","E","End of period","0","373","Pure Number","0","Units","","12","",,M,,M,,M,,M,,M,,M,,M
CPMI_PARTICIPANTS:A:HK:U:HK3C:Q,"A","Annual","HK","Hong Kong SAR","U","Central counterparties/clearing houses","HK3C","DCASS (HKCC)","Q","Direct participants, domestic, CCPs/Other CCPs","A","All users","E","End of period","0","373","Pure Number","0","Units","","12","",,M,,M,,M,,M,,M,,M,,M
CPMI_PARTICIPANTS:A:HK:U:HK3C:S,"A","Annual","HK","Hong Kong SAR","U","Central counterparties/clearing houses","HK3C","DCASS (HKCC)","S","Direct participants, domestic, Other","A","All users","E","End of period","0","373","Pure Number","0","Units","","12","",167,A,161,A,161,A,160,A,161,A,164,A,171,A
CPMI_PARTICIPANTS:A:HK:U:HK3C:T,"A","Annual","HK","Hong Kong SAR","U","Central counterparties/clearing houses","HK3C","DCASS (HKCC)","T","Direct participants, foreign","A","All users","E","End of period","0","373","Pure Number","0","Units","","12","",,M,,M,,M,,M,,M,,M,,M
CPMI_PARTICIPANTS:A:HK:U:HK3C:U,"A","Annual","HK","Hong Kong SAR","U","Central counterparties/clearing houses","HK3C","DCASS (HKCC)","U","Direct participants, foreign, Banks","A","All users","E","End of period","0","373","Pure Number","0","Units","","12","",,M,,M,,M,,M,,M,,M,,M
CPMI_PARTICIPANTS:A:HK:U:HK3C:V,"A","Annual","HK","Hong Kong SAR","U","Central counterparties/clearing houses","HK3C","DCASS (HKCC)","V","Direct participants, foreign, Central banks","A","All users","E","End of period","0","373","Pure Number","0","Units","","12","",,M,,M,,M,,M,,M,,M,,M
CPMI_PARTICIPANTS:A:HK:U:HK3C:W,"A","Annual","HK","Hong Kong SAR","U","Central counterparties/clearing houses","HK3C","DCASS (HKCC)","W","Direct participants, foreign, CCPs/Other CCPs","A","All users","E","End of period","0","373","Pure Number","0","Units","","12","",,M,,M,,M,,M,,M,,M,,M
CPMI_PARTICIPANTS:A:HK:U:HK3C:Y,"A","Annual","HK","Hong Kong SAR","U","Central counterparties/clearing houses","HK3C","DCASS (HKCC)","Y","Direct participants, foreign, Other","A","All users","E","End of period","0","373","Pure Number","0","Units","","12","",,M,,M,,M,,M,,M,,M,,M
CPMI_PARTICIPANTS:A:HK:U:HK4C:B,"A","Annual","HK","Hong Kong SAR","U","Central counterparties/clearing houses","HK4C","OCASS (OTC Clear)","B","Direct participants, Banks","A","All users","E","End of period","0","373","Pure Number","0","Units","","12","",0,A,4,A,4,A,10,A,12,A,19,A,21,A
CPMI_PARTICIPANTS:A:HK:U:HK4C:C,"A","Annual","HK","Hong Kong SAR","U","Central counterparties/clearing houses","HK4C","OCASS (OTC Clear)","C","Direct participants, Central bank","A","All users","E","End of period","0","373","Pure Number","0","Units","","12","",,M,,M,,M,,M,,M,,M,,M
CPMI_PARTICIPANTS:A:HK:U:HK4C:D,"A","Annual","HK","Hong Kong SAR","U","Central counterparties/clearing houses","HK4C","OCASS (OTC Clear)","D","Direct participants, all","A","All users","E","End of period","0","373","Pure Number","0","Units","","12","",0,A,4,A,4,A,10,A,13,A,20,A,22,A
CPMI_PARTICIPANTS:A:HK:U:HK4C:I,"A","Annual","HK","Hong Kong SAR","U","Central counterparties/clearing houses","HK4C","OCASS (OTC Clear)","I","Direct participants, CCPs/Other CCPs","A","All users","E","End of period","0","373","Pure Number","0","Units","","12","",,M,,M,,M,,M,,M,,M,,M
CPMI_PARTICIPANTS:A:HK:U:HK4C:L,"A","Annual","HK","Hong Kong SAR","U","Central counterparties/clearing houses","HK4C","OCASS (OTC Clear)","L","Direct participants, Other","A","All users","E","End of period","0","373","Pure Number","0","Units","","12","",0,A,0,A,0,A,0,A,1,A,1,A,1,A
CPMI_PARTICIPANTS:A:HK:U:HK4C:N,"A","Annual","HK","Hong Kong SAR","U","Central counterparties/clearing houses","HK4C","OCASS (OTC Clear)","N","Direct participants, domestic","A","All users","E","End of period","0","373","Pure Number","0","Units","","12","",0,A,4,A,4,A,10,A,13,A,20,A,22,A
CPMI_PARTICIPANTS:A:HK:U:HK4C:O,"A","Annual","HK","Hong Kong SAR","U","Central counterparties/clearing houses","HK4C","OCASS (OTC Clear)","O","Direct participants, domestic, Banks","A","All users","E","End of period","0","373","Pure Number","0","Units","","12","",0,A,4,A,4,A,10,A,12,A,19,A,21,A
CPMI_PARTICIPANTS:A:HK:U:HK4C:P,"A","Annual","HK","Hong Kong SAR","U","Central counterparties/clearing houses","HK4C","OCASS (OTC Clear)","P","Direct participants, domestic, Central banks","A","All users","E","End of period","0","373","Pure Number","0","Units","","12","",,M,,M,,M,,M,,M,,M,,M
CPMI_PARTICIPANTS:A:HK:U:HK4C:Q,"A","Annual","HK","Hong Kong SAR","U","Central counterparties/clearing houses","HK4C","OCASS (OTC Clear)","Q","Direct participants, domestic, CCPs/Other CCPs","A","All users","E","End of period","0","373","Pure Number","0","Units","","12","",,M,,M,,M,,M,,M,,M,,M
CPMI_PARTICIPANTS:A:HK:U:HK4C:S,"A","Annual","HK","Hong Kong SAR","U","Central counterparties/clearing houses","HK4C","OCASS (OTC Clear)","S","Direct participants, domestic, Other","A","All users","E","End of period","0","373","Pure Number","0","Units","","12","",0,A,0,A,0,A,0,A,1,A,1,A,1,A
CPMI_PARTICIPANTS:A:HK:U:HK4C:T,"A","Annual","HK","Hong Kong SAR","U","Central counterparties/clearing houses","HK4C","OCASS (OTC Clear)","T","Direct participants, foreign","A","All users","E","End of period","0","373","Pure Number","0","Units","","12","",,M,,M,,M,,M,,M,,M,,M
CPMI_PARTICIPANTS:A:HK:U:HK4C:U,"A","Annual","HK","Hong Kong SAR","U","Central counterparties/clearing houses","HK4C","OCASS (OTC Clear)","U","Direct participants, foreign, Banks","A","All users","E","End of period","0","373","Pure Number","0","Units","","12","",,M,,M,,M,,M,,M,,M,,M
CPMI_PARTICIPANTS:A:HK:U:HK4C:V,"A","Annual","HK","Hong Kong SAR","U","Central counterparties/clearing houses","HK4C","OCASS (OTC Clear)","V","Direct participants, foreign, Central banks","A","All users","E","End of period","0","373","Pure Number","0","Units","","12","",,M,,M,,M,,M,,M,,M,,M
CPMI_PARTICIPANTS:A:HK:U:HK4C:W,"A","Annual","HK","Hong Kong SAR","U","Central counterparties/clearing houses","HK4C","OCASS (OTC Clear)","W","Direct participants, foreign, CCPs/Other CCPs","A","All users","E","End of period","0","373","Pure Number","0","Units","","12","",,M,,M,,M,,M,,M,,M,,M
CPMI_PARTICIPANTS:A:HK:U:HK4C:Y,"A","Annual","HK","Hong Kong SAR","U","Central counterparties/clearing houses","HK4C","OCASS (OTC Clear)","Y","Direct participants, foreign, Other","A","All users","E","End of period","0","373","Pure Number","0","Units","","12","",,M,,M,,M,,M,,M,,M,,M
CPMI_PARTICIPANTS:A:HK:V:HK1S:B,"A","Annual","HK","Hong Kong SAR","V","Central securities depositories","HK1S","CCASS","B","Direct participants, Banks","A","All users","E","End of period","0","373","Pure Number","0","Units","","15","",,L,,L,,L,,L,,L,,L,,L
CPMI_PARTICIPANTS:A:HK:V:HK1S:C,"A","Annual","HK","Hong Kong SAR","V","Central securities depositories","HK1S","CCASS","C","Direct participants, Central bank","A","All users","E","End of period","0","373","Pure Number","0","Units","","15","",,M,,M,,M,,M,,M,,M,,M
CPMI_PARTICIPANTS:A:HK:V:HK1S:D,"A","Annual","HK","Hong Kong SAR","V","Central securities depositories","HK1S","CCASS","D","Direct participants, all","A","All users","E","End of period","0","373","Pure Number","0","Units","Including Clearing, Custodian, Clearing Agency and Stock Pledgee Participants.  In the previous Red Book, data used to include Investor Participants.","15","",548,A,537,A,533,A,545,A,584,A,649,A,669,A
CPMI_PARTICIPANTS:A:HK:V:HK1S:I,"A","Annual","HK","Hong Kong SAR","V","Central securities depositories","HK1S","CCASS","I","Direct participants, CCPs/Other CCPs","A","All users","E","End of period","0","373","Pure Number","0","Units","","15","",,L,,L,,L,,L,,L,,L,,L
CPMI_PARTICIPANTS:A:HK:V:HK1S:J,"A","Annual","HK","Hong Kong SAR","V","Central securities depositories","HK1S","CCASS","J","Direct participants, CSDs","A","All users","E","End of period","0","373","Pure Number","0","Units","","15","",,L,,L,,L,,L,,L,,L,,L
CPMI_PARTICIPANTS:A:HK:V:HK1S:L,"A","Annual","HK","Hong Kong SAR","V","Central securities depositories","HK1S","CCASS","L","Direct participants, Other","A","All users","E","End of period","0","373","Pure Number","0","Units","","15","",548,A,537,A,533,A,545,A,584,A,649,A,669,A
CPMI_PARTICIPANTS:A:HK:V:HK1S:N,"A","Annual","HK","Hong Kong SAR","V","Central securities depositories","HK1S","CCASS","N","Direct participants, domestic","A","All users","E","End of period","0","373","Pure Number","0","Units","","15","",,L,,L,,L,,L,,L,,L,,L
CPMI_PARTICIPANTS:A:HK:V:HK1S:O,"A","Annual","HK","Hong Kong SAR","V","Central securities depositories","HK1S","CCASS","O","Direct participants, domestic, Banks","A","All users","E","End of period","0","373","Pure Number","0","Units","","15","",,L,,L,,L,,L,,L,,L,,L
CPMI_PARTICIPANTS:A:HK:V:HK1S:P,"A","Annual","HK","Hong Kong SAR","V","Central securities depositories","HK1S","CCASS","P","Direct participants, domestic, Central banks","A","All users","E","End of period","0","373","Pure Number","0","Units","","15","",,M,,M,,M,,M,,M,,M,,M
CPMI_PARTICIPANTS:A:HK:V:HK1S:Q,"A","Annual","HK","Hong Kong SAR","V","Central securities depositories","HK1S","CCASS","Q","Direct participants, domestic, CCPs/Other CCPs","A","All users","E","End of period","0","373","Pure Number","0","Units","","15","",,L,,L,,L,,L,,L,,L,,L
CPMI_PARTICIPANTS:A:HK:V:HK1S:R,"A","Annual","HK","Hong Kong SAR","V","Central securities depositories","HK1S","CCASS","R","Direct participants, domestic, CSDs","A","All users","E","End of period","0","373","Pure Number","0","Units","","15","",,L,,L,,L,,L,,L,,L,,L
CPMI_PARTICIPANTS:A:HK:V:HK1S:S,"A","Annual","HK","Hong Kong SAR","V","Central securities depositories","HK1S","CCASS","S","Direct participants, domestic, Other","A","All users","E","End of period","0","373","Pure Number","0","Units","","15","",,L,,L,,L,,L,,L,,L,,L
CPMI_PARTICIPANTS:A:HK:V:HK1S:T,"A","Annual","HK","Hong Kong SAR","V","Central securities depositories","HK1S","CCASS","T","Direct participants, foreign","A","All users","E","End of period","0","373","Pure Number","0","Units","","15","",,L,,L,,L,,L,,L,,L,,L
CPMI_PARTICIPANTS:A:HK:V:HK1S:U,"A","Annual","HK","Hong Kong SAR","V","Central securities depositories","HK1S","CCASS","U","Direct participants, foreign, Banks","A","All users","E","End of period","0","373","Pure Number","0","Units","","15","",,L,,L,,L,,L,,L,,L,,L
CPMI_PARTICIPANTS:A:HK:V:HK1S:V,"A","Annual","HK","Hong Kong SAR","V","Central securities depositories","HK1S","CCASS","V","Direct participants, foreign, Central banks","A","All users","E","End of period","0","373","Pure Number","0","Units","","15","",,M,,M,,M,,M,,M,,M,,M
CPMI_PARTICIPANTS:A:HK:V:HK1S:W,"A","Annual","HK","Hong Kong SAR","V","Central securities depositories","HK1S","CCASS","W","Direct participants, foreign, CCPs/Other CCPs","A","All users","E","End of period","0","373","Pure Number","0","Units","","15","",,L,,L,,L,,L,,L,,L,,L
CPMI_PARTICIPANTS:A:HK:V:HK1S:X,"A","Annual","HK","Hong Kong SAR","V","Central securities depositories","HK1S","CCASS","X","Direct participants, foreign,CSDs","A","All users","E","End of period","0","373","Pure Number","0","Units","","15","",,L,,L,,L,,L,,L,,L,,L
CPMI_PARTICIPANTS:A:HK:V:HK1S:Y,"A","Annual","HK","Hong Kong SAR","V","Central securities depositories","HK1S","CCASS","Y","Direct participants, foreign, Other","A","All users","E","End of period","0","373","Pure Number","0","Units","","15","",,L,,L,,L,,L,,L,,L,,L
CPMI_PARTICIPANTS:A:HK:V:HK2S:B,"A","Annual","HK","Hong Kong SAR","V","Central securities depositories","HK2S","CMU","B","Direct participants, Banks","A","All users","E","End of period","0","373","Pure Number","0","Units","","15","",,L,,L,,L,,L,,L,,L,,L
CPMI_PARTICIPANTS:A:HK:V:HK2S:C,"A","Annual","HK","Hong Kong SAR","V","Central securities depositories","HK2S","CMU","C","Direct participants, Central bank","A","All users","E","End of period","0","373","Pure Number","0","Units","","15","",,L,,L,,L,,L,,L,,L,,L
CPMI_PARTICIPANTS:A:HK:V:HK2S:D,"A","Annual","HK","Hong Kong SAR","V","Central securities depositories","HK2S","CMU","D","Direct participants, all","A","All users","E","End of period","0","373","Pure Number","0","Units","","15","",180,A,184,A,205,A,206,A,202,A,201,A,204,A
CPMI_PARTICIPANTS:A:HK:V:HK2S:I,"A","Annual","HK","Hong Kong SAR","V","Central securities depositories","HK2S","CMU","I","Direct participants, CCPs/Other CCPs","A","All users","E","End of period","0","373","Pure Number","0","Units","","15","",,L,,L,,L,,L,,L,,L,,L
CPMI_PARTICIPANTS:A:HK:V:HK2S:J,"A","Annual","HK","Hong Kong SAR","V","Central securities depositories","HK2S","CMU","J","Direct participants, CSDs","A","All users","E","End of period","0","373","Pure Number","0","Units","","15","",,L,,L,,L,,L,,L,,L,,L
CPMI_PARTICIPANTS:A:HK:V:HK2S:L,"A","Annual","HK","Hong Kong SAR","V","Central securities depositories","HK2S","CMU","L","Direct participants, Other","A","All users","E","End of period","0","373","Pure Number","0","Units","","15","",,L,,L,,L,,L,,L,,L,,L
CPMI_PARTICIPANTS:A:HK:V:HK2S:N,"A","Annual","HK","Hong Kong SAR","V","Central securities depositories","HK2S","CMU","N","Direct participants, domestic","A","All users","E","End of period","0","373","Pure Number","0","Units","","15","",,L,,L,,L,,L,,L,,L,,L
CPMI_PARTICIPANTS:A:HK:V:HK2S:O,"A","Annual","HK","Hong Kong SAR","V","Central securities depositories","HK2S","CMU","O","Direct participants, domestic, Banks","A","All users","E","End of period","0","373","Pure Number","0","Units","","15","",,L,,L,,L,,L,,L,,L,,L
CPMI_PARTICIPANTS:A:HK:V:HK2S:P,"A","Annual","HK","Hong Kong SAR","V","Central securities depositories","HK2S","CMU","P","Direct participants, domestic, Central banks","A","All users","E","End of period","0","373","Pure Number","0","Units","","15","",,L,,L,,L,,L,,L,,L,,L
CPMI_PARTICIPANTS:A:HK:V:HK2S:Q,"A","Annual","HK","Hong Kong SAR","V","Central securities depositories","HK2S","CMU","Q","Direct participants, domestic, CCPs/Other CCPs","A","All users","E","End of period","0","373","Pure Number","0","Units","","15","",,L,,L,,L,,L,,L,,L,,L
CPMI_PARTICIPANTS:A:HK:V:HK2S:R,"A","Annual","HK","Hong Kong SAR","V","Central securities depositories","HK2S","CMU","R","Direct participants, domestic, CSDs","A","All users","E","End of period","0","373","Pure Number","0","Units","","15","",,L,,L,,L,,L,,L,,L,,L
CPMI_PARTICIPANTS:A:HK:V:HK2S:S,"A","Annual","HK","Hong Kong SAR","V","Central securities depositories","HK2S","CMU","S","Direct participants, domestic, Other","A","All users","E","End of period","0","373","Pure Number","0","Units","","15","",,L,,L,,L,,L,,L,,L,,L
CPMI_PARTICIPANTS:A:HK:V:HK2S:T,"A","Annual","HK","Hong Kong SAR","V","Central securities depositories","HK2S","CMU","T","Direct participants, foreign","A","All users","E","End of period","0","373","Pure Number","0","Units","","15","",,L,,L,,L,,L,,L,,L,,L
CPMI_PARTICIPANTS:A:HK:V:HK2S:U,"A","Annual","HK","Hong Kong SAR","V","Central securities depositories","HK2S","CMU","U","Direct participants, foreign, Banks","A","All users","E","End of period","0","373","Pure Number","0","Units","","15","",,L,,L,,L,,L,,L,,L,,L
CPMI_PARTICIPANTS:A:HK:V:HK2S:V,"A","Annual","HK","Hong Kong SAR","V","Central securities depositories","HK2S","CMU","V","Direct participants, foreign, Central banks","A","All users","E","End of period","0","373","Pure Number","0","Units","","15","",,L,,L,,L,,L,,L,,L,,L
CPMI_PARTICIPANTS:A:HK:V:HK2S:W,"A","Annual","HK","Hong Kong SAR","V","Central securities depositories","HK2S","CMU","W","Direct participants, foreign, CCPs/Other CCPs","A","All users","E","End of period","0","373","Pure Number","0","Units","","15","",,L,,L,,L,,L,,L,,L,,L
CPMI_PARTICIPANTS:A:HK:V:HK2S:X,"A","Annual","HK","Hong Kong SAR","V","Central securities depositories","HK2S","CMU","X","Direct participants, foreign,CSDs","A","All users","E","End of period","0","373","Pure Number","0","Units","","15","",,L,,L,,L,,L,,L,,L,,L
CPMI_PARTICIPANTS:A:HK:V:HK2S:Y,"A","Annual","HK","Hong Kong SAR","V","Central securities depositories","HK2S","CMU","Y","Direct participants, foreign, Other","A","All users","E","End of period","0","373","Pure Number","0","Units","","15","",,L,,L,,L,,L,,L,,L,,L
CPMI_PARTICIPANTS:A:ID:A:ID1P:A,"A","Annual","ID","Indonesia","A","Payment systems, large-value","ID1P","Bank Indonesia Real Time Gross Settlement (BI - RTGS)","A","All","A","All users","E","End of period","0","373","Pure Number","0","Units","","7","",,L,,L,,L,,L,142,A,141,A,143,A
CPMI_PARTICIPANTS:A:ID:A:ID1P:B,"A","Annual","ID","Indonesia","A","Payment systems, large-value","ID1P","Bank Indonesia Real Time Gross Settlement (BI - RTGS)","B","Direct participants, Banks","A","All users","E","End of period","0","373","Pure Number","0","Units","","7","",,L,,L,,L,,L,137,A,136,A,135,A
CPMI_PARTICIPANTS:A:ID:A:ID1P:C,"A","Annual","ID","Indonesia","A","Payment systems, large-value","ID1P","Bank Indonesia Real Time Gross Settlement (BI - RTGS)","C","Direct participants, Central bank","A","All users","E","End of period","0","373","Pure Number","0","Units","","7","",,L,,L,,L,,L,1,A,1,A,1,A
CPMI_PARTICIPANTS:A:ID:A:ID1P:D,"A","Annual","ID","Indonesia","A","Payment systems, large-value","ID1P","Bank Indonesia Real Time Gross Settlement (BI - RTGS)","D","Direct participants, all","A","All users","E","End of period","0","373","Pure Number","0","Units","","7","",,L,,L,,L,,L,142,A,141,A,143,A
CPMI_PARTICIPANTS:A:ID:A:ID1P:F,"A","Annual","ID","Indonesia","A","Payment systems, large-value","ID1P","Bank Indonesia Real Time Gross Settlement (BI - RTGS)","F","Direct participants, Government","A","All users","E","End of period","0","373","Pure Number","0","Units","","7","",,M,,M,,M,,M,,M,,M,,M
CPMI_PARTICIPANTS:A:ID:A:ID1P:G,"A","Annual","ID","Indonesia","A","Payment systems, large-value","ID1P","Bank Indonesia Real Time Gross Settlement (BI - RTGS)","G","Direct participants, Postal institution","A","All users","E","End of period","0","373","Pure Number","0","Units","","7","",,M,,M,,M,,M,,M,,M,,M
CPMI_PARTICIPANTS:A:ID:A:ID1P:H,"A","Annual","ID","Indonesia","A","Payment systems, large-value","ID1P","Bank Indonesia Real Time Gross Settlement (BI - RTGS)","H","Direct participants, Payment systems, CCPs and SSSs","A","All users","E","End of period","0","373","Pure Number","0","Units","","7","",,L,,L,,L,,L,1,A,1,A,1,A
CPMI_PARTICIPANTS:A:ID:A:ID1P:L,"A","Annual","ID","Indonesia","A","Payment systems, large-value","ID1P","Bank Indonesia Real Time Gross Settlement (BI - RTGS)","L","Direct participants, Other","A","All users","E","End of period","0","373","Pure Number","0","Units","","7","",,L,,L,,L,,L,3,A,3,A,6,A
CPMI_PARTICIPANTS:A:ID:A:ID1P:Z,"A","Annual","ID","Indonesia","A","Payment systems, large-value","ID1P","Bank Indonesia Real Time Gross Settlement (BI - RTGS)","Z","Indirect participants","A","All users","E","End of period","0","373","Pure Number","0","Units","","7","",,L,,L,,L,,L,,M,,M,,M
CPMI_PARTICIPANTS:A:ID:B:ID2P:A,"A","Annual","ID","Indonesia","B","Payment systems, retail","ID2P","Bank Indonesia National Clearing System","A","All","A","All users","E","End of period","0","373","Pure Number","0","Units","","7","",,L,,L,,L,,L,137,A,134,A,134,A
CPMI_PARTICIPANTS:A:ID:B:ID2P:B,"A","Annual","ID","Indonesia","B","Payment systems, retail","ID2P","Bank Indonesia National Clearing System","B","Direct participants, Banks","A","All users","E","End of period","0","373","Pure Number","0","Units","","7","",,L,,L,,L,,L,136,A,133,A,133,A
CPMI_PARTICIPANTS:A:ID:B:ID2P:C,"A","Annual","ID","Indonesia","B","Payment systems, retail","ID2P","Bank Indonesia National Clearing System","C","Direct participants, Central bank","A","All users","E","End of period","0","373","Pure Number","0","Units","","7","",,L,,L,,L,,L,1,A,1,A,1,A
CPMI_PARTICIPANTS:A:ID:B:ID2P:D,"A","Annual","ID","Indonesia","B","Payment systems, retail","ID2P","Bank Indonesia National Clearing System","D","Direct participants, all","A","All users","E","End of period","0","373","Pure Number","0","Units","","7","",,L,,L,,L,,L,137,A,134,A,134,A
CPMI_PARTICIPANTS:A:ID:B:ID2P:F,"A","Annual","ID","Indonesia","B","Payment systems, retail","ID2P","Bank Indonesia National Clearing System","F","Direct participants, Government","A","All users","E","End of period","0","373","Pure Number","0","Units","","7","",,M,,M,,M,,M,,M,,M,,M
CPMI_PARTICIPANTS:A:ID:B:ID2P:G,"A","Annual","ID","Indonesia","B","Payment systems, retail","ID2P","Bank Indonesia National Clearing System","G","Direct participants, Postal institution","A","All users","E","End of period","0","373","Pure Number","0","Units","","7","",,M,,M,,M,,M,,M,,M,,M
CPMI_PARTICIPANTS:A:ID:B:ID2P:H,"A","Annual","ID","Indonesia","B","Payment systems, retail","ID2P","Bank Indonesia National Clearing System","H","Direct participants, Payment systems, CCPs and SSSs","A","All users","E","End of period","0","373","Pure Number","0","Units","","7","",,M,,M,,M,,M,,M,,M,,M
CPMI_PARTICIPANTS:A:ID:B:ID2P:L,"A","Annual","ID","Indonesia","B","Payment systems, retail","ID2P","Bank Indonesia National Clearing System","L","Direct participants, Other","A","All users","E","End of period","0","373","Pure Number","0","Units","","7","",,M,,M,,M,,M,,M,,M,,M
CPMI_PARTICIPANTS:A:ID:B:ID2P:Z,"A","Annual","ID","Indonesia","B","Payment systems, retail","ID2P","Bank Indonesia National Clearing System","Z","Indirect participants","A","All users","E","End of period","0","373","Pure Number","0","Units","","7","",,L,,L,,L,,L,0,A,0,A,0,A
CPMI_PARTICIPANTS:A:ID:S:SWFT:0,"A","Annual","ID","Indonesia","S","Swift","SWFT","Swift","0","Members","A","All users","E","End of period","0","373","Pure Number","0","Units","","10","",28,A,28,A,28,A,29,A,29,A,29,A,29,A
CPMI_PARTICIPANTS:A:ID:S:SWFT:1,"A","Annual","ID","Indonesia","S","Swift","SWFT","Swift","1","Sub-members","A","All users","E","End of period","0","373","Pure Number","0","Units","","10","",12,A,12,A,12,A,14,A,14,A,14,A,14,A
CPMI_PARTICIPANTS:A:ID:S:SWFT:A,"A","Annual","ID","Indonesia","S","Swift","SWFT","Swift","A","All","A","All users","E","End of period","0","373","Pure Number","0","Units","","10","",80,A,79,A,80,A,86,A,85,A,84,A,84,A
CPMI_PARTICIPANTS:A:ID:U:ID1C:B,"A","Annual","ID","Indonesia","U","Central counterparties/clearing houses","ID1C","Indonesian Clearing and Guarantee Corporation (KPEI) / E-Clear & E-BOCS","B","Direct participants, Banks","A","All users","E","End of period","0","373","Pure Number","0","Units","","12","",,M,,M,,M,,M,,M,,M,,M
CPMI_PARTICIPANTS:A:ID:U:ID1C:C,"A","Annual","ID","Indonesia","U","Central counterparties/clearing houses","ID1C","Indonesian Clearing and Guarantee Corporation (KPEI) / E-Clear & E-BOCS","C","Direct participants, Central bank","A","All users","E","End of period","0","373","Pure Number","0","Units","","12","",,M,,M,,M,,M,,M,,M,,M
CPMI_PARTICIPANTS:A:ID:U:ID1C:D,"A","Annual","ID","Indonesia","U","Central counterparties/clearing houses","ID1C","Indonesian Clearing and Guarantee Corporation (KPEI) / E-Clear & E-BOCS","D","Direct participants, all","A","All users","E","End of period","0","373","Pure Number","0","Units","","12","",117,A,116,A,115,A,115,A,112,A,108,A,109,A
CPMI_PARTICIPANTS:A:ID:U:ID1C:I,"A","Annual","ID","Indonesia","U","Central counterparties/clearing houses","ID1C","Indonesian Clearing and Guarantee Corporation (KPEI) / E-Clear & E-BOCS","I","Direct participants, CCPs/Other CCPs","A","All users","E","End of period","0","373","Pure Number","0","Units","","12","",,M,,M,,M,,M,,M,,M,,M
CPMI_PARTICIPANTS:A:ID:U:ID1C:L,"A","Annual","ID","Indonesia","U","Central counterparties/clearing houses","ID1C","Indonesian Clearing and Guarantee Corporation (KPEI) / E-Clear & E-BOCS","L","Direct participants, Other","A","All users","E","End of period","0","373","Pure Number","0","Units","","12","",117,A,116,A,115,A,115,A,112,A,108,A,109,A
CPMI_PARTICIPANTS:A:ID:U:ID1C:N,"A","Annual","ID","Indonesia","U","Central counterparties/clearing houses","ID1C","Indonesian Clearing and Guarantee Corporation (KPEI) / E-Clear & E-BOCS","N","Direct participants, domestic","A","All users","E","End of period","0","373","Pure Number","0","Units","","12","",117,A,116,A,115,A,115,A,112,A,108,A,109,A
CPMI_PARTICIPANTS:A:ID:U:ID1C:O,"A","Annual","ID","Indonesia","U","Central counterparties/clearing houses","ID1C","Indonesian Clearing and Guarantee Corporation (KPEI) / E-Clear & E-BOCS","O","Direct participants, domestic, Banks","A","All users","E","End of period","0","373","Pure Number","0","Units","","12","",,M,,M,,M,,M,,M,,M,,M
CPMI_PARTICIPANTS:A:ID:U:ID1C:P,"A","Annual","ID","Indonesia","U","Central counterparties/clearing houses","ID1C","Indonesian Clearing and Guarantee Corporation (KPEI) / E-Clear & E-BOCS","P","Direct participants, domestic, Central banks","A","All users","E","End of period","0","373","Pure Number","0","Units","","12","",,M,,M,,M,,M,,M,,M,,M
CPMI_PARTICIPANTS:A:ID:U:ID1C:Q,"A","Annual","ID","Indonesia","U","Central counterparties/clearing houses","ID1C","Indonesian Clearing and Guarantee Corporation (KPEI) / E-Clear & E-BOCS","Q","Direct participants, domestic, CCPs/Other CCPs","A","All users","E","End of period","0","373","Pure Number","0","Units","","12","",,M,,M,,M,,M,,M,,M,,M
CPMI_PARTICIPANTS:A:ID:U:ID1C:S,"A","Annual","ID","Indonesia","U","Central counterparties/clearing houses","ID1C","Indonesian Clearing and Guarantee Corporation (KPEI) / E-Clear & E-BOCS","S","Direct participants, domestic, Other","A","All users","E","End of period","0","373","Pure Number","0","Units","","12","",117,A,116,A,115,A,115,A,112,A,108,A,109,A
CPMI_PARTICIPANTS:A:ID:U:ID1C:T,"A","Annual","ID","Indonesia","U","Central counterparties/clearing houses","ID1C","Indonesian Clearing and Guarantee Corporation (KPEI) / E-Clear & E-BOCS","T","Direct participants, foreign","A","All users","E","End of period","0","373","Pure Number","0","Units","","12","",,M,,M,,M,,M,,M,,M,,M
CPMI_PARTICIPANTS:A:ID:U:ID1C:U,"A","Annual","ID","Indonesia","U","Central counterparties/clearing houses","ID1C","Indonesian Clearing and Guarantee Corporation (KPEI) / E-Clear & E-BOCS","U","Direct participants, foreign, Banks","A","All users","E","End of period","0","373","Pure Number","0","Units","","12","",,M,,M,,M,,M,,M,,M,,M
CPMI_PARTICIPANTS:A:ID:U:ID1C:V,"A","Annual","ID","Indonesia","U","Central counterparties/clearing houses","ID1C","Indonesian Clearing and Guarantee Corporation (KPEI) / E-Clear & E-BOCS","V","Direct participants, foreign, Central banks","A","All users","E","End of period","0","373","Pure Number","0","Units","","12","",,M,,M,,M,,M,,M,,M,,M
CPMI_PARTICIPANTS:A:ID:U:ID1C:W,"A","Annual","ID","Indonesia","U","Central counterparties/clearing houses","ID1C","Indonesian Clearing and Guarantee Corporation (KPEI) / E-Clear & E-BOCS","W","Direct participants, foreign, CCPs/Other CCPs","A","All users","E","End of period","0","373","Pure Number","0","Units","","12","",,M,,M,,M,,M,,M,,M,,M
CPMI_PARTICIPANTS:A:ID:U:ID1C:Y,"A","Annual","ID","Indonesia","U","Central counterparties/clearing houses","ID1C","Indonesian Clearing and Guarantee Corporation (KPEI) / E-Clear & E-BOCS","Y","Direct participants, foreign, Other","A","All users","E","End of period","0","373","Pure Number","0","Units","","12","",,M,,M,,M,,M,,M,,M,,M
CPMI_PARTICIPANTS:A:ID:V:ID1S:B,"A","Annual","ID","Indonesia","V","Central securities depositories","ID1S","Indonesia Central Securities Depository (KSEI) / C - Best","B","Direct participants, Banks","A","All users","E","End of period","0","373","Pure Number","0","Units","","15","",21,A,22,A,22,A,22,A,19,A,19,A,19,A
CPMI_PARTICIPANTS:A:ID:V:ID1S:C,"A","Annual","ID","Indonesia","V","Central securities depositories","ID1S","Indonesia Central Securities Depository (KSEI) / C - Best","C","Direct participants, Central bank","A","All users","E","End of period","0","373","Pure Number","0","Units","","15","",1,A,1,A,1,A,1,A,1,A,1,A,1,A
CPMI_PARTICIPANTS:A:ID:V:ID1S:D,"A","Annual","ID","Indonesia","V","Central securities depositories","ID1S","Indonesia Central Securities Depository (KSEI) / C - Best","D","Direct participants, all","A","All users","E","End of period","0","373","Pure Number","0","Units","","15","",157,A,157,A,156,A,156,A,150,A,145,A,146,A
CPMI_PARTICIPANTS:A:ID:V:ID1S:I,"A","Annual","ID","Indonesia","V","Central securities depositories","ID1S","Indonesia Central Securities Depository (KSEI) / C - Best","I","Direct participants, CCPs/Other CCPs","A","All users","E","End of period","0","373","Pure Number","0","Units","","15","",1,A,1,A,1,A,1,A,1,A,1,A,1,A
CPMI_PARTICIPANTS:A:ID:V:ID1S:J,"A","Annual","ID","Indonesia","V","Central securities depositories","ID1S","Indonesia Central Securities Depository (KSEI) / C - Best","J","Direct participants, CSDs","A","All users","E","End of period","0","373","Pure Number","0","Units","","15","",1,A,1,A,1,A,1,A,1,A,1,A,1,A
CPMI_PARTICIPANTS:A:ID:V:ID1S:L,"A","Annual","ID","Indonesia","V","Central securities depositories","ID1S","Indonesia Central Securities Depository (KSEI) / C - Best","L","Direct participants, Other","A","All users","E","End of period","0","373","Pure Number","0","Units","","15","",133,A,132,A,131,A,131,A,128,A,123,A,124,A
CPMI_PARTICIPANTS:A:ID:V:ID1S:N,"A","Annual","ID","Indonesia","V","Central securities depositories","ID1S","Indonesia Central Securities Depository (KSEI) / C - Best","N","Direct participants, domestic","A","All users","E","End of period","0","373","Pure Number","0","Units","","15","",157,A,157,A,156,A,156,A,150,A,145,A,146,A
CPMI_PARTICIPANTS:A:ID:V:ID1S:O,"A","Annual","ID","Indonesia","V","Central securities depositories","ID1S","Indonesia Central Securities Depository (KSEI) / C - Best","O","Direct participants, domestic, Banks","A","All users","E","End of period","0","373","Pure Number","0","Units","","15","",21,A,22,A,22,A,22,A,19,A,19,A,19,A
CPMI_PARTICIPANTS:A:ID:V:ID1S:P,"A","Annual","ID","Indonesia","V","Central securities depositories","ID1S","Indonesia Central Securities Depository (KSEI) / C - Best","P","Direct participants, domestic, Central banks","A","All users","E","End of period","0","373","Pure Number","0","Units","","15","",1,A,1,A,1,A,1,A,1,A,1,A,1,A
CPMI_PARTICIPANTS:A:ID:V:ID1S:Q,"A","Annual","ID","Indonesia","V","Central securities depositories","ID1S","Indonesia Central Securities Depository (KSEI) / C - Best","Q","Direct participants, domestic, CCPs/Other CCPs","A","All users","E","End of period","0","373","Pure Number","0","Units","","15","",1,A,1,A,1,A,1,A,1,A,1,A,1,A
CPMI_PARTICIPANTS:A:ID:V:ID1S:R,"A","Annual","ID","Indonesia","V","Central securities depositories","ID1S","Indonesia Central Securities Depository (KSEI) / C - Best","R","Direct participants, domestic, CSDs","A","All users","E","End of period","0","373","Pure Number","0","Units","","15","",1,A,1,A,1,A,1,A,1,A,1,A,1,A
CPMI_PARTICIPANTS:A:ID:V:ID1S:S,"A","Annual","ID","Indonesia","V","Central securities depositories","ID1S","Indonesia Central Securities Depository (KSEI) / C - Best","S","Direct participants, domestic, Other","A","All users","E","End of period","0","373","Pure Number","0","Units","","15","",133,A,132,A,131,A,131,A,128,A,123,A,124,A
CPMI_PARTICIPANTS:A:ID:V:ID1S:T,"A","Annual","ID","Indonesia","V","Central securities depositories","ID1S","Indonesia Central Securities Depository (KSEI) / C - Best","T","Direct participants, foreign","A","All users","E","End of period","0","373","Pure Number","0","Units","","15","",,M,,M,,M,,M,,M,,M,,M
CPMI_PARTICIPANTS:A:ID:V:ID1S:U,"A","Annual","ID","Indonesia","V","Central securities depositories","ID1S","Indonesia Central Securities Depository (KSEI) / C - Best","U","Direct participants, foreign, Banks","A","All users","E","End of period","0","373","Pure Number","0","Units","","15","",,M,,M,,M,,M,,M,,M,,M
CPMI_PARTICIPANTS:A:ID:V:ID1S:V,"A","Annual","ID","Indonesia","V","Central securities depositories","ID1S","Indonesia Central Securities Depository (KSEI) / C - Best","V","Direct participants, foreign, Central banks","A","All users","E","End of period","0","373","Pure Number","0","Units","","15","",,M,,M,,M,,M,,M,,M,,M
CPMI_PARTICIPANTS:A:ID:V:ID1S:W,"A","Annual","ID","Indonesia","V","Central securities depositories","ID1S","Indonesia Central Securities Depository (KSEI) / C - Best","W","Direct participants, foreign, CCPs/Other CCPs","A","All users","E","End of period","0","373","Pure Number","0","Units","","15","",,M,,M,,M,,M,,M,,M,,M
CPMI_PARTICIPANTS:A:ID:V:ID1S:X,"A","Annual","ID","Indonesia","V","Central securities depositories","ID1S","Indonesia Central Securities Depository (KSEI) / C - Best","X","Direct participants, foreign,CSDs","A","All users","E","End of period","0","373","Pure Number","0","Units","","15","",,M,,M,,M,,M,,M,,M,,M
CPMI_PARTICIPANTS:A:ID:V:ID1S:Y,"A","Annual","ID","Indonesia","V","Central securities depositories","ID1S","Indonesia Central Securities Depository (KSEI) / C - Best","Y","Direct participants, foreign, Other","A","All users","E","End of period","0","373","Pure Number","0","Units","","15","",,M,,M,,M,,M,,M,,M,,M
CPMI_PARTICIPANTS:A:ID:V:ID2S:B,"A","Annual","ID","Indonesia","V","Central securities depositories","ID2S","Bank Indonesia Scripless Securities Settlement System (BI-SSSS)","B","Direct participants, Banks","A","All users","E","End of period","0","373","Pure Number","0","Units","","15","",,L,,L,,L,,L,132,A,132,A,132,A
CPMI_PARTICIPANTS:A:ID:V:ID2S:C,"A","Annual","ID","Indonesia","V","Central securities depositories","ID2S","Bank Indonesia Scripless Securities Settlement System (BI-SSSS)","C","Direct participants, Central bank","A","All users","E","End of period","0","373","Pure Number","0","Units","","15","",,L,,L,,L,,L,1,A,1,A,1,A
CPMI_PARTICIPANTS:A:ID:V:ID2S:D,"A","Annual","ID","Indonesia","V","Central securities depositories","ID2S","Bank Indonesia Scripless Securities Settlement System (BI-SSSS)","D","Direct participants, all","A","All users","E","End of period","0","373","Pure Number","0","Units","","15","",,L,,L,,L,,L,151,A,151,A,152,A
CPMI_PARTICIPANTS:A:ID:V:ID2S:I,"A","Annual","ID","Indonesia","V","Central securities depositories","ID2S","Bank Indonesia Scripless Securities Settlement System (BI-SSSS)","I","Direct participants, CCPs/Other CCPs","A","All users","E","End of period","0","373","Pure Number","0","Units","","15","",,L,,L,,L,,L,,L,,L,,L
CPMI_PARTICIPANTS:A:ID:V:ID2S:J,"A","Annual","ID","Indonesia","V","Central securities depositories","ID2S","Bank Indonesia Scripless Securities Settlement System (BI-SSSS)","J","Direct participants, CSDs","A","All users","E","End of period","0","373","Pure Number","0","Units","","15","",,L,,L,,L,,L,1,A,1,A,1,A
CPMI_PARTICIPANTS:A:ID:V:ID2S:L,"A","Annual","ID","Indonesia","V","Central securities depositories","ID2S","Bank Indonesia Scripless Securities Settlement System (BI-SSSS)","L","Direct participants, Other","A","All users","E","End of period","0","373","Pure Number","0","Units","","15","",,L,,L,,L,,L,17,A,17,A,18,A
CPMI_PARTICIPANTS:A:ID:V:ID2S:N,"A","Annual","ID","Indonesia","V","Central securities depositories","ID2S","Bank Indonesia Scripless Securities Settlement System (BI-SSSS)","N","Direct participants, domestic","A","All users","E","End of period","0","373","Pure Number","0","Units","","15","",,L,,L,,L,,L,151,A,151,A,152,A
CPMI_PARTICIPANTS:A:ID:V:ID2S:O,"A","Annual","ID","Indonesia","V","Central securities depositories","ID2S","Bank Indonesia Scripless Securities Settlement System (BI-SSSS)","O","Direct participants, domestic, Banks","A","All users","E","End of period","0","373","Pure Number","0","Units","","15","",,L,,L,,L,,L,132,A,132,A,132,A
CPMI_PARTICIPANTS:A:ID:V:ID2S:P,"A","Annual","ID","Indonesia","V","Central securities depositories","ID2S","Bank Indonesia Scripless Securities Settlement System (BI-SSSS)","P","Direct participants, domestic, Central banks","A","All users","E","End of period","0","373","Pure Number","0","Units","","15","",,L,,L,,L,,L,1,A,1,A,1,A
CPMI_PARTICIPANTS:A:ID:V:ID2S:Q,"A","Annual","ID","Indonesia","V","Central securities depositories","ID2S","Bank Indonesia Scripless Securities Settlement System (BI-SSSS)","Q","Direct participants, domestic, CCPs/Other CCPs","A","All users","E","End of period","0","373","Pure Number","0","Units","","15","",,L,,L,,L,,L,,L,,L,,L
CPMI_PARTICIPANTS:A:ID:V:ID2S:R,"A","Annual","ID","Indonesia","V","Central securities depositories","ID2S","Bank Indonesia Scripless Securities Settlement System (BI-SSSS)","R","Direct participants, domestic, CSDs","A","All users","E","End of period","0","373","Pure Number","0","Units","","15","",,L,,L,,L,,L,1,A,1,A,1,A
CPMI_PARTICIPANTS:A:ID:V:ID2S:S,"A","Annual","ID","Indonesia","V","Central securities depositories","ID2S","Bank Indonesia Scripless Securities Settlement System (BI-SSSS)","S","Direct participants, domestic, Other","A","All users","E","End of period","0","373","Pure Number","0","Units","","15","",,L,,L,,L,,L,17,A,17,A,18,A
CPMI_PARTICIPANTS:A:ID:V:ID2S:T,"A","Annual","ID","Indonesia","V","Central securities depositories","ID2S","Bank Indonesia Scripless Securities Settlement System (BI-SSSS)","T","Direct participants, foreign","A","All users","E","End of period","0","373","Pure Number","0","Units","","15","",,L,,L,,L,,L,,L,,L,,L
CPMI_PARTICIPANTS:A:ID:V:ID2S:U,"A","Annual","ID","Indonesia","V","Central securities depositories","ID2S","Bank Indonesia Scripless Securities Settlement System (BI-SSSS)","U","Direct participants, foreign, Banks","A","All users","E","End of period","0","373","Pure Number","0","Units","","15","",,L,,L,,L,,L,,L,,L,,L
CPMI_PARTICIPANTS:A:ID:V:ID2S:V,"A","Annual","ID","Indonesia","V","Central securities depositories","ID2S","Bank Indonesia Scripless Securities Settlement System (BI-SSSS)","V","Direct participants, foreign, Central banks","A","All users","E","End of period","0","373","Pure Number","0","Units","","15","",,L,,L,,L,,L,,L,,L,,L
CPMI_PARTICIPANTS:A:ID:V:ID2S:W,"A","Annual","ID","Indonesia","V","Central securities depositories","ID2S","Bank Indonesia Scripless Securities Settlement System (BI-SSSS)","W","Direct participants, foreign, CCPs/Other CCPs","A","All users","E","End of period","0","373","Pure Number","0","Units","","15","",,L,,L,,L,,L,,L,,L,,L
CPMI_PARTICIPANTS:A:ID:V:ID2S:X,"A","Annual","ID","Indonesia","V","Central securities depositories","ID2S","Bank Indonesia Scripless Securities Settlement System (BI-SSSS)","X","Direct participants, foreign,CSDs","A","All users","E","End of period","0","373","Pure Number","0","Units","","15","",,L,,L,,L,,L,,L,,L,,L
CPMI_PARTICIPANTS:A:ID:V:ID2S:Y,"A","Annual","ID","Indonesia","V","Central securities depositories","ID2S","Bank Indonesia Scripless Securities Settlement System (BI-SSSS)","Y","Direct participants, foreign, Other","A","All users","E","End of period","0","373","Pure Number","0","Units","","15","",,L,,L,,L,,L,,L,,L,,L
CPMI_PARTICIPANTS:A:IN:A:IN1P:A,"A","Annual","IN","India","A","Payment systems, large-value","IN1P","RTGS","A","All","A","All users","E","End of period","0","373","Pure Number","0","Units","","7","",172,A,177,A,192,A,197,A,198,A,203,A,231,A
CPMI_PARTICIPANTS:A:IN:A:IN1P:B,"A","Annual","IN","India","A","Payment systems, large-value","IN1P","RTGS","B","Direct participants, Banks","A","All users","E","End of period","0","373","Pure Number","0","Units","","7","",157,A,164,A,177,A,185,A,183,A,188,A,214,A
CPMI_PARTICIPANTS:A:IN:A:IN1P:C,"A","Annual","IN","India","A","Payment systems, large-value","IN1P","RTGS","C","Direct participants, Central bank","A","All users","E","End of period","0","373","Pure Number","0","Units","","7","",1,A,1,A,1,A,1,A,1,A,1,A,1,A
CPMI_PARTICIPANTS:A:IN:A:IN1P:D,"A","Annual","IN","India","A","Payment systems, large-value","IN1P","RTGS","D","Direct participants, all","A","All users","E","End of period","0","373","Pure Number","0","Units","","7","",172,A,177,A,192,A,197,A,198,A,203,A,231,A
CPMI_PARTICIPANTS:A:IN:A:IN1P:F,"A","Annual","IN","India","A","Payment systems, large-value","IN1P","RTGS","F","Direct participants, Government","A","All users","E","End of period","0","373","Pure Number","0","Units","","7","",,L,,L,,L,,L,,L,,L,,L
CPMI_PARTICIPANTS:A:IN:A:IN1P:G,"A","Annual","IN","India","A","Payment systems, large-value","IN1P","RTGS","G","Direct participants, Postal institution","A","All users","E","End of period","0","373","Pure Number","0","Units","","7","",,L,,L,,L,,L,,L,,L,,L
CPMI_PARTICIPANTS:A:IN:A:IN1P:H,"A","Annual","IN","India","A","Payment systems, large-value","IN1P","RTGS","H","Direct participants, Payment systems, CCPs and SSSs","A","All users","E","End of period","0","373","Pure Number","0","Units","","7","",5,A,6,A,7,A,5,A,7,A,7,A,5,A
CPMI_PARTICIPANTS:A:IN:A:IN1P:L,"A","Annual","IN","India","A","Payment systems, large-value","IN1P","RTGS","L","Direct participants, Other","A","All users","E","End of period","0","373","Pure Number","0","Units","","7","",9,A,6,A,7,A,6,A,7,A,7,A,11,A
CPMI_PARTICIPANTS:A:IN:A:IN1P:Z,"A","Annual","IN","India","A","Payment systems, large-value","IN1P","RTGS","Z","Indirect participants","A","All users","E","End of period","0","373","Pure Number","0","Units","","7","",,L,,L,,L,,L,,L,,L,,L
CPMI_PARTICIPANTS:A:IN:B:IN2P:A,"A","Annual","IN","India","B","Payment systems, retail","IN2P","Cheque clearing","A","All","A","All users","E","End of period","0","373","Pure Number","0","Units","","7","",200,A,535,A,701,A,1244,A,1356,A,1613,A,2005,A
CPMI_PARTICIPANTS:A:IN:B:IN2P:B,"A","Annual","IN","India","B","Payment systems, retail","IN2P","Cheque clearing","B","Direct participants, Banks","A","All users","E","End of period","0","373","Pure Number","0","Units","","7","",106,A,211,A,256,A,262,A,268,A,268,A,263,A
CPMI_PARTICIPANTS:A:IN:B:IN2P:C,"A","Annual","IN","India","B","Payment systems, retail","IN2P","Cheque clearing","C","Direct participants, Central bank","A","All users","E","End of period","0","373","Pure Number","0","Units","","7","",1,A,1,A,1,A,1,A,1,A,1,A,1,A
CPMI_PARTICIPANTS:A:IN:B:IN2P:D,"A","Annual","IN","India","B","Payment systems, retail","IN2P","Cheque clearing","D","Direct participants, all","A","All users","E","End of period","0","373","Pure Number","0","Units","","7","",108,A,213,A,258,A,264,A,270,A,270,A,265,A
CPMI_PARTICIPANTS:A:IN:B:IN2P:F,"A","Annual","IN","India","B","Payment systems, retail","IN2P","Cheque clearing","F","Direct participants, Government","A","All users","E","End of period","0","373","Pure Number","0","Units","","7","",,L,,L,,L,,L,,L,,L,,L
CPMI_PARTICIPANTS:A:IN:B:IN2P:G,"A","Annual","IN","India","B","Payment systems, retail","IN2P","Cheque clearing","G","Direct participants, Postal institution","A","All users","E","End of period","0","373","Pure Number","0","Units","","7","",1,A,1,A,1,A,1,A,1,A,1,A,1,A
CPMI_PARTICIPANTS:A:IN:B:IN2P:H,"A","Annual","IN","India","B","Payment systems, retail","IN2P","Cheque clearing","H","Direct participants, Payment systems, CCPs and SSSs","A","All users","E","End of period","0","373","Pure Number","0","Units","","7","",,L,,L,,L,,L,,L,,L,,L
CPMI_PARTICIPANTS:A:IN:B:IN2P:L,"A","Annual","IN","India","B","Payment systems, retail","IN2P","Cheque clearing","L","Direct participants, Other","A","All users","E","End of period","0","373","Pure Number","0","Units","","7","",,L,,L,,L,,L,,L,,L,,L
CPMI_PARTICIPANTS:A:IN:B:IN2P:Z,"A","Annual","IN","India","B","Payment systems, retail","IN2P","Cheque clearing","Z","Indirect participants","A","All users","E","End of period","0","373","Pure Number","0","Units","","7","",92,A,322,A,443,A,980,A,1086,A,1343,A,1740,A
CPMI_PARTICIPANTS:A:IN:B:IN3P:A,"A","Annual","IN","India","B","Payment systems, retail","IN3P","ECS / NECS","A","All","A","All users","E","End of period","0","373","Pure Number","0","Units","","7","",117,A,117,A,123,A,123,A,123,A,80,A,33,A
CPMI_PARTICIPANTS:A:IN:B:IN3P:B,"A","Annual","IN","India","B","Payment systems, retail","IN3P","ECS / NECS","B","Direct participants, Banks","A","All users","E","End of period","0","373","Pure Number","0","Units","","7","",115,A,115,A,121,A,121,A,121,A,78,A,31,A
CPMI_PARTICIPANTS:A:IN:B:IN3P:C,"A","Annual","IN","India","B","Payment systems, retail","IN3P","ECS / NECS","C","Direct participants, Central bank","A","All users","E","End of period","0","373","Pure Number","0","Units","","7","",1,A,1,A,1,A,1,A,1,A,1,A,1,A
CPMI_PARTICIPANTS:A:IN:B:IN3P:D,"A","Annual","IN","India","B","Payment systems, retail","IN3P","ECS / NECS","D","Direct participants, all","A","All users","E","End of period","0","373","Pure Number","0","Units","","7","",117,A,117,A,123,A,123,A,123,A,80,A,33,A
CPMI_PARTICIPANTS:A:IN:B:IN3P:F,"A","Annual","IN","India","B","Payment systems, retail","IN3P","ECS / NECS","F","Direct participants, Government","A","All users","E","End of period","0","373","Pure Number","0","Units","","7","",,L,,L,,L,,L,,L,,L,,L
CPMI_PARTICIPANTS:A:IN:B:IN3P:G,"A","Annual","IN","India","B","Payment systems, retail","IN3P","ECS / NECS","G","Direct participants, Postal institution","A","All users","E","End of period","0","373","Pure Number","0","Units","","7","",1,A,1,A,1,A,1,A,1,A,1,A,1,A
CPMI_PARTICIPANTS:A:IN:B:IN3P:H,"A","Annual","IN","India","B","Payment systems, retail","IN3P","ECS / NECS","H","Direct participants, Payment systems, CCPs and SSSs","A","All users","E","End of period","0","373","Pure Number","0","Units","","7","",,L,,L,,L,,L,,L,,L,,L
CPMI_PARTICIPANTS:A:IN:B:IN3P:L,"A","Annual","IN","India","B","Payment systems, retail","IN3P","ECS / NECS","L","Direct participants, Other","A","All users","E","End of period","0","373","Pure Number","0","Units","","7","",,L,,L,,L,,L,,L,,L,,L
CPMI_PARTICIPANTS:A:IN:B:IN3P:Z,"A","Annual","IN","India","B","Payment systems, retail","IN3P","ECS / NECS","Z","Indirect participants","A","All users","E","End of period","0","373","Pure Number","0","Units","","7","",,L,,L,,L,,L,,L,,L,,L
CPMI_PARTICIPANTS:A:IN:B:IN6P:A,"A","Annual","IN","India","B","Payment systems, retail","IN6P","Card based payments","A","All","A","All users","E","End of period","0","373","Pure Number","0","Units","","7","",53,A,298,A,395,A,647,A,872,A,1146,A,1145,A
CPMI_PARTICIPANTS:A:IN:B:IN6P:B,"A","Annual","IN","India","B","Payment systems, retail","IN6P","Card based payments","B","Direct participants, Banks","A","All users","E","End of period","0","373","Pure Number","0","Units","","7","",53,A,60,A,75,A,86,A,93,A,104,A,101,A
CPMI_PARTICIPANTS:A:IN:B:IN6P:C,"A","Annual","IN","India","B","Payment systems, retail","IN6P","Card based payments","C","Direct participants, Central bank","A","All users","E","End of period","0","373","Pure Number","0","Units","","7","",,L,,L,,L,,L,,L,,L,,L
CPMI_PARTICIPANTS:A:IN:B:IN6P:D,"A","Annual","IN","India","B","Payment systems, retail","IN6P","Card based payments","D","Direct participants, all","A","All users","E","End of period","0","373","Pure Number","0","Units","","7","",53,A,91,A,105,A,127,A,142,A,150,A,148,A
CPMI_PARTICIPANTS:A:IN:B:IN6P:F,"A","Annual","IN","India","B","Payment systems, retail","IN6P","Card based payments","F","Direct participants, Government","A","All users","E","End of period","0","373","Pure Number","0","Units","","7","",,L,,L,,L,,L,,L,,L,,L
CPMI_PARTICIPANTS:A:IN:B:IN6P:G,"A","Annual","IN","India","B","Payment systems, retail","IN6P","Card based payments","G","Direct participants, Postal institution","A","All users","E","End of period","0","373","Pure Number","0","Units","","7","",,L,,L,,L,,L,,L,,L,,L
CPMI_PARTICIPANTS:A:IN:B:IN6P:H,"A","Annual","IN","India","B","Payment systems, retail","IN6P","Card based payments","H","Direct participants, Payment systems, CCPs and SSSs","A","All users","E","End of period","0","373","Pure Number","0","Units","","7","",,L,,L,,L,,L,,L,,L,,L
CPMI_PARTICIPANTS:A:IN:B:IN6P:L,"A","Annual","IN","India","B","Payment systems, retail","IN6P","Card based payments","L","Direct participants, Other","A","All users","E","End of period","0","373","Pure Number","0","Units","","7","",,L,31,A,30,A,41,A,49,A,46,A,47,A
CPMI_PARTICIPANTS:A:IN:B:IN6P:Z,"A","Annual","IN","India","B","Payment systems, retail","IN6P","Card based payments","Z","Indirect participants","A","All users","E","End of period","0","373","Pure Number","0","Units","","7","",,L,207,A,290,A,520,A,730,A,996,A,997,A
CPMI_PARTICIPANTS:A:IN:B:IN8P:A,"A","Annual","IN","India","B","Payment systems, retail","IN8P","NACH","A","All","A","All users","E","End of period","0","373","Pure Number","0","Units","","7","",35,A,257,A,459,A,954,A,1243,A,1312,A,1332,A
CPMI_PARTICIPANTS:A:IN:B:IN8P:B,"A","Annual","IN","India","B","Payment systems, retail","IN8P","NACH","B","Direct participants, Banks","A","All users","E","End of period","0","373","Pure Number","0","Units","","7","",29,A,117,A,136,A,147,A,148,A,158,A,162,A
CPMI_PARTICIPANTS:A:IN:B:IN8P:C,"A","Annual","IN","India","B","Payment systems, retail","IN8P","NACH","C","Direct participants, Central bank","A","All users","E","End of period","0","373","Pure Number","0","Units","","7","",,L,,L,,L,,L,,L,,L,,L
CPMI_PARTICIPANTS:A:IN:B:IN8P:D,"A","Annual","IN","India","B","Payment systems, retail","IN8P","NACH","D","Direct participants, all","A","All users","E","End of period","0","373","Pure Number","0","Units","","7","",29,A,117,A,136,A,147,A,148,A,158,A,162,A
CPMI_PARTICIPANTS:A:IN:B:IN8P:F,"A","Annual","IN","India","B","Payment systems, retail","IN8P","NACH","F","Direct participants, Government","A","All users","E","End of period","0","373","Pure Number","0","Units","","7","",,L,,L,,L,,L,,L,,L,,L
CPMI_PARTICIPANTS:A:IN:B:IN8P:G,"A","Annual","IN","India","B","Payment systems, retail","IN8P","NACH","G","Direct participants, Postal institution","A","All users","E","End of period","0","373","Pure Number","0","Units","","7","",,L,,L,,L,,L,,L,,L,,L
CPMI_PARTICIPANTS:A:IN:B:IN8P:H,"A","Annual","IN","India","B","Payment systems, retail","IN8P","NACH","H","Direct participants, Payment systems, CCPs and SSSs","A","All users","E","End of period","0","373","Pure Number","0","Units","","7","",,L,,L,,L,,L,,L,,L,,L
CPMI_PARTICIPANTS:A:IN:B:IN8P:L,"A","Annual","IN","India","B","Payment systems, retail","IN8P","NACH","L","Direct participants, Other","A","All users","E","End of period","0","373","Pure Number","0","Units","","7","",,L,,L,,L,,L,,L,,L,,L
CPMI_PARTICIPANTS:A:IN:B:IN8P:Z,"A","Annual","IN","India","B","Payment systems, retail","IN8P","NACH","Z","Indirect participants","A","All users","E","End of period","0","373","Pure Number","0","Units","","7","",6,A,140,A,323,A,807,A,1095,A,1154,A,1170,A
CPMI_PARTICIPANTS:A:IN:C:IN7P:A,"A","Annual","IN","India","C","Payment systems, fast payments","IN7P","IMPS","A","All","A","All users","E","End of period","0","373","Pure Number","0","Units","","7","",17,A,26,A,53,A,122,A,204,A,362,A,498,A
CPMI_PARTICIPANTS:A:IN:C:IN7P:B,"A","Annual","IN","India","C","Payment systems, fast payments","IN7P","IMPS","B","Direct participants, Banks","A","All users","E","End of period","0","373","Pure Number","0","Units","","7","",,L,,L,,L,107,A,181,A,337,A,472,A
CPMI_PARTICIPANTS:A:IN:C:IN7P:C,"A","Annual","IN","India","C","Payment systems, fast payments","IN7P","IMPS","C","Direct participants, Central bank","A","All users","E","End of period","0","373","Pure Number","0","Units","","7","",,L,,L,,L,,L,,L,,L,,L
CPMI_PARTICIPANTS:A:IN:C:IN7P:D,"A","Annual","IN","India","C","Payment systems, fast payments","IN7P","IMPS","D","Direct participants, all","A","All users","E","End of period","0","373","Pure Number","0","Units","","7","",17,A,26,A,53,A,122,A,204,A,362,A,498,A
CPMI_PARTICIPANTS:A:IN:C:IN7P:F,"A","Annual","IN","India","C","Payment systems, fast payments","IN7P","IMPS","F","Direct participants, Government","A","All users","E","End of period","0","373","Pure Number","0","Units","","7","",,L,,L,,L,,L,,L,,L,,L
CPMI_PARTICIPANTS:A:IN:C:IN7P:G,"A","Annual","IN","India","C","Payment systems, fast payments","IN7P","IMPS","G","Direct participants, Postal institution","A","All users","E","End of period","0","373","Pure Number","0","Units","","7","",,L,,L,,L,,L,,L,,L,,L
CPMI_PARTICIPANTS:A:IN:C:IN7P:H,"A","Annual","IN","India","C","Payment systems, fast payments","IN7P","IMPS","H","Direct participants, Payment systems, CCPs and SSSs","A","All users","E","End of period","0","373","Pure Number","0","Units","","7","",,L,,L,,L,,L,,L,,L,,L
CPMI_PARTICIPANTS:A:IN:C:IN7P:L,"A","Annual","IN","India","C","Payment systems, fast payments","IN7P","IMPS","L","Direct participants, Other","A","All users","E","End of period","0","373","Pure Number","0","Units","","7","",0,A,0,A,0,A,15,A,23,A,25,A,26,A
CPMI_PARTICIPANTS:A:IN:C:IN7P:Z,"A","Annual","IN","India","C","Payment systems, fast payments","IN7P","IMPS","Z","Indirect participants","A","All users","E","End of period","0","373","Pure Number","0","Units","","7","",,L,,L,,L,,L,,L,,L,,L
CPMI_PARTICIPANTS:A:IN:C:IN9P:A,"A","Annual","IN","India","C","Payment systems, fast payments","IN9P","UPI","A","All","A","All users","E","End of period","0","373","Pure Number","0","Units","","7","",,M,,M,,M,,M,45,A,109,A,143,A
CPMI_PARTICIPANTS:A:IN:C:IN9P:B,"A","Annual","IN","India","C","Payment systems, fast payments","IN9P","UPI","B","Direct participants, Banks","A","All users","E","End of period","0","373","Pure Number","0","Units","","7","",,M,,M,,M,,M,45,A,109,A,143,A
CPMI_PARTICIPANTS:A:IN:C:IN9P:C,"A","Annual","IN","India","C","Payment systems, fast payments","IN9P","UPI","C","Direct participants, Central bank","A","All users","E","End of period","0","373","Pure Number","0","Units","","7","",,L,,L,,L,,L,,L,,L,,L
CPMI_PARTICIPANTS:A:IN:C:IN9P:D,"A","Annual","IN","India","C","Payment systems, fast payments","IN9P","UPI","D","Direct participants, all","A","All users","E","End of period","0","373","Pure Number","0","Units","","7","",,M,,M,,M,,M,45,A,109,A,143,A
CPMI_PARTICIPANTS:A:IN:C:IN9P:F,"A","Annual","IN","India","C","Payment systems, fast payments","IN9P","UPI","F","Direct participants, Government","A","All users","E","End of period","0","373","Pure Number","0","Units","","7","",,L,,L,,L,,L,,L,,L,,L
CPMI_PARTICIPANTS:A:IN:C:IN9P:G,"A","Annual","IN","India","C","Payment systems, fast payments","IN9P","UPI","G","Direct participants, Postal institution","A","All users","E","End of period","0","373","Pure Number","0","Units","","7","",,L,,L,,L,,L,,L,,L,,L
CPMI_PARTICIPANTS:A:IN:C:IN9P:H,"A","Annual","IN","India","C","Payment systems, fast payments","IN9P","UPI","H","Direct participants, Payment systems, CCPs and SSSs","A","All users","E","End of period","0","373","Pure Number","0","Units","","7","",,L,,L,,L,,L,,L,,L,,L
CPMI_PARTICIPANTS:A:IN:C:IN9P:L,"A","Annual","IN","India","C","Payment systems, fast payments","IN9P","UPI","L","Direct participants, Other","A","All users","E","End of period","0","373","Pure Number","0","Units","","7","",,L,,L,,L,,L,,L,,L,,L
CPMI_PARTICIPANTS:A:IN:C:IN9P:Z,"A","Annual","IN","India","C","Payment systems, fast payments","IN9P","UPI","Z","Indirect participants","A","All users","E","End of period","0","373","Pure Number","0","Units","","7","",,,,L,,L,,L,,L,,L,,L
CPMI_PARTICIPANTS:A:IN:H:IN5P:A,"A","Annual","IN","India","H","Payment systems, large-value & retail","IN5P","NEFT","A","All","A","All users","E","End of period","0","373","Pure Number","0","Units","","7","",146,A,161,A,161,A,173,A,183,A,192,A,213,A
CPMI_PARTICIPANTS:A:IN:H:IN5P:B,"A","Annual","IN","India","H","Payment systems, large-value & retail","IN5P","NEFT","B","Direct participants, Banks","A","All users","E","End of period","0","373","Pure Number","0","Units","","7","",144,A,159,A,159,A,171,A,181,A,190,A,211,A
CPMI_PARTICIPANTS:A:IN:H:IN5P:C,"A","Annual","IN","India","H","Payment systems, large-value & retail","IN5P","NEFT","C","Direct participants, Central bank","A","All users","E","End of period","0","373","Pure Number","0","Units","","7","",1,A,1,A,1,A,1,A,1,A,1,A,1,A
CPMI_PARTICIPANTS:A:IN:H:IN5P:D,"A","Annual","IN","India","H","Payment systems, large-value & retail","IN5P","NEFT","D","Direct participants, all","A","All users","E","End of period","0","373","Pure Number","0","Units","","7","",146,A,161,A,161,A,173,A,183,A,192,A,213,A
CPMI_PARTICIPANTS:A:IN:H:IN5P:F,"A","Annual","IN","India","H","Payment systems, large-value & retail","IN5P","NEFT","F","Direct participants, Government","A","All users","E","End of period","0","373","Pure Number","0","Units","","7","",,L,,L,,L,,L,,L,,L,,L
CPMI_PARTICIPANTS:A:IN:H:IN5P:G,"A","Annual","IN","India","H","Payment systems, large-value & retail","IN5P","NEFT","G","Direct participants, Postal institution","A","All users","E","End of period","0","373","Pure Number","0","Units","","7","",,L,,L,,L,,L,,L,,L,,L
CPMI_PARTICIPANTS:A:IN:H:IN5P:H,"A","Annual","IN","India","H","Payment systems, large-value & retail","IN5P","NEFT","H","Direct participants, Payment systems, CCPs and SSSs","A","All users","E","End of period","0","373","Pure Number","0","Units","","7","",,L,,L,,L,,L,,L,,L,,L
CPMI_PARTICIPANTS:A:IN:H:IN5P:L,"A","Annual","IN","India","H","Payment systems, large-value & retail","IN5P","NEFT","L","Direct participants, Other","A","All users","E","End of period","0","373","Pure Number","0","Units","","7","",1,A,1,A,1,A,1,A,1,A,1,A,1,A
CPMI_PARTICIPANTS:A:IN:H:IN5P:Z,"A","Annual","IN","India","H","Payment systems, large-value & retail","IN5P","NEFT","Z","Indirect participants","A","All users","E","End of period","0","373","Pure Number","0","Units","","7","",,L,,L,,L,,L,,L,,L,,L
CPMI_PARTICIPANTS:A:IN:S:SWFT:0,"A","Annual","IN","India","S","Swift","SWFT","Swift","0","Members","A","All users","E","End of period","0","373","Pure Number","0","Units","","10","",42,A,42,A,42,A,42,A,42,A,37,A,40,A
CPMI_PARTICIPANTS:A:IN:S:SWFT:1,"A","Annual","IN","India","S","Swift","SWFT","Swift","1","Sub-members","A","All users","E","End of period","0","373","Pure Number","0","Units","","10","",44,A,45,A,47,A,49,A,47,A,46,A,46,A
CPMI_PARTICIPANTS:A:IN:S:SWFT:A,"A","Annual","IN","India","S","Swift","SWFT","Swift","A","All","A","All users","E","End of period","0","373","Pure Number","0","Units","","10","",112,A,115,A,117,A,122,A,122,A,121,A,122,A
CPMI_PARTICIPANTS:A:IN:U:IN1C:B,"A","Annual","IN","India","U","Central counterparties/clearing houses","IN1C","CCIL","B","Direct participants, Banks","A","All users","E","End of period","0","373","Pure Number","0","Units","","12","",140,A,146,A,145,A,150,A,154,A,153,A,158,A
CPMI_PARTICIPANTS:A:IN:U:IN1C:C,"A","Annual","IN","India","U","Central counterparties/clearing houses","IN1C","CCIL","C","Direct participants, Central bank","A","All users","E","End of period","0","373","Pure Number","0","Units","","12","",,M,,M,,M,,M,,M,,M,,M
CPMI_PARTICIPANTS:A:IN:U:IN1C:D,"A","Annual","IN","India","U","Central counterparties/clearing houses","IN1C","CCIL","D","Direct participants, all","A","All users","E","End of period","0","373","Pure Number","0","Units","","12","",255,A,264,A,266,A,269,A,271,A,273,A,274,A
CPMI_PARTICIPANTS:A:IN:U:IN1C:I,"A","Annual","IN","India","U","Central counterparties/clearing houses","IN1C","CCIL","I","Direct participants, CCPs/Other CCPs","A","All users","E","End of period","0","373","Pure Number","0","Units","","12","",,M,,M,,M,,M,,M,,M,,M
CPMI_PARTICIPANTS:A:IN:U:IN1C:L,"A","Annual","IN","India","U","Central counterparties/clearing houses","IN1C","CCIL","L","Direct participants, Other","A","All users","E","End of period","0","373","Pure Number","0","Units","","12","",115,A,118,A,121,A,119,A,117,A,120,A,116,A
CPMI_PARTICIPANTS:A:IN:U:IN1C:N,"A","Annual","IN","India","U","Central counterparties/clearing houses","IN1C","CCIL","N","Direct participants, domestic","A","All users","E","End of period","0","373","Pure Number","0","Units","","12","",255,A,264,A,266,A,269,A,271,A,273,A,274,A
CPMI_PARTICIPANTS:A:IN:U:IN1C:O,"A","Annual","IN","India","U","Central counterparties/clearing houses","IN1C","CCIL","O","Direct participants, domestic, Banks","A","All users","E","End of period","0","373","Pure Number","0","Units","","12","",140,A,146,A,145,A,150,A,154,A,153,A,158,A
CPMI_PARTICIPANTS:A:IN:U:IN1C:P,"A","Annual","IN","India","U","Central counterparties/clearing houses","IN1C","CCIL","P","Direct participants, domestic, Central banks","A","All users","E","End of period","0","373","Pure Number","0","Units","","12","",,M,,M,,M,,M,,M,,M,,M
CPMI_PARTICIPANTS:A:IN:U:IN1C:Q,"A","Annual","IN","India","U","Central counterparties/clearing houses","IN1C","CCIL","Q","Direct participants, domestic, CCPs/Other CCPs","A","All users","E","End of period","0","373","Pure Number","0","Units","","12","",,M,,M,,M,,M,,M,,M,,M
CPMI_PARTICIPANTS:A:IN:U:IN1C:S,"A","Annual","IN","India","U","Central counterparties/clearing houses","IN1C","CCIL","S","Direct participants, domestic, Other","A","All users","E","End of period","0","373","Pure Number","0","Units","","12","",115,A,118,A,121,A,119,A,117,A,120,A,116,A
CPMI_PARTICIPANTS:A:IN:U:IN1C:T,"A","Annual","IN","India","U","Central counterparties/clearing houses","IN1C","CCIL","T","Direct participants, foreign","A","All users","E","End of period","0","373","Pure Number","0","Units","","12","",,M,,M,,M,,M,,M,,M,,M
CPMI_PARTICIPANTS:A:IN:U:IN1C:U,"A","Annual","IN","India","U","Central counterparties/clearing houses","IN1C","CCIL","U","Direct participants, foreign, Banks","A","All users","E","End of period","0","373","Pure Number","0","Units","","12","",,M,,M,,M,,M,,M,,M,,M
CPMI_PARTICIPANTS:A:IN:U:IN1C:V,"A","Annual","IN","India","U","Central counterparties/clearing houses","IN1C","CCIL","V","Direct participants, foreign, Central banks","A","All users","E","End of period","0","373","Pure Number","0","Units","","12","",,M,,M,,M,,M,,M,,M,,M
CPMI_PARTICIPANTS:A:IN:U:IN1C:W,"A","Annual","IN","India","U","Central counterparties/clearing houses","IN1C","CCIL","W","Direct participants, foreign, CCPs/Other CCPs","A","All users","E","End of period","0","373","Pure Number","0","Units","","12","",,M,,M,,M,,M,,M,,M,,M
CPMI_PARTICIPANTS:A:IN:U:IN1C:Y,"A","Annual","IN","India","U","Central counterparties/clearing houses","IN1C","CCIL","Y","Direct participants, foreign, Other","A","All users","E","End of period","0","373","Pure Number","0","Units","","12","",,M,,M,,M,,M,,M,,M,,M
CPMI_PARTICIPANTS:A:IN:U:IN2C:B,"A","Annual","IN","India","U","Central counterparties/clearing houses","IN2C","NSCCL","B","Direct participants, Banks","A","All users","E","End of period","0","373","Pure Number","0","Units","","12","",,,27,A,29,A,30,A,30,A,32,A,33,A
CPMI_PARTICIPANTS:A:IN:U:IN2C:C,"A","Annual","IN","India","U","Central counterparties/clearing houses","IN2C","NSCCL","C","Direct participants, Central bank","A","All users","E","End of period","0","373","Pure Number","0","Units","","12","",,,,L,,L,,L,,L,,L,,L
CPMI_PARTICIPANTS:A:IN:U:IN2C:D,"A","Annual","IN","India","U","Central counterparties/clearing houses","IN2C","NSCCL","D","Direct participants, all","A","All users","E","End of period","0","373","Pure Number","0","Units","","12","",,,1299,A,1369,A,1235,A,1226,A,1186,A,1178,A
CPMI_PARTICIPANTS:A:IN:U:IN2C:I,"A","Annual","IN","India","U","Central counterparties/clearing houses","IN2C","NSCCL","I","Direct participants, CCPs/Other CCPs","A","All users","E","End of period","0","373","Pure Number","0","Units","","12","",,,,L,,L,,L,,L,,L,,L
CPMI_PARTICIPANTS:A:IN:U:IN2C:L,"A","Annual","IN","India","U","Central counterparties/clearing houses","IN2C","NSCCL","L","Direct participants, Other","A","All users","E","End of period","0","373","Pure Number","0","Units","","12","",,,1272,A,1340,A,1205,A,1196,A,1154,A,1145,A
CPMI_PARTICIPANTS:A:IN:U:IN2C:N,"A","Annual","IN","India","U","Central counterparties/clearing houses","IN2C","NSCCL","N","Direct participants, domestic","A","All users","E","End of period","0","373","Pure Number","0","Units","","12","",,,1299,A,1369,A,1235,A,1226,A,1186,A,1178,A
CPMI_PARTICIPANTS:A:IN:U:IN2C:O,"A","Annual","IN","India","U","Central counterparties/clearing houses","IN2C","NSCCL","O","Direct participants, domestic, Banks","A","All users","E","End of period","0","373","Pure Number","0","Units","","12","",,,27,A,29,A,30,A,30,A,32,A,33,A
CPMI_PARTICIPANTS:A:IN:U:IN2C:P,"A","Annual","IN","India","U","Central counterparties/clearing houses","IN2C","NSCCL","P","Direct participants, domestic, Central banks","A","All users","E","End of period","0","373","Pure Number","0","Units","","12","",,,,L,,L,,L,,L,,L,,L
CPMI_PARTICIPANTS:A:IN:U:IN2C:Q,"A","Annual","IN","India","U","Central counterparties/clearing houses","IN2C","NSCCL","Q","Direct participants, domestic, CCPs/Other CCPs","A","All users","E","End of period","0","373","Pure Number","0","Units","","12","",,,,L,,L,,L,,L,,L,,L
CPMI_PARTICIPANTS:A:IN:U:IN2C:S,"A","Annual","IN","India","U","Central counterparties/clearing houses","IN2C","NSCCL","S","Direct participants, domestic, Other","A","All users","E","End of period","0","373","Pure Number","0","Units","","12","",,,1272,A,1340,A,1205,A,1196,A,1154,A,1145,A
CPMI_PARTICIPANTS:A:IN:U:IN2C:T,"A","Annual","IN","India","U","Central counterparties/clearing houses","IN2C","NSCCL","T","Direct participants, foreign","A","All users","E","End of period","0","373","Pure Number","0","Units","","12","",,,,L,,L,,L,,L,,L,,L
CPMI_PARTICIPANTS:A:IN:U:IN2C:U,"A","Annual","IN","India","U","Central counterparties/clearing houses","IN2C","NSCCL","U","Direct participants, foreign, Banks","A","All users","E","End of period","0","373","Pure Number","0","Units","","12","",,,,L,,L,,L,,L,,L,,L
CPMI_PARTICIPANTS:A:IN:U:IN2C:V,"A","Annual","IN","India","U","Central counterparties/clearing houses","IN2C","NSCCL","V","Direct participants, foreign, Central banks","A","All users","E","End of period","0","373","Pure Number","0","Units","","12","",,,,L,,L,,L,,L,,L,,L
CPMI_PARTICIPANTS:A:IN:U:IN2C:W,"A","Annual","IN","India","U","Central counterparties/clearing houses","IN2C","NSCCL","W","Direct participants, foreign, CCPs/Other CCPs","A","All users","E","End of period","0","373","Pure Number","0","Units","","12","",,,,L,,L,,L,,L,,L,,L
CPMI_PARTICIPANTS:A:IN:U:IN2C:Y,"A","Annual","IN","India","U","Central counterparties/clearing houses","IN2C","NSCCL","Y","Direct participants, foreign, Other","A","All users","E","End of period","0","373","Pure Number","0","Units","","12","",,,,L,,L,,L,,L,,L,,L
CPMI_PARTICIPANTS:A:IN:U:IN3C:B,"A","Annual","IN","India","U","Central counterparties/clearing houses","IN3C","BOISL","B","Direct participants, Banks","A","All users","E","End of period","0","373","Pure Number","0","Units","","12","",,,,M,,M,,M,,M,,M,,
CPMI_PARTICIPANTS:A:IN:U:IN3C:C,"A","Annual","IN","India","U","Central counterparties/clearing houses","IN3C","BOISL","C","Direct participants, Central bank","A","All users","E","End of period","0","373","Pure Number","0","Units","","12","",,,,M,,M,,M,,M,,M,,
CPMI_PARTICIPANTS:A:IN:U:IN3C:D,"A","Annual","IN","India","U","Central counterparties/clearing houses","IN3C","BOISL","D","Direct participants, all","A","All users","E","End of period","0","373","Pure Number","0","Units","","12","",,,,M,,M,,M,,M,,M,,
CPMI_PARTICIPANTS:A:IN:U:IN3C:I,"A","Annual","IN","India","U","Central counterparties/clearing houses","IN3C","BOISL","I","Direct participants, CCPs/Other CCPs","A","All users","E","End of period","0","373","Pure Number","0","Units","","12","",,,,M,,M,,M,,M,,M,,
CPMI_PARTICIPANTS:A:IN:U:IN3C:L,"A","Annual","IN","India","U","Central counterparties/clearing houses","IN3C","BOISL","L","Direct participants, Other","A","All users","E","End of period","0","373","Pure Number","0","Units","","12","",,,,M,,M,,M,,M,,M,,
CPMI_PARTICIPANTS:A:IN:U:IN3C:N,"A","Annual","IN","India","U","Central counterparties/clearing houses","IN3C","BOISL","N","Direct participants, domestic","A","All users","E","End of period","0","373","Pure Number","0","Units","","12","",,,,M,,M,,M,,M,,M,,
CPMI_PARTICIPANTS:A:IN:U:IN3C:O,"A","Annual","IN","India","U","Central counterparties/clearing houses","IN3C","BOISL","O","Direct participants, domestic, Banks","A","All users","E","End of period","0","373","Pure Number","0","Units","","12","",,,,M,,M,,M,,M,,M,,
CPMI_PARTICIPANTS:A:IN:U:IN3C:P,"A","Annual","IN","India","U","Central counterparties/clearing houses","IN3C","BOISL","P","Direct participants, domestic, Central banks","A","All users","E","End of period","0","373","Pure Number","0","Units","","12","",,,,M,,M,,M,,M,,M,,
CPMI_PARTICIPANTS:A:IN:U:IN3C:Q,"A","Annual","IN","India","U","Central counterparties/clearing houses","IN3C","BOISL","Q","Direct participants, domestic, CCPs/Other CCPs","A","All users","E","End of period","0","373","Pure Number","0","Units","","12","",,,,M,,M,,M,,M,,M,,
CPMI_PARTICIPANTS:A:IN:U:IN3C:S,"A","Annual","IN","India","U","Central counterparties/clearing houses","IN3C","BOISL","S","Direct participants, domestic, Other","A","All users","E","End of period","0","373","Pure Number","0","Units","","12","",,,,M,,M,,M,,M,,M,,
CPMI_PARTICIPANTS:A:IN:U:IN3C:T,"A","Annual","IN","India","U","Central counterparties/clearing houses","IN3C","BOISL","T","Direct participants, foreign","A","All users","E","End of period","0","373","Pure Number","0","Units","","12","",,,,M,,M,,M,,M,,M,,
CPMI_PARTICIPANTS:A:IN:U:IN3C:U,"A","Annual","IN","India","U","Central counterparties/clearing houses","IN3C","BOISL","U","Direct participants, foreign, Banks","A","All users","E","End of period","0","373","Pure Number","0","Units","","12","",,,,M,,M,,M,,M,,M,,
CPMI_PARTICIPANTS:A:IN:U:IN3C:V,"A","Annual","IN","India","U","Central counterparties/clearing houses","IN3C","BOISL","V","Direct participants, foreign, Central banks","A","All users","E","End of period","0","373","Pure Number","0","Units","","12","",,,,M,,M,,M,,M,,M,,
CPMI_PARTICIPANTS:A:IN:U:IN3C:W,"A","Annual","IN","India","U","Central counterparties/clearing houses","IN3C","BOISL","W","Direct participants, foreign, CCPs/Other CCPs","A","All users","E","End of period","0","373","Pure Number","0","Units","","12","",,,,M,,M,,M,,M,,M,,
CPMI_PARTICIPANTS:A:IN:U:IN3C:Y,"A","Annual","IN","India","U","Central counterparties/clearing houses","IN3C","BOISL","Y","Direct participants, foreign, Other","A","All users","E","End of period","0","373","Pure Number","0","Units","","12","",,,,M,,M,,M,,M,,M,,
CPMI_PARTICIPANTS:A:IN:U:IN4C:B,"A","Annual","IN","India","U","Central counterparties/clearing houses","IN4C","ICCL","B","Direct participants, Banks","A","All users","E","End of period","0","373","Pure Number","0","Units","","12","",,,16,A,17,A,24,A,29,A,31,A,31,A
CPMI_PARTICIPANTS:A:IN:U:IN4C:C,"A","Annual","IN","India","U","Central counterparties/clearing houses","IN4C","ICCL","C","Direct participants, Central bank","A","All users","E","End of period","0","373","Pure Number","0","Units","","12","",,,,L,,L,,L,,L,,L,,L
CPMI_PARTICIPANTS:A:IN:U:IN4C:D,"A","Annual","IN","India","U","Central counterparties/clearing houses","IN4C","ICCL","D","Direct participants, all","A","All users","E","End of period","0","373","Pure Number","0","Units","","12","",,,1369,A,1382,A,1398,A,1402,A,1422,A,1394,A
CPMI_PARTICIPANTS:A:IN:U:IN4C:I,"A","Annual","IN","India","U","Central counterparties/clearing houses","IN4C","ICCL","I","Direct participants, CCPs/Other CCPs","A","All users","E","End of period","0","373","Pure Number","0","Units","","12","",,,,L,,L,,L,,L,,L,,L
CPMI_PARTICIPANTS:A:IN:U:IN4C:L,"A","Annual","IN","India","U","Central counterparties/clearing houses","IN4C","ICCL","L","Direct participants, Other","A","All users","E","End of period","0","373","Pure Number","0","Units","","12","",,,1353,A,1365,A,1374,A,1373,A,1391,A,1363,A
CPMI_PARTICIPANTS:A:IN:U:IN4C:N,"A","Annual","IN","India","U","Central counterparties/clearing houses","IN4C","ICCL","N","Direct participants, domestic","A","All users","E","End of period","0","373","Pure Number","0","Units","","12","",,,1369,A,1382,A,1398,A,1402,A,1422,A,1394,A
CPMI_PARTICIPANTS:A:IN:U:IN4C:O,"A","Annual","IN","India","U","Central counterparties/clearing houses","IN4C","ICCL","O","Direct participants, domestic, Banks","A","All users","E","End of period","0","373","Pure Number","0","Units","","12","",,,16,A,17,A,24,A,29,A,31,A,31,A
CPMI_PARTICIPANTS:A:IN:U:IN4C:P,"A","Annual","IN","India","U","Central counterparties/clearing houses","IN4C","ICCL","P","Direct participants, domestic, Central banks","A","All users","E","End of period","0","373","Pure Number","0","Units","","12","",,,,L,,L,,L,,L,,L,,L
CPMI_PARTICIPANTS:A:IN:U:IN4C:Q,"A","Annual","IN","India","U","Central counterparties/clearing houses","IN4C","ICCL","Q","Direct participants, domestic, CCPs/Other CCPs","A","All users","E","End of period","0","373","Pure Number","0","Units","","12","",,,,L,,L,,L,,L,,L,,L
CPMI_PARTICIPANTS:A:IN:U:IN4C:S,"A","Annual","IN","India","U","Central counterparties/clearing houses","IN4C","ICCL","S","Direct participants, domestic, Other","A","All users","E","End of period","0","373","Pure Number","0","Units","","12","",,,1353,A,1365,A,1374,A,1373,A,1391,A,1363,A
CPMI_PARTICIPANTS:A:IN:U:IN4C:T,"A","Annual","IN","India","U","Central counterparties/clearing houses","IN4C","ICCL","T","Direct participants, foreign","A","All users","E","End of period","0","373","Pure Number","0","Units","","12","",,,,L,,L,,L,,L,,L,,L
CPMI_PARTICIPANTS:A:IN:U:IN4C:U,"A","Annual","IN","India","U","Central counterparties/clearing houses","IN4C","ICCL","U","Direct participants, foreign, Banks","A","All users","E","End of period","0","373","Pure Number","0","Units","","12","",,,,L,,L,,L,,L,,L,,L
CPMI_PARTICIPANTS:A:IN:U:IN4C:V,"A","Annual","IN","India","U","Central counterparties/clearing houses","IN4C","ICCL","V","Direct participants, foreign, Central banks","A","All users","E","End of period","0","373","Pure Number","0","Units","","12","",,,,L,,L,,L,,L,,L,,L
CPMI_PARTICIPANTS:A:IN:U:IN4C:W,"A","Annual","IN","India","U","Central counterparties/clearing houses","IN4C","ICCL","W","Direct participants, foreign, CCPs/Other CCPs","A","All users","E","End of period","0","373","Pure Number","0","Units","","12","",,,,L,,L,,L,,L,,L,,L
CPMI_PARTICIPANTS:A:IN:U:IN4C:Y,"A","Annual","IN","India","U","Central counterparties/clearing houses","IN4C","ICCL","Y","Direct participants, foreign, Other","A","All users","E","End of period","0","373","Pure Number","0","Units","","12","",,,,L,,L,,L,,L,,L,,L
CPMI_PARTICIPANTS:A:IN:U:IN5C:B,"A","Annual","IN","India","U","Central counterparties/clearing houses","IN5C","MCX-SXCCL","B","Direct participants, Banks","A","All users","E","End of period","0","373","Pure Number","0","Units","","12","",,,26,A,25,A,25,A,25,A,24,A,23,A
CPMI_PARTICIPANTS:A:IN:U:IN5C:C,"A","Annual","IN","India","U","Central counterparties/clearing houses","IN5C","MCX-SXCCL","C","Direct participants, Central bank","A","All users","E","End of period","0","373","Pure Number","0","Units","","12","",,,,L,,L,,L,,L,,L,,L
CPMI_PARTICIPANTS:A:IN:U:IN5C:D,"A","Annual","IN","India","U","Central counterparties/clearing houses","IN5C","MCX-SXCCL","D","Direct participants, all","A","All users","E","End of period","0","373","Pure Number","0","Units","","12","",,,582,A,579,A,573,A,498,A,467,A,414,A
CPMI_PARTICIPANTS:A:IN:U:IN5C:I,"A","Annual","IN","India","U","Central counterparties/clearing houses","IN5C","MCX-SXCCL","I","Direct participants, CCPs/Other CCPs","A","All users","E","End of period","0","373","Pure Number","0","Units","","12","",,,,L,,L,,L,,L,,L,,L
CPMI_PARTICIPANTS:A:IN:U:IN5C:L,"A","Annual","IN","India","U","Central counterparties/clearing houses","IN5C","MCX-SXCCL","L","Direct participants, Other","A","All users","E","End of period","0","373","Pure Number","0","Units","","12","",,,556,A,554,A,548,A,473,A,443,A,391,A
CPMI_PARTICIPANTS:A:IN:U:IN5C:N,"A","Annual","IN","India","U","Central counterparties/clearing houses","IN5C","MCX-SXCCL","N","Direct participants, domestic","A","All users","E","End of period","0","373","Pure Number","0","Units","","12","",,,582,A,579,A,573,A,498,A,467,A,414,A
CPMI_PARTICIPANTS:A:IN:U:IN5C:O,"A","Annual","IN","India","U","Central counterparties/clearing houses","IN5C","MCX-SXCCL","O","Direct participants, domestic, Banks","A","All users","E","End of period","0","373","Pure Number","0","Units","","12","",,,26,A,25,A,25,A,25,A,24,A,23,A
CPMI_PARTICIPANTS:A:IN:U:IN5C:P,"A","Annual","IN","India","U","Central counterparties/clearing houses","IN5C","MCX-SXCCL","P","Direct participants, domestic, Central banks","A","All users","E","End of period","0","373","Pure Number","0","Units","","12","",,,,L,,L,,L,,L,,L,,L
CPMI_PARTICIPANTS:A:IN:U:IN5C:Q,"A","Annual","IN","India","U","Central counterparties/clearing houses","IN5C","MCX-SXCCL","Q","Direct participants, domestic, CCPs/Other CCPs","A","All users","E","End of period","0","373","Pure Number","0","Units","","12","",,,,L,,L,,L,,L,,L,,L
CPMI_PARTICIPANTS:A:IN:U:IN5C:S,"A","Annual","IN","India","U","Central counterparties/clearing houses","IN5C","MCX-SXCCL","S","Direct participants, domestic, Other","A","All users","E","End of period","0","373","Pure Number","0","Units","","12","",,,556,A,554,A,548,A,473,A,443,A,391,A
CPMI_PARTICIPANTS:A:IN:U:IN5C:T,"A","Annual","IN","India","U","Central counterparties/clearing houses","IN5C","MCX-SXCCL","T","Direct participants, foreign","A","All users","E","End of period","0","373","Pure Number","0","Units","","12","",,,,M,,M,,M,,M,,M,,M
CPMI_PARTICIPANTS:A:IN:U:IN5C:U,"A","Annual","IN","India","U","Central counterparties/clearing houses","IN5C","MCX-SXCCL","U","Direct participants, foreign, Banks","A","All users","E","End of period","0","373","Pure Number","0","Units","","12","",,,,L,,L,,L,,L,,L,,L
CPMI_PARTICIPANTS:A:IN:U:IN5C:V,"A","Annual","IN","India","U","Central counterparties/clearing houses","IN5C","MCX-SXCCL","V","Direct participants, foreign, Central banks","A","All users","E","End of period","0","373","Pure Number","0","Units","","12","",,,,L,,L,,L,,L,,L,,L
CPMI_PARTICIPANTS:A:IN:U:IN5C:W,"A","Annual","IN","India","U","Central counterparties/clearing houses","IN5C","MCX-SXCCL","W","Direct participants, foreign, CCPs/Other CCPs","A","All users","E","End of period","0","373","Pure Number","0","Units","","12","",,,,L,,L,,L,,L,,L,,L
CPMI_PARTICIPANTS:A:IN:U:IN5C:Y,"A","Annual","IN","India","U","Central counterparties/clearing houses","IN5C","MCX-SXCCL","Y","Direct participants, foreign, Other","A","All users","E","End of period","0","373","Pure Number","0","Units","","12","",,,,L,,L,,L,,L,,L,,L
CPMI_PARTICIPANTS:A:IN:V:IN1S:B,"A","Annual","IN","India","V","Central securities depositories","IN1S","NDS-SSS","B","Direct participants, Banks","A","All users","E","End of period","0","373","Pure Number","0","Units","","15","",121,A,126,A,140,A,159,A,235,A,265,A,273,A
CPMI_PARTICIPANTS:A:IN:V:IN1S:C,"A","Annual","IN","India","V","Central securities depositories","IN1S","NDS-SSS","C","Direct participants, Central bank","A","All users","E","End of period","0","373","Pure Number","0","Units","","15","",1,A,2,A,1,A,1,A,5,A,5,A,7,A
CPMI_PARTICIPANTS:A:IN:V:IN1S:D,"A","Annual","IN","India","V","Central securities depositories","IN1S","NDS-SSS","D","Direct participants, all","A","All users","E","End of period","0","373","Pure Number","0","Units","","15","",184,A,191,A,203,A,260,A,361,A,393,A,413,A
CPMI_PARTICIPANTS:A:IN:V:IN1S:I,"A","Annual","IN","India","V","Central securities depositories","IN1S","NDS-SSS","I","Direct participants, CCPs/Other CCPs","A","All users","E","End of period","0","373","Pure Number","0","Units","","15","",1,A,1,A,1,A,1,A,6,A,6,A,6,A
CPMI_PARTICIPANTS:A:IN:V:IN1S:J,"A","Annual","IN","India","V","Central securities depositories","IN1S","NDS-SSS","J","Direct participants, CSDs","A","All users","E","End of period","0","373","Pure Number","0","Units","","15","",,L,,L,,L,,L,,L,,L,,L
CPMI_PARTICIPANTS:A:IN:V:IN1S:L,"A","Annual","IN","India","V","Central securities depositories","IN1S","NDS-SSS","L","Direct participants, Other","A","All users","E","End of period","0","373","Pure Number","0","Units","","15","",61,A,62,A,61,A,99,A,115,A,117,A,127,A
CPMI_PARTICIPANTS:A:IN:V:IN1S:N,"A","Annual","IN","India","V","Central securities depositories","IN1S","NDS-SSS","N","Direct participants, domestic","A","All users","E","End of period","0","373","Pure Number","0","Units","","15","",184,A,191,A,203,A,260,A,307,A,338,A,352,A
CPMI_PARTICIPANTS:A:IN:V:IN1S:O,"A","Annual","IN","India","V","Central securities depositories","IN1S","NDS-SSS","O","Direct participants, domestic, Banks","A","All users","E","End of period","0","373","Pure Number","0","Units","","15","",121,A,126,A,140,A,159,A,185,A,214,A,222,A
CPMI_PARTICIPANTS:A:IN:V:IN1S:P,"A","Annual","IN","India","V","Central securities depositories","IN1S","NDS-SSS","P","Direct participants, domestic, Central banks","A","All users","E","End of period","0","373","Pure Number","0","Units","","15","",1,A,2,A,1,A,1,A,1,A,1,A,1,A
CPMI_PARTICIPANTS:A:IN:V:IN1S:Q,"A","Annual","IN","India","V","Central securities depositories","IN1S","NDS-SSS","Q","Direct participants, domestic, CCPs/Other CCPs","A","All users","E","End of period","0","373","Pure Number","0","Units","","15","",1,A,1,A,1,A,1,A,6,A,6,A,6,A
CPMI_PARTICIPANTS:A:IN:V:IN1S:R,"A","Annual","IN","India","V","Central securities depositories","IN1S","NDS-SSS","R","Direct participants, domestic, CSDs","A","All users","E","End of period","0","373","Pure Number","0","Units","","15","",,L,,L,,L,,L,,L,,L,,L
CPMI_PARTICIPANTS:A:IN:V:IN1S:S,"A","Annual","IN","India","V","Central securities depositories","IN1S","NDS-SSS","S","Direct participants, domestic, Other","A","All users","E","End of period","0","373","Pure Number","0","Units","","15","",61,A,62,A,61,A,99,A,115,A,117,A,123,A
CPMI_PARTICIPANTS:A:IN:V:IN1S:T,"A","Annual","IN","India","V","Central securities depositories","IN1S","NDS-SSS","T","Direct participants, foreign","A","All users","E","End of period","0","373","Pure Number","0","Units","","15","",,L,,L,,L,,L,54,A,55,A,61,A
CPMI_PARTICIPANTS:A:IN:V:IN1S:U,"A","Annual","IN","India","V","Central securities depositories","IN1S","NDS-SSS","U","Direct participants, foreign, Banks","A","All users","E","End of period","0","373","Pure Number","0","Units","","15","",,L,,L,,L,,L,50,A,51,A,51,A
CPMI_PARTICIPANTS:A:IN:V:IN1S:V,"A","Annual","IN","India","V","Central securities depositories","IN1S","NDS-SSS","V","Direct participants, foreign, Central banks","A","All users","E","End of period","0","373","Pure Number","0","Units","","15","",,L,,L,,L,,L,4,A,4,A,6,A
CPMI_PARTICIPANTS:A:IN:V:IN1S:W,"A","Annual","IN","India","V","Central securities depositories","IN1S","NDS-SSS","W","Direct participants, foreign, CCPs/Other CCPs","A","All users","E","End of period","0","373","Pure Number","0","Units","","15","",,L,,L,,L,,L,0,A,0,A,0,A
CPMI_PARTICIPANTS:A:IN:V:IN1S:X,"A","Annual","IN","India","V","Central securities depositories","IN1S","NDS-SSS","X","Direct participants, foreign,CSDs","A","All users","E","End of period","0","373","Pure Number","0","Units","","15","",,L,,L,,L,,L,,L,,L,,L
CPMI_PARTICIPANTS:A:IN:V:IN1S:Y,"A","Annual","IN","India","V","Central securities depositories","IN1S","NDS-SSS","Y","Direct participants, foreign, Other","A","All users","E","End of period","0","373","Pure Number","0","Units","","15","",,L,,L,,L,,L,0,A,0,A,4,A
CPMI_PARTICIPANTS:A:IN:V:IN2S:B,"A","Annual","IN","India","V","Central securities depositories","IN2S","NSDL","B","Direct participants, Banks","A","All users","E","End of period","0","373","Pure Number","0","Units","","15","",,,52,A,51,A,50,A,48,A,51,A,51,A
CPMI_PARTICIPANTS:A:IN:V:IN2S:C,"A","Annual","IN","India","V","Central securities depositories","IN2S","NSDL","C","Direct participants, Central bank","A","All users","E","End of period","0","373","Pure Number","0","Units","","15","",,,,L,,L,,L,,L,,L,,L
CPMI_PARTICIPANTS:A:IN:V:IN2S:D,"A","Annual","IN","India","V","Central securities depositories","IN2S","NSDL","D","Direct participants, all","A","All users","E","End of period","0","373","Pure Number","0","Units","","15","",,,278,A,273,A,270,A,264,A,276,A,277,A
CPMI_PARTICIPANTS:A:IN:V:IN2S:I,"A","Annual","IN","India","V","Central securities depositories","IN2S","NSDL","I","Direct participants, CCPs/Other CCPs","A","All users","E","End of period","0","373","Pure Number","0","Units","","15","",,,7,A,4,A,3,A,2,A,3,A,3,A
CPMI_PARTICIPANTS:A:IN:V:IN2S:J,"A","Annual","IN","India","V","Central securities depositories","IN2S","NSDL","J","Direct participants, CSDs","A","All users","E","End of period","0","373","Pure Number","0","Units","","15","",,,,L,,L,,L,,L,,L,,L
CPMI_PARTICIPANTS:A:IN:V:IN2S:L,"A","Annual","IN","India","V","Central securities depositories","IN2S","NSDL","L","Direct participants, Other","A","All users","E","End of period","0","373","Pure Number","0","Units","","15","",,,219,A,218,A,217,A,214,A,222,A,223,A
CPMI_PARTICIPANTS:A:IN:V:IN2S:N,"A","Annual","IN","India","V","Central securities depositories","IN2S","NSDL","N","Direct participants, domestic","A","All users","E","End of period","0","373","Pure Number","0","Units","","15","",,,278,A,273,A,270,A,264,A,276,A,277,A
CPMI_PARTICIPANTS:A:IN:V:IN2S:O,"A","Annual","IN","India","V","Central securities depositories","IN2S","NSDL","O","Direct participants, domestic, Banks","A","All users","E","End of period","0","373","Pure Number","0","Units","","15","",,,52,A,51,A,50,A,48,A,51,A,51,A
CPMI_PARTICIPANTS:A:IN:V:IN2S:P,"A","Annual","IN","India","V","Central securities depositories","IN2S","NSDL","P","Direct participants, domestic, Central banks","A","All users","E","End of period","0","373","Pure Number","0","Units","","15","",,,,L,,L,,L,,L,,L,,L
CPMI_PARTICIPANTS:A:IN:V:IN2S:Q,"A","Annual","IN","India","V","Central securities depositories","IN2S","NSDL","Q","Direct participants, domestic, CCPs/Other CCPs","A","All users","E","End of period","0","373","Pure Number","0","Units","","15","",,,7,A,4,A,3,A,2,A,3,A,3,A
CPMI_PARTICIPANTS:A:IN:V:IN2S:R,"A","Annual","IN","India","V","Central securities depositories","IN2S","NSDL","R","Direct participants, domestic, CSDs","A","All users","E","End of period","0","373","Pure Number","0","Units","","15","",,,,L,,L,,L,,L,,L,,L
CPMI_PARTICIPANTS:A:IN:V:IN2S:S,"A","Annual","IN","India","V","Central securities depositories","IN2S","NSDL","S","Direct participants, domestic, Other","A","All users","E","End of period","0","373","Pure Number","0","Units","","15","",,,219,A,218,A,217,A,214,A,222,A,223,A
CPMI_PARTICIPANTS:A:IN:V:IN2S:T,"A","Annual","IN","India","V","Central securities depositories","IN2S","NSDL","T","Direct participants, foreign","A","All users","E","End of period","0","373","Pure Number","0","Units","","15","",,,,L,,L,,L,,L,,L,,L
CPMI_PARTICIPANTS:A:IN:V:IN2S:U,"A","Annual","IN","India","V","Central securities depositories","IN2S","NSDL","U","Direct participants, foreign, Banks","A","All users","E","End of period","0","373","Pure Number","0","Units","","15","",,,,L,,L,,L,,L,,L,,L
CPMI_PARTICIPANTS:A:IN:V:IN2S:V,"A","Annual","IN","India","V","Central securities depositories","IN2S","NSDL","V","Direct participants, foreign, Central banks","A","All users","E","End of period","0","373","Pure Number","0","Units","","15","",,,,L,,L,,L,,L,,L,,L
CPMI_PARTICIPANTS:A:IN:V:IN2S:W,"A","Annual","IN","India","V","Central securities depositories","IN2S","NSDL","W","Direct participants, foreign, CCPs/Other CCPs","A","All users","E","End of period","0","373","Pure Number","0","Units","","15","",,,,L,,L,,L,,L,,L,,L
CPMI_PARTICIPANTS:A:IN:V:IN2S:X,"A","Annual","IN","India","V","Central securities depositories","IN2S","NSDL","X","Direct participants, foreign,CSDs","A","All users","E","End of period","0","373","Pure Number","0","Units","","15","",,,,L,,L,,L,,L,,L,,L
CPMI_PARTICIPANTS:A:IN:V:IN2S:Y,"A","Annual","IN","India","V","Central securities depositories","IN2S","NSDL","Y","Direct participants, foreign, Other","A","All users","E","End of period","0","373","Pure Number","0","Units","","15","",,,,L,,L,,L,,L,,L,,L
CPMI_PARTICIPANTS:A:IN:V:IN3S:B,"A","Annual","IN","India","V","Central securities depositories","IN3S","CDSL","B","Direct participants, Banks","A","All users","E","End of period","0","373","Pure Number","0","Units","","15","",,,42,A,45,A,45,A,47,A,37,A,36,A
CPMI_PARTICIPANTS:A:IN:V:IN3S:C,"A","Annual","IN","India","V","Central securities depositories","IN3S","CDSL","C","Direct participants, Central bank","A","All users","E","End of period","0","373","Pure Number","0","Units","","15","",,,,L,,L,,L,,L,,L,,L
CPMI_PARTICIPANTS:A:IN:V:IN3S:D,"A","Annual","IN","India","V","Central securities depositories","IN3S","CDSL","D","Direct participants, all","A","All users","E","End of period","0","373","Pure Number","0","Units","","15","",,,579,A,575,A,583,A,589,A,594,A,597,A
CPMI_PARTICIPANTS:A:IN:V:IN3S:I,"A","Annual","IN","India","V","Central securities depositories","IN3S","CDSL","I","Direct participants, CCPs/Other CCPs","A","All users","E","End of period","0","373","Pure Number","0","Units","","15","",,,1,A,1,A,1,A,1,A,2,A,2,A
CPMI_PARTICIPANTS:A:IN:V:IN3S:J,"A","Annual","IN","India","V","Central securities depositories","IN3S","CDSL","J","Direct participants, CSDs","A","All users","E","End of period","0","373","Pure Number","0","Units","","15","",,,,L,,L,,L,,L,,L,,L
CPMI_PARTICIPANTS:A:IN:V:IN3S:L,"A","Annual","IN","India","V","Central securities depositories","IN3S","CDSL","L","Direct participants, Other","A","All users","E","End of period","0","373","Pure Number","0","Units","","15","",,,536,A,529,A,537,A,541,A,555,A,559,A
CPMI_PARTICIPANTS:A:IN:V:IN3S:N,"A","Annual","IN","India","V","Central securities depositories","IN3S","CDSL","N","Direct participants, domestic","A","All users","E","End of period","0","373","Pure Number","0","Units","","15","",,,579,A,575,A,583,A,589,A,594,A,597,A
CPMI_PARTICIPANTS:A:IN:V:IN3S:O,"A","Annual","IN","India","V","Central securities depositories","IN3S","CDSL","O","Direct participants, domestic, Banks","A","All users","E","End of period","0","373","Pure Number","0","Units","","15","",,,42,A,45,A,45,A,47,A,37,A,36,A
CPMI_PARTICIPANTS:A:IN:V:IN3S:P,"A","Annual","IN","India","V","Central securities depositories","IN3S","CDSL","P","Direct participants, domestic, Central banks","A","All users","E","End of period","0","373","Pure Number","0","Units","","15","",,,,L,,L,,L,,L,,L,,L
CPMI_PARTICIPANTS:A:IN:V:IN3S:Q,"A","Annual","IN","India","V","Central securities depositories","IN3S","CDSL","Q","Direct participants, domestic, CCPs/Other CCPs","A","All users","E","End of period","0","373","Pure Number","0","Units","","15","",,,1,A,1,A,1,A,1,A,2,A,2,A
CPMI_PARTICIPANTS:A:IN:V:IN3S:R,"A","Annual","IN","India","V","Central securities depositories","IN3S","CDSL","R","Direct participants, domestic, CSDs","A","All users","E","End of period","0","373","Pure Number","0","Units","","15","",,,,L,,L,,L,,L,,L,,L
CPMI_PARTICIPANTS:A:IN:V:IN3S:S,"A","Annual","IN","India","V","Central securities depositories","IN3S","CDSL","S","Direct participants, domestic, Other","A","All users","E","End of period","0","373","Pure Number","0","Units","","15","",,,536,A,529,A,537,A,541,A,555,A,559,A
CPMI_PARTICIPANTS:A:IN:V:IN3S:T,"A","Annual","IN","India","V","Central securities depositories","IN3S","CDSL","T","Direct participants, foreign","A","All users","E","End of period","0","373","Pure Number","0","Units","","15","",,,,L,,L,,L,,L,,L,,L
CPMI_PARTICIPANTS:A:IN:V:IN3S:U,"A","Annual","IN","India","V","Central securities depositories","IN3S","CDSL","U","Direct participants, foreign, Banks","A","All users","E","End of period","0","373","Pure Number","0","Units","","15","",,,,L,,L,,L,,L,,L,,L
CPMI_PARTICIPANTS:A:IN:V:IN3S:V,"A","Annual","IN","India","V","Central securities depositories","IN3S","CDSL","V","Direct participants, foreign, Central banks","A","All users","E","End of period","0","373","Pure Number","0","Units","","15","",,,,L,,L,,L,,L,,L,,L
CPMI_PARTICIPANTS:A:IN:V:IN3S:W,"A","Annual","IN","India","V","Central securities depositories","IN3S","CDSL","W","Direct participants, foreign, CCPs/Other CCPs","A","All users","E","End of period","0","373","Pure Number","0","Units","","15","",,,,L,,L,,L,,L,,L,,L
CPMI_PARTICIPANTS:A:IN:V:IN3S:X,"A","Annual","IN","India","V","Central securities depositories","IN3S","CDSL","X","Direct participants, foreign,CSDs","A","All users","E","End of period","0","373","Pure Number","0","Units","","15","",,,,L,,L,,L,,L,,L,,L
CPMI_PARTICIPANTS:A:IN:V:IN3S:Y,"A","Annual","IN","India","V","Central securities depositories","IN3S","CDSL","Y","Direct participants, foreign, Other","A","All users","E","End of period","0","373","Pure Number","0","Units","","15","",,,,L,,L,,L,,L,,L,,L
CPMI_PARTICIPANTS:A:IT:A:IT1P:A,"A","Annual","IT","Italy","A","Payment systems, large-value","IT1P","TARGET2-BDI","A","All","A","All users","E","End of period","0","373","Pure Number","0","Units","","7","",426,A,170,A,167,A,156,A,148,A,131,A,109,A
CPMI_PARTICIPANTS:A:IT:A:IT1P:B,"A","Annual","IT","Italy","A","Payment systems, large-value","IT1P","TARGET2-BDI","B","Direct participants, Banks","A","All users","E","End of period","0","373","Pure Number","0","Units","","7","",98,A,97,A,100,A,95,A,94,A,84,A,65,A
CPMI_PARTICIPANTS:A:IT:A:IT1P:C,"A","Annual","IT","Italy","A","Payment systems, large-value","IT1P","TARGET2-BDI","C","Direct participants, Central bank","A","All users","E","End of period","0","373","Pure Number","0","Units","","7","",1,A,1,A,1,A,1,A,1,A,1,A,1,A
CPMI_PARTICIPANTS:A:IT:A:IT1P:D,"A","Annual","IT","Italy","A","Payment systems, large-value","IT1P","TARGET2-BDI","D","Direct participants, all","A","All users","E","End of period","0","373","Pure Number","0","Units","","7","",103,A,102,A,105,A,100,A,99,A,89,A,70,A
CPMI_PARTICIPANTS:A:IT:A:IT1P:F,"A","Annual","IT","Italy","A","Payment systems, large-value","IT1P","TARGET2-BDI","F","Direct participants, Government","A","All users","E","End of period","0","373","Pure Number","0","Units","","7","",0,A,0,A,0,A,0,A,0,A,0,A,0,A
CPMI_PARTICIPANTS:A:IT:A:IT1P:G,"A","Annual","IT","Italy","A","Payment systems, large-value","IT1P","TARGET2-BDI","G","Direct participants, Postal institution","A","All users","E","End of period","0","373","Pure Number","0","Units","","7","",1,A,1,A,1,A,1,A,1,A,1,A,1,A
CPMI_PARTICIPANTS:A:IT:A:IT1P:H,"A","Annual","IT","Italy","A","Payment systems, large-value","IT1P","TARGET2-BDI","H","Direct participants, Payment systems, CCPs and SSSs","A","All users","E","End of period","0","373","Pure Number","0","Units","","7","",2,A,2,A,2,A,2,A,2,A,2,A,2,A
CPMI_PARTICIPANTS:A:IT:A:IT1P:L,"A","Annual","IT","Italy","A","Payment systems, large-value","IT1P","TARGET2-BDI","L","Direct participants, Other","A","All users","E","End of period","0","373","Pure Number","0","Units","","7","",1,A,1,A,1,A,1,A,1,A,1,A,1,A
CPMI_PARTICIPANTS:A:IT:A:IT1P:Z,"A","Annual","IT","Italy","A","Payment systems, large-value","IT1P","TARGET2-BDI","Z","Indirect participants","A","All users","E","End of period","0","373","Pure Number","0","Units","","7","",323,A,68,A,62,A,56,A,49,A,42,A,39,A
CPMI_PARTICIPANTS:A:IT:B:IT2P:A,"A","Annual","IT","Italy","B","Payment systems, retail","IT2P","BI-COMP","A","All","A","All users","E","End of period","0","373","Pure Number","0","Units","","7","",86,A,83,A,76,A,72,A,69,A,68,A,60,A
CPMI_PARTICIPANTS:A:IT:B:IT2P:B,"A","Annual","IT","Italy","B","Payment systems, retail","IT2P","BI-COMP","B","Direct participants, Banks","A","All users","E","End of period","0","373","Pure Number","0","Units","","7","",82,A,79,A,72,A,68,A,65,A,64,A,56,A
CPMI_PARTICIPANTS:A:IT:B:IT2P:C,"A","Annual","IT","Italy","B","Payment systems, retail","IT2P","BI-COMP","C","Direct participants, Central bank","A","All users","E","End of period","0","373","Pure Number","0","Units","","7","",1,A,1,A,1,A,1,A,1,A,1,A,1,A
CPMI_PARTICIPANTS:A:IT:B:IT2P:D,"A","Annual","IT","Italy","B","Payment systems, retail","IT2P","BI-COMP","D","Direct participants, all","A","All users","E","End of period","0","373","Pure Number","0","Units","","7","",86,A,83,A,76,A,72,A,69,A,68,A,60,A
CPMI_PARTICIPANTS:A:IT:B:IT2P:F,"A","Annual","IT","Italy","B","Payment systems, retail","IT2P","BI-COMP","F","Direct participants, Government","A","All users","E","End of period","0","373","Pure Number","0","Units","","7","",0,A,0,A,0,A,0,A,0,A,0,A,0,A
CPMI_PARTICIPANTS:A:IT:B:IT2P:G,"A","Annual","IT","Italy","B","Payment systems, retail","IT2P","BI-COMP","G","Direct participants, Postal institution","A","All users","E","End of period","0","373","Pure Number","0","Units","","7","",1,A,1,A,1,A,1,A,1,A,1,A,1,A
CPMI_PARTICIPANTS:A:IT:B:IT2P:H,"A","Annual","IT","Italy","B","Payment systems, retail","IT2P","BI-COMP","H","Direct participants, Payment systems, CCPs and SSSs","A","All users","E","End of period","0","373","Pure Number","0","Units","","7","",2,A,2,A,2,A,2,A,2,A,2,A,2,A
CPMI_PARTICIPANTS:A:IT:B:IT2P:L,"A","Annual","IT","Italy","B","Payment systems, retail","IT2P","BI-COMP","L","Direct participants, Other","A","All users","E","End of period","0","373","Pure Number","0","Units","","7","",0,A,0,A,0,A,0,A,0,A,0,A,0,A
CPMI_PARTICIPANTS:A:IT:B:IT2P:Z,"A","Annual","IT","Italy","B","Payment systems, retail","IT2P","BI-COMP","Z","Indirect participants","A","All users","E","End of period","0","373","Pure Number","0","Units","","7","",,M,,M,,M,,M,,M,,M,,M
CPMI_PARTICIPANTS:A:IT:S:SWFT:0,"A","Annual","IT","Italy","S","Swift","SWFT","Swift","0","Members","A","All users","E","End of period","0","373","Pure Number","0","Units","","10","",99,A,93,A,91,A,89,A,84,A,80,A,67,A
CPMI_PARTICIPANTS:A:IT:S:SWFT:1,"A","Annual","IT","Italy","S","Swift","SWFT","Swift","1","Sub-members","A","All users","E","End of period","0","373","Pure Number","0","Units","","10","",93,A,93,A,91,A,84,A,77,A,75,A,69,A
CPMI_PARTICIPANTS:A:IT:S:SWFT:A,"A","Annual","IT","Italy","S","Swift","SWFT","Swift","A","All","A","All users","E","End of period","0","373","Pure Number","0","Units","","10","",288,A,289,A,293,A,285,A,273,A,262,A,248,A
CPMI_PARTICIPANTS:A:IT:U:IT1C:B,"A","Annual","IT","Italy","U","Central counterparties/clearing houses","IT1C","CCG","B","Direct participants, Banks","A","All users","E","End of period","0","373","Pure Number","0","Units","","12","",59,A,67,A,66,A,68,A,73,A,70,A,67,A
CPMI_PARTICIPANTS:A:IT:U:IT1C:C,"A","Annual","IT","Italy","U","Central counterparties/clearing houses","IT1C","CCG","C","Direct participants, Central bank","A","All users","E","End of period","0","373","Pure Number","0","Units","","12","",0,A,0,A,0,A,0,A,0,A,0,A,0,A
CPMI_PARTICIPANTS:A:IT:U:IT1C:D,"A","Annual","IT","Italy","U","Central counterparties/clearing houses","IT1C","CCG","D","Direct participants, all","A","All users","E","End of period","0","373","Pure Number","0","Units","","12","",74,A,83,A,81,A,82,A,87,A,86,A,84,A
CPMI_PARTICIPANTS:A:IT:U:IT1C:I,"A","Annual","IT","Italy","U","Central counterparties/clearing houses","IT1C","CCG","I","Direct participants, CCPs/Other CCPs","A","All users","E","End of period","0","373","Pure Number","0","Units","","12","",1,A,1,A,1,A,1,A,1,A,1,A,1,A
CPMI_PARTICIPANTS:A:IT:U:IT1C:L,"A","Annual","IT","Italy","U","Central counterparties/clearing houses","IT1C","CCG","L","Direct participants, Other","A","All users","E","End of period","0","373","Pure Number","0","Units","","12","",14,A,15,A,14,A,13,A,13,A,15,A,16,A
CPMI_PARTICIPANTS:A:IT:U:IT1C:N,"A","Annual","IT","Italy","U","Central counterparties/clearing houses","IT1C","CCG","N","Direct participants, domestic","A","All users","E","End of period","0","373","Pure Number","0","Units","","12","",57,A,64,A,62,A,59,A,66,A,63,A,59,A
CPMI_PARTICIPANTS:A:IT:U:IT1C:O,"A","Annual","IT","Italy","U","Central counterparties/clearing houses","IT1C","CCG","O","Direct participants, domestic, Banks","A","All users","E","End of period","0","373","Pure Number","0","Units","","12","",52,A,59,A,58,A,55,A,62,A,57,A,53,A
CPMI_PARTICIPANTS:A:IT:U:IT1C:P,"A","Annual","IT","Italy","U","Central counterparties/clearing houses","IT1C","CCG","P","Direct participants, domestic, Central banks","A","All users","E","End of period","0","373","Pure Number","0","Units","","12","",0,A,0,A,0,A,0,A,0,A,0,A,0,A
CPMI_PARTICIPANTS:A:IT:U:IT1C:Q,"A","Annual","IT","Italy","U","Central counterparties/clearing houses","IT1C","CCG","Q","Direct participants, domestic, CCPs/Other CCPs","A","All users","E","End of period","0","373","Pure Number","0","Units","","12","",0,A,0,A,0,A,0,A,0,A,0,A,,
CPMI_PARTICIPANTS:A:IT:U:IT1C:S,"A","Annual","IT","Italy","U","Central counterparties/clearing houses","IT1C","CCG","S","Direct participants, domestic, Other","A","All users","E","End of period","0","373","Pure Number","0","Units","","12","",5,A,5,A,4,A,4,A,4,A,6,A,6,A
CPMI_PARTICIPANTS:A:IT:U:IT1C:T,"A","Annual","IT","Italy","U","Central counterparties/clearing houses","IT1C","CCG","T","Direct participants, foreign","A","All users","E","End of period","0","373","Pure Number","0","Units","","12","",17,A,19,A,19,A,23,A,21,A,23,A,25,A
CPMI_PARTICIPANTS:A:IT:U:IT1C:U,"A","Annual","IT","Italy","U","Central counterparties/clearing houses","IT1C","CCG","U","Direct participants, foreign, Banks","A","All users","E","End of period","0","373","Pure Number","0","Units","","12","",7,A,8,A,8,A,13,A,11,A,13,A,14,A
CPMI_PARTICIPANTS:A:IT:U:IT1C:V,"A","Annual","IT","Italy","U","Central counterparties/clearing houses","IT1C","CCG","V","Direct participants, foreign, Central banks","A","All users","E","End of period","0","373","Pure Number","0","Units","","12","",0,A,0,A,0,A,0,A,0,A,0,A,0,A
CPMI_PARTICIPANTS:A:IT:U:IT1C:W,"A","Annual","IT","Italy","U","Central counterparties/clearing houses","IT1C","CCG","W","Direct participants, foreign, CCPs/Other CCPs","A","All users","E","End of period","0","373","Pure Number","0","Units","","12","",1,A,1,A,1,A,1,A,1,A,1,A,1,A
CPMI_PARTICIPANTS:A:IT:U:IT1C:Y,"A","Annual","IT","Italy","U","Central counterparties/clearing houses","IT1C","CCG","Y","Direct participants, foreign, Other","A","All users","E","End of period","0","373","Pure Number","0","Units","","12","",9,A,10,A,10,A,9,A,9,A,9,A,10,A
CPMI_PARTICIPANTS:A:IT:V:IT2S:B,"A","Annual","IT","Italy","V","Central securities depositories","IT2S","Monte Titoli","B","Direct participants, Banks","A","All users","E","End of period","0","373","Pure Number","0","Units","","15","",118,A,108,A,100,A,62,A,59,A,55,A,51,A
CPMI_PARTICIPANTS:A:IT:V:IT2S:C,"A","Annual","IT","Italy","V","Central securities depositories","IT2S","Monte Titoli","C","Direct participants, Central bank","A","All users","E","End of period","0","373","Pure Number","0","Units","","15","",1,A,1,A,1,A,1,A,1,A,1,A,1,A
CPMI_PARTICIPANTS:A:IT:V:IT2S:D,"A","Annual","IT","Italy","V","Central securities depositories","IT2S","Monte Titoli","D","Direct participants, all","A","All users","E","End of period","0","373","Pure Number","0","Units","","15","",248,A,239,A,232,A,183,A,184,A,184,A,186,A
CPMI_PARTICIPANTS:A:IT:V:IT2S:I,"A","Annual","IT","Italy","V","Central securities depositories","IT2S","Monte Titoli","I","Direct participants, CCPs/Other CCPs","A","All users","E","End of period","0","373","Pure Number","0","Units","","15","",7,A,7,A,6,A,6,A,5,A,5,A,5,A
CPMI_PARTICIPANTS:A:IT:V:IT2S:J,"A","Annual","IT","Italy","V","Central securities depositories","IT2S","Monte Titoli","J","Direct participants, CSDs","A","All users","E","End of period","0","373","Pure Number","0","Units","","15","",9,A,12,A,15,A,7,A,7,A,6,A,6,A
CPMI_PARTICIPANTS:A:IT:V:IT2S:L,"A","Annual","IT","Italy","V","Central securities depositories","IT2S","Monte Titoli","L","Direct participants, Other","A","All users","E","End of period","0","373","Pure Number","0","Units","","15","",113,A,111,A,110,A,107,A,112,A,117,A,123,A
CPMI_PARTICIPANTS:A:IT:V:IT2S:N,"A","Annual","IT","Italy","V","Central securities depositories","IT2S","Monte Titoli","N","Direct participants, domestic","A","All users","E","End of period","0","373","Pure Number","0","Units","","15","",232,A,221,A,208,A,167,A,168,A,169,A,171,A
CPMI_PARTICIPANTS:A:IT:V:IT2S:O,"A","Annual","IT","Italy","V","Central securities depositories","IT2S","Monte Titoli","O","Direct participants, domestic, Banks","A","All users","E","End of period","0","373","Pure Number","0","Units","","15","",118,A,108,A,97,A,58,A,54,A,50,A,46,A
CPMI_PARTICIPANTS:A:IT:V:IT2S:P,"A","Annual","IT","Italy","V","Central securities depositories","IT2S","Monte Titoli","P","Direct participants, domestic, Central banks","A","All users","E","End of period","0","373","Pure Number","0","Units","","15","",1,A,1,A,1,A,1,A,1,A,1,A,1,A
CPMI_PARTICIPANTS:A:IT:V:IT2S:Q,"A","Annual","IT","Italy","V","Central securities depositories","IT2S","Monte Titoli","Q","Direct participants, domestic, CCPs/Other CCPs","A","All users","E","End of period","0","373","Pure Number","0","Units","","15","",1,A,1,A,1,A,1,A,1,A,1,A,1,A
CPMI_PARTICIPANTS:A:IT:V:IT2S:R,"A","Annual","IT","Italy","V","Central securities depositories","IT2S","Monte Titoli","R","Direct participants, domestic, CSDs","A","All users","E","End of period","0","373","Pure Number","0","Units","","15","",0,A,0,A,0,A,0,A,0,A,0,A,0,A
CPMI_PARTICIPANTS:A:IT:V:IT2S:S,"A","Annual","IT","Italy","V","Central securities depositories","IT2S","Monte Titoli","S","Direct participants, domestic, Other","A","All users","E","End of period","0","373","Pure Number","0","Units","","15","",112,A,111,A,109,A,107,A,112,A,117,A,123,A
CPMI_PARTICIPANTS:A:IT:V:IT2S:T,"A","Annual","IT","Italy","V","Central securities depositories","IT2S","Monte Titoli","T","Direct participants, foreign","A","All users","E","End of period","0","373","Pure Number","0","Units","","15","",16,A,18,A,24,A,16,A,16,A,15,A,15,A
CPMI_PARTICIPANTS:A:IT:V:IT2S:U,"A","Annual","IT","Italy","V","Central securities depositories","IT2S","Monte Titoli","U","Direct participants, foreign, Banks","A","All users","E","End of period","0","373","Pure Number","0","Units","","15","",0,A,0,A,3,A,4,A,5,A,5,A,5,A
CPMI_PARTICIPANTS:A:IT:V:IT2S:V,"A","Annual","IT","Italy","V","Central securities depositories","IT2S","Monte Titoli","V","Direct participants, foreign, Central banks","A","All users","E","End of period","0","373","Pure Number","0","Units","","15","",0,A,0,A,0,A,0,A,0,A,0,A,0,A
CPMI_PARTICIPANTS:A:IT:V:IT2S:W,"A","Annual","IT","Italy","V","Central securities depositories","IT2S","Monte Titoli","W","Direct participants, foreign, CCPs/Other CCPs","A","All users","E","End of period","0","373","Pure Number","0","Units","","15","",6,A,6,A,5,A,5,A,4,A,4,A,4,A
CPMI_PARTICIPANTS:A:IT:V:IT2S:X,"A","Annual","IT","Italy","V","Central securities depositories","IT2S","Monte Titoli","X","Direct participants, foreign,CSDs","A","All users","E","End of period","0","373","Pure Number","0","Units","","15","",9,A,12,A,15,A,7,A,7,A,6,A,6,A
CPMI_PARTICIPANTS:A:IT:V:IT2S:Y,"A","Annual","IT","Italy","V","Central securities depositories","IT2S","Monte Titoli","Y","Direct participants, foreign, Other","A","All users","E","End of period","0","373","Pure Number","0","Units","","15","",1,A,0,A,1,A,0,A,0,A,0,A,0,A
CPMI_PARTICIPANTS:A:JP:A:JP1P:A,"A","Annual","JP","Japan","A","Payment systems, large-value","JP1P","BOJ-NET","A","All","A","All users","E","End of period","0","373","Pure Number","0","Units","","7","",550,A,542,A,538,A,536,A,534,A,530,A,526,A
CPMI_PARTICIPANTS:A:JP:A:JP1P:B,"A","Annual","JP","Japan","A","Payment systems, large-value","JP1P","BOJ-NET","B","Direct participants, Banks","A","All users","E","End of period","0","373","Pure Number","0","Units","","7","",463,A,459,A,456,A,454,A,452,A,449,A,446,A
CPMI_PARTICIPANTS:A:JP:A:JP1P:C,"A","Annual","JP","Japan","A","Payment systems, large-value","JP1P","BOJ-NET","C","Direct participants, Central bank","A","All users","E","End of period","0","373","Pure Number","0","Units","","7","",0,A,0,A,0,A,0,A,0,A,0,A,0,A
CPMI_PARTICIPANTS:A:JP:A:JP1P:D,"A","Annual","JP","Japan","A","Payment systems, large-value","JP1P","BOJ-NET","D","Direct participants, all","A","All users","E","End of period","0","373","Pure Number","0","Units","","7","",550,A,542,A,538,A,536,A,534,A,530,A,526,A
CPMI_PARTICIPANTS:A:JP:A:JP1P:F,"A","Annual","JP","Japan","A","Payment systems, large-value","JP1P","BOJ-NET","F","Direct participants, Government","A","All users","E","End of period","0","373","Pure Number","0","Units","","7","",0,A,0,A,0,A,0,A,0,A,0,A,0,A
CPMI_PARTICIPANTS:A:JP:A:JP1P:G,"A","Annual","JP","Japan","A","Payment systems, large-value","JP1P","BOJ-NET","G","Direct participants, Postal institution","A","All users","E","End of period","0","373","Pure Number","0","Units","","7","",0,A,0,A,0,A,0,A,0,A,0,A,0,A
CPMI_PARTICIPANTS:A:JP:A:JP1P:H,"A","Annual","JP","Japan","A","Payment systems, large-value","JP1P","BOJ-NET","H","Direct participants, Payment systems, CCPs and SSSs","A","All users","E","End of period","0","373","Pure Number","0","Units","","7","",40,A,38,A,38,A,38,A,38,A,38,A,38,A
CPMI_PARTICIPANTS:A:JP:A:JP1P:L,"A","Annual","JP","Japan","A","Payment systems, large-value","JP1P","BOJ-NET","L","Direct participants, Other","A","All users","E","End of period","0","373","Pure Number","0","Units","","7","",47,A,45,A,44,A,44,A,44,A,43,A,42,A
CPMI_PARTICIPANTS:A:JP:A:JP1P:Z,"A","Annual","JP","Japan","A","Payment systems, large-value","JP1P","BOJ-NET","Z","Indirect participants","A","All users","E","End of period","0","373","Pure Number","0","Units","","7","",0,A,0,A,0,A,0,A,0,A,0,A,0,A
CPMI_PARTICIPANTS:A:JP:A:JP2P:A,"A","Annual","JP","Japan","A","Payment systems, large-value","JP2P","FXYCS","A","All","A","All users","E","End of period","0","373","Pure Number","0","Units","","7","",206,A,203,A,202,A,201,A,201,A,202,A,201,A
CPMI_PARTICIPANTS:A:JP:A:JP2P:B,"A","Annual","JP","Japan","A","Payment systems, large-value","JP2P","FXYCS","B","Direct participants, Banks","A","All users","E","End of period","0","373","Pure Number","0","Units","","7","",26,A,26,A,27,A,26,A,26,A,26,A,26,A
CPMI_PARTICIPANTS:A:JP:A:JP2P:C,"A","Annual","JP","Japan","A","Payment systems, large-value","JP2P","FXYCS","C","Direct participants, Central bank","A","All users","E","End of period","0","373","Pure Number","0","Units","","7","",0,A,0,A,0,A,0,A,0,A,0,A,0,A
CPMI_PARTICIPANTS:A:JP:A:JP2P:D,"A","Annual","JP","Japan","A","Payment systems, large-value","JP2P","FXYCS","D","Direct participants, all","A","All users","E","End of period","0","373","Pure Number","0","Units","","7","",27,A,27,A,28,A,27,A,27,A,27,A,27,A
CPMI_PARTICIPANTS:A:JP:A:JP2P:F,"A","Annual","JP","Japan","A","Payment systems, large-value","JP2P","FXYCS","F","Direct participants, Government","A","All users","E","End of period","0","373","Pure Number","0","Units","","7","",0,A,0,A,0,A,0,A,0,A,0,A,0,A
CPMI_PARTICIPANTS:A:JP:A:JP2P:G,"A","Annual","JP","Japan","A","Payment systems, large-value","JP2P","FXYCS","G","Direct participants, Postal institution","A","All users","E","End of period","0","373","Pure Number","0","Units","","7","",0,A,0,A,0,A,0,A,0,A,0,A,0,A
CPMI_PARTICIPANTS:A:JP:A:JP2P:H,"A","Annual","JP","Japan","A","Payment systems, large-value","JP2P","FXYCS","H","Direct participants, Payment systems, CCPs and SSSs","A","All users","E","End of period","0","373","Pure Number","0","Units","","7","",1,A,1,A,1,A,1,A,1,A,1,A,1,A
CPMI_PARTICIPANTS:A:JP:A:JP2P:L,"A","Annual","JP","Japan","A","Payment systems, large-value","JP2P","FXYCS","L","Direct participants, Other","A","All users","E","End of period","0","373","Pure Number","0","Units","","7","",0,A,0,A,0,A,0,A,0,A,0,A,0,A
CPMI_PARTICIPANTS:A:JP:A:JP2P:Z,"A","Annual","JP","Japan","A","Payment systems, large-value","JP2P","FXYCS","Z","Indirect participants","A","All users","E","End of period","0","373","Pure Number","0","Units","","7","",179,A,176,A,174,A,174,A,174,A,175,A,174,A
CPMI_PARTICIPANTS:A:JP:B:JP4P:A,"A","Annual","JP","Japan","B","Payment systems, retail","JP4P","Tokyo Clearing House","A","All","A","All users","E","End of period","0","373","Pure Number","0","Units","","7","",318,A,317,A,315,A,312,A,305,A,304,A,303,A
CPMI_PARTICIPANTS:A:JP:B:JP4P:B,"A","Annual","JP","Japan","B","Payment systems, retail","JP4P","Tokyo Clearing House","B","Direct participants, Banks","A","All users","E","End of period","0","373","Pure Number","0","Units","","7","",104,A,105,A,105,A,105,A,105,A,105,A,104,A
CPMI_PARTICIPANTS:A:JP:B:JP4P:C,"A","Annual","JP","Japan","B","Payment systems, retail","JP4P","Tokyo Clearing House","C","Direct participants, Central bank","A","All users","E","End of period","0","373","Pure Number","0","Units","","7","",1,A,1,A,1,A,1,A,1,A,1,A,1,A
CPMI_PARTICIPANTS:A:JP:B:JP4P:D,"A","Annual","JP","Japan","B","Payment systems, retail","JP4P","Tokyo Clearing House","D","Direct participants, all","A","All users","E","End of period","0","373","Pure Number","0","Units","","7","",105,A,106,A,106,A,106,A,106,A,106,A,105,A
CPMI_PARTICIPANTS:A:JP:B:JP4P:F,"A","Annual","JP","Japan","B","Payment systems, retail","JP4P","Tokyo Clearing House","F","Direct participants, Government","A","All users","E","End of period","0","373","Pure Number","0","Units","","7","",0,A,0,A,0,A,0,A,0,A,0,A,0,A
CPMI_PARTICIPANTS:A:JP:B:JP4P:G,"A","Annual","JP","Japan","B","Payment systems, retail","JP4P","Tokyo Clearing House","G","Direct participants, Postal institution","A","All users","E","End of period","0","373","Pure Number","0","Units","","7","",0,A,0,A,0,A,0,A,0,A,0,A,0,A
CPMI_PARTICIPANTS:A:JP:B:JP4P:H,"A","Annual","JP","Japan","B","Payment systems, retail","JP4P","Tokyo Clearing House","H","Direct participants, Payment systems, CCPs and SSSs","A","All users","E","End of period","0","373","Pure Number","0","Units","","7","",0,A,0,A,0,A,0,A,0,A,0,A,0,A
CPMI_PARTICIPANTS:A:JP:B:JP4P:L,"A","Annual","JP","Japan","B","Payment systems, retail","JP4P","Tokyo Clearing House","L","Direct participants, Other","A","All users","E","End of period","0","373","Pure Number","0","Units","","7","",0,A,0,A,0,A,0,A,0,A,0,A,0,A
CPMI_PARTICIPANTS:A:JP:B:JP4P:Z,"A","Annual","JP","Japan","B","Payment systems, retail","JP4P","Tokyo Clearing House","Z","Indirect participants","A","All users","E","End of period","0","373","Pure Number","0","Units","","7","",213,A,211,A,209,A,206,A,199,A,198,A,198,A
CPMI_PARTICIPANTS:A:JP:J:JP3P:A,"A","Annual","JP","Japan","J","Payment systems, retail & fast payments","JP3P","Zengin System","A","All","A","All users","E","End of period","0","373","Pure Number","0","Units","","7","",1361,A,1352,A,1340,A,1322,A,1296,A,1287,A,,
CPMI_PARTICIPANTS:A:JP:J:JP3P:B,"A","Annual","JP","Japan","J","Payment systems, retail & fast payments","JP3P","Zengin System","B","Direct participants, Banks","A","All users","E","End of period","0","373","Pure Number","0","Units","","7","",143,A,142,A,143,A,145,A,145,A,145,A,,
CPMI_PARTICIPANTS:A:JP:J:JP3P:C,"A","Annual","JP","Japan","J","Payment systems, retail & fast payments","JP3P","Zengin System","C","Direct participants, Central bank","A","All users","E","End of period","0","373","Pure Number","0","Units","","7","",0,A,0,A,0,A,0,A,0,A,0,A,,
CPMI_PARTICIPANTS:A:JP:J:JP3P:D,"A","Annual","JP","Japan","J","Payment systems, retail & fast payments","JP3P","Zengin System","D","Direct participants, all","A","All users","E","End of period","0","373","Pure Number","0","Units","","7","",143,A,142,A,143,A,145,A,145,A,145,A,,
CPMI_PARTICIPANTS:A:JP:J:JP3P:F,"A","Annual","JP","Japan","J","Payment systems, retail & fast payments","JP3P","Zengin System","F","Direct participants, Government","A","All users","E","End of period","0","373","Pure Number","0","Units","","7","",0,A,0,A,0,A,0,A,0,A,0,A,,
CPMI_PARTICIPANTS:A:JP:J:JP3P:G,"A","Annual","JP","Japan","J","Payment systems, retail & fast payments","JP3P","Zengin System","G","Direct participants, Postal institution","A","All users","E","End of period","0","373","Pure Number","0","Units","","7","",0,A,0,A,0,A,0,A,0,A,0,A,,
CPMI_PARTICIPANTS:A:JP:J:JP3P:H,"A","Annual","JP","Japan","J","Payment systems, retail & fast payments","JP3P","Zengin System","H","Direct participants, Payment systems, CCPs and SSSs","A","All users","E","End of period","0","373","Pure Number","0","Units","","7","",0,A,0,A,0,A,0,A,0,A,0,A,,
CPMI_PARTICIPANTS:A:JP:J:JP3P:L,"A","Annual","JP","Japan","J","Payment systems, retail & fast payments","JP3P","Zengin System","L","Direct participants, Other","A","All users","E","End of period","0","373","Pure Number","0","Units","","7","",0,A,0,A,0,A,0,A,0,A,0,A,,
CPMI_PARTICIPANTS:A:JP:J:JP3P:Z,"A","Annual","JP","Japan","J","Payment systems, retail & fast payments","JP3P","Zengin System","Z","Indirect participants","A","All users","E","End of period","0","373","Pure Number","0","Units","","7","",1218,A,1210,A,1197,A,1177,A,1151,A,1142,A,,
CPMI_PARTICIPANTS:A:JP:S:SWFT:0,"A","Annual","JP","Japan","S","Swift","SWFT","Swift","0","Members","A","All users","E","End of period","0","373","Pure Number","0","Units","","10","",115,A,114,A,114,A,115,A,115,A,114,A,113,A
CPMI_PARTICIPANTS:A:JP:S:SWFT:1,"A","Annual","JP","Japan","S","Swift","SWFT","Swift","1","Sub-members","A","All users","E","End of period","0","373","Pure Number","0","Units","","10","",81,A,78,A,77,A,77,A,77,A,77,A,77,A
CPMI_PARTICIPANTS:A:JP:S:SWFT:A,"A","Annual","JP","Japan","S","Swift","SWFT","Swift","A","All","A","All users","E","End of period","0","373","Pure Number","0","Units","","10","",249,A,248,A,254,A,266,A,273,A,273,A,272,A
CPMI_PARTICIPANTS:A:JP:U:JP1C:B,"A","Annual","JP","Japan","U","Central counterparties/clearing houses","JP1C","Japan Securities Clearing Corporation","B","Direct participants, Banks","A","All users","E","End of period","0","373","Pure Number","0","Units","Banks include ""Cooperative Structured Financial Institutions.""","12","",41,A,38,A,39,A,39,A,35,A,36,A,37,A
CPMI_PARTICIPANTS:A:JP:U:JP1C:C,"A","Annual","JP","Japan","U","Central counterparties/clearing houses","JP1C","Japan Securities Clearing Corporation","C","Direct participants, Central bank","A","All users","E","End of period","0","373","Pure Number","0","Units","","12","",0,A,0,A,0,A,0,A,0,A,0,A,0,A
CPMI_PARTICIPANTS:A:JP:U:JP1C:D,"A","Annual","JP","Japan","U","Central counterparties/clearing houses","JP1C","Japan Securities Clearing Corporation","D","Direct participants, all","A","All users","E","End of period","0","373","Pure Number","0","Units","","12","",139,A,139,A,138,A,136,A,132,A,133,A,131,A
CPMI_PARTICIPANTS:A:JP:U:JP1C:I,"A","Annual","JP","Japan","U","Central counterparties/clearing houses","JP1C","Japan Securities Clearing Corporation","I","Direct participants, CCPs/Other CCPs","A","All users","E","End of period","0","373","Pure Number","0","Units","","12","",0,A,0,A,0,A,0,A,0,A,0,A,0,A
CPMI_PARTICIPANTS:A:JP:U:JP1C:L,"A","Annual","JP","Japan","U","Central counterparties/clearing houses","JP1C","Japan Securities Clearing Corporation","L","Direct participants, Other","A","All users","E","End of period","0","373","Pure Number","0","Units","","12","",98,A,101,A,99,A,97,A,97,A,97,A,94,A
CPMI_PARTICIPANTS:A:JP:U:JP1C:N,"A","Annual","JP","Japan","U","Central counterparties/clearing houses","JP1C","Japan Securities Clearing Corporation","N","Direct participants, domestic","A","All users","E","End of period","0","373","Pure Number","0","Units","","12","",139,A,139,A,138,A,136,A,132,A,133,A,131,A
CPMI_PARTICIPANTS:A:JP:U:JP1C:O,"A","Annual","JP","Japan","U","Central counterparties/clearing houses","JP1C","Japan Securities Clearing Corporation","O","Direct participants, domestic, Banks","A","All users","E","End of period","0","373","Pure Number","0","Units","Banks include ""Cooperative Structured Financial Institutions.""","12","",41,A,38,A,39,A,39,A,35,A,36,A,37,A
CPMI_PARTICIPANTS:A:JP:U:JP1C:P,"A","Annual","JP","Japan","U","Central counterparties/clearing houses","JP1C","Japan Securities Clearing Corporation","P","Direct participants, domestic, Central banks","A","All users","E","End of period","0","373","Pure Number","0","Units","","12","",0,A,0,A,0,A,0,A,0,A,0,A,0,A
CPMI_PARTICIPANTS:A:JP:U:JP1C:Q,"A","Annual","JP","Japan","U","Central counterparties/clearing houses","JP1C","Japan Securities Clearing Corporation","Q","Direct participants, domestic, CCPs/Other CCPs","A","All users","E","End of period","0","373","Pure Number","0","Units","","12","",0,A,0,A,0,A,0,A,0,A,0,A,0,A
CPMI_PARTICIPANTS:A:JP:U:JP1C:S,"A","Annual","JP","Japan","U","Central counterparties/clearing houses","JP1C","Japan Securities Clearing Corporation","S","Direct participants, domestic, Other","A","All users","E","End of period","0","373","Pure Number","0","Units","","12","",98,A,101,A,99,A,97,A,97,A,97,A,94,A
CPMI_PARTICIPANTS:A:JP:U:JP1C:T,"A","Annual","JP","Japan","U","Central counterparties/clearing houses","JP1C","Japan Securities Clearing Corporation","T","Direct participants, foreign","A","All users","E","End of period","0","373","Pure Number","0","Units","","12","",0,A,0,A,0,A,0,A,0,A,0,A,0,A
CPMI_PARTICIPANTS:A:JP:U:JP1C:U,"A","Annual","JP","Japan","U","Central counterparties/clearing houses","JP1C","Japan Securities Clearing Corporation","U","Direct participants, foreign, Banks","A","All users","E","End of period","0","373","Pure Number","0","Units","","12","",0,A,0,A,0,A,0,A,0,A,0,A,0,A
CPMI_PARTICIPANTS:A:JP:U:JP1C:V,"A","Annual","JP","Japan","U","Central counterparties/clearing houses","JP1C","Japan Securities Clearing Corporation","V","Direct participants, foreign, Central banks","A","All users","E","End of period","0","373","Pure Number","0","Units","","12","",0,A,0,A,0,A,0,A,0,A,0,A,0,A
CPMI_PARTICIPANTS:A:JP:U:JP1C:W,"A","Annual","JP","Japan","U","Central counterparties/clearing houses","JP1C","Japan Securities Clearing Corporation","W","Direct participants, foreign, CCPs/Other CCPs","A","All users","E","End of period","0","373","Pure Number","0","Units","","12","",0,A,0,A,0,A,0,A,0,A,0,A,0,A
CPMI_PARTICIPANTS:A:JP:U:JP1C:Y,"A","Annual","JP","Japan","U","Central counterparties/clearing houses","JP1C","Japan Securities Clearing Corporation","Y","Direct participants, foreign, Other","A","All users","E","End of period","0","373","Pure Number","0","Units","","12","",0,A,0,A,0,A,0,A,0,A,0,A,0,A
CPMI_PARTICIPANTS:A:JP:U:JP2C:B,"A","Annual","JP","Japan","U","Central counterparties/clearing houses","JP2C","Japan Government Bond Clearing Corporation","B","Direct participants, Banks","A","All users","E","End of period","0","373","Pure Number","0","Units","JGBCC was merged to JSCC on October 2013.","12","",6,A,,M,,M,,M,,M,,M,,M
CPMI_PARTICIPANTS:A:JP:U:JP2C:C,"A","Annual","JP","Japan","U","Central counterparties/clearing houses","JP2C","Japan Government Bond Clearing Corporation","C","Direct participants, Central bank","A","All users","E","End of period","0","373","Pure Number","0","Units","JGBCC was merged to JSCC on October 2013.","12","",0,A,,M,,M,,M,,M,,M,,M
CPMI_PARTICIPANTS:A:JP:U:JP2C:D,"A","Annual","JP","Japan","U","Central counterparties/clearing houses","JP2C","Japan Government Bond Clearing Corporation","D","Direct participants, all","A","All users","E","End of period","0","373","Pure Number","0","Units","JGBCC was merged to JSCC on October 2013.","12","",34,A,,M,,M,,M,,M,,M,,M
CPMI_PARTICIPANTS:A:JP:U:JP2C:I,"A","Annual","JP","Japan","U","Central counterparties/clearing houses","JP2C","Japan Government Bond Clearing Corporation","I","Direct participants, CCPs/Other CCPs","A","All users","E","End of period","0","373","Pure Number","0","Units","JGBCC was merged to JSCC on October 2013.","12","",0,A,,M,,M,,M,,M,,M,,M
CPMI_PARTICIPANTS:A:JP:U:JP2C:L,"A","Annual","JP","Japan","U","Central counterparties/clearing houses","JP2C","Japan Government Bond Clearing Corporation","L","Direct participants, Other","A","All users","E","End of period","0","373","Pure Number","0","Units","JGBCC was merged to JSCC on October 2013.","12","",28,A,,M,,M,,M,,M,,M,,M
CPMI_PARTICIPANTS:A:JP:U:JP2C:N,"A","Annual","JP","Japan","U","Central counterparties/clearing houses","JP2C","Japan Government Bond Clearing Corporation","N","Direct participants, domestic","A","All users","E","End of period","0","373","Pure Number","0","Units","JGBCC was merged to JSCC on October 2013.","12","",34,A,,M,,M,,M,,M,,M,,M
CPMI_PARTICIPANTS:A:JP:U:JP2C:O,"A","Annual","JP","Japan","U","Central counterparties/clearing houses","JP2C","Japan Government Bond Clearing Corporation","O","Direct participants, domestic, Banks","A","All users","E","End of period","0","373","Pure Number","0","Units","JGBCC was merged to JSCC on October 2013.","12","",6,A,,M,,M,,M,,M,,M,,M
CPMI_PARTICIPANTS:A:JP:U:JP2C:P,"A","Annual","JP","Japan","U","Central counterparties/clearing houses","JP2C","Japan Government Bond Clearing Corporation","P","Direct participants, domestic, Central banks","A","All users","E","End of period","0","373","Pure Number","0","Units","JGBCC was merged to JSCC on October 2013.","12","",0,A,,M,,M,,M,,M,,M,,M
CPMI_PARTICIPANTS:A:JP:U:JP2C:Q,"A","Annual","JP","Japan","U","Central counterparties/clearing houses","JP2C","Japan Government Bond Clearing Corporation","Q","Direct participants, domestic, CCPs/Other CCPs","A","All users","E","End of period","0","373","Pure Number","0","Units","JGBCC was merged to JSCC on October 2013.","12","",0,A,,M,,M,,M,,M,,M,,M
CPMI_PARTICIPANTS:A:JP:U:JP2C:S,"A","Annual","JP","Japan","U","Central counterparties/clearing houses","JP2C","Japan Government Bond Clearing Corporation","S","Direct participants, domestic, Other","A","All users","E","End of period","0","373","Pure Number","0","Units","JGBCC was merged to JSCC on October 2013.","12","",28,A,,M,,M,,M,,M,,M,,M
CPMI_PARTICIPANTS:A:JP:U:JP2C:T,"A","Annual","JP","Japan","U","Central counterparties/clearing houses","JP2C","Japan Government Bond Clearing Corporation","T","Direct participants, foreign","A","All users","E","End of period","0","373","Pure Number","0","Units","JGBCC was merged to JSCC on October 2013.","12","",0,A,,M,,M,,M,,M,,M,,M
CPMI_PARTICIPANTS:A:JP:U:JP2C:U,"A","Annual","JP","Japan","U","Central counterparties/clearing houses","JP2C","Japan Government Bond Clearing Corporation","U","Direct participants, foreign, Banks","A","All users","E","End of period","0","373","Pure Number","0","Units","JGBCC was merged to JSCC on October 2013.","12","",0,A,,M,,M,,M,,M,,M,,M
CPMI_PARTICIPANTS:A:JP:U:JP2C:V,"A","Annual","JP","Japan","U","Central counterparties/clearing houses","JP2C","Japan Government Bond Clearing Corporation","V","Direct participants, foreign, Central banks","A","All users","E","End of period","0","373","Pure Number","0","Units","JGBCC was merged to JSCC on October 2013.","12","",0,A,,M,,M,,M,,M,,M,,M
CPMI_PARTICIPANTS:A:JP:U:JP2C:W,"A","Annual","JP","Japan","U","Central counterparties/clearing houses","JP2C","Japan Government Bond Clearing Corporation","W","Direct participants, foreign, CCPs/Other CCPs","A","All users","E","End of period","0","373","Pure Number","0","Units","JGBCC was merged to JSCC on October 2013.","12","",0,A,,M,,M,,M,,M,,M,,M
CPMI_PARTICIPANTS:A:JP:U:JP2C:Y,"A","Annual","JP","Japan","U","Central counterparties/clearing houses","JP2C","Japan Government Bond Clearing Corporation","Y","Direct participants, foreign, Other","A","All users","E","End of period","0","373","Pure Number","0","Units","JGBCC was merged to JSCC on October 2013.","12","",0,A,,M,,M,,M,,M,,M,,M
CPMI_PARTICIPANTS:A:JP:U:JP3C:B,"A","Annual","JP","Japan","U","Central counterparties/clearing houses","JP3C","JASDEC DVP Clearing Corporation","B","Direct participants, Banks","A","All users","E","End of period","0","373","Pure Number","0","Units","","12","",12,A,12,A,12,A,12,A,12,A,12,A,12,A
CPMI_PARTICIPANTS:A:JP:U:JP3C:C,"A","Annual","JP","Japan","U","Central counterparties/clearing houses","JP3C","JASDEC DVP Clearing Corporation","C","Direct participants, Central bank","A","All users","E","End of period","0","373","Pure Number","0","Units","","12","",0,A,0,A,0,A,0,A,0,A,0,A,0,A
CPMI_PARTICIPANTS:A:JP:U:JP3C:D,"A","Annual","JP","Japan","U","Central counterparties/clearing houses","JP3C","JASDEC DVP Clearing Corporation","D","Direct participants, all","A","All users","E","End of period","0","373","Pure Number","0","Units","","12","",53,A,52,A,54,A,53,A,52,A,53,A,51,A
CPMI_PARTICIPANTS:A:JP:U:JP3C:I,"A","Annual","JP","Japan","U","Central counterparties/clearing houses","JP3C","JASDEC DVP Clearing Corporation","I","Direct participants, CCPs/Other CCPs","A","All users","E","End of period","0","373","Pure Number","0","Units","","12","",0,A,0,A,0,A,0,A,0,A,0,A,0,A
CPMI_PARTICIPANTS:A:JP:U:JP3C:L,"A","Annual","JP","Japan","U","Central counterparties/clearing houses","JP3C","JASDEC DVP Clearing Corporation","L","Direct participants, Other","A","All users","E","End of period","0","373","Pure Number","0","Units","","12","",41,A,40,A,42,A,41,A,40,A,41,A,39,A
CPMI_PARTICIPANTS:A:JP:U:JP3C:N,"A","Annual","JP","Japan","U","Central counterparties/clearing houses","JP3C","JASDEC DVP Clearing Corporation","N","Direct participants, domestic","A","All users","E","End of period","0","373","Pure Number","0","Units","","12","",53,A,52,A,54,A,53,A,52,A,53,A,51,A
CPMI_PARTICIPANTS:A:JP:U:JP3C:O,"A","Annual","JP","Japan","U","Central counterparties/clearing houses","JP3C","JASDEC DVP Clearing Corporation","O","Direct participants, domestic, Banks","A","All users","E","End of period","0","373","Pure Number","0","Units","","12","",12,A,12,A,12,A,12,A,12,A,12,A,12,A
CPMI_PARTICIPANTS:A:JP:U:JP3C:P,"A","Annual","JP","Japan","U","Central counterparties/clearing houses","JP3C","JASDEC DVP Clearing Corporation","P","Direct participants, domestic, Central banks","A","All users","E","End of period","0","373","Pure Number","0","Units","","12","",0,A,0,A,0,A,0,A,0,A,0,A,0,A
CPMI_PARTICIPANTS:A:JP:U:JP3C:Q,"A","Annual","JP","Japan","U","Central counterparties/clearing houses","JP3C","JASDEC DVP Clearing Corporation","Q","Direct participants, domestic, CCPs/Other CCPs","A","All users","E","End of period","0","373","Pure Number","0","Units","","12","",0,A,0,A,0,A,0,A,0,A,0,A,0,A
CPMI_PARTICIPANTS:A:JP:U:JP3C:S,"A","Annual","JP","Japan","U","Central counterparties/clearing houses","JP3C","JASDEC DVP Clearing Corporation","S","Direct participants, domestic, Other","A","All users","E","End of period","0","373","Pure Number","0","Units","","12","",41,A,40,A,42,A,41,A,40,A,41,A,39,A
CPMI_PARTICIPANTS:A:JP:U:JP3C:T,"A","Annual","JP","Japan","U","Central counterparties/clearing houses","JP3C","JASDEC DVP Clearing Corporation","T","Direct participants, foreign","A","All users","E","End of period","0","373","Pure Number","0","Units","","12","",0,A,0,A,0,A,0,A,0,A,0,A,0,A
CPMI_PARTICIPANTS:A:JP:U:JP3C:U,"A","Annual","JP","Japan","U","Central counterparties/clearing houses","JP3C","JASDEC DVP Clearing Corporation","U","Direct participants, foreign, Banks","A","All users","E","End of period","0","373","Pure Number","0","Units","","12","",0,A,0,A,0,A,0,A,0,A,0,A,0,A
CPMI_PARTICIPANTS:A:JP:U:JP3C:V,"A","Annual","JP","Japan","U","Central counterparties/clearing houses","JP3C","JASDEC DVP Clearing Corporation","V","Direct participants, foreign, Central banks","A","All users","E","End of period","0","373","Pure Number","0","Units","","12","",0,A,0,A,0,A,0,A,0,A,0,A,0,A
CPMI_PARTICIPANTS:A:JP:U:JP3C:W,"A","Annual","JP","Japan","U","Central counterparties/clearing houses","JP3C","JASDEC DVP Clearing Corporation","W","Direct participants, foreign, CCPs/Other CCPs","A","All users","E","End of period","0","373","Pure Number","0","Units","","12","",0,A,0,A,0,A,0,A,0,A,0,A,0,A
CPMI_PARTICIPANTS:A:JP:U:JP3C:Y,"A","Annual","JP","Japan","U","Central counterparties/clearing houses","JP3C","JASDEC DVP Clearing Corporation","Y","Direct participants, foreign, Other","A","All users","E","End of period","0","373","Pure Number","0","Units","","12","",0,A,0,A,0,A,0,A,0,A,0,A,0,A
CPMI_PARTICIPANTS:A:JP:U:JP4C:B,"A","Annual","JP","Japan","U","Central counterparties/clearing houses","JP4C","Osaka Securities Exchange","B","Direct participants, Banks","A","All users","E","End of period","0","373","Pure Number","0","Units","OSE's clearing system was integrated into JSCC in July 2013.","12","",0,A,,M,,M,,M,,M,,M,,M
CPMI_PARTICIPANTS:A:JP:U:JP4C:C,"A","Annual","JP","Japan","U","Central counterparties/clearing houses","JP4C","Osaka Securities Exchange","C","Direct participants, Central bank","A","All users","E","End of period","0","373","Pure Number","0","Units","OSE's clearing system was integrated into JSCC in July 2013.","12","",0,A,,M,,M,,M,,M,,M,,M
CPMI_PARTICIPANTS:A:JP:U:JP4C:D,"A","Annual","JP","Japan","U","Central counterparties/clearing houses","JP4C","Osaka Securities Exchange","D","Direct participants, all","A","All users","E","End of period","0","373","Pure Number","0","Units","OSE's clearing system was integrated into JSCC in July 2013.","12","",83,A,,M,,M,,M,,M,,M,,M
CPMI_PARTICIPANTS:A:JP:U:JP4C:I,"A","Annual","JP","Japan","U","Central counterparties/clearing houses","JP4C","Osaka Securities Exchange","I","Direct participants, CCPs/Other CCPs","A","All users","E","End of period","0","373","Pure Number","0","Units","OSE's clearing system was integrated into JSCC in July 2013.","12","",0,A,,M,,M,,M,,M,,M,,M
CPMI_PARTICIPANTS:A:JP:U:JP4C:L,"A","Annual","JP","Japan","U","Central counterparties/clearing houses","JP4C","Osaka Securities Exchange","L","Direct participants, Other","A","All users","E","End of period","0","373","Pure Number","0","Units","OSE's clearing system was integrated into JSCC in July 2013.","12","",83,A,,M,,M,,M,,M,,M,,M
CPMI_PARTICIPANTS:A:JP:U:JP4C:N,"A","Annual","JP","Japan","U","Central counterparties/clearing houses","JP4C","Osaka Securities Exchange","N","Direct participants, domestic","A","All users","E","End of period","0","373","Pure Number","0","Units","OSE's clearing system was integrated into JSCC in July 2013.","12","",83,A,,M,,M,,M,,M,,M,,M
CPMI_PARTICIPANTS:A:JP:U:JP4C:O,"A","Annual","JP","Japan","U","Central counterparties/clearing houses","JP4C","Osaka Securities Exchange","O","Direct participants, domestic, Banks","A","All users","E","End of period","0","373","Pure Number","0","Units","OSE's clearing system was integrated into JSCC in July 2013.","12","",0,A,,M,,M,,M,,M,,M,,M
CPMI_PARTICIPANTS:A:JP:U:JP4C:P,"A","Annual","JP","Japan","U","Central counterparties/clearing houses","JP4C","Osaka Securities Exchange","P","Direct participants, domestic, Central banks","A","All users","E","End of period","0","373","Pure Number","0","Units","OSE's clearing system was integrated into JSCC in July 2013.","12","",0,A,,M,,M,,M,,M,,M,,M
CPMI_PARTICIPANTS:A:JP:U:JP4C:Q,"A","Annual","JP","Japan","U","Central counterparties/clearing houses","JP4C","Osaka Securities Exchange","Q","Direct participants, domestic, CCPs/Other CCPs","A","All users","E","End of period","0","373","Pure Number","0","Units","OSE's clearing system was integrated into JSCC in July 2013.","12","",0,A,,M,,M,,M,,M,,M,,M
CPMI_PARTICIPANTS:A:JP:U:JP4C:S,"A","Annual","JP","Japan","U","Central counterparties/clearing houses","JP4C","Osaka Securities Exchange","S","Direct participants, domestic, Other","A","All users","E","End of period","0","373","Pure Number","0","Units","OSE's clearing system was integrated into JSCC in July 2013.","12","",83,A,,M,,M,,M,,M,,M,,M
CPMI_PARTICIPANTS:A:JP:U:JP4C:T,"A","Annual","JP","Japan","U","Central counterparties/clearing houses","JP4C","Osaka Securities Exchange","T","Direct participants, foreign","A","All users","E","End of period","0","373","Pure Number","0","Units","OSE's clearing system was integrated into JSCC in July 2013.","12","",0,A,,M,,M,,M,,M,,M,,M
CPMI_PARTICIPANTS:A:JP:U:JP4C:U,"A","Annual","JP","Japan","U","Central counterparties/clearing houses","JP4C","Osaka Securities Exchange","U","Direct participants, foreign, Banks","A","All users","E","End of period","0","373","Pure Number","0","Units","OSE's clearing system was integrated into JSCC in July 2013.","12","",0,A,,M,,M,,M,,M,,M,,M
CPMI_PARTICIPANTS:A:JP:U:JP4C:V,"A","Annual","JP","Japan","U","Central counterparties/clearing houses","JP4C","Osaka Securities Exchange","V","Direct participants, foreign, Central banks","A","All users","E","End of period","0","373","Pure Number","0","Units","OSE's clearing system was integrated into JSCC in July 2013.","12","",0,A,,M,,M,,M,,M,,M,,M
CPMI_PARTICIPANTS:A:JP:U:JP4C:W,"A","Annual","JP","Japan","U","Central counterparties/clearing houses","JP4C","Osaka Securities Exchange","W","Direct participants, foreign, CCPs/Other CCPs","A","All users","E","End of period","0","373","Pure Number","0","Units","OSE's clearing system was integrated into JSCC in July 2013.","12","",0,A,,M,,M,,M,,M,,M,,M
CPMI_PARTICIPANTS:A:JP:U:JP4C:Y,"A","Annual","JP","Japan","U","Central counterparties/clearing houses","JP4C","Osaka Securities Exchange","Y","Direct participants, foreign, Other","A","All users","E","End of period","0","373","Pure Number","0","Units","OSE's clearing system was integrated into JSCC in July 2013.","12","",0,A,,M,,M,,M,,M,,M,,M
CPMI_PARTICIPANTS:A:JP:U:JP5C:B,"A","Annual","JP","Japan","U","Central counterparties/clearing houses","JP5C","Tokyo Financial Exchange","B","Direct participants, Banks","A","All users","E","End of period","0","373","Pure Number","0","Units","","12","",28,A,17,A,16,A,16,A,16,A,16,A,16,A
CPMI_PARTICIPANTS:A:JP:U:JP5C:C,"A","Annual","JP","Japan","U","Central counterparties/clearing houses","JP5C","Tokyo Financial Exchange","C","Direct participants, Central bank","A","All users","E","End of period","0","373","Pure Number","0","Units","","12","",0,A,0,A,0,A,0,A,0,A,0,A,0,A
CPMI_PARTICIPANTS:A:JP:U:JP5C:D,"A","Annual","JP","Japan","U","Central counterparties/clearing houses","JP5C","Tokyo Financial Exchange","D","Direct participants, all","A","All users","E","End of period","0","373","Pure Number","0","Units","","12","",65,A,49,A,47,A,50,A,50,A,50,A,51,A
CPMI_PARTICIPANTS:A:JP:U:JP5C:I,"A","Annual","JP","Japan","U","Central counterparties/clearing houses","JP5C","Tokyo Financial Exchange","I","Direct participants, CCPs/Other CCPs","A","All users","E","End of period","0","373","Pure Number","0","Units","","12","",0,A,0,A,0,A,0,A,0,A,0,A,0,A
CPMI_PARTICIPANTS:A:JP:U:JP5C:L,"A","Annual","JP","Japan","U","Central counterparties/clearing houses","JP5C","Tokyo Financial Exchange","L","Direct participants, Other","A","All users","E","End of period","0","373","Pure Number","0","Units","","12","",37,A,32,A,31,A,34,A,34,A,34,A,35,A
CPMI_PARTICIPANTS:A:JP:U:JP5C:N,"A","Annual","JP","Japan","U","Central counterparties/clearing houses","JP5C","Tokyo Financial Exchange","N","Direct participants, domestic","A","All users","E","End of period","0","373","Pure Number","0","Units","","12","",65,A,49,A,47,A,50,A,50,A,50,A,51,A
CPMI_PARTICIPANTS:A:JP:U:JP5C:O,"A","Annual","JP","Japan","U","Central counterparties/clearing houses","JP5C","Tokyo Financial Exchange","O","Direct participants, domestic, Banks","A","All users","E","End of period","0","373","Pure Number","0","Units","","12","",28,A,17,A,16,A,16,A,16,A,16,A,16,A
CPMI_PARTICIPANTS:A:JP:U:JP5C:P,"A","Annual","JP","Japan","U","Central counterparties/clearing houses","JP5C","Tokyo Financial Exchange","P","Direct participants, domestic, Central banks","A","All users","E","End of period","0","373","Pure Number","0","Units","","12","",0,A,0,A,0,A,0,A,0,A,0,A,0,A
CPMI_PARTICIPANTS:A:JP:U:JP5C:Q,"A","Annual","JP","Japan","U","Central counterparties/clearing houses","JP5C","Tokyo Financial Exchange","Q","Direct participants, domestic, CCPs/Other CCPs","A","All users","E","End of period","0","373","Pure Number","0","Units","","12","",0,A,0,A,0,A,0,A,0,A,0,A,0,A
CPMI_PARTICIPANTS:A:JP:U:JP5C:S,"A","Annual","JP","Japan","U","Central counterparties/clearing houses","JP5C","Tokyo Financial Exchange","S","Direct participants, domestic, Other","A","All users","E","End of period","0","373","Pure Number","0","Units","","12","",37,A,32,A,31,A,34,A,34,A,34,A,35,A
CPMI_PARTICIPANTS:A:JP:U:JP5C:T,"A","Annual","JP","Japan","U","Central counterparties/clearing houses","JP5C","Tokyo Financial Exchange","T","Direct participants, foreign","A","All users","E","End of period","0","373","Pure Number","0","Units","","12","",0,A,0,A,0,A,0,A,0,A,0,A,0,A
CPMI_PARTICIPANTS:A:JP:U:JP5C:U,"A","Annual","JP","Japan","U","Central counterparties/clearing houses","JP5C","Tokyo Financial Exchange","U","Direct participants, foreign, Banks","A","All users","E","End of period","0","373","Pure Number","0","Units","","12","",0,A,0,A,0,A,0,A,0,A,0,A,0,A
CPMI_PARTICIPANTS:A:JP:U:JP5C:V,"A","Annual","JP","Japan","U","Central counterparties/clearing houses","JP5C","Tokyo Financial Exchange","V","Direct participants, foreign, Central banks","A","All users","E","End of period","0","373","Pure Number","0","Units","","12","",0,A,0,A,0,A,0,A,0,A,0,A,0,A
CPMI_PARTICIPANTS:A:JP:U:JP5C:W,"A","Annual","JP","Japan","U","Central counterparties/clearing houses","JP5C","Tokyo Financial Exchange","W","Direct participants, foreign, CCPs/Other CCPs","A","All users","E","End of period","0","373","Pure Number","0","Units","","12","",0,A,0,A,0,A,0,A,0,A,0,A,0,A
CPMI_PARTICIPANTS:A:JP:U:JP5C:Y,"A","Annual","JP","Japan","U","Central counterparties/clearing houses","JP5C","Tokyo Financial Exchange","Y","Direct participants, foreign, Other","A","All users","E","End of period","0","373","Pure Number","0","Units","","12","",0,A,0,A,0,A,0,A,0,A,0,A,0,A
CPMI_PARTICIPANTS:A:JP:V:JP1S:B,"A","Annual","JP","Japan","V","Central securities depositories","JP1S","BOJ-NET JGB Services","B","Direct participants, Banks","A","All users","E","End of period","0","373","Pure Number","0","Units","The number of the JGB Book-Entry System.","15","",196,A,192,A,190,A,189,A,190,A,188,A,188,A
CPMI_PARTICIPANTS:A:JP:V:JP1S:C,"A","Annual","JP","Japan","V","Central securities depositories","JP1S","BOJ-NET JGB Services","C","Direct participants, Central bank","A","All users","E","End of period","0","373","Pure Number","0","Units","The number of the JGB Book-Entry System.","15","",1,A,1,A,1,A,1,A,1,A,1,A,1,A
CPMI_PARTICIPANTS:A:JP:V:JP1S:D,"A","Annual","JP","Japan","V","Central securities depositories","JP1S","BOJ-NET JGB Services","D","Direct participants, all","A","All users","E","End of period","0","373","Pure Number","0","Units","The number of the JGB Book-Entry System.","15","",291,A,283,A,280,A,279,A,279,A,276,A,274,A
CPMI_PARTICIPANTS:A:JP:V:JP1S:I,"A","Annual","JP","Japan","V","Central securities depositories","JP1S","BOJ-NET JGB Services","I","Direct participants, CCPs/Other CCPs","A","All users","E","End of period","0","373","Pure Number","0","Units","The number of the JGB Book-Entry System.","15","",6,A,4,A,4,A,4,A,4,A,4,A,4,A
CPMI_PARTICIPANTS:A:JP:V:JP1S:J,"A","Annual","JP","Japan","V","Central securities depositories","JP1S","BOJ-NET JGB Services","J","Direct participants, CSDs","A","All users","E","End of period","0","373","Pure Number","0","Units","The number of the JGB Book-Entry System.","15","",0,A,0,A,0,A,0,A,0,A,0,A,0,A
CPMI_PARTICIPANTS:A:JP:V:JP1S:L,"A","Annual","JP","Japan","V","Central securities depositories","JP1S","BOJ-NET JGB Services","L","Direct participants, Other","A","All users","E","End of period","0","373","Pure Number","0","Units","The number of the JGB Book-Entry System.","15","",88,A,86,A,85,A,85,A,84,A,83,A,81,A
CPMI_PARTICIPANTS:A:JP:V:JP1S:N,"A","Annual","JP","Japan","V","Central securities depositories","JP1S","BOJ-NET JGB Services","N","Direct participants, domestic","A","All users","E","End of period","0","373","Pure Number","0","Units","The number of the JGB Book-Entry System.","15","",291,A,283,A,280,A,279,A,279,A,276,A,274,A
CPMI_PARTICIPANTS:A:JP:V:JP1S:O,"A","Annual","JP","Japan","V","Central securities depositories","JP1S","BOJ-NET JGB Services","O","Direct participants, domestic, Banks","A","All users","E","End of period","0","373","Pure Number","0","Units","The number of the JGB Book-Entry System.","15","",196,A,192,A,190,A,189,A,190,A,188,A,188,A
CPMI_PARTICIPANTS:A:JP:V:JP1S:P,"A","Annual","JP","Japan","V","Central securities depositories","JP1S","BOJ-NET JGB Services","P","Direct participants, domestic, Central banks","A","All users","E","End of period","0","373","Pure Number","0","Units","The number of the JGB Book-Entry System.","15","",1,A,1,A,1,A,1,A,1,A,1,A,1,A
CPMI_PARTICIPANTS:A:JP:V:JP1S:Q,"A","Annual","JP","Japan","V","Central securities depositories","JP1S","BOJ-NET JGB Services","Q","Direct participants, domestic, CCPs/Other CCPs","A","All users","E","End of period","0","373","Pure Number","0","Units","The number of the JGB Book-Entry System.","15","",6,A,4,A,4,A,4,A,4,A,4,A,4,A
CPMI_PARTICIPANTS:A:JP:V:JP1S:R,"A","Annual","JP","Japan","V","Central securities depositories","JP1S","BOJ-NET JGB Services","R","Direct participants, domestic, CSDs","A","All users","E","End of period","0","373","Pure Number","0","Units","The number of the JGB Book-Entry System.","15","",0,A,0,A,0,A,0,A,0,A,0,A,0,A
CPMI_PARTICIPANTS:A:JP:V:JP1S:S,"A","Annual","JP","Japan","V","Central securities depositories","JP1S","BOJ-NET JGB Services","S","Direct participants, domestic, Other","A","All users","E","End of period","0","373","Pure Number","0","Units","The number of the JGB Book-Entry System.","15","",88,A,86,A,85,A,85,A,84,A,83,A,81,A
CPMI_PARTICIPANTS:A:JP:V:JP1S:T,"A","Annual","JP","Japan","V","Central securities depositories","JP1S","BOJ-NET JGB Services","T","Direct participants, foreign","A","All users","E","End of period","0","373","Pure Number","0","Units","The number of the JGB Book-Entry System.","15","",0,A,0,A,0,A,0,A,0,A,0,A,0,A
CPMI_PARTICIPANTS:A:JP:V:JP1S:U,"A","Annual","JP","Japan","V","Central securities depositories","JP1S","BOJ-NET JGB Services","U","Direct participants, foreign, Banks","A","All users","E","End of period","0","373","Pure Number","0","Units","The number of the JGB Book-Entry System.","15","",0,A,0,A,0,A,0,A,0,A,0,A,0,A
CPMI_PARTICIPANTS:A:JP:V:JP1S:V,"A","Annual","JP","Japan","V","Central securities depositories","JP1S","BOJ-NET JGB Services","V","Direct participants, foreign, Central banks","A","All users","E","End of period","0","373","Pure Number","0","Units","The number of the JGB Book-Entry System.","15","",0,A,0,A,0,A,0,A,0,A,0,A,0,A
CPMI_PARTICIPANTS:A:JP:V:JP1S:W,"A","Annual","JP","Japan","V","Central securities depositories","JP1S","BOJ-NET JGB Services","W","Direct participants, foreign, CCPs/Other CCPs","A","All users","E","End of period","0","373","Pure Number","0","Units","The number of the JGB Book-Entry System.","15","",0,A,0,A,0,A,0,A,0,A,0,A,0,A
CPMI_PARTICIPANTS:A:JP:V:JP1S:X,"A","Annual","JP","Japan","V","Central securities depositories","JP1S","BOJ-NET JGB Services","X","Direct participants, foreign,CSDs","A","All users","E","End of period","0","373","Pure Number","0","Units","The number of the JGB Book-Entry System.","15","",0,A,0,A,0,A,0,A,0,A,0,A,0,A
CPMI_PARTICIPANTS:A:JP:V:JP1S:Y,"A","Annual","JP","Japan","V","Central securities depositories","JP1S","BOJ-NET JGB Services","Y","Direct participants, foreign, Other","A","All users","E","End of period","0","373","Pure Number","0","Units","The number of the JGB Book-Entry System.","15","",0,A,0,A,0,A,0,A,0,A,0,A,0,A
CPMI_PARTICIPANTS:A:JP:V:JP2S:B,"A","Annual","JP","Japan","V","Central securities depositories","JP2S","JASDEC","B","Direct participants, Banks","A","All users","E","End of period","0","373","Pure Number","0","Units","","15","",53,A,51,A,51,A,49,A,51,A,51,A,52,A
CPMI_PARTICIPANTS:A:JP:V:JP2S:C,"A","Annual","JP","Japan","V","Central securities depositories","JP2S","JASDEC","C","Direct participants, Central bank","A","All users","E","End of period","0","373","Pure Number","0","Units","","15","",1,A,1,A,1,A,1,A,1,A,1,A,1,A
CPMI_PARTICIPANTS:A:JP:V:JP2S:D,"A","Annual","JP","Japan","V","Central securities depositories","JP2S","JASDEC","D","Direct participants, all","A","All users","E","End of period","0","373","Pure Number","0","Units","or 2016 and 2017 have been revised.","15","",279,A,266,A,263,A,261,A,260,A,260,A,260,A
CPMI_PARTICIPANTS:A:JP:V:JP2S:I,"A","Annual","JP","Japan","V","Central securities depositories","JP2S","JASDEC","I","Direct participants, CCPs/Other CCPs","A","All users","E","End of period","0","373","Pure Number","0","Units","","15","",5,A,4,A,4,A,4,A,4,A,4,A,4,A
CPMI_PARTICIPANTS:A:JP:V:JP2S:J,"A","Annual","JP","Japan","V","Central securities depositories","JP2S","JASDEC","J","Direct participants, CSDs","A","All users","E","End of period","0","373","Pure Number","0","Units","","15","",0,A,0,A,0,A,0,A,0,A,0,A,0,A
CPMI_PARTICIPANTS:A:JP:V:JP2S:L,"A","Annual","JP","Japan","V","Central securities depositories","JP2S","JASDEC","L","Direct participants, Other","A","All users","E","End of period","0","373","Pure Number","0","Units","or 2016 and 2017 have been revised.","15","",220,A,210,A,207,A,207,A,204,A,204,A,203,A
CPMI_PARTICIPANTS:A:JP:V:JP2S:N,"A","Annual","JP","Japan","V","Central securities depositories","JP2S","JASDEC","N","Direct participants, domestic","A","All users","E","End of period","0","373","Pure Number","0","Units","or 2016 and 2017 have been revised.","15","",279,A,266,A,263,A,261,A,260,A,260,A,260,A
CPMI_PARTICIPANTS:A:JP:V:JP2S:O,"A","Annual","JP","Japan","V","Central securities depositories","JP2S","JASDEC","O","Direct participants, domestic, Banks","A","All users","E","End of period","0","373","Pure Number","0","Units","","15","",53,A,51,A,51,A,49,A,51,A,51,A,52,A
CPMI_PARTICIPANTS:A:JP:V:JP2S:P,"A","Annual","JP","Japan","V","Central securities depositories","JP2S","JASDEC","P","Direct participants, domestic, Central banks","A","All users","E","End of period","0","373","Pure Number","0","Units","","15","",1,A,1,A,1,A,1,A,1,A,1,A,1,A
CPMI_PARTICIPANTS:A:JP:V:JP2S:Q,"A","Annual","JP","Japan","V","Central securities depositories","JP2S","JASDEC","Q","Direct participants, domestic, CCPs/Other CCPs","A","All users","E","End of period","0","373","Pure Number","0","Units","","15","",5,A,4,A,4,A,4,A,4,A,4,A,4,A
CPMI_PARTICIPANTS:A:JP:V:JP2S:R,"A","Annual","JP","Japan","V","Central securities depositories","JP2S","JASDEC","R","Direct participants, domestic, CSDs","A","All users","E","End of period","0","373","Pure Number","0","Units","","15","",0,A,0,A,0,A,0,A,0,A,0,A,0,A
CPMI_PARTICIPANTS:A:JP:V:JP2S:S,"A","Annual","JP","Japan","V","Central securities depositories","JP2S","JASDEC","S","Direct participants, domestic, Other","A","All users","E","End of period","0","373","Pure Number","0","Units","or 2016 and 2017 have been revised.","15","",220,A,210,A,207,A,207,A,204,A,204,A,203,A
CPMI_PARTICIPANTS:A:JP:V:JP2S:T,"A","Annual","JP","Japan","V","Central securities depositories","JP2S","JASDEC","T","Direct participants, foreign","A","All users","E","End of period","0","373","Pure Number","0","Units","","15","",0,A,0,A,0,A,0,A,0,A,0,A,0,A
CPMI_PARTICIPANTS:A:JP:V:JP2S:U,"A","Annual","JP","Japan","V","Central securities depositories","JP2S","JASDEC","U","Direct participants, foreign, Banks","A","All users","E","End of period","0","373","Pure Number","0","Units","","15","",0,A,0,A,0,A,0,A,0,A,0,A,0,A
CPMI_PARTICIPANTS:A:JP:V:JP2S:V,"A","Annual","JP","Japan","V","Central securities depositories","JP2S","JASDEC","V","Direct participants, foreign, Central banks","A","All users","E","End of period","0","373","Pure Number","0","Units","","15","",0,A,0,A,0,A,0,A,0,A,0,A,0,A
CPMI_PARTICIPANTS:A:JP:V:JP2S:W,"A","Annual","JP","Japan","V","Central securities depositories","JP2S","JASDEC","W","Direct participants, foreign, CCPs/Other CCPs","A","All users","E","End of period","0","373","Pure Number","0","Units","","15","",0,A,0,A,0,A,0,A,0,A,0,A,0,A
CPMI_PARTICIPANTS:A:JP:V:JP2S:X,"A","Annual","JP","Japan","V","Central securities depositories","JP2S","JASDEC","X","Direct participants, foreign,CSDs","A","All users","E","End of period","0","373","Pure Number","0","Units","","15","",0,A,0,A,0,A,0,A,0,A,0,A,0,A
CPMI_PARTICIPANTS:A:JP:V:JP2S:Y,"A","Annual","JP","Japan","V","Central securities depositories","JP2S","JASDEC","Y","Direct participants, foreign, Other","A","All users","E","End of period","0","373","Pure Number","0","Units","","15","",0,A,0,A,0,A,0,A,0,A,0,A,0,A
CPMI_PARTICIPANTS:A:KR:A:KR1P:A,"A","Annual","KR","Korea","A","Payment systems, large-value","KR1P","BOK-Wire+","A","All","A","All users","E","End of period","0","373","Pure Number","0","Units","","7","",133,A,134,A,133,A,130,A,135,A,130,A,124,A
CPMI_PARTICIPANTS:A:KR:A:KR1P:B,"A","Annual","KR","Korea","A","Payment systems, large-value","KR1P","BOK-Wire+","B","Direct participants, Banks","A","All users","E","End of period","0","373","Pure Number","0","Units","","7","",55,A,56,A,56,A,56,A,59,A,57,A,56,A
CPMI_PARTICIPANTS:A:KR:A:KR1P:C,"A","Annual","KR","Korea","A","Payment systems, large-value","KR1P","BOK-Wire+","C","Direct participants, Central bank","A","All users","E","End of period","0","373","Pure Number","0","Units","","7","",1,A,1,A,1,A,1,A,1,A,1,A,1,A
CPMI_PARTICIPANTS:A:KR:A:KR1P:D,"A","Annual","KR","Korea","A","Payment systems, large-value","KR1P","BOK-Wire+","D","Direct participants, all","A","All users","E","End of period","0","373","Pure Number","0","Units","","7","",133,A,134,A,133,A,130,A,135,A,130,A,124,A
CPMI_PARTICIPANTS:A:KR:A:KR1P:F,"A","Annual","KR","Korea","A","Payment systems, large-value","KR1P","BOK-Wire+","F","Direct participants, Government","A","All users","E","End of period","0","373","Pure Number","0","Units","","7","",,L,,L,,L,,L,,L,,L,,L
CPMI_PARTICIPANTS:A:KR:A:KR1P:G,"A","Annual","KR","Korea","A","Payment systems, large-value","KR1P","BOK-Wire+","G","Direct participants, Postal institution","A","All users","E","End of period","0","373","Pure Number","0","Units","","7","",,L,,L,,L,,L,,L,,L,,L
CPMI_PARTICIPANTS:A:KR:A:KR1P:H,"A","Annual","KR","Korea","A","Payment systems, large-value","KR1P","BOK-Wire+","H","Direct participants, Payment systems, CCPs and SSSs","A","All users","E","End of period","0","373","Pure Number","0","Units"," Includes Korea Securities Depository, Korea Money Broker Corp., Korea Stock Exchange, CLS, Seoul Money Brokerage Services, GFI Korea Money Brokerage Ltd. ","7","",5,A,5,A,5,A,6,A,6,A,6,A,6,A
CPMI_PARTICIPANTS:A:KR:A:KR1P:L,"A","Annual","KR","Korea","A","Payment systems, large-value","KR1P","BOK-Wire+","L","Direct participants, Other","A","All users","E","End of period","0","373","Pure Number","0","Units","","7","",72,A,72,A,71,A,67,A,69,A,66,A,62,A
CPMI_PARTICIPANTS:A:KR:A:KR1P:Z,"A","Annual","KR","Korea","A","Payment systems, large-value","KR1P","BOK-Wire+","Z","Indirect participants","A","All users","E","End of period","0","373","Pure Number","0","Units","","7","",,L,,L,,L,,L,,L,,L,,L
CPMI_PARTICIPANTS:A:KR:B:KR2P:A,"A","Annual","KR","Korea","B","Payment systems, retail","KR2P","Check Clearing System","A","All","A","All users","E","End of period","0","373","Pure Number","0","Units","","7","",27,A,27,A,27,A,25,A,25,A,25,A,26,A
CPMI_PARTICIPANTS:A:KR:B:KR2P:B,"A","Annual","KR","Korea","B","Payment systems, retail","KR2P","Check Clearing System","B","Direct participants, Banks","A","All users","E","End of period","0","373","Pure Number","0","Units","","7","",18,A,18,A,18,A,17,A,17,A,17,A,17,A
CPMI_PARTICIPANTS:A:KR:B:KR2P:C,"A","Annual","KR","Korea","B","Payment systems, retail","KR2P","Check Clearing System","C","Direct participants, Central bank","A","All users","E","End of period","0","373","Pure Number","0","Units","","7","",1,A,1,A,1,A,1,A,1,A,1,A,1,A
CPMI_PARTICIPANTS:A:KR:B:KR2P:D,"A","Annual","KR","Korea","B","Payment systems, retail","KR2P","Check Clearing System","D","Direct participants, all","A","All users","E","End of period","0","373","Pure Number","0","Units","","7","",27,A,27,A,27,A,25,A,25,A,25,A,26,A
CPMI_PARTICIPANTS:A:KR:B:KR2P:F,"A","Annual","KR","Korea","B","Payment systems, retail","KR2P","Check Clearing System","F","Direct participants, Government","A","All users","E","End of period","0","373","Pure Number","0","Units","","7","",,M,,M,,M,,M,,M,,M,,M
CPMI_PARTICIPANTS:A:KR:B:KR2P:G,"A","Annual","KR","Korea","B","Payment systems, retail","KR2P","Check Clearing System","G","Direct participants, Postal institution","A","All users","E","End of period","0","373","Pure Number","0","Units","","7","",1,A,1,A,1,A,1,A,1,A,1,A,1,A
CPMI_PARTICIPANTS:A:KR:B:KR2P:H,"A","Annual","KR","Korea","B","Payment systems, retail","KR2P","Check Clearing System","H","Direct participants, Payment systems, CCPs and SSSs","A","All users","E","End of period","0","373","Pure Number","0","Units","","7","",,M,,M,,M,,M,,M,,M,,M
CPMI_PARTICIPANTS:A:KR:B:KR2P:L,"A","Annual","KR","Korea","B","Payment systems, retail","KR2P","Check Clearing System","L","Direct participants, Other","A","All users","E","End of period","0","373","Pure Number","0","Units","","7","",7,A,7,A,7,A,6,A,6,A,6,A,7,A
CPMI_PARTICIPANTS:A:KR:B:KR2P:Z,"A","Annual","KR","Korea","B","Payment systems, retail","KR2P","Check Clearing System","Z","Indirect participants","A","All users","E","End of period","0","373","Pure Number","0","Units","","7","",0,A,0,A,0,A,0,A,0,A,0,A,0,A
CPMI_PARTICIPANTS:A:KR:B:KR3P:A,"A","Annual","KR","Korea","B","Payment systems, retail","KR3P","Interbank Shared Networks","A","All","A","All users","E","End of period","0","373","Pure Number","0","Units","","7","",57,A,57,A,58,A,58,A,56,A,58,A,59,A
CPMI_PARTICIPANTS:A:KR:B:KR3P:B,"A","Annual","KR","Korea","B","Payment systems, retail","KR3P","Interbank Shared Networks","B","Direct participants, Banks","A","All users","E","End of period","0","373","Pure Number","0","Units","","7","",25,A,25,A,26,A,26,A,25,A,27,A,28,A
CPMI_PARTICIPANTS:A:KR:B:KR3P:C,"A","Annual","KR","Korea","B","Payment systems, retail","KR3P","Interbank Shared Networks","C","Direct participants, Central bank","A","All users","E","End of period","0","373","Pure Number","0","Units","","7","",0,A,0,A,0,A,0,A,0,A,0,A,0,A
CPMI_PARTICIPANTS:A:KR:B:KR3P:D,"A","Annual","KR","Korea","B","Payment systems, retail","KR3P","Interbank Shared Networks","D","Direct participants, all","A","All users","E","End of period","0","373","Pure Number","0","Units","","7","",57,A,57,A,58,A,58,A,56,A,58,A,59,A
CPMI_PARTICIPANTS:A:KR:B:KR3P:F,"A","Annual","KR","Korea","B","Payment systems, retail","KR3P","Interbank Shared Networks","F","Direct participants, Government","A","All users","E","End of period","0","373","Pure Number","0","Units","","7","",,M,,M,,M,,M,,M,,M,,M
CPMI_PARTICIPANTS:A:KR:B:KR3P:G,"A","Annual","KR","Korea","B","Payment systems, retail","KR3P","Interbank Shared Networks","G","Direct participants, Postal institution","A","All users","E","End of period","0","373","Pure Number","0","Units","","7","",1,A,1,A,1,A,1,A,1,A,1,A,1,A
CPMI_PARTICIPANTS:A:KR:B:KR3P:H,"A","Annual","KR","Korea","B","Payment systems, retail","KR3P","Interbank Shared Networks","H","Direct participants, Payment systems, CCPs and SSSs","A","All users","E","End of period","0","373","Pure Number","0","Units","","7","",,M,,M,,M,,M,,M,,M,,M
CPMI_PARTICIPANTS:A:KR:B:KR3P:L,"A","Annual","KR","Korea","B","Payment systems, retail","KR3P","Interbank Shared Networks","L","Direct participants, Other","A","All users","E","End of period","0","373","Pure Number","0","Units","","7","",31,A,31,A,31,A,31,A,30,A,30,A,30,A
CPMI_PARTICIPANTS:A:KR:B:KR3P:Z,"A","Annual","KR","Korea","B","Payment systems, retail","KR3P","Interbank Shared Networks","Z","Indirect participants","A","All users","E","End of period","0","373","Pure Number","0","Units","","7","",0,A,0,A,0,A,0,A,0,A,0,A,0,A
CPMI_PARTICIPANTS:A:KR:S:SWFT:0,"A","Annual","KR","Korea","S","Swift","SWFT","Swift","0","Members","A","All users","E","End of period","0","373","Pure Number","0","Units","","10","",20,A,20,A,20,A,19,A,18,A,18,A,18,A
CPMI_PARTICIPANTS:A:KR:S:SWFT:1,"A","Annual","KR","Korea","S","Swift","SWFT","Swift","1","Sub-members","A","All users","E","End of period","0","373","Pure Number","0","Units","","10","",44,A,44,A,44,A,49,A,51,A,48,A,46,A
CPMI_PARTICIPANTS:A:KR:S:SWFT:A,"A","Annual","KR","Korea","S","Swift","SWFT","Swift","A","All","A","All users","E","End of period","0","373","Pure Number","0","Units","","10","",94,A,103,A,104,A,113,A,119,A,115,A,115,A
CPMI_PARTICIPANTS:A:KR:U:KR1C:B,"A","Annual","KR","Korea","U","Central counterparties/clearing houses","KR1C","Korea Exchange(KRX)","B","Direct participants, Banks","A","All users","E","End of period","0","373","Pure Number","0","Units","","12","",26,A,27,A,27,A,35,A,34,A,34,A,34,A
CPMI_PARTICIPANTS:A:KR:U:KR1C:C,"A","Annual","KR","Korea","U","Central counterparties/clearing houses","KR1C","Korea Exchange(KRX)","C","Direct participants, Central bank","A","All users","E","End of period","0","373","Pure Number","0","Units","","12","",,M,,M,,M,,M,,M,,M,,M
CPMI_PARTICIPANTS:A:KR:U:KR1C:D,"A","Annual","KR","Korea","U","Central counterparties/clearing houses","KR1C","Korea Exchange(KRX)","D","Direct participants, all","A","All users","E","End of period","0","373","Pure Number","0","Units","","12","",91,A,91,A,92,A,97,A,92,A,92,A,92,A
CPMI_PARTICIPANTS:A:KR:U:KR1C:I,"A","Annual","KR","Korea","U","Central counterparties/clearing houses","KR1C","Korea Exchange(KRX)","I","Direct participants, CCPs/Other CCPs","A","All users","E","End of period","0","373","Pure Number","0","Units","","12","",,M,,M,,M,,M,,M,,M,,M
CPMI_PARTICIPANTS:A:KR:U:KR1C:L,"A","Annual","KR","Korea","U","Central counterparties/clearing houses","KR1C","Korea Exchange(KRX)","L","Direct participants, Other","A","All users","E","End of period","0","373","Pure Number","0","Units","","12","",65,A,64,A,65,A,62,A,58,A,58,A,58,A
CPMI_PARTICIPANTS:A:KR:U:KR1C:N,"A","Annual","KR","Korea","U","Central counterparties/clearing houses","KR1C","Korea Exchange(KRX)","N","Direct participants, domestic","A","All users","E","End of period","0","373","Pure Number","0","Units","","12","",70,A,70,A,71,A,68,A,65,A,65,A,65,A
CPMI_PARTICIPANTS:A:KR:U:KR1C:O,"A","Annual","KR","Korea","U","Central counterparties/clearing houses","KR1C","Korea Exchange(KRX)","O","Direct participants, domestic, Banks","A","All users","E","End of period","0","373","Pure Number","0","Units","","12","",16,A,17,A,17,A,16,A,16,A,16,A,16,A
CPMI_PARTICIPANTS:A:KR:U:KR1C:P,"A","Annual","KR","Korea","U","Central counterparties/clearing houses","KR1C","Korea Exchange(KRX)","P","Direct participants, domestic, Central banks","A","All users","E","End of period","0","373","Pure Number","0","Units","","12","",,M,,M,,M,,M,,M,,M,,M
CPMI_PARTICIPANTS:A:KR:U:KR1C:Q,"A","Annual","KR","Korea","U","Central counterparties/clearing houses","KR1C","Korea Exchange(KRX)","Q","Direct participants, domestic, CCPs/Other CCPs","A","All users","E","End of period","0","373","Pure Number","0","Units","","12","",,M,,M,,M,,M,,M,,M,,M
CPMI_PARTICIPANTS:A:KR:U:KR1C:S,"A","Annual","KR","Korea","U","Central counterparties/clearing houses","KR1C","Korea Exchange(KRX)","S","Direct participants, domestic, Other","A","All users","E","End of period","0","373","Pure Number","0","Units","","12","",54,A,53,A,54,A,52,A,49,A,49,A,49,A
CPMI_PARTICIPANTS:A:KR:U:KR1C:T,"A","Annual","KR","Korea","U","Central counterparties/clearing houses","KR1C","Korea Exchange(KRX)","T","Direct participants, foreign","A","All users","E","End of period","0","373","Pure Number","0","Units","","12","",21,A,21,A,21,A,29,A,27,A,27,A,27,A
CPMI_PARTICIPANTS:A:KR:U:KR1C:U,"A","Annual","KR","Korea","U","Central counterparties/clearing houses","KR1C","Korea Exchange(KRX)","U","Direct participants, foreign, Banks","A","All users","E","End of period","0","373","Pure Number","0","Units","","12","",10,A,10,A,10,A,19,A,18,A,18,A,18,A
CPMI_PARTICIPANTS:A:KR:U:KR1C:V,"A","Annual","KR","Korea","U","Central counterparties/clearing houses","KR1C","Korea Exchange(KRX)","V","Direct participants, foreign, Central banks","A","All users","E","End of period","0","373","Pure Number","0","Units","","12","",,M,,M,,M,,M,,M,,M,,M
CPMI_PARTICIPANTS:A:KR:U:KR1C:W,"A","Annual","KR","Korea","U","Central counterparties/clearing houses","KR1C","Korea Exchange(KRX)","W","Direct participants, foreign, CCPs/Other CCPs","A","All users","E","End of period","0","373","Pure Number","0","Units","","12","",,M,,M,,M,,M,,M,,M,,M
CPMI_PARTICIPANTS:A:KR:U:KR1C:Y,"A","Annual","KR","Korea","U","Central counterparties/clearing houses","KR1C","Korea Exchange(KRX)","Y","Direct participants, foreign, Other","A","All users","E","End of period","0","373","Pure Number","0","Units","","12","",11,A,11,A,11,A,10,A,9,A,9,A,9,A
CPMI_PARTICIPANTS:A:KR:U:KR2C:B,"A","Annual","KR","Korea","U","Central counterparties/clearing houses","KR2C","Korea Securities Depository (KSD)","B","Direct participants, Banks","A","All users","E","End of period","0","373","Pure Number","0","Units","","12","",21,A,21,A,20,A,19,A,19,A,19,A,19,A
CPMI_PARTICIPANTS:A:KR:U:KR2C:C,"A","Annual","KR","Korea","U","Central counterparties/clearing houses","KR2C","Korea Securities Depository (KSD)","C","Direct participants, Central bank","A","All users","E","End of period","0","373","Pure Number","0","Units","","12","",,M,,M,,M,,M,,M,,M,,M
CPMI_PARTICIPANTS:A:KR:U:KR2C:D,"A","Annual","KR","Korea","U","Central counterparties/clearing houses","KR2C","Korea Securities Depository (KSD)","D","Direct participants, all","A","All users","E","End of period","0","373","Pure Number","0","Units","KSD started clearing services for institutional investor stocks from January 2012.","12","",91,A,91,A,90,A,85,A,84,A,81,A,82,A
CPMI_PARTICIPANTS:A:KR:U:KR2C:I,"A","Annual","KR","Korea","U","Central counterparties/clearing houses","KR2C","Korea Securities Depository (KSD)","I","Direct participants, CCPs/Other CCPs","A","All users","E","End of period","0","373","Pure Number","0","Units","","12","",,M,,M,,M,,M,,M,,M,,M
CPMI_PARTICIPANTS:A:KR:U:KR2C:L,"A","Annual","KR","Korea","U","Central counterparties/clearing houses","KR2C","Korea Securities Depository (KSD)","L","Direct participants, Other","A","All users","E","End of period","0","373","Pure Number","0","Units","","12","",70,A,70,A,70,A,66,A,65,A,62,A,63,A
CPMI_PARTICIPANTS:A:KR:U:KR2C:N,"A","Annual","KR","Korea","U","Central counterparties/clearing houses","KR2C","Korea Securities Depository (KSD)","N","Direct participants, domestic","A","All users","E","End of period","0","373","Pure Number","0","Units","","12","",91,A,91,A,90,A,85,A,84,A,81,A,82,A
CPMI_PARTICIPANTS:A:KR:U:KR2C:O,"A","Annual","KR","Korea","U","Central counterparties/clearing houses","KR2C","Korea Securities Depository (KSD)","O","Direct participants, domestic, Banks","A","All users","E","End of period","0","373","Pure Number","0","Units","","12","",21,A,21,A,20,A,19,A,19,A,19,A,19,A
CPMI_PARTICIPANTS:A:KR:U:KR2C:P,"A","Annual","KR","Korea","U","Central counterparties/clearing houses","KR2C","Korea Securities Depository (KSD)","P","Direct participants, domestic, Central banks","A","All users","E","End of period","0","373","Pure Number","0","Units","","12","",,M,,M,,M,,M,,M,,M,,M
CPMI_PARTICIPANTS:A:KR:U:KR2C:Q,"A","Annual","KR","Korea","U","Central counterparties/clearing houses","KR2C","Korea Securities Depository (KSD)","Q","Direct participants, domestic, CCPs/Other CCPs","A","All users","E","End of period","0","373","Pure Number","0","Units","","12","",,M,,M,,M,,M,,M,,M,,M
CPMI_PARTICIPANTS:A:KR:U:KR2C:S,"A","Annual","KR","Korea","U","Central counterparties/clearing houses","KR2C","Korea Securities Depository (KSD)","S","Direct participants, domestic, Other","A","All users","E","End of period","0","373","Pure Number","0","Units","","12","",70,A,70,A,70,A,66,A,65,A,62,A,63,A
CPMI_PARTICIPANTS:A:KR:U:KR2C:T,"A","Annual","KR","Korea","U","Central counterparties/clearing houses","KR2C","Korea Securities Depository (KSD)","T","Direct participants, foreign","A","All users","E","End of period","0","373","Pure Number","0","Units","","12","",,M,,M,,M,,M,,M,,M,,M
CPMI_PARTICIPANTS:A:KR:U:KR2C:U,"A","Annual","KR","Korea","U","Central counterparties/clearing houses","KR2C","Korea Securities Depository (KSD)","U","Direct participants, foreign, Banks","A","All users","E","End of period","0","373","Pure Number","0","Units","","12","",,M,,M,,M,,M,,M,,M,,M
CPMI_PARTICIPANTS:A:KR:U:KR2C:V,"A","Annual","KR","Korea","U","Central counterparties/clearing houses","KR2C","Korea Securities Depository (KSD)","V","Direct participants, foreign, Central banks","A","All users","E","End of period","0","373","Pure Number","0","Units","","12","",,M,,M,,M,,M,,M,,M,,M
CPMI_PARTICIPANTS:A:KR:U:KR2C:W,"A","Annual","KR","Korea","U","Central counterparties/clearing houses","KR2C","Korea Securities Depository (KSD)","W","Direct participants, foreign, CCPs/Other CCPs","A","All users","E","End of period","0","373","Pure Number","0","Units","","12","",,M,,M,,M,,M,,M,,M,,M
CPMI_PARTICIPANTS:A:KR:U:KR2C:Y,"A","Annual","KR","Korea","U","Central counterparties/clearing houses","KR2C","Korea Securities Depository (KSD)","Y","Direct participants, foreign, Other","A","All users","E","End of period","0","373","Pure Number","0","Units","","12","",,M,,M,,M,,M,,M,,M,,M
CPMI_PARTICIPANTS:A:KR:V:KR1S:B,"A","Annual","KR","Korea","V","Central securities depositories","KR1S","Korea Securities Depository (KSD)","B","Direct participants, Banks","A","All users","E","End of period","0","373","Pure Number","0","Units","","15","",50,A,51,A,50,A,49,A,49,A,52,A,53,A
CPMI_PARTICIPANTS:A:KR:V:KR1S:C,"A","Annual","KR","Korea","V","Central securities depositories","KR1S","Korea Securities Depository (KSD)","C","Direct participants, Central bank","A","All users","E","End of period","0","373","Pure Number","0","Units","","15","",1,A,1,A,1,A,1,A,1,A,1,A,1,A
CPMI_PARTICIPANTS:A:KR:V:KR1S:D,"A","Annual","KR","Korea","V","Central securities depositories","KR1S","Korea Securities Depository (KSD)","D","Direct participants, all","A","All users","E","End of period","0","373","Pure Number","0","Units","","15","",300,A,295,A,299,A,298,A,352,A,376,A,404,A
CPMI_PARTICIPANTS:A:KR:V:KR1S:I,"A","Annual","KR","Korea","V","Central securities depositories","KR1S","Korea Securities Depository (KSD)","I","Direct participants, CCPs/Other CCPs","A","All users","E","End of period","0","373","Pure Number","0","Units","","15","",0,A,0,A,0,A,0,A,0,A,0,A,0,A
CPMI_PARTICIPANTS:A:KR:V:KR1S:J,"A","Annual","KR","Korea","V","Central securities depositories","KR1S","Korea Securities Depository (KSD)","J","Direct participants, CSDs","A","All users","E","End of period","0","373","Pure Number","0","Units","","15","",1,A,1,A,1,A,1,A,1,A,1,A,1,A
CPMI_PARTICIPANTS:A:KR:V:KR1S:L,"A","Annual","KR","Korea","V","Central securities depositories","KR1S","Korea Securities Depository (KSD)","L","Direct participants, Other","A","All users","E","End of period","0","373","Pure Number","0","Units","","15","",248,A,242,A,247,A,247,A,301,A,322,A,349,A
CPMI_PARTICIPANTS:A:KR:V:KR1S:N,"A","Annual","KR","Korea","V","Central securities depositories","KR1S","Korea Securities Depository (KSD)","N","Direct participants, domestic","A","All users","E","End of period","0","373","Pure Number","0","Units","","15","",300,A,295,A,299,A,298,A,352,A,376,A,404,A
CPMI_PARTICIPANTS:A:KR:V:KR1S:O,"A","Annual","KR","Korea","V","Central securities depositories","KR1S","Korea Securities Depository (KSD)","O","Direct participants, domestic, Banks","A","All users","E","End of period","0","373","Pure Number","0","Units","","15","",50,A,51,A,50,A,49,A,49,A,52,A,53,A
CPMI_PARTICIPANTS:A:KR:V:KR1S:P,"A","Annual","KR","Korea","V","Central securities depositories","KR1S","Korea Securities Depository (KSD)","P","Direct participants, domestic, Central banks","A","All users","E","End of period","0","373","Pure Number","0","Units","","15","",1,A,1,A,1,A,1,A,1,A,1,A,1,A
CPMI_PARTICIPANTS:A:KR:V:KR1S:Q,"A","Annual","KR","Korea","V","Central securities depositories","KR1S","Korea Securities Depository (KSD)","Q","Direct participants, domestic, CCPs/Other CCPs","A","All users","E","End of period","0","373","Pure Number","0","Units","","15","",0,A,0,A,0,A,0,A,0,A,0,A,0,A
CPMI_PARTICIPANTS:A:KR:V:KR1S:R,"A","Annual","KR","Korea","V","Central securities depositories","KR1S","Korea Securities Depository (KSD)","R","Direct participants, domestic, CSDs","A","All users","E","End of period","0","373","Pure Number","0","Units","","15","",1,A,1,A,1,A,1,A,1,A,1,A,1,A
CPMI_PARTICIPANTS:A:KR:V:KR1S:S,"A","Annual","KR","Korea","V","Central securities depositories","KR1S","Korea Securities Depository (KSD)","S","Direct participants, domestic, Other","A","All users","E","End of period","0","373","Pure Number","0","Units","","15","",248,A,242,A,247,A,247,A,301,A,322,A,349,A
CPMI_PARTICIPANTS:A:KR:V:KR1S:T,"A","Annual","KR","Korea","V","Central securities depositories","KR1S","Korea Securities Depository (KSD)","T","Direct participants, foreign","A","All users","E","End of period","0","373","Pure Number","0","Units","","15","",,L,,L,,L,,L,,L,,L,,L
CPMI_PARTICIPANTS:A:KR:V:KR1S:U,"A","Annual","KR","Korea","V","Central securities depositories","KR1S","Korea Securities Depository (KSD)","U","Direct participants, foreign, Banks","A","All users","E","End of period","0","373","Pure Number","0","Units","","15","",,L,,L,,L,,L,,L,,L,,L
CPMI_PARTICIPANTS:A:KR:V:KR1S:V,"A","Annual","KR","Korea","V","Central securities depositories","KR1S","Korea Securities Depository (KSD)","V","Direct participants, foreign, Central banks","A","All users","E","End of period","0","373","Pure Number","0","Units","","15","",,L,,M,,M,,M,,M,,M,,M
CPMI_PARTICIPANTS:A:KR:V:KR1S:W,"A","Annual","KR","Korea","V","Central securities depositories","KR1S","Korea Securities Depository (KSD)","W","Direct participants, foreign, CCPs/Other CCPs","A","All users","E","End of period","0","373","Pure Number","0","Units","","15","",,L,,L,,L,,L,,L,,L,,L
CPMI_PARTICIPANTS:A:KR:V:KR1S:X,"A","Annual","KR","Korea","V","Central securities depositories","KR1S","Korea Securities Depository (KSD)","X","Direct participants, foreign,CSDs","A","All users","E","End of period","0","373","Pure Number","0","Units","","15","",,L,,M,,M,,M,,M,,M,,M
CPMI_PARTICIPANTS:A:KR:V:KR1S:Y,"A","Annual","KR","Korea","V","Central securities depositories","KR1S","Korea Securities Depository (KSD)","Y","Direct participants, foreign, Other","A","All users","E","End of period","0","373","Pure Number","0","Units","","15","",,L,,L,,L,,L,,L,,L,,L
CPMI_PARTICIPANTS:A:MX:B:MX2P:A,"A","Annual","MX","Mexico","B","Payment systems, retail","MX2P","CECOBAN","A","All","A","All users","E","End of period","0","373","Pure Number","0","Units","","7","",28.0000,A,29.0000,A,29.0000,A,29.0000,A,35.0000,A,36.0000,A,38.0000,A
CPMI_PARTICIPANTS:A:MX:B:MX2P:B,"A","Annual","MX","Mexico","B","Payment systems, retail","MX2P","CECOBAN","B","Direct participants, Banks","A","All users","E","End of period","0","373","Pure Number","0","Units","","7","",28.0000,A,29.0000,A,29.0000,A,29.0000,A,35.0000,A,36.0000,A,38.0000,A
CPMI_PARTICIPANTS:A:MX:B:MX2P:C,"A","Annual","MX","Mexico","B","Payment systems, retail","MX2P","CECOBAN","C","Direct participants, Central bank","A","All users","E","End of period","0","373","Pure Number","0","Units","","7","",,M,,M,,M,,M,,M,,M,,M
CPMI_PARTICIPANTS:A:MX:B:MX2P:D,"A","Annual","MX","Mexico","B","Payment systems, retail","MX2P","CECOBAN","D","Direct participants, all","A","All users","E","End of period","0","373","Pure Number","0","Units","","7","",28.0000,A,29.0000,A,29.0000,A,29.0000,A,35.0000,A,36.0000,A,38.0000,A
CPMI_PARTICIPANTS:A:MX:B:MX2P:F,"A","Annual","MX","Mexico","B","Payment systems, retail","MX2P","CECOBAN","F","Direct participants, Government","A","All users","E","End of period","0","373","Pure Number","0","Units","","7","",,M,,M,,M,,M,,M,,M,,M
CPMI_PARTICIPANTS:A:MX:B:MX2P:G,"A","Annual","MX","Mexico","B","Payment systems, retail","MX2P","CECOBAN","G","Direct participants, Postal institution","A","All users","E","End of period","0","373","Pure Number","0","Units","","7","",,M,,M,,M,,M,,M,,M,,M
CPMI_PARTICIPANTS:A:MX:B:MX2P:H,"A","Annual","MX","Mexico","B","Payment systems, retail","MX2P","CECOBAN","H","Direct participants, Payment systems, CCPs and SSSs","A","All users","E","End of period","0","373","Pure Number","0","Units","","7","",,M,,M,,M,,M,,M,,M,,M
CPMI_PARTICIPANTS:A:MX:B:MX2P:L,"A","Annual","MX","Mexico","B","Payment systems, retail","MX2P","CECOBAN","L","Direct participants, Other","A","All users","E","End of period","0","373","Pure Number","0","Units","","7","",,M,,M,,M,,M,,M,,M,,M
CPMI_PARTICIPANTS:A:MX:B:MX2P:Z,"A","Annual","MX","Mexico","B","Payment systems, retail","MX2P","CECOBAN","Z","Indirect participants","A","All users","E","End of period","0","373","Pure Number","0","Units","","7","",,M,,M,,M,,M,,M,,M,,M
CPMI_PARTICIPANTS:A:MX:B:MX3P:A,"A","Annual","MX","Mexico","B","Payment systems, retail","MX3P","SPID","A","All","A","All users","E","End of period","0","373","Pure Number","0","Units","","7","",,M,,M,,M,,M,,M,27,A,27,A
CPMI_PARTICIPANTS:A:MX:B:MX3P:B,"A","Annual","MX","Mexico","B","Payment systems, retail","MX3P","SPID","B","Direct participants, Banks","A","All users","E","End of period","0","373","Pure Number","0","Units","","7","",,M,,M,,M,,M,,M,27,A,27,A
CPMI_PARTICIPANTS:A:MX:B:MX3P:C,"A","Annual","MX","Mexico","B","Payment systems, retail","MX3P","SPID","C","Direct participants, Central bank","A","All users","E","End of period","0","373","Pure Number","0","Units","","7","",,M,,M,,M,,M,,M,,M,,M
CPMI_PARTICIPANTS:A:MX:B:MX3P:D,"A","Annual","MX","Mexico","B","Payment systems, retail","MX3P","SPID","D","Direct participants, all","A","All users","E","End of period","0","373","Pure Number","0","Units","","7","",,M,,M,,M,,M,,M,27,A,27,A
CPMI_PARTICIPANTS:A:MX:B:MX3P:F,"A","Annual","MX","Mexico","B","Payment systems, retail","MX3P","SPID","F","Direct participants, Government","A","All users","E","End of period","0","373","Pure Number","0","Units","","7","",,M,,M,,M,,M,,M,,M,,M
CPMI_PARTICIPANTS:A:MX:B:MX3P:G,"A","Annual","MX","Mexico","B","Payment systems, retail","MX3P","SPID","G","Direct participants, Postal institution","A","All users","E","End of period","0","373","Pure Number","0","Units","","7","",,M,,M,,M,,M,,M,,M,,M
CPMI_PARTICIPANTS:A:MX:B:MX3P:H,"A","Annual","MX","Mexico","B","Payment systems, retail","MX3P","SPID","H","Direct participants, Payment systems, CCPs and SSSs","A","All users","E","End of period","0","373","Pure Number","0","Units","","7","",,M,,M,,M,,M,,M,,M,,M
CPMI_PARTICIPANTS:A:MX:B:MX3P:L,"A","Annual","MX","Mexico","B","Payment systems, retail","MX3P","SPID","L","Direct participants, Other","A","All users","E","End of period","0","373","Pure Number","0","Units","","7","",,M,,M,,M,,M,,M,,M,,M
CPMI_PARTICIPANTS:A:MX:B:MX3P:Z,"A","Annual","MX","Mexico","B","Payment systems, retail","MX3P","SPID","Z","Indirect participants","A","All users","E","End of period","0","373","Pure Number","0","Units","","7","",,M,,M,,M,,M,,M,,M,,M
CPMI_PARTICIPANTS:A:MX:I:MX1P:A,"A","Annual","MX","Mexico","I","Payment systems, large-value & fast payments","MX1P","SPEI","A","All","A","All users","E","End of period","0","373","Pure Number","0","Units","","7","",93,A,95,A,107,A,107,A,109,A,108,A,98,A
CPMI_PARTICIPANTS:A:MX:I:MX1P:B,"A","Annual","MX","Mexico","I","Payment systems, large-value & fast payments","MX1P","SPEI","B","Direct participants, Banks","A","All users","E","End of period","0","373","Pure Number","0","Units","","7","",47,A,50,A,51,A,51,A,53,A,55,A,56,A
CPMI_PARTICIPANTS:A:MX:I:MX1P:C,"A","Annual","MX","Mexico","I","Payment systems, large-value & fast payments","MX1P","SPEI","C","Direct participants, Central bank","A","All users","E","End of period","0","373","Pure Number","0","Units","","7","",1,A,1,A,1,A,1,A,1,A,1,A,1,A
CPMI_PARTICIPANTS:A:MX:I:MX1P:D,"A","Annual","MX","Mexico","I","Payment systems, large-value & fast payments","MX1P","SPEI","D","Direct participants, all","A","All users","E","End of period","0","373","Pure Number","0","Units","","7","",93,A,95,A,107,A,107,A,109,A,108,A,98,A
CPMI_PARTICIPANTS:A:MX:I:MX1P:F,"A","Annual","MX","Mexico","I","Payment systems, large-value & fast payments","MX1P","SPEI","F","Direct participants, Government","A","All users","E","End of period","0","373","Pure Number","0","Units","","7","",0,A,0,A,0,A,0,A,0,A,0,A,0,A
CPMI_PARTICIPANTS:A:MX:I:MX1P:G,"A","Annual","MX","Mexico","I","Payment systems, large-value & fast payments","MX1P","SPEI","G","Direct participants, Postal institution","A","All users","E","End of period","0","373","Pure Number","0","Units","","7","",1,A,1,A,1,A,1,A,0,A,0,A,0,A
CPMI_PARTICIPANTS:A:MX:I:MX1P:H,"A","Annual","MX","Mexico","I","Payment systems, large-value & fast payments","MX1P","SPEI","H","Direct participants, Payment systems, CCPs and SSSs","A","All users","E","End of period","0","373","Pure Number","0","Units","","7","",2,A,2,A,2,A,2,A,2,A,2,A,2,A
CPMI_PARTICIPANTS:A:MX:I:MX1P:L,"A","Annual","MX","Mexico","I","Payment systems, large-value & fast payments","MX1P","SPEI","L","Direct participants, Other","A","All users","E","End of period","0","373","Pure Number","0","Units","","7","",42,A,41,A,52,A,52,A,53,A,50,A,39,A
CPMI_PARTICIPANTS:A:MX:I:MX1P:Z,"A","Annual","MX","Mexico","I","Payment systems, large-value & fast payments","MX1P","SPEI","Z","Indirect participants","A","All users","E","End of period","0","373","Pure Number","0","Units","","7","",,M,,M,,M,,M,,M,,M,,M
CPMI_PARTICIPANTS:A:MX:S:SWFT:0,"A","Annual","MX","Mexico","S","Swift","SWFT","Swift","0","Members","A","All users","E","End of period","0","373","Pure Number","0","Units","","10","",14,A,14,A,14,A,16,A,16,A,16,A,18,A
CPMI_PARTICIPANTS:A:MX:S:SWFT:1,"A","Annual","MX","Mexico","S","Swift","SWFT","Swift","1","Sub-members","A","All users","E","End of period","0","373","Pure Number","0","Units","","10","",12,A,11,A,10,A,12,A,12,A,14,A,16,A
CPMI_PARTICIPANTS:A:MX:S:SWFT:A,"A","Annual","MX","Mexico","S","Swift","SWFT","Swift","A","All","A","All users","E","End of period","0","373","Pure Number","0","Units","","10","",47,A,46,A,46,A,53,A,56,A,57,A,61,A
CPMI_PARTICIPANTS:A:MX:U:MX1C:B,"A","Annual","MX","Mexico","U","Central counterparties/clearing houses","MX1C","CCV","B","Direct participants, Banks","A","All users","E","End of period","0","373","Pure Number","0","Units","","12","",1.0000,A,1.0000,A,1.0000,A,1.0000,A,1.0000,A,1.0000,A,1.0000,A
CPMI_PARTICIPANTS:A:MX:U:MX1C:C,"A","Annual","MX","Mexico","U","Central counterparties/clearing houses","MX1C","CCV","C","Direct participants, Central bank","A","All users","E","End of period","0","373","Pure Number","0","Units","","12","",,M,,M,,M,,M,,M,,M,,M
CPMI_PARTICIPANTS:A:MX:U:MX1C:D,"A","Annual","MX","Mexico","U","Central counterparties/clearing houses","MX1C","CCV","D","Direct participants, all","A","All users","E","End of period","0","373","Pure Number","0","Units","","12","",27.0000,A,27.0000,A,30.0000,A,31.0000,A,31.0000,A,31.0000,A,30.0000,A
CPMI_PARTICIPANTS:A:MX:U:MX1C:I,"A","Annual","MX","Mexico","U","Central counterparties/clearing houses","MX1C","CCV","I","Direct participants, CCPs/Other CCPs","A","All users","E","End of period","0","373","Pure Number","0","Units","","12","",,M,,M,,M,,M,,M,,M,,M
CPMI_PARTICIPANTS:A:MX:U:MX1C:L,"A","Annual","MX","Mexico","U","Central counterparties/clearing houses","MX1C","CCV","L","Direct participants, Other","A","All users","E","End of period","0","373","Pure Number","0","Units","","12","",26.0000,A,26.0000,A,29.0000,A,30.0000,A,30.0000,A,30.0000,A,29.0000,A
CPMI_PARTICIPANTS:A:MX:U:MX1C:N,"A","Annual","MX","Mexico","U","Central counterparties/clearing houses","MX1C","CCV","N","Direct participants, domestic","A","All users","E","End of period","0","373","Pure Number","0","Units","","12","",27.0000,A,27.0000,A,30.0000,A,31.0000,A,31.0000,A,31.0000,A,30.0000,A
CPMI_PARTICIPANTS:A:MX:U:MX1C:O,"A","Annual","MX","Mexico","U","Central counterparties/clearing houses","MX1C","CCV","O","Direct participants, domestic, Banks","A","All users","E","End of period","0","373","Pure Number","0","Units","","12","",1.0000,A,1.0000,A,1.0000,A,1.0000,A,1.0000,A,1.0000,A,1.0000,A
CPMI_PARTICIPANTS:A:MX:U:MX1C:P,"A","Annual","MX","Mexico","U","Central counterparties/clearing houses","MX1C","CCV","P","Direct participants, domestic, Central banks","A","All users","E","End of period","0","373","Pure Number","0","Units","","12","",,M,,M,,M,,M,,M,,M,,M
CPMI_PARTICIPANTS:A:MX:U:MX1C:Q,"A","Annual","MX","Mexico","U","Central counterparties/clearing houses","MX1C","CCV","Q","Direct participants, domestic, CCPs/Other CCPs","A","All users","E","End of period","0","373","Pure Number","0","Units","","12","",,M,,M,,M,,M,,M,,M,,M
CPMI_PARTICIPANTS:A:MX:U:MX1C:S,"A","Annual","MX","Mexico","U","Central counterparties/clearing houses","MX1C","CCV","S","Direct participants, domestic, Other","A","All users","E","End of period","0","373","Pure Number","0","Units","","12","",26.0000,A,26.0000,A,29.0000,A,30.0000,A,30.0000,A,30.0000,A,29.0000,A
CPMI_PARTICIPANTS:A:MX:U:MX1C:T,"A","Annual","MX","Mexico","U","Central counterparties/clearing houses","MX1C","CCV","T","Direct participants, foreign","A","All users","E","End of period","0","373","Pure Number","0","Units","","12","",,M,,M,,M,,M,,M,,M,,M
CPMI_PARTICIPANTS:A:MX:U:MX1C:U,"A","Annual","MX","Mexico","U","Central counterparties/clearing houses","MX1C","CCV","U","Direct participants, foreign, Banks","A","All users","E","End of period","0","373","Pure Number","0","Units","","12","",,M,,M,,M,,M,,M,,M,,M
CPMI_PARTICIPANTS:A:MX:U:MX1C:V,"A","Annual","MX","Mexico","U","Central counterparties/clearing houses","MX1C","CCV","V","Direct participants, foreign, Central banks","A","All users","E","End of period","0","373","Pure Number","0","Units","","12","",,M,,M,,M,,M,,M,,M,,M
CPMI_PARTICIPANTS:A:MX:U:MX1C:W,"A","Annual","MX","Mexico","U","Central counterparties/clearing houses","MX1C","CCV","W","Direct participants, foreign, CCPs/Other CCPs","A","All users","E","End of period","0","373","Pure Number","0","Units","","12","",,M,,M,,M,,M,,M,,M,,M
CPMI_PARTICIPANTS:A:MX:U:MX1C:Y,"A","Annual","MX","Mexico","U","Central counterparties/clearing houses","MX1C","CCV","Y","Direct participants, foreign, Other","A","All users","E","End of period","0","373","Pure Number","0","Units","","12","",,M,,M,,M,,M,,M,,M,,M
CPMI_PARTICIPANTS:A:MX:U:MX2C:B,"A","Annual","MX","Mexico","U","Central counterparties/clearing houses","MX2C","Asigna","B","Direct participants, Banks","A","All users","E","End of period","0","373","Pure Number","0","Units","","12","",5.0000,A,5.0000,A,5.0000,A,5.0000,A,5.0000,A,5.0000,A,4.0000,A
CPMI_PARTICIPANTS:A:MX:U:MX2C:C,"A","Annual","MX","Mexico","U","Central counterparties/clearing houses","MX2C","Asigna","C","Direct participants, Central bank","A","All users","E","End of period","0","373","Pure Number","0","Units","","12","",,M,,M,,M,,M,,M,,M,,M
CPMI_PARTICIPANTS:A:MX:U:MX2C:D,"A","Annual","MX","Mexico","U","Central counterparties/clearing houses","MX2C","Asigna","D","Direct participants, all","A","All users","E","End of period","0","373","Pure Number","0","Units","","12","",6.0000,A,6.0000,A,7.0000,A,7.0000,A,7.0000,A,7.0000,A,6.0000,A
CPMI_PARTICIPANTS:A:MX:U:MX2C:I,"A","Annual","MX","Mexico","U","Central counterparties/clearing houses","MX2C","Asigna","I","Direct participants, CCPs/Other CCPs","A","All users","E","End of period","0","373","Pure Number","0","Units","","12","",,M,,M,,M,,M,,M,,M,,M
CPMI_PARTICIPANTS:A:MX:U:MX2C:L,"A","Annual","MX","Mexico","U","Central counterparties/clearing houses","MX2C","Asigna","L","Direct participants, Other","A","All users","E","End of period","0","373","Pure Number","0","Units","","12","",1.0000,A,1.0000,A,2.0000,A,2.0000,A,2.0000,A,2.0000,A,2.0000,A
CPMI_PARTICIPANTS:A:MX:U:MX2C:N,"A","Annual","MX","Mexico","U","Central counterparties/clearing houses","MX2C","Asigna","N","Direct participants, domestic","A","All users","E","End of period","0","373","Pure Number","0","Units","","12","",6.0000,A,6.0000,A,7.0000,A,7.0000,A,7.0000,A,7.0000,A,6.0000,A
CPMI_PARTICIPANTS:A:MX:U:MX2C:O,"A","Annual","MX","Mexico","U","Central counterparties/clearing houses","MX2C","Asigna","O","Direct participants, domestic, Banks","A","All users","E","End of period","0","373","Pure Number","0","Units","","12","",5.0000,A,5.0000,A,5.0000,A,5.0000,A,5.0000,A,5.0000,A,4.0000,A
CPMI_PARTICIPANTS:A:MX:U:MX2C:P,"A","Annual","MX","Mexico","U","Central counterparties/clearing houses","MX2C","Asigna","P","Direct participants, domestic, Central banks","A","All users","E","End of period","0","373","Pure Number","0","Units","","12","",,M,,M,,M,,M,,M,,M,,M
CPMI_PARTICIPANTS:A:MX:U:MX2C:Q,"A","Annual","MX","Mexico","U","Central counterparties/clearing houses","MX2C","Asigna","Q","Direct participants, domestic, CCPs/Other CCPs","A","All users","E","End of period","0","373","Pure Number","0","Units","","12","",,M,,M,,M,,M,,M,,M,,M
CPMI_PARTICIPANTS:A:MX:U:MX2C:S,"A","Annual","MX","Mexico","U","Central counterparties/clearing houses","MX2C","Asigna","S","Direct participants, domestic, Other","A","All users","E","End of period","0","373","Pure Number","0","Units","","12","",1.0000,A,1.0000,A,2.0000,A,2.0000,A,2.0000,A,2.0000,A,2.0000,A
CPMI_PARTICIPANTS:A:MX:U:MX2C:T,"A","Annual","MX","Mexico","U","Central counterparties/clearing houses","MX2C","Asigna","T","Direct participants, foreign","A","All users","E","End of period","0","373","Pure Number","0","Units","","12","",,M,,M,,M,,M,,M,,M,,M
CPMI_PARTICIPANTS:A:MX:U:MX2C:U,"A","Annual","MX","Mexico","U","Central counterparties/clearing houses","MX2C","Asigna","U","Direct participants, foreign, Banks","A","All users","E","End of period","0","373","Pure Number","0","Units","","12","",,M,,M,,M,,M,,M,,M,,M
CPMI_PARTICIPANTS:A:MX:U:MX2C:V,"A","Annual","MX","Mexico","U","Central counterparties/clearing houses","MX2C","Asigna","V","Direct participants, foreign, Central banks","A","All users","E","End of period","0","373","Pure Number","0","Units","","12","",,M,,M,,M,,M,,M,,M,,M
CPMI_PARTICIPANTS:A:MX:U:MX2C:W,"A","Annual","MX","Mexico","U","Central counterparties/clearing houses","MX2C","Asigna","W","Direct participants, foreign, CCPs/Other CCPs","A","All users","E","End of period","0","373","Pure Number","0","Units","","12","",,M,,M,,M,,M,,M,,M,,M
CPMI_PARTICIPANTS:A:MX:U:MX2C:Y,"A","Annual","MX","Mexico","U","Central counterparties/clearing houses","MX2C","Asigna","Y","Direct participants, foreign, Other","A","All users","E","End of period","0","373","Pure Number","0","Units","","12","",,M,,M,,M,,M,,M,,M,,M
CPMI_PARTICIPANTS:A:MX:V:MX1S:B,"A","Annual","MX","Mexico","V","Central securities depositories","MX1S","Indeval","B","Direct participants, Banks","A","All users","E","End of period","0","373","Pure Number","0","Units","","15","",55.0000,A,56.0000,A,54.0000,A,55.0000,A,55.0000,A,57.0000,A,59.0000,A
CPMI_PARTICIPANTS:A:MX:V:MX1S:C,"A","Annual","MX","Mexico","V","Central securities depositories","MX1S","Indeval","C","Direct participants, Central bank","A","All users","E","End of period","0","373","Pure Number","0","Units","","15","",1.0000,A,1.0000,A,1.0000,A,1.0000,A,1.0000,A,1.0000,A,1.0000,A
CPMI_PARTICIPANTS:A:MX:V:MX1S:D,"A","Annual","MX","Mexico","V","Central securities depositories","MX1S","Indeval","D","Direct participants, all","A","All users","E","End of period","0","373","Pure Number","0","Units","","15","",113.0000,A,107.0000,A,111.0000,A,113.0000,A,116.0000,A,117.0000,A,116.0000,A
CPMI_PARTICIPANTS:A:MX:V:MX1S:I,"A","Annual","MX","Mexico","V","Central securities depositories","MX1S","Indeval","I","Direct participants, CCPs/Other CCPs","A","All users","E","End of period","0","373","Pure Number","0","Units","","15","",1.0000,A,1.0000,A,1.0000,A,1.0000,A,1.0000,A,1.0000,A,1.0000,A
CPMI_PARTICIPANTS:A:MX:V:MX1S:J,"A","Annual","MX","Mexico","V","Central securities depositories","MX1S","Indeval","J","Direct participants, CSDs","A","All users","E","End of period","0","373","Pure Number","0","Units","","15","",1.0000,A,1.0000,A,2.0000,A,2.0000,A,4.0000,A,4.0000,A,4.0000,A
CPMI_PARTICIPANTS:A:MX:V:MX1S:L,"A","Annual","MX","Mexico","V","Central securities depositories","MX1S","Indeval","L","Direct participants, Other","A","All users","E","End of period","0","373","Pure Number","0","Units","","15","",55.0000,A,48.0000,A,53.0000,A,54.0000,A,55.0000,A,54.0000,A,51.0000,A
CPMI_PARTICIPANTS:A:MX:V:MX1S:N,"A","Annual","MX","Mexico","V","Central securities depositories","MX1S","Indeval","N","Direct participants, domestic","A","All users","E","End of period","0","373","Pure Number","0","Units","","15","",109.0000,A,103.0000,A,106.0000,A,107.0000,A,109.0000,A,110.0000,A,108.0000,A
CPMI_PARTICIPANTS:A:MX:V:MX1S:O,"A","Annual","MX","Mexico","V","Central securities depositories","MX1S","Indeval","O","Direct participants, domestic, Banks","A","All users","E","End of period","0","373","Pure Number","0","Units","","15","",53.0000,A,54.0000,A,51.0000,A,52.0000,A,52.0000,A,54.0000,A,55.0000,A
CPMI_PARTICIPANTS:A:MX:V:MX1S:P,"A","Annual","MX","Mexico","V","Central securities depositories","MX1S","Indeval","P","Direct participants, domestic, Central banks","A","All users","E","End of period","0","373","Pure Number","0","Units","","15","",1.0000,A,1.0000,A,1.0000,A,1.0000,A,1.0000,A,1.0000,A,1.0000,A
CPMI_PARTICIPANTS:A:MX:V:MX1S:Q,"A","Annual","MX","Mexico","V","Central securities depositories","MX1S","Indeval","Q","Direct participants, domestic, CCPs/Other CCPs","A","All users","E","End of period","0","373","Pure Number","0","Units","","15","",1.0000,A,1.0000,A,1.0000,A,1.0000,A,1.0000,A,1.0000,A,1.0000,A
CPMI_PARTICIPANTS:A:MX:V:MX1S:R,"A","Annual","MX","Mexico","V","Central securities depositories","MX1S","Indeval","R","Direct participants, domestic, CSDs","A","All users","E","End of period","0","373","Pure Number","0","Units","","15","",0.0000,A,0.0000,A,1.0000,A,1.0000,A,1.0000,A,1.0000,A,1.0000,A
CPMI_PARTICIPANTS:A:MX:V:MX1S:S,"A","Annual","MX","Mexico","V","Central securities depositories","MX1S","Indeval","S","Direct participants, domestic, Other","A","All users","E","End of period","0","373","Pure Number","0","Units","","15","",54.0000,A,47.0000,A,52.0000,A,52.0000,A,54.0000,A,53.0000,A,50.0000,A
CPMI_PARTICIPANTS:A:MX:V:MX1S:T,"A","Annual","MX","Mexico","V","Central securities depositories","MX1S","Indeval","T","Direct participants, foreign","A","All users","E","End of period","0","373","Pure Number","0","Units","","15","",4.0000,A,4.0000,A,5.0000,A,6.0000,A,7.0000,A,7.0000,A,8.0000,A
CPMI_PARTICIPANTS:A:MX:V:MX1S:U,"A","Annual","MX","Mexico","V","Central securities depositories","MX1S","Indeval","U","Direct participants, foreign, Banks","A","All users","E","End of period","0","373","Pure Number","0","Units","","15","",2.0000,A,2.0000,A,3.0000,A,3.0000,A,3.0000,A,3.0000,A,4.0000,A
CPMI_PARTICIPANTS:A:MX:V:MX1S:V,"A","Annual","MX","Mexico","V","Central securities depositories","MX1S","Indeval","V","Direct participants, foreign, Central banks","A","All users","E","End of period","0","373","Pure Number","0","Units","","15","",0.0000,A,0.0000,A,0.0000,A,0.0000,A,0.0000,A,0.0000,A,0.0000,A
CPMI_PARTICIPANTS:A:MX:V:MX1S:W,"A","Annual","MX","Mexico","V","Central securities depositories","MX1S","Indeval","W","Direct participants, foreign, CCPs/Other CCPs","A","All users","E","End of period","0","373","Pure Number","0","Units","","15","",0.0000,A,0.0000,A,0.0000,A,0.0000,A,0.0000,A,0.0000,A,0.0000,A
CPMI_PARTICIPANTS:A:MX:V:MX1S:X,"A","Annual","MX","Mexico","V","Central securities depositories","MX1S","Indeval","X","Direct participants, foreign,CSDs","A","All users","E","End of period","0","373","Pure Number","0","Units","","15","",1.0000,A,1.0000,A,1.0000,A,1.0000,A,3.0000,A,3.0000,A,3.0000,A
CPMI_PARTICIPANTS:A:MX:V:MX1S:Y,"A","Annual","MX","Mexico","V","Central securities depositories","MX1S","Indeval","Y","Direct participants, foreign, Other","A","All users","E","End of period","0","373","Pure Number","0","Units","","15","",1.0000,A,1.0000,A,1.0000,A,2.0000,A,1.0000,A,1.0000,A,1.0000,A
CPMI_PARTICIPANTS:A:NL:A:NL1P:A,"A","Annual","NL","Netherlands","A","Payment systems, large-value","NL1P","TARGET2-NL","A","All","A","All users","E","End of period","0","373","Pure Number","0","Units","","7","",107,A,112,A,111,A,105,A,105,A,100,A,97,A
CPMI_PARTICIPANTS:A:NL:A:NL1P:B,"A","Annual","NL","Netherlands","A","Payment systems, large-value","NL1P","TARGET2-NL","B","Direct participants, Banks","A","All users","E","End of period","0","373","Pure Number","0","Units","","7","",55,A,59,A,59,A,55,A,58,A,51,A,50,A
CPMI_PARTICIPANTS:A:NL:A:NL1P:C,"A","Annual","NL","Netherlands","A","Payment systems, large-value","NL1P","TARGET2-NL","C","Direct participants, Central bank","A","All users","E","End of period","0","373","Pure Number","0","Units","","7","",1,A,1,A,1,A,1,A,1,A,1,A,1,A
CPMI_PARTICIPANTS:A:NL:A:NL1P:D,"A","Annual","NL","Netherlands","A","Payment systems, large-value","NL1P","TARGET2-NL","D","Direct participants, all","A","All users","E","End of period","0","373","Pure Number","0","Units","","7","",61,A,66,A,66,A,63,A,66,A,60,A,60,A
CPMI_PARTICIPANTS:A:NL:A:NL1P:F,"A","Annual","NL","Netherlands","A","Payment systems, large-value","NL1P","TARGET2-NL","F","Direct participants, Government","A","All users","E","End of period","0","373","Pure Number","0","Units","","7","",2,A,2,A,2,A,2,A,2,A,2,A,2,A
CPMI_PARTICIPANTS:A:NL:A:NL1P:G,"A","Annual","NL","Netherlands","A","Payment systems, large-value","NL1P","TARGET2-NL","G","Direct participants, Postal institution","A","All users","E","End of period","0","373","Pure Number","0","Units","","7","",,L,,L,,L,,L,,L,,L,,L
CPMI_PARTICIPANTS:A:NL:A:NL1P:H,"A","Annual","NL","Netherlands","A","Payment systems, large-value","NL1P","TARGET2-NL","H","Direct participants, Payment systems, CCPs and SSSs","A","All users","E","End of period","0","373","Pure Number","0","Units","","7","",3,A,4,A,4,A,5,A,5,A,6,A,7,A
CPMI_PARTICIPANTS:A:NL:A:NL1P:L,"A","Annual","NL","Netherlands","A","Payment systems, large-value","NL1P","TARGET2-NL","L","Direct participants, Other","A","All users","E","End of period","0","373","Pure Number","0","Units","","7","",,L,,L,,L,,L,,L,,L,,L
CPMI_PARTICIPANTS:A:NL:A:NL1P:Z,"A","Annual","NL","Netherlands","A","Payment systems, large-value","NL1P","TARGET2-NL","Z","Indirect participants","A","All users","E","End of period","0","373","Pure Number","0","Units","","7","",46,A,46,A,45,A,42,A,39,A,40,A,37,A
CPMI_PARTICIPANTS:A:NL:B:NL2P:A,"A","Annual","NL","Netherlands","B","Payment systems, retail","NL2P","equensWorldline","A","All","A","All users","E","End of period","0","373","Pure Number","0","Units","","7","",64,A,123,A,161,A,27,A,28,A,25,A,25,A
CPMI_PARTICIPANTS:A:NL:B:NL2P:B,"A","Annual","NL","Netherlands","B","Payment systems, retail","NL2P","equensWorldline","B","Direct participants, Banks","A","All users","E","End of period","0","373","Pure Number","0","Units","","7","",60,A,98,A,65,A,26,A,27,A,24,A,24,A
CPMI_PARTICIPANTS:A:NL:B:NL2P:C,"A","Annual","NL","Netherlands","B","Payment systems, retail","NL2P","equensWorldline","C","Direct participants, Central bank","A","All users","E","End of period","0","373","Pure Number","0","Units","","7","",1,A,1,A,1,A,1,A,1,A,1,A,1,A
CPMI_PARTICIPANTS:A:NL:B:NL2P:D,"A","Annual","NL","Netherlands","B","Payment systems, retail","NL2P","equensWorldline","D","Direct participants, all","A","All users","E","End of period","0","373","Pure Number","0","Units","","7","",61,A,99,A,66,A,27,A,28,A,25,A,25,A
CPMI_PARTICIPANTS:A:NL:B:NL2P:F,"A","Annual","NL","Netherlands","B","Payment systems, retail","NL2P","equensWorldline","F","Direct participants, Government","A","All users","E","End of period","0","373","Pure Number","0","Units","","7","",,L,,L,,L,,L,,L,,L,,L
CPMI_PARTICIPANTS:A:NL:B:NL2P:G,"A","Annual","NL","Netherlands","B","Payment systems, retail","NL2P","equensWorldline","G","Direct participants, Postal institution","A","All users","E","End of period","0","373","Pure Number","0","Units","","7","",,L,,L,,L,,L,,L,,L,,L
CPMI_PARTICIPANTS:A:NL:B:NL2P:H,"A","Annual","NL","Netherlands","B","Payment systems, retail","NL2P","equensWorldline","H","Direct participants, Payment systems, CCPs and SSSs","A","All users","E","End of period","0","373","Pure Number","0","Units","","7","",,L,,L,,L,,L,,L,,L,,L
CPMI_PARTICIPANTS:A:NL:B:NL2P:L,"A","Annual","NL","Netherlands","B","Payment systems, retail","NL2P","equensWorldline","L","Direct participants, Other","A","All users","E","End of period","0","373","Pure Number","0","Units","","7","",,L,,L,,L,,L,,L,,L,,L
CPMI_PARTICIPANTS:A:NL:B:NL2P:Z,"A","Annual","NL","Netherlands","B","Payment systems, retail","NL2P","equensWorldline","Z","Indirect participants","A","All users","E","End of period","0","373","Pure Number","0","Units","","7","",3,A,24,A,95,A,0,A,0,A,0,A,0,A
CPMI_PARTICIPANTS:A:NL:S:SWFT:0,"A","Annual","NL","Netherlands","S","Swift","SWFT","Swift","0","Members","A","All users","E","End of period","0","373","Pure Number","0","Units","","10","",24,A,24,A,23,A,23,A,23,A,22,A,24,A
CPMI_PARTICIPANTS:A:NL:S:SWFT:1,"A","Annual","NL","Netherlands","S","Swift","SWFT","Swift","1","Sub-members","A","All users","E","End of period","0","373","Pure Number","0","Units","","10","",42,A,43,A,50,A,50,A,48,A,46,A,45,A
CPMI_PARTICIPANTS:A:NL:S:SWFT:A,"A","Annual","NL","Netherlands","S","Swift","SWFT","Swift","A","All","A","All users","E","End of period","0","373","Pure Number","0","Units","","10","",125,A,134,A,150,A,170,A,171,A,174,A,180,A
CPMI_PARTICIPANTS:A:NL:U:NL1C:B,"A","Annual","NL","Netherlands","U","Central counterparties/clearing houses","NL1C","EuroCCP (Total)","B","Direct participants, Banks","A","All users","E","End of period","0","373","Pure Number","0","Units","","12","",51,A,49,A,48,A,45,A,43,A,44,A,42,A
CPMI_PARTICIPANTS:A:NL:U:NL1C:C,"A","Annual","NL","Netherlands","U","Central counterparties/clearing houses","NL1C","EuroCCP (Total)","C","Direct participants, Central bank","A","All users","E","End of period","0","373","Pure Number","0","Units","","12","",,L,,L,,L,,L,,L,,L,,L
CPMI_PARTICIPANTS:A:NL:U:NL1C:D,"A","Annual","NL","Netherlands","U","Central counterparties/clearing houses","NL1C","EuroCCP (Total)","D","Direct participants, all","A","All users","E","End of period","0","373","Pure Number","0","Units","","12","",51,A,49,A,48,A,45,A,43,A,44,A,42,A
CPMI_PARTICIPANTS:A:NL:U:NL1C:I,"A","Annual","NL","Netherlands","U","Central counterparties/clearing houses","NL1C","EuroCCP (Total)","I","Direct participants, CCPs/Other CCPs","A","All users","E","End of period","0","373","Pure Number","0","Units","","12","",,L,,L,,L,,L,,L,,L,,L
CPMI_PARTICIPANTS:A:NL:U:NL1C:L,"A","Annual","NL","Netherlands","U","Central counterparties/clearing houses","NL1C","EuroCCP (Total)","L","Direct participants, Other","A","All users","E","End of period","0","373","Pure Number","0","Units","","12","",,L,,L,,L,,L,,L,,L,,L
CPMI_PARTICIPANTS:A:NL:U:NL1C:N,"A","Annual","NL","Netherlands","U","Central counterparties/clearing houses","NL1C","EuroCCP (Total)","N","Direct participants, domestic","A","All users","E","End of period","0","373","Pure Number","0","Units","","12","",2,A,2,A,2,A,2,A,2,A,2,A,2,A
CPMI_PARTICIPANTS:A:NL:U:NL1C:O,"A","Annual","NL","Netherlands","U","Central counterparties/clearing houses","NL1C","EuroCCP (Total)","O","Direct participants, domestic, Banks","A","All users","E","End of period","0","373","Pure Number","0","Units","","12","",2,A,2,A,2,A,2,A,2,A,2,A,2,A
CPMI_PARTICIPANTS:A:NL:U:NL1C:T,"A","Annual","NL","Netherlands","U","Central counterparties/clearing houses","NL1C","EuroCCP (Total)","T","Direct participants, foreign","A","All users","E","End of period","0","373","Pure Number","0","Units","","12","",49,A,47,A,46,A,43,A,41,A,42,A,40,A
CPMI_PARTICIPANTS:A:NL:U:NL1C:U,"A","Annual","NL","Netherlands","U","Central counterparties/clearing houses","NL1C","EuroCCP (Total)","U","Direct participants, foreign, Banks","A","All users","E","End of period","0","373","Pure Number","0","Units","","12","",49,A,47,A,46,A,43,A,41,A,42,A,40,A
CPMI_PARTICIPANTS:A:NL:U:NL2C:D,"A","Annual","NL","Netherlands","U","Central counterparties/clearing houses","NL2C","EuroCCP N.V. of which, in Belgium","D","Direct participants, all","A","All users","E","End of period","0","373","Pure Number","0","Units","","12","",,L,,L,,L,,L,,L,,L,,L
CPMI_PARTICIPANTS:A:NL:U:NL2C:T,"A","Annual","NL","Netherlands","U","Central counterparties/clearing houses","NL2C","EuroCCP N.V. of which, in Belgium","T","Direct participants, foreign","A","All users","E","End of period","0","373","Pure Number","0","Units","","12","",,L,,L,,L,,L,,L,,L,,L
CPMI_PARTICIPANTS:A:NL:U:NL2C:U,"A","Annual","NL","Netherlands","U","Central counterparties/clearing houses","NL2C","EuroCCP N.V. of which, in Belgium","U","Direct participants, foreign, Banks","A","All users","E","End of period","0","373","Pure Number","0","Units","","12","",,L,,L,,L,,L,,L,,L,,L
CPMI_PARTICIPANTS:A:NL:U:NL3C:D,"A","Annual","NL","Netherlands","U","Central counterparties/clearing houses","NL3C","EuroCCP N.V. of which, in France","D","Direct participants, all","A","All users","E","End of period","0","373","Pure Number","0","Units","","12","",,L,,L,,L,,L,,L,,L,,L
CPMI_PARTICIPANTS:A:NL:U:NL3C:T,"A","Annual","NL","Netherlands","U","Central counterparties/clearing houses","NL3C","EuroCCP N.V. of which, in France","T","Direct participants, foreign","A","All users","E","End of period","0","373","Pure Number","0","Units","","12","",,L,,L,,L,,L,,L,,L,,L
CPMI_PARTICIPANTS:A:NL:U:NL3C:U,"A","Annual","NL","Netherlands","U","Central counterparties/clearing houses","NL3C","EuroCCP N.V. of which, in France","U","Direct participants, foreign, Banks","A","All users","E","End of period","0","373","Pure Number","0","Units","","12","",3,A,2,A,2,A,2,A,2,A,2,A,2,A
CPMI_PARTICIPANTS:A:NL:U:NL4C:D,"A","Annual","NL","Netherlands","U","Central counterparties/clearing houses","NL4C","EuroCCP N.V. of which, in Germany","D","Direct participants, all","A","All users","E","End of period","0","373","Pure Number","0","Units","","12","",,L,,L,,L,,L,,L,,L,,L
CPMI_PARTICIPANTS:A:NL:U:NL4C:T,"A","Annual","NL","Netherlands","U","Central counterparties/clearing houses","NL4C","EuroCCP N.V. of which, in Germany","T","Direct participants, foreign","A","All users","E","End of period","0","373","Pure Number","0","Units","","12","",,L,,L,,L,,L,,L,,L,,L
CPMI_PARTICIPANTS:A:NL:U:NL4C:U,"A","Annual","NL","Netherlands","U","Central counterparties/clearing houses","NL4C","EuroCCP N.V. of which, in Germany","U","Direct participants, foreign, Banks","A","All users","E","End of period","0","373","Pure Number","0","Units","","12","",3,A,3,A,3,A,3,A,3,A,3,A,3,A
CPMI_PARTICIPANTS:A:NL:U:NL5C:D,"A","Annual","NL","Netherlands","U","Central counterparties/clearing houses","NL5C","EuroCCP N.V. of which, in Italy","D","Direct participants, all","A","All users","E","End of period","0","373","Pure Number","0","Units","","12","",,L,,L,,L,,L,,L,,L,,L
CPMI_PARTICIPANTS:A:NL:U:NL5C:T,"A","Annual","NL","Netherlands","U","Central counterparties/clearing houses","NL5C","EuroCCP N.V. of which, in Italy","T","Direct participants, foreign","A","All users","E","End of period","0","373","Pure Number","0","Units","","12","",,L,,L,,L,,L,,L,,L,,L
CPMI_PARTICIPANTS:A:NL:U:NL5C:U,"A","Annual","NL","Netherlands","U","Central counterparties/clearing houses","NL5C","EuroCCP N.V. of which, in Italy","U","Direct participants, foreign, Banks","A","All users","E","End of period","0","373","Pure Number","0","Units","","12","",2,A,2,A,2,A,2,A,2,A,2,A,1,A
CPMI_PARTICIPANTS:A:NL:U:NL6C:D,"A","Annual","NL","Netherlands","U","Central counterparties/clearing houses","NL6C","EuroCCP N.V. of which, in Netherlands","D","Direct participants, all","A","All users","E","End of period","0","373","Pure Number","0","Units","","12","",,L,,L,,L,,L,,L,,L,,L
CPMI_PARTICIPANTS:A:NL:U:NL6C:N,"A","Annual","NL","Netherlands","U","Central counterparties/clearing houses","NL6C","EuroCCP N.V. of which, in Netherlands","N","Direct participants, domestic","A","All users","E","End of period","0","373","Pure Number","0","Units","","12","",2,A,2,A,2,A,2,A,2,A,2,A,2,A
CPMI_PARTICIPANTS:A:NL:U:NL6C:O,"A","Annual","NL","Netherlands","U","Central counterparties/clearing houses","NL6C","EuroCCP N.V. of which, in Netherlands","O","Direct participants, domestic, Banks","A","All users","E","End of period","0","373","Pure Number","0","Units","","12","",2,A,2,A,2,A,2,A,2,A,2,A,2,A
CPMI_PARTICIPANTS:A:NL:U:NL6C:P,"A","Annual","NL","Netherlands","U","Central counterparties/clearing houses","NL6C","EuroCCP N.V. of which, in Netherlands","P","Direct participants, domestic, Central banks","A","All users","E","End of period","0","373","Pure Number","0","Units","","12","",,L,,L,,L,,L,,L,,L,,L
CPMI_PARTICIPANTS:A:NL:U:NL6C:Q,"A","Annual","NL","Netherlands","U","Central counterparties/clearing houses","NL6C","EuroCCP N.V. of which, in Netherlands","Q","Direct participants, domestic, CCPs/Other CCPs","A","All users","E","End of period","0","373","Pure Number","0","Units","","12","",,L,,L,,L,,L,,L,,L,,L
CPMI_PARTICIPANTS:A:NL:U:NL6C:S,"A","Annual","NL","Netherlands","U","Central counterparties/clearing houses","NL6C","EuroCCP N.V. of which, in Netherlands","S","Direct participants, domestic, Other","A","All users","E","End of period","0","373","Pure Number","0","Units","","12","",,L,,L,,L,,L,,L,,L,,L
CPMI_PARTICIPANTS:A:NL:U:NL7C:D,"A","Annual","NL","Netherlands","U","Central counterparties/clearing houses","NL7C","EuroCCP N.V. of which, in Sweden","D","Direct participants, all","A","All users","E","End of period","0","373","Pure Number","0","Units","","12","",,L,,L,,L,,L,,L,,L,,L
CPMI_PARTICIPANTS:A:NL:U:NL7C:T,"A","Annual","NL","Netherlands","U","Central counterparties/clearing houses","NL7C","EuroCCP N.V. of which, in Sweden","T","Direct participants, foreign","A","All users","E","End of period","0","373","Pure Number","0","Units","","12","",,L,,L,,L,,L,,L,,L,,L
CPMI_PARTICIPANTS:A:NL:U:NL7C:U,"A","Annual","NL","Netherlands","U","Central counterparties/clearing houses","NL7C","EuroCCP N.V. of which, in Sweden","U","Direct participants, foreign, Banks","A","All users","E","End of period","0","373","Pure Number","0","Units","","12","",7,A,6,A,6,A,5,A,5,A,5,A,4,A
CPMI_PARTICIPANTS:A:NL:U:NL8C:D,"A","Annual","NL","Netherlands","U","Central counterparties/clearing houses","NL8C","EuroCCP N.V. of which, in Switzerland","D","Direct participants, all","A","All users","E","End of period","0","373","Pure Number","0","Units","","12","",,L,,L,,L,,L,,L,,L,,L
CPMI_PARTICIPANTS:A:NL:U:NL8C:T,"A","Annual","NL","Netherlands","U","Central counterparties/clearing houses","NL8C","EuroCCP N.V. of which, in Switzerland","T","Direct participants, foreign","A","All users","E","End of period","0","373","Pure Number","0","Units","","12","",,L,,L,,L,,L,,L,,L,,L
CPMI_PARTICIPANTS:A:NL:U:NL8C:U,"A","Annual","NL","Netherlands","U","Central counterparties/clearing houses","NL8C","EuroCCP N.V. of which, in Switzerland","U","Direct participants, foreign, Banks","A","All users","E","End of period","0","373","Pure Number","0","Units","","12","",,L,,L,,L,,L,,L,,L,,L
CPMI_PARTICIPANTS:A:NL:U:NL9C:D,"A","Annual","NL","Netherlands","U","Central counterparties/clearing houses","NL9C","EuroCCP N.V. of which, in United Kingdom","D","Direct participants, all","A","All users","E","End of period","0","373","Pure Number","0","Units","","12","",,L,,L,,L,,L,,L,,L,,L
CPMI_PARTICIPANTS:A:NL:U:NL9C:T,"A","Annual","NL","Netherlands","U","Central counterparties/clearing houses","NL9C","EuroCCP N.V. of which, in United Kingdom","T","Direct participants, foreign","A","All users","E","End of period","0","373","Pure Number","0","Units","","12","",,L,,L,,L,,L,,L,,L,,L
CPMI_PARTICIPANTS:A:NL:U:NL9C:U,"A","Annual","NL","Netherlands","U","Central counterparties/clearing houses","NL9C","EuroCCP N.V. of which, in United Kingdom","U","Direct participants, foreign, Banks","A","All users","E","End of period","0","373","Pure Number","0","Units","","12","",19,A,19,A,19,A,17,A,14,A,14,A,14,A
CPMI_PARTICIPANTS:A:NL:U:NLAC:D,"A","Annual","NL","Netherlands","U","Central counterparties/clearing houses","NLAC","EuroCCP N.V. of which, in United States","D","Direct participants, all","A","All users","E","End of period","0","373","Pure Number","0","Units","","12","",,L,,L,,L,,L,,L,,L,,L
CPMI_PARTICIPANTS:A:NL:U:NLAC:T,"A","Annual","NL","Netherlands","U","Central counterparties/clearing houses","NLAC","EuroCCP N.V. of which, in United States","T","Direct participants, foreign","A","All users","E","End of period","0","373","Pure Number","0","Units","","12","",,L,,L,,L,,L,,L,,L,,L
CPMI_PARTICIPANTS:A:NL:U:NLAC:U,"A","Annual","NL","Netherlands","U","Central counterparties/clearing houses","NLAC","EuroCCP N.V. of which, in United States","U","Direct participants, foreign, Banks","A","All users","E","End of period","0","373","Pure Number","0","Units","","12","",,L,,L,,L,,L,,L,,L,,L
CPMI_PARTICIPANTS:A:NL:U:NLBC:D,"A","Annual","NL","Netherlands","U","Central counterparties/clearing houses","NLBC","EuroCCP N.V. of which, in Other","D","Direct participants, all","A","All users","E","End of period","0","373","Pure Number","0","Units","","12","",,L,,L,,L,,L,,L,,L,,L
CPMI_PARTICIPANTS:A:NL:U:NLBC:T,"A","Annual","NL","Netherlands","U","Central counterparties/clearing houses","NLBC","EuroCCP N.V. of which, in Other","T","Direct participants, foreign","A","All users","E","End of period","0","373","Pure Number","0","Units","","12","",,L,,L,,L,,L,,L,,L,,L
CPMI_PARTICIPANTS:A:NL:U:NLBC:U,"A","Annual","NL","Netherlands","U","Central counterparties/clearing houses","NLBC","EuroCCP N.V. of which, in Other","U","Direct participants, foreign, Banks","A","All users","E","End of period","0","373","Pure Number","0","Units","","12","",15,A,15,A,14,A,14,A,15,A,16,A,16,A
CPMI_PARTICIPANTS:A:NL:V:NL1S:B,"A","Annual","NL","Netherlands","V","Central securities depositories","NL1S","Euroclear Netherlands","B","Direct participants, Banks","A","All users","E","End of period","0","373","Pure Number","0","Units","","15","",24,A,29,A,33,A,32,A,34,A,36,A,37,A
CPMI_PARTICIPANTS:A:NL:V:NL1S:C,"A","Annual","NL","Netherlands","V","Central securities depositories","NL1S","Euroclear Netherlands","C","Direct participants, Central bank","A","All users","E","End of period","0","373","Pure Number","0","Units","","15","",1,A,1,A,1,A,1,A,1,A,1,A,1,A
CPMI_PARTICIPANTS:A:NL:V:NL1S:D,"A","Annual","NL","Netherlands","V","Central securities depositories","NL1S","Euroclear Netherlands","D","Direct participants, all","A","All users","E","End of period","0","373","Pure Number","0","Units","","15","",67,A,69,A,71,A,69,A,69,A,69,A,75,A
CPMI_PARTICIPANTS:A:NL:V:NL1S:I,"A","Annual","NL","Netherlands","V","Central securities depositories","NL1S","Euroclear Netherlands","I","Direct participants, CCPs/Other CCPs","A","All users","E","End of period","0","373","Pure Number","0","Units","","15","",1,A,1,A,1,A,1,A,1,A,1,A,1,A
CPMI_PARTICIPANTS:A:NL:V:NL1S:J,"A","Annual","NL","Netherlands","V","Central securities depositories","NL1S","Euroclear Netherlands","J","Direct participants, CSDs","A","All users","E","End of period","0","373","Pure Number","0","Units","","15","",2,A,2,A,2,A,2,A,0,A,0,A,0,A
CPMI_PARTICIPANTS:A:NL:V:NL1S:L,"A","Annual","NL","Netherlands","V","Central securities depositories","NL1S","Euroclear Netherlands","L","Direct participants, Other","A","All users","E","End of period","0","373","Pure Number","0","Units","","15","",39,A,36,A,34,A,33,A,33,A,31,A,36,A
CPMI_PARTICIPANTS:A:NL:V:NL1S:N,"A","Annual","NL","Netherlands","V","Central securities depositories","NL1S","Euroclear Netherlands","N","Direct participants, domestic","A","All users","E","End of period","0","373","Pure Number","0","Units","","15","",17,A,16,A,17,A,16,A,19,A,18,A,20,A
CPMI_PARTICIPANTS:A:NL:V:NL1S:O,"A","Annual","NL","Netherlands","V","Central securities depositories","NL1S","Euroclear Netherlands","O","Direct participants, domestic, Banks","A","All users","E","End of period","0","373","Pure Number","0","Units","","15","",1,A,2,A,2,A,1,A,3,A,3,A,3,A
CPMI_PARTICIPANTS:A:NL:V:NL1S:P,"A","Annual","NL","Netherlands","V","Central securities depositories","NL1S","Euroclear Netherlands","P","Direct participants, domestic, Central banks","A","All users","E","End of period","0","373","Pure Number","0","Units","","15","",1,A,1,A,1,A,1,A,1,A,1,A,1,A
CPMI_PARTICIPANTS:A:NL:V:NL1S:Q,"A","Annual","NL","Netherlands","V","Central securities depositories","NL1S","Euroclear Netherlands","Q","Direct participants, domestic, CCPs/Other CCPs","A","All users","E","End of period","0","373","Pure Number","0","Units","","15","",0,A,0,A,0,A,0,A,0,A,0,A,0,A
CPMI_PARTICIPANTS:A:NL:V:NL1S:R,"A","Annual","NL","Netherlands","V","Central securities depositories","NL1S","Euroclear Netherlands","R","Direct participants, domestic, CSDs","A","All users","E","End of period","0","373","Pure Number","0","Units","","15","",0,A,0,A,0,A,0,A,0,A,0,A,0,A
CPMI_PARTICIPANTS:A:NL:V:NL1S:S,"A","Annual","NL","Netherlands","V","Central securities depositories","NL1S","Euroclear Netherlands","S","Direct participants, domestic, Other","A","All users","E","End of period","0","373","Pure Number","0","Units","","15","",15,A,13,A,14,A,14,A,15,A,14,A,16,A
CPMI_PARTICIPANTS:A:NL:V:NL1S:T,"A","Annual","NL","Netherlands","V","Central securities depositories","NL1S","Euroclear Netherlands","T","Direct participants, foreign","A","All users","E","End of period","0","373","Pure Number","0","Units","","15","",50,A,53,A,54,A,53,A,50,A,51,A,55,A
CPMI_PARTICIPANTS:A:NL:V:NL1S:U,"A","Annual","NL","Netherlands","V","Central securities depositories","NL1S","Euroclear Netherlands","U","Direct participants, foreign, Banks","A","All users","E","End of period","0","373","Pure Number","0","Units","","15","",23,A,27,A,31,A,31,A,31,A,33,A,34,A
CPMI_PARTICIPANTS:A:NL:V:NL1S:V,"A","Annual","NL","Netherlands","V","Central securities depositories","NL1S","Euroclear Netherlands","V","Direct participants, foreign, Central banks","A","All users","E","End of period","0","373","Pure Number","0","Units","","15","",0,A,0,A,0,A,0,A,0,A,0,A,0,A
CPMI_PARTICIPANTS:A:NL:V:NL1S:W,"A","Annual","NL","Netherlands","V","Central securities depositories","NL1S","Euroclear Netherlands","W","Direct participants, foreign, CCPs/Other CCPs","A","All users","E","End of period","0","373","Pure Number","0","Units","","15","",1,A,1,A,1,A,1,A,1,A,1,A,1,A
CPMI_PARTICIPANTS:A:NL:V:NL1S:X,"A","Annual","NL","Netherlands","V","Central securities depositories","NL1S","Euroclear Netherlands","X","Direct participants, foreign,CSDs","A","All users","E","End of period","0","373","Pure Number","0","Units","","15","",2,A,2,A,2,A,2,A,0,A,0,A,0,A
CPMI_PARTICIPANTS:A:NL:V:NL1S:Y,"A","Annual","NL","Netherlands","V","Central securities depositories","NL1S","Euroclear Netherlands","Y","Direct participants, foreign, Other","A","All users","E","End of period","0","373","Pure Number","0","Units","","15","",24,A,23,A,20,A,19,A,18,A,17,A,20,A
CPMI_PARTICIPANTS:A:RU:A:RU1P:A,"A","Annual","RU","Russia","A","Payment systems, large-value","RU1P","BESP System (discontinued)","A","All","A","All users","E","End of period","0","373","Pure Number","0","Units","","7","",2894,A,2776,A,2495,A,2113,A,1741,A,1503,A,,M
CPMI_PARTICIPANTS:A:RU:A:RU1P:B,"A","Annual","RU","Russia","A","Payment systems, large-value","RU1P","BESP System (discontinued)","B","Direct participants, Banks","A","All users","E","End of period","0","373","Pure Number","0","Units","Credit institutions and their branches.","7","",2728,A,2605,A,2320,A,1942,A,1571,A,1333,A,,M
CPMI_PARTICIPANTS:A:RU:A:RU1P:C,"A","Annual","RU","Russia","A","Payment systems, large-value","RU1P","BESP System (discontinued)","C","Direct participants, Central bank","A","All users","E","End of period","0","373","Pure Number","0","Units","Bank of Russia branches.","7","",83,A,85,A,87,A,83,A,83,A,83,A,,M
CPMI_PARTICIPANTS:A:RU:A:RU1P:D,"A","Annual","RU","Russia","A","Payment systems, large-value","RU1P","BESP System (discontinued)","D","Direct participants, all","A","All users","E","End of period","0","373","Pure Number","0","Units","","7","",2894,A,2776,A,2495,A,2113,A,1741,A,1503,A,,M
CPMI_PARTICIPANTS:A:RU:A:RU1P:F,"A","Annual","RU","Russia","A","Payment systems, large-value","RU1P","BESP System (discontinued)","F","Direct participants, Government","A","All users","E","End of period","0","373","Pure Number","0","Units","The Federal Treasury and its regional offices.  ","7","",82,A,85,A,87,A,87,A,86,A,86,A,,M
CPMI_PARTICIPANTS:A:RU:A:RU1P:G,"A","Annual","RU","Russia","A","Payment systems, large-value","RU1P","BESP System (discontinued)","G","Direct participants, Postal institution","A","All users","E","End of period","0","373","Pure Number","0","Units","","7","",,M,,M,,M,,M,,M,,M,,M
CPMI_PARTICIPANTS:A:RU:A:RU1P:H,"A","Annual","RU","Russia","A","Payment systems, large-value","RU1P","BESP System (discontinued)","H","Direct participants, Payment systems, CCPs and SSSs","A","All users","E","End of period","0","373","Pure Number","0","Units","","7","",,M,,M,,M,,M,,M,,M,,M
CPMI_PARTICIPANTS:A:RU:A:RU1P:L,"A","Annual","RU","Russia","A","Payment systems, large-value","RU1P","BESP System (discontinued)","L","Direct participants, Other","A","All users","E","End of period","0","373","Pure Number","0","Units","","7","",1,A,1,A,1,A,1,A,1,A,1,A,,M
CPMI_PARTICIPANTS:A:RU:A:RU1P:Z,"A","Annual","RU","Russia","A","Payment systems, large-value","RU1P","BESP System (discontinued)","Z","Indirect participants","A","All users","E","End of period","0","373","Pure Number","0","Units","","7","",,M,,M,,M,,M,,M,,M,,M
CPMI_PARTICIPANTS:A:RU:H:RU2P:A,"A","Annual","RU","Russia","H","Payment systems, large-value & retail","RU2P","VER (discontinued)","A","All","A","All users","E","End of period","0","373","Pure Number","0","Units","","7","",2991,A,2773,A,2426,A,2038,A,1658,A,1417,A,,M
CPMI_PARTICIPANTS:A:RU:H:RU2P:B,"A","Annual","RU","Russia","H","Payment systems, large-value & retail","RU2P","VER (discontinued)","B","Direct participants, Banks","A","All users","E","End of period","0","373","Pure Number","0","Units","Credit institutions and their branches.","7","",2906,A,2688,A,2340,A,1956,A,1576,A,1335,A,,M
CPMI_PARTICIPANTS:A:RU:H:RU2P:C,"A","Annual","RU","Russia","H","Payment systems, large-value & retail","RU2P","VER (discontinued)","C","Direct participants, Central bank","A","All users","E","End of period","0","373","Pure Number","0","Units","Bank of Russia branches.","7","",85,A,85,A,86,A,82,A,82,A,82,A,,M
CPMI_PARTICIPANTS:A:RU:H:RU2P:D,"A","Annual","RU","Russia","H","Payment systems, large-value & retail","RU2P","VER (discontinued)","D","Direct participants, all","A","All users","E","End of period","0","373","Pure Number","0","Units","","7","",2991,A,2773,A,2426,A,2038,A,1658,A,1417,A,,M
CPMI_PARTICIPANTS:A:RU:H:RU2P:F,"A","Annual","RU","Russia","H","Payment systems, large-value & retail","RU2P","VER (discontinued)","F","Direct participants, Government","A","All users","E","End of period","0","373","Pure Number","0","Units","The Federal Treasury and its regional offices.  ","7","",,M,,M,,M,,M,,M,,M,,M
CPMI_PARTICIPANTS:A:RU:H:RU2P:G,"A","Annual","RU","Russia","H","Payment systems, large-value & retail","RU2P","VER (discontinued)","G","Direct participants, Postal institution","A","All users","E","End of period","0","373","Pure Number","0","Units","","7","",,M,,M,,M,,M,,M,,M,,M
CPMI_PARTICIPANTS:A:RU:H:RU2P:H,"A","Annual","RU","Russia","H","Payment systems, large-value & retail","RU2P","VER (discontinued)","H","Direct participants, Payment systems, CCPs and SSSs","A","All users","E","End of period","0","373","Pure Number","0","Units","","7","",,M,,M,,M,,M,,M,,M,,M
CPMI_PARTICIPANTS:A:RU:H:RU2P:L,"A","Annual","RU","Russia","H","Payment systems, large-value & retail","RU2P","VER (discontinued)","L","Direct participants, Other","A","All users","E","End of period","0","373","Pure Number","0","Units","","7","",,M,,M,,M,,M,,M,,M,,M
CPMI_PARTICIPANTS:A:RU:H:RU2P:Z,"A","Annual","RU","Russia","H","Payment systems, large-value & retail","RU2P","VER (discontinued)","Z","Indirect participants","A","All users","E","End of period","0","373","Pure Number","0","Units","","7","",,M,,M,,M,,M,,M,,M,,M
CPMI_PARTICIPANTS:A:RU:H:RU3P:A,"A","Annual","RU","Russia","H","Payment systems, large-value & retail","RU3P","MER (discontinued)","A","All","A","All users","E","End of period","0","373","Pure Number","0","Units","","7","",2996,A,2773,A,2426,A,2038,A,1658,A,1417,A,,M
CPMI_PARTICIPANTS:A:RU:H:RU3P:B,"A","Annual","RU","Russia","H","Payment systems, large-value & retail","RU3P","MER (discontinued)","B","Direct participants, Banks","A","All users","E","End of period","0","373","Pure Number","0","Units","Credit institutions and their branches.","7","",2910,A,2688,A,2340,A,1956,A,1576,A,1335,A,,M
CPMI_PARTICIPANTS:A:RU:H:RU3P:C,"A","Annual","RU","Russia","H","Payment systems, large-value & retail","RU3P","MER (discontinued)","C","Direct participants, Central bank","A","All users","E","End of period","0","373","Pure Number","0","Units","Bank of Russia branches.","7","",86,A,85,A,86,A,82,A,82,A,82,A,,M
CPMI_PARTICIPANTS:A:RU:H:RU3P:D,"A","Annual","RU","Russia","H","Payment systems, large-value & retail","RU3P","MER (discontinued)","D","Direct participants, all","A","All users","E","End of period","0","373","Pure Number","0","Units","","7","",2996,A,2773,A,2426,A,2038,A,1658,A,1417,A,,M
CPMI_PARTICIPANTS:A:RU:H:RU3P:F,"A","Annual","RU","Russia","H","Payment systems, large-value & retail","RU3P","MER (discontinued)","F","Direct participants, Government","A","All users","E","End of period","0","373","Pure Number","0","Units","The Federal Treasury and its regional offices.  ","7","",,M,,M,,M,,M,,M,,M,,M
CPMI_PARTICIPANTS:A:RU:H:RU3P:G,"A","Annual","RU","Russia","H","Payment systems, large-value & retail","RU3P","MER (discontinued)","G","Direct participants, Postal institution","A","All users","E","End of period","0","373","Pure Number","0","Units","","7","",,M,,M,,M,,M,,M,,M,,M
CPMI_PARTICIPANTS:A:RU:H:RU3P:H,"A","Annual","RU","Russia","H","Payment systems, large-value & retail","RU3P","MER (discontinued)","H","Direct participants, Payment systems, CCPs and SSSs","A","All users","E","End of period","0","373","Pure Number","0","Units","","7","",,M,,M,,M,,M,,M,,M,,M
CPMI_PARTICIPANTS:A:RU:H:RU3P:L,"A","Annual","RU","Russia","H","Payment systems, large-value & retail","RU3P","MER (discontinued)","L","Direct participants, Other","A","All users","E","End of period","0","373","Pure Number","0","Units","","7","",,M,,M,,M,,M,,M,,M,,M
CPMI_PARTICIPANTS:A:RU:H:RU3P:Z,"A","Annual","RU","Russia","H","Payment systems, large-value & retail","RU3P","MER (discontinued)","Z","Indirect participants","A","All users","E","End of period","0","373","Pure Number","0","Units","","7","",,M,,M,,M,,M,,M,,M,,M
CPMI_PARTICIPANTS:A:RU:H:RU4P:A,"A","Annual","RU","Russia","H","Payment systems, large-value & retail","RU4P","Payments using letters of advice (discontinued)","A","All","A","All users","E","End of period","0","373","Pure Number","0","Units","","7","",86,A,85,A,86,A,82,A,81,A,81,A,,M
CPMI_PARTICIPANTS:A:RU:H:RU4P:B,"A","Annual","RU","Russia","H","Payment systems, large-value & retail","RU4P","Payments using letters of advice (discontinued)","B","Direct participants, Banks","A","All users","E","End of period","0","373","Pure Number","0","Units","","7","",,M,,M,,M,,M,,M,,M,,M
CPMI_PARTICIPANTS:A:RU:H:RU4P:C,"A","Annual","RU","Russia","H","Payment systems, large-value & retail","RU4P","Payments using letters of advice (discontinued)","C","Direct participants, Central bank","A","All users","E","End of period","0","373","Pure Number","0","Units","Bank of Russia branches.","7","",86,A,85,A,86,A,82,A,81,A,81,A,,M
CPMI_PARTICIPANTS:A:RU:H:RU4P:D,"A","Annual","RU","Russia","H","Payment systems, large-value & retail","RU4P","Payments using letters of advice (discontinued)","D","Direct participants, all","A","All users","E","End of period","0","373","Pure Number","0","Units","","7","",86,A,85,A,86,A,82,A,81,A,81,A,,M
CPMI_PARTICIPANTS:A:RU:H:RU4P:F,"A","Annual","RU","Russia","H","Payment systems, large-value & retail","RU4P","Payments using letters of advice (discontinued)","F","Direct participants, Government","A","All users","E","End of period","0","373","Pure Number","0","Units","","7","",,M,,M,,M,,M,,M,,M,,M
CPMI_PARTICIPANTS:A:RU:H:RU4P:G,"A","Annual","RU","Russia","H","Payment systems, large-value & retail","RU4P","Payments using letters of advice (discontinued)","G","Direct participants, Postal institution","A","All users","E","End of period","0","373","Pure Number","0","Units","","7","",,M,,M,,M,,M,,M,,M,,M
CPMI_PARTICIPANTS:A:RU:H:RU4P:H,"A","Annual","RU","Russia","H","Payment systems, large-value & retail","RU4P","Payments using letters of advice (discontinued)","H","Direct participants, Payment systems, CCPs and SSSs","A","All users","E","End of period","0","373","Pure Number","0","Units","","7","",,M,,M,,M,,M,,M,,M,,M
CPMI_PARTICIPANTS:A:RU:H:RU4P:L,"A","Annual","RU","Russia","H","Payment systems, large-value & retail","RU4P","Payments using letters of advice (discontinued)","L","Direct participants, Other","A","All users","E","End of period","0","373","Pure Number","0","Units","","7","",,M,,M,,M,,M,,M,,M,,M
CPMI_PARTICIPANTS:A:RU:H:RU4P:Z,"A","Annual","RU","Russia","H","Payment systems, large-value & retail","RU4P","Payments using letters of advice (discontinued)","Z","Indirect participants","A","All users","E","End of period","0","373","Pure Number","0","Units","","7","",,M,,M,,M,,M,,M,,M,,M
CPMI_PARTICIPANTS:A:RU:H:RU5P:A,"A","Annual","RU","Russia","H","Payment systems, large-value & retail","RU5P","NSD Payment System","A","All","A","All users","E","End of period","0","373","Pure Number","0","Units","","7","",,M,,L,,L,730,A,656,A,526,A,454,A
CPMI_PARTICIPANTS:A:RU:H:RU5P:B,"A","Annual","RU","Russia","H","Payment systems, large-value & retail","RU5P","NSD Payment System","B","Direct participants, Banks","A","All users","E","End of period","0","373","Pure Number","0","Units","","7","",,M,,L,,L,464,A,396,A,351,A,291,A
CPMI_PARTICIPANTS:A:RU:H:RU5P:C,"A","Annual","RU","Russia","H","Payment systems, large-value & retail","RU5P","NSD Payment System","C","Direct participants, Central bank","A","All users","E","End of period","0","373","Pure Number","0","Units","","7","",,M,,L,,L,1,A,1,A,1,A,1,A
CPMI_PARTICIPANTS:A:RU:H:RU5P:D,"A","Annual","RU","Russia","H","Payment systems, large-value & retail","RU5P","NSD Payment System","D","Direct participants, all","A","All users","E","End of period","0","373","Pure Number","0","Units","","7","",,M,,L,,L,730,A,656,A,526,A,454,A
CPMI_PARTICIPANTS:A:RU:H:RU5P:F,"A","Annual","RU","Russia","H","Payment systems, large-value & retail","RU5P","NSD Payment System","F","Direct participants, Government","A","All users","E","End of period","0","373","Pure Number","0","Units","","7","",,M,,L,,L,0,A,0,A,0,A,0,A
CPMI_PARTICIPANTS:A:RU:H:RU5P:G,"A","Annual","RU","Russia","H","Payment systems, large-value & retail","RU5P","NSD Payment System","G","Direct participants, Postal institution","A","All users","E","End of period","0","373","Pure Number","0","Units","","7","",,M,,L,,L,0,A,0,A,0,A,0,A
CPMI_PARTICIPANTS:A:RU:H:RU5P:H,"A","Annual","RU","Russia","H","Payment systems, large-value & retail","RU5P","NSD Payment System","H","Direct participants, Payment systems, CCPs and SSSs","A","All users","E","End of period","0","373","Pure Number","0","Units","","7","",,M,,L,,L,0,A,0,A,3,A,3,A
CPMI_PARTICIPANTS:A:RU:H:RU5P:L,"A","Annual","RU","Russia","H","Payment systems, large-value & retail","RU5P","NSD Payment System","L","Direct participants, Other","A","All users","E","End of period","0","373","Pure Number","0","Units","","7","",,M,,L,,L,265,A,259,A,171,A,159,A
CPMI_PARTICIPANTS:A:RU:H:RU5P:Z,"A","Annual","RU","Russia","H","Payment systems, large-value & retail","RU5P","NSD Payment System","Z","Indirect participants","A","All users","E","End of period","0","373","Pure Number","0","Units","","7","",,M,,L,,L,,M,,M,,M,,M
CPMI_PARTICIPANTS:A:RU:I:RU6P:A,"A","Annual","RU","Russia","I","Payment systems, large-value & fast payments","RU6P","Bank of Russia Payment System","A","All","A","All users","E","End of period","0","373","Pure Number","0","Units","","7","",,,,,,,,,,,,,1979,A
CPMI_PARTICIPANTS:A:RU:I:RU6P:B,"A","Annual","RU","Russia","I","Payment systems, large-value & fast payments","RU6P","Bank of Russia Payment System","B","Direct participants, Banks","A","All users","E","End of period","0","373","Pure Number","0","Units","","7","",,,,,,,,,,,,,1575,A
CPMI_PARTICIPANTS:A:RU:I:RU6P:C,"A","Annual","RU","Russia","I","Payment systems, large-value & fast payments","RU6P","Bank of Russia Payment System","C","Direct participants, Central bank","A","All users","E","End of period","0","373","Pure Number","0","Units","","7","",,,,,,,,,,,,,253,A
CPMI_PARTICIPANTS:A:RU:I:RU6P:D,"A","Annual","RU","Russia","I","Payment systems, large-value & fast payments","RU6P","Bank of Russia Payment System","D","Direct participants, all","A","All users","E","End of period","0","373","Pure Number","0","Units","","7","",,,,,,,,,,,,,1979,A
CPMI_PARTICIPANTS:A:RU:I:RU6P:F,"A","Annual","RU","Russia","I","Payment systems, large-value & fast payments","RU6P","Bank of Russia Payment System","F","Direct participants, Government","A","All users","E","End of period","0","373","Pure Number","0","Units","","7","",,,,,,,,,,,,,151,A
CPMI_PARTICIPANTS:A:RU:I:RU6P:G,"A","Annual","RU","Russia","I","Payment systems, large-value & fast payments","RU6P","Bank of Russia Payment System","G","Direct participants, Postal institution","A","All users","E","End of period","0","373","Pure Number","0","Units","","7","",,,,,,,,,,,,,,M
CPMI_PARTICIPANTS:A:RU:I:RU6P:H,"A","Annual","RU","Russia","I","Payment systems, large-value & fast payments","RU6P","Bank of Russia Payment System","H","Direct participants, Payment systems, CCPs and SSSs","A","All users","E","End of period","0","373","Pure Number","0","Units","","7","",,,,,,,,,,,,,,M
CPMI_PARTICIPANTS:A:RU:I:RU6P:L,"A","Annual","RU","Russia","I","Payment systems, large-value & fast payments","RU6P","Bank of Russia Payment System","L","Direct participants, Other","A","All users","E","End of period","0","373","Pure Number","0","Units","","7","",,,,,,,,,,,,,0,A
CPMI_PARTICIPANTS:A:RU:I:RU6P:Z,"A","Annual","RU","Russia","I","Payment systems, large-value & fast payments","RU6P","Bank of Russia Payment System","Z","Indirect participants","A","All users","E","End of period","0","373","Pure Number","0","Units","","7","",,,,,,,,,,,,,0,A
CPMI_PARTICIPANTS:A:RU:S:SWFT:0,"A","Annual","RU","Russia","S","Swift","SWFT","Swift","0","Members","A","All users","E","End of period","0","373","Pure Number","0","Units","","10","",110,A,109,A,105,A,102,A,96,A,90,A,84,A
CPMI_PARTICIPANTS:A:RU:S:SWFT:1,"A","Annual","RU","Russia","S","Swift","SWFT","Swift","1","Sub-members","A","All users","E","End of period","0","373","Pure Number","0","Units","","10","",41,A,42,A,39,A,39,A,37,A,38,A,37,A
CPMI_PARTICIPANTS:A:RU:S:SWFT:A,"A","Annual","RU","Russia","S","Swift","SWFT","Swift","A","All","A","All users","E","End of period","0","373","Pure Number","0","Units","","10","",599,A,617,A,593,A,526,A,453,A,422,A,370,A
CPMI_PARTICIPANTS:A:RU:U:RU2C:B,"A","Annual","RU","Russia","U","Central counterparties/clearing houses","RU2C","RTS CC","B","Direct participants, Banks","A","All users","E","End of period","0","373","Pure Number","0","Units","","12","",,M,,M,,M,,M,,M,,M,,
CPMI_PARTICIPANTS:A:RU:U:RU2C:C,"A","Annual","RU","Russia","U","Central counterparties/clearing houses","RU2C","RTS CC","C","Direct participants, Central bank","A","All users","E","End of period","0","373","Pure Number","0","Units","","12","",,M,,M,,M,,M,,M,,M,,
CPMI_PARTICIPANTS:A:RU:U:RU2C:D,"A","Annual","RU","Russia","U","Central counterparties/clearing houses","RU2C","RTS CC","D","Direct participants, all","A","All users","E","End of period","0","373","Pure Number","0","Units","","12","",,M,,M,,M,,M,,M,,M,,
CPMI_PARTICIPANTS:A:RU:U:RU2C:I,"A","Annual","RU","Russia","U","Central counterparties/clearing houses","RU2C","RTS CC","I","Direct participants, CCPs/Other CCPs","A","All users","E","End of period","0","373","Pure Number","0","Units","","12","",,M,,M,,M,,M,,M,,M,,
CPMI_PARTICIPANTS:A:RU:U:RU2C:L,"A","Annual","RU","Russia","U","Central counterparties/clearing houses","RU2C","RTS CC","L","Direct participants, Other","A","All users","E","End of period","0","373","Pure Number","0","Units","","12","",,M,,M,,M,,M,,M,,M,,
CPMI_PARTICIPANTS:A:RU:U:RU2C:N,"A","Annual","RU","Russia","U","Central counterparties/clearing houses","RU2C","RTS CC","N","Direct participants, domestic","A","All users","E","End of period","0","373","Pure Number","0","Units","","12","",,M,,M,,M,,M,,M,,M,,
CPMI_PARTICIPANTS:A:RU:U:RU2C:O,"A","Annual","RU","Russia","U","Central counterparties/clearing houses","RU2C","RTS CC","O","Direct participants, domestic, Banks","A","All users","E","End of period","0","373","Pure Number","0","Units","","12","",,M,,M,,M,,M,,M,,M,,
CPMI_PARTICIPANTS:A:RU:U:RU2C:P,"A","Annual","RU","Russia","U","Central counterparties/clearing houses","RU2C","RTS CC","P","Direct participants, domestic, Central banks","A","All users","E","End of period","0","373","Pure Number","0","Units","","12","",,M,,M,,M,,M,,M,,M,,
CPMI_PARTICIPANTS:A:RU:U:RU2C:Q,"A","Annual","RU","Russia","U","Central counterparties/clearing houses","RU2C","RTS CC","Q","Direct participants, domestic, CCPs/Other CCPs","A","All users","E","End of period","0","373","Pure Number","0","Units","","12","",,M,,M,,M,,M,,M,,M,,
CPMI_PARTICIPANTS:A:RU:U:RU2C:S,"A","Annual","RU","Russia","U","Central counterparties/clearing houses","RU2C","RTS CC","S","Direct participants, domestic, Other","A","All users","E","End of period","0","373","Pure Number","0","Units","","12","",,M,,M,,M,,M,,M,,M,,
CPMI_PARTICIPANTS:A:RU:U:RU2C:T,"A","Annual","RU","Russia","U","Central counterparties/clearing houses","RU2C","RTS CC","T","Direct participants, foreign","A","All users","E","End of period","0","373","Pure Number","0","Units","","12","",,M,,M,,M,,M,,M,,M,,
CPMI_PARTICIPANTS:A:RU:U:RU2C:U,"A","Annual","RU","Russia","U","Central counterparties/clearing houses","RU2C","RTS CC","U","Direct participants, foreign, Banks","A","All users","E","End of period","0","373","Pure Number","0","Units","","12","",,M,,M,,M,,M,,M,,M,,
CPMI_PARTICIPANTS:A:RU:U:RU2C:V,"A","Annual","RU","Russia","U","Central counterparties/clearing houses","RU2C","RTS CC","V","Direct participants, foreign, Central banks","A","All users","E","End of period","0","373","Pure Number","0","Units","","12","",,M,,M,,M,,M,,M,,M,,
CPMI_PARTICIPANTS:A:RU:U:RU2C:W,"A","Annual","RU","Russia","U","Central counterparties/clearing houses","RU2C","RTS CC","W","Direct participants, foreign, CCPs/Other CCPs","A","All users","E","End of period","0","373","Pure Number","0","Units","","12","",,M,,M,,M,,M,,M,,M,,
CPMI_PARTICIPANTS:A:RU:U:RU2C:Y,"A","Annual","RU","Russia","U","Central counterparties/clearing houses","RU2C","RTS CC","Y","Direct participants, foreign, Other","A","All users","E","End of period","0","373","Pure Number","0","Units","","12","",,M,,M,,M,,M,,M,,M,,
CPMI_PARTICIPANTS:A:RU:U:RU3C:B,"A","Annual","RU","Russia","U","Central counterparties/clearing houses","RU3C","National Settlement Depository (NSD)","B","Direct participants, Banks","A","All users","E","End of period","0","373","Pure Number","0","Units","","12","",,L,190,A,235,A,256,A,235,A,223,A,198,A
CPMI_PARTICIPANTS:A:RU:U:RU3C:C,"A","Annual","RU","Russia","U","Central counterparties/clearing houses","RU3C","National Settlement Depository (NSD)","C","Direct participants, Central bank","A","All users","E","End of period","0","373","Pure Number","0","Units","","12","",,L,1,A,1,A,1,A,1,A,1,A,1,A
CPMI_PARTICIPANTS:A:RU:U:RU3C:D,"A","Annual","RU","Russia","U","Central counterparties/clearing houses","RU3C","National Settlement Depository (NSD)","D","Direct participants, all","A","All users","E","End of period","0","373","Pure Number","0","Units","","12","",,L,289,A,333,A,358,A,350,A,333,A,312,A
CPMI_PARTICIPANTS:A:RU:U:RU3C:I,"A","Annual","RU","Russia","U","Central counterparties/clearing houses","RU3C","National Settlement Depository (NSD)","I","Direct participants, CCPs/Other CCPs","A","All users","E","End of period","0","373","Pure Number","0","Units","","12","",,L,0,A,0,A,0,A,0,A,0,A,0,A
CPMI_PARTICIPANTS:A:RU:U:RU3C:L,"A","Annual","RU","Russia","U","Central counterparties/clearing houses","RU3C","National Settlement Depository (NSD)","L","Direct participants, Other","A","All users","E","End of period","0","373","Pure Number","0","Units","","12","",,L,98,A,97,A,101,A,114,A,109,A,113,A
CPMI_PARTICIPANTS:A:RU:U:RU3C:N,"A","Annual","RU","Russia","U","Central counterparties/clearing houses","RU3C","National Settlement Depository (NSD)","N","Direct participants, domestic","A","All users","E","End of period","0","373","Pure Number","0","Units","","12","",,L,282,A,326,A,349,A,342,A,326,A,304,A
CPMI_PARTICIPANTS:A:RU:U:RU3C:O,"A","Annual","RU","Russia","U","Central counterparties/clearing houses","RU3C","National Settlement Depository (NSD)","O","Direct participants, domestic, Banks","A","All users","E","End of period","0","373","Pure Number","0","Units","","12","",,L,188,A,231,A,249,A,229,A,218,A,192,A
CPMI_PARTICIPANTS:A:RU:U:RU3C:P,"A","Annual","RU","Russia","U","Central counterparties/clearing houses","RU3C","National Settlement Depository (NSD)","P","Direct participants, domestic, Central banks","A","All users","E","End of period","0","373","Pure Number","0","Units","","12","",,L,1,A,1,A,1,A,1,A,1,A,1,A
CPMI_PARTICIPANTS:A:RU:U:RU3C:Q,"A","Annual","RU","Russia","U","Central counterparties/clearing houses","RU3C","National Settlement Depository (NSD)","Q","Direct participants, domestic, CCPs/Other CCPs","A","All users","E","End of period","0","373","Pure Number","0","Units","","12","",,L,0,A,0,A,0,A,0,A,0,A,0,A
CPMI_PARTICIPANTS:A:RU:U:RU3C:S,"A","Annual","RU","Russia","U","Central counterparties/clearing houses","RU3C","National Settlement Depository (NSD)","S","Direct participants, domestic, Other","A","All users","E","End of period","0","373","Pure Number","0","Units","","12","",,L,93,A,94,A,99,A,112,A,107,A,111,A
CPMI_PARTICIPANTS:A:RU:U:RU3C:T,"A","Annual","RU","Russia","U","Central counterparties/clearing houses","RU3C","National Settlement Depository (NSD)","T","Direct participants, foreign","A","All users","E","End of period","0","373","Pure Number","0","Units","","12","",,L,7,A,7,A,9,A,8,A,7,A,8,A
CPMI_PARTICIPANTS:A:RU:U:RU3C:U,"A","Annual","RU","Russia","U","Central counterparties/clearing houses","RU3C","National Settlement Depository (NSD)","U","Direct participants, foreign, Banks","A","All users","E","End of period","0","373","Pure Number","0","Units","","12","",,L,2,A,4,A,7,A,6,A,5,A,6,A
CPMI_PARTICIPANTS:A:RU:U:RU3C:V,"A","Annual","RU","Russia","U","Central counterparties/clearing houses","RU3C","National Settlement Depository (NSD)","V","Direct participants, foreign, Central banks","A","All users","E","End of period","0","373","Pure Number","0","Units","","12","",,L,0,A,0,A,0,A,0,A,0,A,0,A
CPMI_PARTICIPANTS:A:RU:U:RU3C:W,"A","Annual","RU","Russia","U","Central counterparties/clearing houses","RU3C","National Settlement Depository (NSD)","W","Direct participants, foreign, CCPs/Other CCPs","A","All users","E","End of period","0","373","Pure Number","0","Units","","12","",,L,0,A,0,A,0,A,0,A,0,A,0,A
CPMI_PARTICIPANTS:A:RU:U:RU3C:Y,"A","Annual","RU","Russia","U","Central counterparties/clearing houses","RU3C","National Settlement Depository (NSD)","Y","Direct participants, foreign, Other","A","All users","E","End of period","0","373","Pure Number","0","Units","","12","",,L,5,A,3,A,2,A,2,A,2,A,2,A
CPMI_PARTICIPANTS:A:RU:U:RU4C:B,"A","Annual","RU","Russia","U","Central counterparties/clearing houses","RU4C","Central Counterparty National Clearing Centre (CCP NCC)","B","Direct participants, Banks","A","All users","E","End of period","0","373","Pure Number","0","Units","","12","",426,A,540,A,516,A,479,A,418,A,387,A,337,A
CPMI_PARTICIPANTS:A:RU:U:RU4C:C,"A","Annual","RU","Russia","U","Central counterparties/clearing houses","RU4C","Central Counterparty National Clearing Centre (CCP NCC)","C","Direct participants, Central bank","A","All users","E","End of period","0","373","Pure Number","0","Units","","12","",1,A,1,A,2,A,3,A,3,A,1,A,1,A
CPMI_PARTICIPANTS:A:RU:U:RU4C:D,"A","Annual","RU","Russia","U","Central counterparties/clearing houses","RU4C","Central Counterparty National Clearing Centre (CCP NCC)","D","Direct participants, all","A","All users","E","End of period","0","373","Pure Number","0","Units","","12","",727,A,825,A,794,A,713,A,655,A,560,A,552,A
CPMI_PARTICIPANTS:A:RU:U:RU4C:I,"A","Annual","RU","Russia","U","Central counterparties/clearing houses","RU4C","Central Counterparty National Clearing Centre (CCP NCC)","I","Direct participants, CCPs/Other CCPs","A","All users","E","End of period","0","373","Pure Number","0","Units","","12","",1,A,1,A,0,A,0,A,0,A,0,A,0,A
CPMI_PARTICIPANTS:A:RU:U:RU4C:L,"A","Annual","RU","Russia","U","Central counterparties/clearing houses","RU4C","Central Counterparty National Clearing Centre (CCP NCC)","L","Direct participants, Other","A","All users","E","End of period","0","373","Pure Number","0","Units","","12","",299,A,283,A,276,A,231,A,234,A,172,A,214,A
CPMI_PARTICIPANTS:A:RU:U:RU4C:N,"A","Annual","RU","Russia","U","Central counterparties/clearing houses","RU4C","Central Counterparty National Clearing Centre (CCP NCC)","N","Direct participants, domestic","A","All users","E","End of period","0","373","Pure Number","0","Units","","12","",727,A,820,A,786,A,702,A,642,A,547,A,531,A
CPMI_PARTICIPANTS:A:RU:U:RU4C:O,"A","Annual","RU","Russia","U","Central counterparties/clearing houses","RU4C","Central Counterparty National Clearing Centre (CCP NCC)","O","Direct participants, domestic, Banks","A","All users","E","End of period","0","373","Pure Number","0","Units","","12","",426,A,535,A,509,A,471,A,408,A,375,A,318,A
CPMI_PARTICIPANTS:A:RU:U:RU4C:P,"A","Annual","RU","Russia","U","Central counterparties/clearing houses","RU4C","Central Counterparty National Clearing Centre (CCP NCC)","P","Direct participants, domestic, Central banks","A","All users","E","End of period","0","373","Pure Number","0","Units","","12","",1,A,1,A,1,A,1,A,1,A,1,A,1,A
CPMI_PARTICIPANTS:A:RU:U:RU4C:Q,"A","Annual","RU","Russia","U","Central counterparties/clearing houses","RU4C","Central Counterparty National Clearing Centre (CCP NCC)","Q","Direct participants, domestic, CCPs/Other CCPs","A","All users","E","End of period","0","373","Pure Number","0","Units","","12","",1,A,1,A,0,A,0,A,0,A,0,A,0,A
CPMI_PARTICIPANTS:A:RU:U:RU4C:S,"A","Annual","RU","Russia","U","Central counterparties/clearing houses","RU4C","Central Counterparty National Clearing Centre (CCP NCC)","S","Direct participants, domestic, Other","A","All users","E","End of period","0","373","Pure Number","0","Units","","12","",299,A,283,A,276,A,230,A,233,A,171,A,212,A
CPMI_PARTICIPANTS:A:RU:U:RU4C:T,"A","Annual","RU","Russia","U","Central counterparties/clearing houses","RU4C","Central Counterparty National Clearing Centre (CCP NCC)","T","Direct participants, foreign","A","All users","E","End of period","0","373","Pure Number","0","Units","","12","",0,A,5,A,8,A,11,A,13,A,13,A,21,A
CPMI_PARTICIPANTS:A:RU:U:RU4C:U,"A","Annual","RU","Russia","U","Central counterparties/clearing houses","RU4C","Central Counterparty National Clearing Centre (CCP NCC)","U","Direct participants, foreign, Banks","A","All users","E","End of period","0","373","Pure Number","0","Units","","12","",0,A,5,A,7,A,8,A,10,A,12,A,19,A
CPMI_PARTICIPANTS:A:RU:U:RU4C:V,"A","Annual","RU","Russia","U","Central counterparties/clearing houses","RU4C","Central Counterparty National Clearing Centre (CCP NCC)","V","Direct participants, foreign, Central banks","A","All users","E","End of period","0","373","Pure Number","0","Units","","12","",0,A,0,A,1,A,2,A,2,A,0,A,0,A
CPMI_PARTICIPANTS:A:RU:U:RU4C:W,"A","Annual","RU","Russia","U","Central counterparties/clearing houses","RU4C","Central Counterparty National Clearing Centre (CCP NCC)","W","Direct participants, foreign, CCPs/Other CCPs","A","All users","E","End of period","0","373","Pure Number","0","Units","","12","",0,A,0,A,0,A,0,A,0,A,0,A,0,A
CPMI_PARTICIPANTS:A:RU:U:RU4C:Y,"A","Annual","RU","Russia","U","Central counterparties/clearing houses","RU4C","Central Counterparty National Clearing Centre (CCP NCC)","Y","Direct participants, foreign, Other","A","All users","E","End of period","0","373","Pure Number","0","Units","","12","",0,A,0,A,0,A,1,A,1,A,1,A,2,A
CPMI_PARTICIPANTS:A:RU:V:RU2S:B,"A","Annual","RU","Russia","V","Central securities depositories","RU2S","DCC","B","Direct participants, Banks","A","All users","E","End of period","0","373","Pure Number","0","Units","","15","",36,A,30,A,,M,,M,,M,,M,,
CPMI_PARTICIPANTS:A:RU:V:RU2S:C,"A","Annual","RU","Russia","V","Central securities depositories","RU2S","DCC","C","Direct participants, Central bank","A","All users","E","End of period","0","373","Pure Number","0","Units","","15","",0,A,0,A,,M,,M,,M,,M,,
CPMI_PARTICIPANTS:A:RU:V:RU2S:D,"A","Annual","RU","Russia","V","Central securities depositories","RU2S","DCC","D","Direct participants, all","A","All users","E","End of period","0","373","Pure Number","0","Units","Due to integration of DCC and NSD clients and custody services were transferred from DCC to NSD in 2013-14.","15","",199,A,115,A,,L,,L,,L,,L,,
CPMI_PARTICIPANTS:A:RU:V:RU2S:I,"A","Annual","RU","Russia","V","Central securities depositories","RU2S","DCC","I","Direct participants, CCPs/Other CCPs","A","All users","E","End of period","0","373","Pure Number","0","Units","","15","",1,A,0,A,,M,,M,,M,,M,,
CPMI_PARTICIPANTS:A:RU:V:RU2S:J,"A","Annual","RU","Russia","V","Central securities depositories","RU2S","DCC","J","Direct participants, CSDs","A","All users","E","End of period","0","373","Pure Number","0","Units","","15","",0,A,1,A,,M,,M,,M,,M,,
CPMI_PARTICIPANTS:A:RU:V:RU2S:L,"A","Annual","RU","Russia","V","Central securities depositories","RU2S","DCC","L","Direct participants, Other","A","All users","E","End of period","0","373","Pure Number","0","Units","","15","",162,A,84,A,,M,,M,,M,,M,,
CPMI_PARTICIPANTS:A:RU:V:RU2S:N,"A","Annual","RU","Russia","V","Central securities depositories","RU2S","DCC","N","Direct participants, domestic","A","All users","E","End of period","0","373","Pure Number","0","Units","","15","",198,A,112,A,,M,,M,,M,,M,,
CPMI_PARTICIPANTS:A:RU:V:RU2S:O,"A","Annual","RU","Russia","V","Central securities depositories","RU2S","DCC","O","Direct participants, domestic, Banks","A","All users","E","End of period","0","373","Pure Number","0","Units","","15","",36,A,30,A,,M,,M,,M,,M,,
CPMI_PARTICIPANTS:A:RU:V:RU2S:P,"A","Annual","RU","Russia","V","Central securities depositories","RU2S","DCC","P","Direct participants, domestic, Central banks","A","All users","E","End of period","0","373","Pure Number","0","Units","","15","",0,A,0,A,,M,,M,,M,,M,,
CPMI_PARTICIPANTS:A:RU:V:RU2S:Q,"A","Annual","RU","Russia","V","Central securities depositories","RU2S","DCC","Q","Direct participants, domestic, CCPs/Other CCPs","A","All users","E","End of period","0","373","Pure Number","0","Units","","15","",1,A,0,A,,M,,M,,M,,M,,
CPMI_PARTICIPANTS:A:RU:V:RU2S:R,"A","Annual","RU","Russia","V","Central securities depositories","RU2S","DCC","R","Direct participants, domestic, CSDs","A","All users","E","End of period","0","373","Pure Number","0","Units","","15","",0,A,1,A,,M,,M,,M,,M,,
CPMI_PARTICIPANTS:A:RU:V:RU2S:S,"A","Annual","RU","Russia","V","Central securities depositories","RU2S","DCC","S","Direct participants, domestic, Other","A","All users","E","End of period","0","373","Pure Number","0","Units","","15","",161,A,81,A,,M,,M,,M,,M,,
CPMI_PARTICIPANTS:A:RU:V:RU2S:T,"A","Annual","RU","Russia","V","Central securities depositories","RU2S","DCC","T","Direct participants, foreign","A","All users","E","End of period","0","373","Pure Number","0","Units","","15","",1,A,3,A,,M,,M,,M,,M,,
CPMI_PARTICIPANTS:A:RU:V:RU2S:U,"A","Annual","RU","Russia","V","Central securities depositories","RU2S","DCC","U","Direct participants, foreign, Banks","A","All users","E","End of period","0","373","Pure Number","0","Units","","15","",0,A,0,A,,M,,M,,M,,M,,
CPMI_PARTICIPANTS:A:RU:V:RU2S:V,"A","Annual","RU","Russia","V","Central securities depositories","RU2S","DCC","V","Direct participants, foreign, Central banks","A","All users","E","End of period","0","373","Pure Number","0","Units","","15","",0,A,0,A,,M,,M,,M,,M,,
CPMI_PARTICIPANTS:A:RU:V:RU2S:W,"A","Annual","RU","Russia","V","Central securities depositories","RU2S","DCC","W","Direct participants, foreign, CCPs/Other CCPs","A","All users","E","End of period","0","373","Pure Number","0","Units","","15","",0,A,0,A,,M,,M,,M,,M,,
CPMI_PARTICIPANTS:A:RU:V:RU2S:X,"A","Annual","RU","Russia","V","Central securities depositories","RU2S","DCC","X","Direct participants, foreign,CSDs","A","All users","E","End of period","0","373","Pure Number","0","Units","","15","",0,A,0,A,,M,,M,,M,,M,,
CPMI_PARTICIPANTS:A:RU:V:RU2S:Y,"A","Annual","RU","Russia","V","Central securities depositories","RU2S","DCC","Y","Direct participants, foreign, Other","A","All users","E","End of period","0","373","Pure Number","0","Units","","15","",1,A,3,A,,M,,M,,M,,M,,
CPMI_PARTICIPANTS:A:RU:V:RU3S:B,"A","Annual","RU","Russia","V","Central securities depositories","RU3S","National Settlement Depository (NSD)","B","Direct participants, Banks","A","All users","E","End of period","0","373","Pure Number","0","Units","","15","",575,A,579,A,576,A,571,A,551,A,534,A,497,A
CPMI_PARTICIPANTS:A:RU:V:RU3S:C,"A","Annual","RU","Russia","V","Central securities depositories","RU3S","National Settlement Depository (NSD)","C","Direct participants, Central bank","A","All users","E","End of period","0","373","Pure Number","0","Units","","15","",1,A,1,A,1,A,1,A,1,A,1,A,1,A
CPMI_PARTICIPANTS:A:RU:V:RU3S:D,"A","Annual","RU","Russia","V","Central securities depositories","RU3S","National Settlement Depository (NSD)","D","Direct participants, all","A","All users","E","End of period","0","373","Pure Number","0","Units","","15","",909,A,908,A,896,A,895,A,846,A,806,A,744,A
CPMI_PARTICIPANTS:A:RU:V:RU3S:I,"A","Annual","RU","Russia","V","Central securities depositories","RU3S","National Settlement Depository (NSD)","I","Direct participants, CCPs/Other CCPs","A","All users","E","End of period","0","373","Pure Number","0","Units","","15","",1,A,1,A,0,A,0,A,0,A,0,A,0,A
CPMI_PARTICIPANTS:A:RU:V:RU3S:J,"A","Annual","RU","Russia","V","Central securities depositories","RU3S","National Settlement Depository (NSD)","J","Direct participants, CSDs","A","All users","E","End of period","0","373","Pure Number","0","Units","","15","",1,A,6,A,8,A,9,A,9,A,9,A,8,A
CPMI_PARTICIPANTS:A:RU:V:RU3S:L,"A","Annual","RU","Russia","V","Central securities depositories","RU3S","National Settlement Depository (NSD)","L","Direct participants, Other","A","All users","E","End of period","0","373","Pure Number","0","Units","","15","",331,A,321,A,311,A,314,A,285,A,262,A,238,A
CPMI_PARTICIPANTS:A:RU:V:RU3S:N,"A","Annual","RU","Russia","V","Central securities depositories","RU3S","National Settlement Depository (NSD)","N","Direct participants, domestic","A","All users","E","End of period","0","373","Pure Number","0","Units","","15","",901,A,892,A,878,A,876,A,828,A,789,A,730,A
CPMI_PARTICIPANTS:A:RU:V:RU3S:O,"A","Annual","RU","Russia","V","Central securities depositories","RU3S","National Settlement Depository (NSD)","O","Direct participants, domestic, Banks","A","All users","E","End of period","0","373","Pure Number","0","Units","","15","",572,A,576,A,574,A,568,A,549,A,528,A,495,A
CPMI_PARTICIPANTS:A:RU:V:RU3S:P,"A","Annual","RU","Russia","V","Central securities depositories","RU3S","National Settlement Depository (NSD)","P","Direct participants, domestic, Central banks","A","All users","E","End of period","0","373","Pure Number","0","Units","","15","",1,A,1,A,1,A,1,A,1,A,1,A,1,A
CPMI_PARTICIPANTS:A:RU:V:RU3S:Q,"A","Annual","RU","Russia","V","Central securities depositories","RU3S","National Settlement Depository (NSD)","Q","Direct participants, domestic, CCPs/Other CCPs","A","All users","E","End of period","0","373","Pure Number","0","Units","","15","",1,A,1,A,0,A,0,A,0,A,0,A,0,A
CPMI_PARTICIPANTS:A:RU:V:RU3S:R,"A","Annual","RU","Russia","V","Central securities depositories","RU3S","National Settlement Depository (NSD)","R","Direct participants, domestic, CSDs","A","All users","E","End of period","0","373","Pure Number","0","Units","","15","",0,A,0,A,0,A,0,A,0,A,0,A,0,A
CPMI_PARTICIPANTS:A:RU:V:RU3S:S,"A","Annual","RU","Russia","V","Central securities depositories","RU3S","National Settlement Depository (NSD)","S","Direct participants, domestic, Other","A","All users","E","End of period","0","373","Pure Number","0","Units","","15","",327,A,314,A,303,A,307,A,278,A,260,A,234,A
CPMI_PARTICIPANTS:A:RU:V:RU3S:T,"A","Annual","RU","Russia","V","Central securities depositories","RU3S","National Settlement Depository (NSD)","T","Direct participants, foreign","A","All users","E","End of period","0","373","Pure Number","0","Units","","15","",8,A,16,A,18,A,19,A,18,A,17,A,14,A
CPMI_PARTICIPANTS:A:RU:V:RU3S:U,"A","Annual","RU","Russia","V","Central securities depositories","RU3S","National Settlement Depository (NSD)","U","Direct participants, foreign, Banks","A","All users","E","End of period","0","373","Pure Number","0","Units","","15","",3,A,3,A,2,A,3,A,2,A,6,A,2,A
CPMI_PARTICIPANTS:A:RU:V:RU3S:V,"A","Annual","RU","Russia","V","Central securities depositories","RU3S","National Settlement Depository (NSD)","V","Direct participants, foreign, Central banks","A","All users","E","End of period","0","373","Pure Number","0","Units","","15","",0,A,0,A,0,A,0,A,0,A,0,A,0,A
CPMI_PARTICIPANTS:A:RU:V:RU3S:W,"A","Annual","RU","Russia","V","Central securities depositories","RU3S","National Settlement Depository (NSD)","W","Direct participants, foreign, CCPs/Other CCPs","A","All users","E","End of period","0","373","Pure Number","0","Units","","15","",0,A,0,A,0,A,0,A,0,A,0,A,0,A
CPMI_PARTICIPANTS:A:RU:V:RU3S:X,"A","Annual","RU","Russia","V","Central securities depositories","RU3S","National Settlement Depository (NSD)","X","Direct participants, foreign,CSDs","A","All users","E","End of period","0","373","Pure Number","0","Units","","15","",1,A,6,A,8,A,9,A,9,A,9,A,8,A
CPMI_PARTICIPANTS:A:RU:V:RU3S:Y,"A","Annual","RU","Russia","V","Central securities depositories","RU3S","National Settlement Depository (NSD)","Y","Direct participants, foreign, Other","A","All users","E","End of period","0","373","Pure Number","0","Units","","15","",4,A,7,A,8,A,7,A,7,A,2,A,4,A
CPMI_PARTICIPANTS:A:SA:H:SA1P:A,"A","Annual","SA","Saudi Arabia","H","Payment systems, large-value & retail","SA1P","SARIE","A","All","A","All users","E","End of period","0","373","Pure Number","0","Units","","7","",23,A,23,A,23,A,23,A,25,A,26,A,27,A
CPMI_PARTICIPANTS:A:SA:H:SA1P:B,"A","Annual","SA","Saudi Arabia","H","Payment systems, large-value & retail","SA1P","SARIE","B","Direct participants, Banks","A","All users","E","End of period","0","373","Pure Number","0","Units","","7","",22,A,22,A,22,A,22,A,24,A,25,A,26,A
CPMI_PARTICIPANTS:A:SA:H:SA1P:C,"A","Annual","SA","Saudi Arabia","H","Payment systems, large-value & retail","SA1P","SARIE","C","Direct participants, Central bank","A","All users","E","End of period","0","373","Pure Number","0","Units","","7","",1,A,1,A,1,A,1,A,1,A,1,A,1,A
CPMI_PARTICIPANTS:A:SA:H:SA1P:D,"A","Annual","SA","Saudi Arabia","H","Payment systems, large-value & retail","SA1P","SARIE","D","Direct participants, all","A","All users","E","End of period","0","373","Pure Number","0","Units","","7","",23,A,23,A,23,A,23,A,25,A,26,A,27,A
CPMI_PARTICIPANTS:A:SA:H:SA1P:F,"A","Annual","SA","Saudi Arabia","H","Payment systems, large-value & retail","SA1P","SARIE","F","Direct participants, Government","A","All users","E","End of period","0","373","Pure Number","0","Units","","7","",,M,,M,,M,,M,,M,,M,,M
CPMI_PARTICIPANTS:A:SA:H:SA1P:G,"A","Annual","SA","Saudi Arabia","H","Payment systems, large-value & retail","SA1P","SARIE","G","Direct participants, Postal institution","A","All users","E","End of period","0","373","Pure Number","0","Units","","7","",,M,,M,,M,,M,,M,,M,,M
CPMI_PARTICIPANTS:A:SA:H:SA1P:H,"A","Annual","SA","Saudi Arabia","H","Payment systems, large-value & retail","SA1P","SARIE","H","Direct participants, Payment systems, CCPs and SSSs","A","All users","E","End of period","0","373","Pure Number","0","Units","","7","",,M,,M,,M,,M,,M,,M,,M
CPMI_PARTICIPANTS:A:SA:H:SA1P:L,"A","Annual","SA","Saudi Arabia","H","Payment systems, large-value & retail","SA1P","SARIE","L","Direct participants, Other","A","All users","E","End of period","0","373","Pure Number","0","Units","","7","",,M,,M,,M,,M,,M,,M,,M
CPMI_PARTICIPANTS:A:SA:H:SA1P:Z,"A","Annual","SA","Saudi Arabia","H","Payment systems, large-value & retail","SA1P","SARIE","Z","Indirect participants","A","All users","E","End of period","0","373","Pure Number","0","Units","","7","",,M,,M,,M,,M,,M,,M,,M
CPMI_PARTICIPANTS:A:SA:S:SWFT:0,"A","Annual","SA","Saudi Arabia","S","Swift","SWFT","Swift","0","Members","A","All users","E","End of period","0","373","Pure Number","0","Units","","10","",14,A,14,A,14,A,14,A,14,A,14,A,14,A
CPMI_PARTICIPANTS:A:SA:S:SWFT:1,"A","Annual","SA","Saudi Arabia","S","Swift","SWFT","Swift","1","Sub-members","A","All users","E","End of period","0","373","Pure Number","0","Units","","10","",16,A,18,A,17,A,17,A,19,A,20,A,22,A
CPMI_PARTICIPANTS:A:SA:S:SWFT:A,"A","Annual","SA","Saudi Arabia","S","Swift","SWFT","Swift","A","All","A","All users","E","End of period","0","373","Pure Number","0","Units","","10","",46,A,54,A,57,A,61,A,64,A,64,A,71,A
CPMI_PARTICIPANTS:A:SA:V:SA1S:B,"A","Annual","SA","Saudi Arabia","V","Central securities depositories","SA1S","Tadawul","B","Direct participants, Banks","A","All users","E","End of period","0","373","Pure Number","0","Units","","15","",23,A,23,A,23,A,23,A,23,A,24,A,26,A
CPMI_PARTICIPANTS:A:SA:V:SA1S:C,"A","Annual","SA","Saudi Arabia","V","Central securities depositories","SA1S","Tadawul","C","Direct participants, Central bank","A","All users","E","End of period","0","373","Pure Number","0","Units","","15","",1,A,1,A,1,A,1,A,1,A,1,A,1,A
CPMI_PARTICIPANTS:A:SA:V:SA1S:D,"A","Annual","SA","Saudi Arabia","V","Central securities depositories","SA1S","Tadawul","D","Direct participants, all","A","All users","E","End of period","0","373","Pure Number","0","Units","","15","",55,A,55,A,55,A,55,A,55,A,56,A,58,A
CPMI_PARTICIPANTS:A:SA:V:SA1S:I,"A","Annual","SA","Saudi Arabia","V","Central securities depositories","SA1S","Tadawul","I","Direct participants, CCPs/Other CCPs","A","All users","E","End of period","0","373","Pure Number","0","Units","","15","",0,A,0,A,0,A,0,A,0,A,0,A,0,A
CPMI_PARTICIPANTS:A:SA:V:SA1S:J,"A","Annual","SA","Saudi Arabia","V","Central securities depositories","SA1S","Tadawul","J","Direct participants, CSDs","A","All users","E","End of period","0","373","Pure Number","0","Units","","15","",1,A,1,A,1,A,1,A,1,A,1,A,1,A
CPMI_PARTICIPANTS:A:SA:V:SA1S:L,"A","Annual","SA","Saudi Arabia","V","Central securities depositories","SA1S","Tadawul","L","Direct participants, Other","A","All users","E","End of period","0","373","Pure Number","0","Units","","15","",30,A,30,A,30,A,30,A,30,A,30,A,30,A
CPMI_PARTICIPANTS:A:SA:V:SA1S:N,"A","Annual","SA","Saudi Arabia","V","Central securities depositories","SA1S","Tadawul","N","Direct participants, domestic","A","All users","E","End of period","0","373","Pure Number","0","Units","","15","",55,A,55,A,55,A,55,A,55,A,56,A,58,A
CPMI_PARTICIPANTS:A:SA:V:SA1S:O,"A","Annual","SA","Saudi Arabia","V","Central securities depositories","SA1S","Tadawul","O","Direct participants, domestic, Banks","A","All users","E","End of period","0","373","Pure Number","0","Units","","15","",23,A,23,A,23,A,23,A,23,A,24,A,26,A
CPMI_PARTICIPANTS:A:SA:V:SA1S:P,"A","Annual","SA","Saudi Arabia","V","Central securities depositories","SA1S","Tadawul","P","Direct participants, domestic, Central banks","A","All users","E","End of period","0","373","Pure Number","0","Units","","15","",1,A,1,A,1,A,1,A,1,A,1,A,1,A
CPMI_PARTICIPANTS:A:SA:V:SA1S:Q,"A","Annual","SA","Saudi Arabia","V","Central securities depositories","SA1S","Tadawul","Q","Direct participants, domestic, CCPs/Other CCPs","A","All users","E","End of period","0","373","Pure Number","0","Units","","15","",0,A,0,A,0,A,0,A,0,A,0,A,0,A
CPMI_PARTICIPANTS:A:SA:V:SA1S:R,"A","Annual","SA","Saudi Arabia","V","Central securities depositories","SA1S","Tadawul","R","Direct participants, domestic, CSDs","A","All users","E","End of period","0","373","Pure Number","0","Units","","15","",1,A,1,A,1,A,1,A,1,A,1,A,1,A
CPMI_PARTICIPANTS:A:SA:V:SA1S:S,"A","Annual","SA","Saudi Arabia","V","Central securities depositories","SA1S","Tadawul","S","Direct participants, domestic, Other","A","All users","E","End of period","0","373","Pure Number","0","Units","","15","",30,A,30,A,30,A,30,A,30,A,30,A,30,A
CPMI_PARTICIPANTS:A:SA:V:SA1S:T,"A","Annual","SA","Saudi Arabia","V","Central securities depositories","SA1S","Tadawul","T","Direct participants, foreign","A","All users","E","End of period","0","373","Pure Number","0","Units","","15","",11,A,11,A,11,A,11,A,11,A,12,A,12,A
CPMI_PARTICIPANTS:A:SA:V:SA1S:U,"A","Annual","SA","Saudi Arabia","V","Central securities depositories","SA1S","Tadawul","U","Direct participants, foreign, Banks","A","All users","E","End of period","0","373","Pure Number","0","Units","","15","",0,A,0,A,0,A,0,A,0,A,0,A,0,A
CPMI_PARTICIPANTS:A:SA:V:SA1S:V,"A","Annual","SA","Saudi Arabia","V","Central securities depositories","SA1S","Tadawul","V","Direct participants, foreign, Central banks","A","All users","E","End of period","0","373","Pure Number","0","Units","","15","",,M,,M,,M,,M,,M,,M,,M
CPMI_PARTICIPANTS:A:SA:V:SA1S:W,"A","Annual","SA","Saudi Arabia","V","Central securities depositories","SA1S","Tadawul","W","Direct participants, foreign, CCPs/Other CCPs","A","All users","E","End of period","0","373","Pure Number","0","Units","","15","",0,A,0,A,0,A,0,A,0,A,0,A,0,A
CPMI_PARTICIPANTS:A:SA:V:SA1S:X,"A","Annual","SA","Saudi Arabia","V","Central securities depositories","SA1S","Tadawul","X","Direct participants, foreign,CSDs","A","All users","E","End of period","0","373","Pure Number","0","Units","","15","",,M,,M,,M,,M,,M,,M,,M
CPMI_PARTICIPANTS:A:SA:V:SA1S:Y,"A","Annual","SA","Saudi Arabia","V","Central securities depositories","SA1S","Tadawul","Y","Direct participants, foreign, Other","A","All users","E","End of period","0","373","Pure Number","0","Units","","15","",,M,,M,,M,,M,,M,,M,,M
CPMI_PARTICIPANTS:A:SE:A:SE1P:A,"A","Annual","SE","Sweden","A","Payment systems, large-value","SE1P","RIX","A","All","A","All users","E","End of period","0","373","Pure Number","0","Units","","7","",25,A,26,A,28,A,27,A,29,A,31,A,34,A
CPMI_PARTICIPANTS:A:SE:A:SE1P:B,"A","Annual","SE","Sweden","A","Payment systems, large-value","SE1P","RIX","B","Direct participants, Banks","A","All users","E","End of period","0","373","Pure Number","0","Units","","7","",18,A,19,A,21,A,20,A,22,A,22,A,25,A
CPMI_PARTICIPANTS:A:SE:A:SE1P:C,"A","Annual","SE","Sweden","A","Payment systems, large-value","SE1P","RIX","C","Direct participants, Central bank","A","All users","E","End of period","0","373","Pure Number","0","Units","","7","",1,A,1,A,1,A,1,A,1,A,1,A,1,A
CPMI_PARTICIPANTS:A:SE:A:SE1P:D,"A","Annual","SE","Sweden","A","Payment systems, large-value","SE1P","RIX","D","Direct participants, all","A","All users","E","End of period","0","373","Pure Number","0","Units","","7","",25,A,26,A,28,A,27,A,29,A,31,A,34,A
CPMI_PARTICIPANTS:A:SE:A:SE1P:F,"A","Annual","SE","Sweden","A","Payment systems, large-value","SE1P","RIX","F","Direct participants, Government","A","All users","E","End of period","0","373","Pure Number","0","Units","","7","",,M,1,A,1,A,1,A,1,A,1,A,1,A
CPMI_PARTICIPANTS:A:SE:A:SE1P:G,"A","Annual","SE","Sweden","A","Payment systems, large-value","SE1P","RIX","G","Direct participants, Postal institution","A","All users","E","End of period","0","373","Pure Number","0","Units","","7","",,M,,M,,M,,M,,M,,M,,M
CPMI_PARTICIPANTS:A:SE:A:SE1P:H,"A","Annual","SE","Sweden","A","Payment systems, large-value","SE1P","RIX","H","Direct participants, Payment systems, CCPs and SSSs","A","All users","E","End of period","0","373","Pure Number","0","Units","","7","",4,A,5,A,5,A,5,A,5,A,7,A,7,A
CPMI_PARTICIPANTS:A:SE:A:SE1P:L,"A","Annual","SE","Sweden","A","Payment systems, large-value","SE1P","RIX","L","Direct participants, Other","A","All users","E","End of period","0","373","Pure Number","0","Units","","7","",2,A,,M,,M,,M,,M,,M,,M
CPMI_PARTICIPANTS:A:SE:A:SE1P:Z,"A","Annual","SE","Sweden","A","Payment systems, large-value","SE1P","RIX","Z","Indirect participants","A","All users","E","End of period","0","373","Pure Number","0","Units","","7","",,L,,L,,L,,L,,L,,L,,L
CPMI_PARTICIPANTS:A:SE:B:SE3P:A,"A","Annual","SE","Sweden","B","Payment systems, retail","SE3P","Bankgirot","A","All","A","All users","E","End of period","0","373","Pure Number","0","Units","","7","",22,A,22,A,22,A,23,A,23,A,23,A,25,A
CPMI_PARTICIPANTS:A:SE:B:SE3P:B,"A","Annual","SE","Sweden","B","Payment systems, retail","SE3P","Bankgirot","B","Direct participants, Banks","A","All users","E","End of period","0","373","Pure Number","0","Units","","7","",22,A,22,A,22,A,23,A,23,A,23,A,25,A
CPMI_PARTICIPANTS:A:SE:B:SE3P:C,"A","Annual","SE","Sweden","B","Payment systems, retail","SE3P","Bankgirot","C","Direct participants, Central bank","A","All users","E","End of period","0","373","Pure Number","0","Units","","7","",,M,,M,,M,,M,,M,,M,,M
CPMI_PARTICIPANTS:A:SE:B:SE3P:D,"A","Annual","SE","Sweden","B","Payment systems, retail","SE3P","Bankgirot","D","Direct participants, all","A","All users","E","End of period","0","373","Pure Number","0","Units","","7","",22,A,22,A,22,A,23,A,23,A,23,A,25,A
CPMI_PARTICIPANTS:A:SE:B:SE3P:F,"A","Annual","SE","Sweden","B","Payment systems, retail","SE3P","Bankgirot","F","Direct participants, Government","A","All users","E","End of period","0","373","Pure Number","0","Units","","7","",,M,,M,,M,,M,,M,,M,,M
CPMI_PARTICIPANTS:A:SE:B:SE3P:G,"A","Annual","SE","Sweden","B","Payment systems, retail","SE3P","Bankgirot","G","Direct participants, Postal institution","A","All users","E","End of period","0","373","Pure Number","0","Units","","7","",,M,,M,,M,,M,,M,,M,,M
CPMI_PARTICIPANTS:A:SE:B:SE3P:H,"A","Annual","SE","Sweden","B","Payment systems, retail","SE3P","Bankgirot","H","Direct participants, Payment systems, CCPs and SSSs","A","All users","E","End of period","0","373","Pure Number","0","Units","","7","",,M,,M,,M,,M,,M,,M,,M
CPMI_PARTICIPANTS:A:SE:B:SE3P:L,"A","Annual","SE","Sweden","B","Payment systems, retail","SE3P","Bankgirot","L","Direct participants, Other","A","All users","E","End of period","0","373","Pure Number","0","Units","","7","",,M,,M,,M,,M,,M,,M,,M
CPMI_PARTICIPANTS:A:SE:B:SE3P:Z,"A","Annual","SE","Sweden","B","Payment systems, retail","SE3P","Bankgirot","Z","Indirect participants","A","All users","E","End of period","0","373","Pure Number","0","Units","","7","",,L,,L,,L,,L,,L,,L,,L
CPMI_PARTICIPANTS:A:SE:B:SE4P:A,"A","Annual","SE","Sweden","B","Payment systems, retail","SE4P","Dataclearing","A","All","A","All users","E","End of period","0","373","Pure Number","0","Units","","7","",21,A,26,A,28,A,29,A,31,A,31,A,32,A
CPMI_PARTICIPANTS:A:SE:B:SE4P:B,"A","Annual","SE","Sweden","B","Payment systems, retail","SE4P","Dataclearing","B","Direct participants, Banks","A","All users","E","End of period","0","373","Pure Number","0","Units","","7","",21,A,26,A,28,A,29,A,31,A,31,A,32,A
CPMI_PARTICIPANTS:A:SE:B:SE4P:C,"A","Annual","SE","Sweden","B","Payment systems, retail","SE4P","Dataclearing","C","Direct participants, Central bank","A","All users","E","End of period","0","373","Pure Number","0","Units","","7","",,,,M,,M,,M,,M,,M,,M
CPMI_PARTICIPANTS:A:SE:B:SE4P:D,"A","Annual","SE","Sweden","B","Payment systems, retail","SE4P","Dataclearing","D","Direct participants, all","A","All users","E","End of period","0","373","Pure Number","0","Units","","7","",21,A,26,A,28,A,29,A,31,A,31,A,32,A
CPMI_PARTICIPANTS:A:SE:B:SE4P:F,"A","Annual","SE","Sweden","B","Payment systems, retail","SE4P","Dataclearing","F","Direct participants, Government","A","All users","E","End of period","0","373","Pure Number","0","Units","","7","",,,,M,,M,,M,,M,,M,,M
CPMI_PARTICIPANTS:A:SE:B:SE4P:G,"A","Annual","SE","Sweden","B","Payment systems, retail","SE4P","Dataclearing","G","Direct participants, Postal institution","A","All users","E","End of period","0","373","Pure Number","0","Units","","7","",,,,M,,M,,M,,M,,M,,M
CPMI_PARTICIPANTS:A:SE:B:SE4P:H,"A","Annual","SE","Sweden","B","Payment systems, retail","SE4P","Dataclearing","H","Direct participants, Payment systems, CCPs and SSSs","A","All users","E","End of period","0","373","Pure Number","0","Units","","7","",,,,M,,M,,M,,M,,M,,M
CPMI_PARTICIPANTS:A:SE:B:SE4P:L,"A","Annual","SE","Sweden","B","Payment systems, retail","SE4P","Dataclearing","L","Direct participants, Other","A","All users","E","End of period","0","373","Pure Number","0","Units","","7","",,,,M,,M,,M,,M,,M,,M
CPMI_PARTICIPANTS:A:SE:B:SE4P:Z,"A","Annual","SE","Sweden","B","Payment systems, retail","SE4P","Dataclearing","Z","Indirect participants","A","All users","E","End of period","0","373","Pure Number","0","Units","","7","",,,,M,,M,,M,,M,,M,,M
CPMI_PARTICIPANTS:A:SE:C:SE5P:A,"A","Annual","SE","Sweden","C","Payment systems, fast payments","SE5P","BIR","A","All","A","All users","E","End of period","0","373","Pure Number","0","Units","","7","",6,A,7,A,10,A,10,A,9,A,10,A,13,A
CPMI_PARTICIPANTS:A:SE:C:SE5P:B,"A","Annual","SE","Sweden","C","Payment systems, fast payments","SE5P","BIR","B","Direct participants, Banks","A","All users","E","End of period","0","373","Pure Number","0","Units","","7","",6,A,7,A,10,A,10,A,9,A,10,A,13,A
CPMI_PARTICIPANTS:A:SE:C:SE5P:C,"A","Annual","SE","Sweden","C","Payment systems, fast payments","SE5P","BIR","C","Direct participants, Central bank","A","All users","E","End of period","0","373","Pure Number","0","Units","","7","",,M,,M,,M,,M,,M,,M,,M
CPMI_PARTICIPANTS:A:SE:C:SE5P:D,"A","Annual","SE","Sweden","C","Payment systems, fast payments","SE5P","BIR","D","Direct participants, all","A","All users","E","End of period","0","373","Pure Number","0","Units","","7","",6,A,7,A,10,A,10,A,9,A,10,A,13,A
CPMI_PARTICIPANTS:A:SE:C:SE5P:F,"A","Annual","SE","Sweden","C","Payment systems, fast payments","SE5P","BIR","F","Direct participants, Government","A","All users","E","End of period","0","373","Pure Number","0","Units","","7","",,M,,M,,M,,M,,M,,M,,M
CPMI_PARTICIPANTS:A:SE:C:SE5P:G,"A","Annual","SE","Sweden","C","Payment systems, fast payments","SE5P","BIR","G","Direct participants, Postal institution","A","All users","E","End of period","0","373","Pure Number","0","Units","","7","",,M,,M,,M,,M,,M,,M,,M
CPMI_PARTICIPANTS:A:SE:C:SE5P:H,"A","Annual","SE","Sweden","C","Payment systems, fast payments","SE5P","BIR","H","Direct participants, Payment systems, CCPs and SSSs","A","All users","E","End of period","0","373","Pure Number","0","Units","","7","",,M,,M,,M,,M,,M,,M,,M
CPMI_PARTICIPANTS:A:SE:C:SE5P:L,"A","Annual","SE","Sweden","C","Payment systems, fast payments","SE5P","BIR","L","Direct participants, Other","A","All users","E","End of period","0","373","Pure Number","0","Units","","7","",,M,,M,,M,,M,,M,,M,,M
CPMI_PARTICIPANTS:A:SE:C:SE5P:Z,"A","Annual","SE","Sweden","C","Payment systems, fast payments","SE5P","BIR","Z","Indirect participants","A","All users","E","End of period","0","373","Pure Number","0","Units","","7","",,M,,M,,M,,M,,M,,M,,M
CPMI_PARTICIPANTS:A:SE:S:SWFT:0,"A","Annual","SE","Sweden","S","Swift","SWFT","Swift","0","Members","A","All users","E","End of period","0","373","Pure Number","0","Units","","10","",7,A,9,A,9,A,9,A,9,A,9,A,8,A
CPMI_PARTICIPANTS:A:SE:S:SWFT:1,"A","Annual","SE","Sweden","S","Swift","SWFT","Swift","1","Sub-members","A","All users","E","End of period","0","373","Pure Number","0","Units","","10","",11,A,9,A,9,A,9,A,9,A,8,A,9,A
CPMI_PARTICIPANTS:A:SE:S:SWFT:A,"A","Annual","SE","Sweden","S","Swift","SWFT","Swift","A","All","A","All users","E","End of period","0","373","Pure Number","0","Units","","10","",40,A,42,A,47,A,53,A,54,A,63,A,64,A
CPMI_PARTICIPANTS:A:SE:U:SE2C:B,"A","Annual","SE","Sweden","U","Central counterparties/clearing houses","SE2C","SE Nasdaq OMXDM","B","Direct participants, Banks","A","All users","E","End of period","0","373","Pure Number","0","Units","","12","",,L,,L,,L,,L,,L,,L,,L
CPMI_PARTICIPANTS:A:SE:U:SE2C:C,"A","Annual","SE","Sweden","U","Central counterparties/clearing houses","SE2C","SE Nasdaq OMXDM","C","Direct participants, Central bank","A","All users","E","End of period","0","373","Pure Number","0","Units","","12","",,L,,L,,L,,L,,L,,L,,L
CPMI_PARTICIPANTS:A:SE:U:SE2C:D,"A","Annual","SE","Sweden","U","Central counterparties/clearing houses","SE2C","SE Nasdaq OMXDM","D","Direct participants, all","A","All users","E","End of period","0","373","Pure Number","0","Units","","12","",47,A,46,A,48,A,47,A,47,A,40,A,48,A
CPMI_PARTICIPANTS:A:SE:U:SE2C:I,"A","Annual","SE","Sweden","U","Central counterparties/clearing houses","SE2C","SE Nasdaq OMXDM","I","Direct participants, CCPs/Other CCPs","A","All users","E","End of period","0","373","Pure Number","0","Units","","12","",,L,,L,,L,,L,,L,,L,,L
CPMI_PARTICIPANTS:A:SE:U:SE2C:L,"A","Annual","SE","Sweden","U","Central counterparties/clearing houses","SE2C","SE Nasdaq OMXDM","L","Direct participants, Other","A","All users","E","End of period","0","373","Pure Number","0","Units","","12","",,L,,L,,L,,L,,L,,L,,L
CPMI_PARTICIPANTS:A:SE:U:SE2C:N,"A","Annual","SE","Sweden","U","Central counterparties/clearing houses","SE2C","SE Nasdaq OMXDM","N","Direct participants, domestic","A","All users","E","End of period","0","373","Pure Number","0","Units","","12","",17,A,17,A,17,A,16,A,19,A,19,A,18,A
CPMI_PARTICIPANTS:A:SE:U:SE2C:O,"A","Annual","SE","Sweden","U","Central counterparties/clearing houses","SE2C","SE Nasdaq OMXDM","O","Direct participants, domestic, Banks","A","All users","E","End of period","0","373","Pure Number","0","Units","","12","",,L,,L,,L,,L,,L,,L,,L
CPMI_PARTICIPANTS:A:SE:U:SE2C:P,"A","Annual","SE","Sweden","U","Central counterparties/clearing houses","SE2C","SE Nasdaq OMXDM","P","Direct participants, domestic, Central banks","A","All users","E","End of period","0","373","Pure Number","0","Units","","12","",,L,,L,,L,,L,,L,,L,,L
CPMI_PARTICIPANTS:A:SE:U:SE2C:Q,"A","Annual","SE","Sweden","U","Central counterparties/clearing houses","SE2C","SE Nasdaq OMXDM","Q","Direct participants, domestic, CCPs/Other CCPs","A","All users","E","End of period","0","373","Pure Number","0","Units","","12","",,L,,L,,L,,L,,L,,L,,L
CPMI_PARTICIPANTS:A:SE:U:SE2C:S,"A","Annual","SE","Sweden","U","Central counterparties/clearing houses","SE2C","SE Nasdaq OMXDM","S","Direct participants, domestic, Other","A","All users","E","End of period","0","373","Pure Number","0","Units","","12","",,L,,L,,L,,L,,L,,L,,L
CPMI_PARTICIPANTS:A:SE:U:SE2C:T,"A","Annual","SE","Sweden","U","Central counterparties/clearing houses","SE2C","SE Nasdaq OMXDM","T","Direct participants, foreign","A","All users","E","End of period","0","373","Pure Number","0","Units","","12","",30,A,29,A,31,A,31,A,28,A,21,A,30,A
CPMI_PARTICIPANTS:A:SE:U:SE2C:U,"A","Annual","SE","Sweden","U","Central counterparties/clearing houses","SE2C","SE Nasdaq OMXDM","U","Direct participants, foreign, Banks","A","All users","E","End of period","0","373","Pure Number","0","Units","","12","",,L,,L,,L,,L,,L,,L,,L
CPMI_PARTICIPANTS:A:SE:U:SE2C:V,"A","Annual","SE","Sweden","U","Central counterparties/clearing houses","SE2C","SE Nasdaq OMXDM","V","Direct participants, foreign, Central banks","A","All users","E","End of period","0","373","Pure Number","0","Units","","12","",,L,,L,,L,,L,,L,,L,,L
CPMI_PARTICIPANTS:A:SE:U:SE2C:W,"A","Annual","SE","Sweden","U","Central counterparties/clearing houses","SE2C","SE Nasdaq OMXDM","W","Direct participants, foreign, CCPs/Other CCPs","A","All users","E","End of period","0","373","Pure Number","0","Units","","12","",,L,,L,,L,,L,,L,,L,,L
CPMI_PARTICIPANTS:A:SE:U:SE2C:Y,"A","Annual","SE","Sweden","U","Central counterparties/clearing houses","SE2C","SE Nasdaq OMXDM","Y","Direct participants, foreign, Other","A","All users","E","End of period","0","373","Pure Number","0","Units","","12","",,L,,L,,L,,L,,L,,L,,L
CPMI_PARTICIPANTS:A:SE:V:SE2S:B,"A","Annual","SE","Sweden","V","Central securities depositories","SE2S","Euroclear Sweden","B","Direct participants, Banks","A","All users","E","End of period","0","373","Pure Number","0","Units","","15","",25,A,26,A,19,A,15,A,22,A,18,A,19,A
CPMI_PARTICIPANTS:A:SE:V:SE2S:C,"A","Annual","SE","Sweden","V","Central securities depositories","SE2S","Euroclear Sweden","C","Direct participants, Central bank","A","All users","E","End of period","0","373","Pure Number","0","Units","","15","",1,A,1,A,1,A,1,A,1,A,1,A,1,A
CPMI_PARTICIPANTS:A:SE:V:SE2S:D,"A","Annual","SE","Sweden","V","Central securities depositories","SE2S","Euroclear Sweden","D","Direct participants, all","A","All users","E","End of period","0","373","Pure Number","0","Units","","15","",53,A,53,A,52,A,49,A,46,A,45,A,44,A
CPMI_PARTICIPANTS:A:SE:V:SE2S:I,"A","Annual","SE","Sweden","V","Central securities depositories","SE2S","Euroclear Sweden","I","Direct participants, CCPs/Other CCPs","A","All users","E","End of period","0","373","Pure Number","0","Units","","15","",4,A,4,A,3,A,4,A,4,A,4,A,4,A
CPMI_PARTICIPANTS:A:SE:V:SE2S:J,"A","Annual","SE","Sweden","V","Central securities depositories","SE2S","Euroclear Sweden","J","Direct participants, CSDs","A","All users","E","End of period","0","373","Pure Number","0","Units","","15","",1,A,1,A,1,A,1,A,1,A,1,A,1,A
CPMI_PARTICIPANTS:A:SE:V:SE2S:L,"A","Annual","SE","Sweden","V","Central securities depositories","SE2S","Euroclear Sweden","L","Direct participants, Other","A","All users","E","End of period","0","373","Pure Number","0","Units","","15","",22,A,21,A,28,A,28,A,18,A,21,A,19,A
CPMI_PARTICIPANTS:A:SE:V:SE2S:N,"A","Annual","SE","Sweden","V","Central securities depositories","SE2S","Euroclear Sweden","N","Direct participants, domestic","A","All users","E","End of period","0","373","Pure Number","0","Units","","15","",39,A,41,A,40,A,36,A,29,A,32,A,35,A
CPMI_PARTICIPANTS:A:SE:V:SE2S:O,"A","Annual","SE","Sweden","V","Central securities depositories","SE2S","Euroclear Sweden","O","Direct participants, domestic, Banks","A","All users","E","End of period","0","373","Pure Number","0","Units","","15","",21,A,20,A,15,A,11,A,15,A,16,A,16,A
CPMI_PARTICIPANTS:A:SE:V:SE2S:P,"A","Annual","SE","Sweden","V","Central securities depositories","SE2S","Euroclear Sweden","P","Direct participants, domestic, Central banks","A","All users","E","End of period","0","373","Pure Number","0","Units","","15","",1,A,1,A,1,A,1,A,1,A,1,A,1,A
CPMI_PARTICIPANTS:A:SE:V:SE2S:Q,"A","Annual","SE","Sweden","V","Central securities depositories","SE2S","Euroclear Sweden","Q","Direct participants, domestic, CCPs/Other CCPs","A","All users","E","End of period","0","373","Pure Number","0","Units","","15","",1,A,1,A,1,A,1,A,1,A,1,A,1,A
CPMI_PARTICIPANTS:A:SE:V:SE2S:R,"A","Annual","SE","Sweden","V","Central securities depositories","SE2S","Euroclear Sweden","R","Direct participants, domestic, CSDs","A","All users","E","End of period","0","373","Pure Number","0","Units","","15","",0,A,0,A,0,A,0,A,0,A,0,A,0,A
CPMI_PARTICIPANTS:A:SE:V:SE2S:S,"A","Annual","SE","Sweden","V","Central securities depositories","SE2S","Euroclear Sweden","S","Direct participants, domestic, Other","A","All users","E","End of period","0","373","Pure Number","0","Units","","15","",16,A,19,A,23,A,23,A,12,A,14,A,17,A
CPMI_PARTICIPANTS:A:SE:V:SE2S:T,"A","Annual","SE","Sweden","V","Central securities depositories","SE2S","Euroclear Sweden","T","Direct participants, foreign","A","All users","E","End of period","0","373","Pure Number","0","Units","","15","",14,A,12,A,12,A,13,A,17,A,13,A,9,A
CPMI_PARTICIPANTS:A:SE:V:SE2S:U,"A","Annual","SE","Sweden","V","Central securities depositories","SE2S","Euroclear Sweden","U","Direct participants, foreign, Banks","A","All users","E","End of period","0","373","Pure Number","0","Units","","15","",4,A,6,A,4,A,4,A,7,A,2,A,3,A
CPMI_PARTICIPANTS:A:SE:V:SE2S:V,"A","Annual","SE","Sweden","V","Central securities depositories","SE2S","Euroclear Sweden","V","Direct participants, foreign, Central banks","A","All users","E","End of period","0","373","Pure Number","0","Units","","15","",0,A,0,A,0,A,0,A,0,A,0,A,0,A
CPMI_PARTICIPANTS:A:SE:V:SE2S:W,"A","Annual","SE","Sweden","V","Central securities depositories","SE2S","Euroclear Sweden","W","Direct participants, foreign, CCPs/Other CCPs","A","All users","E","End of period","0","373","Pure Number","0","Units","","15","",3,A,3,A,2,A,3,A,3,A,3,A,3,A
CPMI_PARTICIPANTS:A:SE:V:SE2S:X,"A","Annual","SE","Sweden","V","Central securities depositories","SE2S","Euroclear Sweden","X","Direct participants, foreign,CSDs","A","All users","E","End of period","0","373","Pure Number","0","Units","","15","",1,A,1,A,1,A,1,A,1,A,1,A,1,A
CPMI_PARTICIPANTS:A:SE:V:SE2S:Y,"A","Annual","SE","Sweden","V","Central securities depositories","SE2S","Euroclear Sweden","Y","Direct participants, foreign, Other","A","All users","E","End of period","0","373","Pure Number","0","Units","","15","",6,A,2,A,5,A,5,A,6,A,7,A,2,A
CPMI_PARTICIPANTS:A:SG:A:SG1P:A,"A","Annual","SG","Singapore","A","Payment systems, large-value","SG1P","MEPS+(IFT)","A","All","A","All users","E","End of period","0","373","Pure Number","0","Units","","7","",137,A,140,A,143,A,126,A,130,A,132,A,132,A
CPMI_PARTICIPANTS:A:SG:A:SG1P:B,"A","Annual","SG","Singapore","A","Payment systems, large-value","SG1P","MEPS+(IFT)","B","Direct participants, Banks","A","All users","E","End of period","0","373","Pure Number","0","Units","","7","",59,A,60,A,60,A,59,A,58,A,59,A,58,A
CPMI_PARTICIPANTS:A:SG:A:SG1P:C,"A","Annual","SG","Singapore","A","Payment systems, large-value","SG1P","MEPS+(IFT)","C","Direct participants, Central bank","A","All users","E","End of period","0","373","Pure Number","0","Units","","7","",1,A,1,A,1,A,1,A,1,A,1,A,1,A
CPMI_PARTICIPANTS:A:SG:A:SG1P:D,"A","Annual","SG","Singapore","A","Payment systems, large-value","SG1P","MEPS+(IFT)","D","Direct participants, all","A","All users","E","End of period","0","373","Pure Number","0","Units","","7","",62,A,64,A,64,A,63,A,62,A,63,A,62,A
CPMI_PARTICIPANTS:A:SG:A:SG1P:F,"A","Annual","SG","Singapore","A","Payment systems, large-value","SG1P","MEPS+(IFT)","F","Direct participants, Government","A","All users","E","End of period","0","373","Pure Number","0","Units","","7","",,M,,M,,M,,M,,M,,M,,M
CPMI_PARTICIPANTS:A:SG:A:SG1P:G,"A","Annual","SG","Singapore","A","Payment systems, large-value","SG1P","MEPS+(IFT)","G","Direct participants, Postal institution","A","All users","E","End of period","0","373","Pure Number","0","Units","","7","",,M,,M,,M,,M,,M,,M,,M
CPMI_PARTICIPANTS:A:SG:A:SG1P:H,"A","Annual","SG","Singapore","A","Payment systems, large-value","SG1P","MEPS+(IFT)","H","Direct participants, Payment systems, CCPs and SSSs","A","All users","E","End of period","0","373","Pure Number","0","Units","","7","",2,A,3,A,3,A,3,A,3,A,3,A,3,A
CPMI_PARTICIPANTS:A:SG:A:SG1P:L,"A","Annual","SG","Singapore","A","Payment systems, large-value","SG1P","MEPS+(IFT)","L","Direct participants, Other","A","All users","E","End of period","0","373","Pure Number","0","Units","","7","",,M,,M,,M,,M,,M,,M,,M
CPMI_PARTICIPANTS:A:SG:A:SG1P:Z,"A","Annual","SG","Singapore","A","Payment systems, large-value","SG1P","MEPS+(IFT)","Z","Indirect participants","A","All users","E","End of period","0","373","Pure Number","0","Units","","7","",75,A,76,A,79,A,63,A,68,A,69,A,70,A
CPMI_PARTICIPANTS:A:SG:B:SG2P:A,"A","Annual","SG","Singapore","B","Payment systems, retail","SG2P","SGDCCS","A","All","A","All users","E","End of period","0","373","Pure Number","0","Units","","7","",63,A,64,A,63,A,61,A,61,A,59,A,60,A
CPMI_PARTICIPANTS:A:SG:B:SG2P:B,"A","Annual","SG","Singapore","B","Payment systems, retail","SG2P","SGDCCS","B","Direct participants, Banks","A","All users","E","End of period","0","373","Pure Number","0","Units","","7","",33,A,33,A,33,A,33,A,34,A,34,A,36,A
CPMI_PARTICIPANTS:A:SG:B:SG2P:C,"A","Annual","SG","Singapore","B","Payment systems, retail","SG2P","SGDCCS","C","Direct participants, Central bank","A","All users","E","End of period","0","373","Pure Number","0","Units","","7","",1,A,1,A,1,A,1,A,1,A,0,A,0,A
CPMI_PARTICIPANTS:A:SG:B:SG2P:D,"A","Annual","SG","Singapore","B","Payment systems, retail","SG2P","SGDCCS","D","Direct participants, all","A","All users","E","End of period","0","373","Pure Number","0","Units","","7","",34,A,34,A,34,A,34,A,35,A,34,A,36,A
CPMI_PARTICIPANTS:A:SG:B:SG2P:F,"A","Annual","SG","Singapore","B","Payment systems, retail","SG2P","SGDCCS","F","Direct participants, Government","A","All users","E","End of period","0","373","Pure Number","0","Units","","7","",,M,,M,,M,,M,,M,,M,,M
CPMI_PARTICIPANTS:A:SG:B:SG2P:G,"A","Annual","SG","Singapore","B","Payment systems, retail","SG2P","SGDCCS","G","Direct participants, Postal institution","A","All users","E","End of period","0","373","Pure Number","0","Units","","7","",,M,,M,,M,,M,,M,,M,,M
CPMI_PARTICIPANTS:A:SG:B:SG2P:H,"A","Annual","SG","Singapore","B","Payment systems, retail","SG2P","SGDCCS","H","Direct participants, Payment systems, CCPs and SSSs","A","All users","E","End of period","0","373","Pure Number","0","Units","","7","",,M,,M,,M,,M,,M,,M,,M
CPMI_PARTICIPANTS:A:SG:B:SG2P:L,"A","Annual","SG","Singapore","B","Payment systems, retail","SG2P","SGDCCS","L","Direct participants, Other","A","All users","E","End of period","0","373","Pure Number","0","Units","","7","",,M,,M,,M,,M,,M,,M,,M
CPMI_PARTICIPANTS:A:SG:B:SG2P:Z,"A","Annual","SG","Singapore","B","Payment systems, retail","SG2P","SGDCCS","Z","Indirect participants","A","All users","E","End of period","0","373","Pure Number","0","Units","","7","",29,A,30,A,29,A,27,A,26,A,25,A,24,A
CPMI_PARTICIPANTS:A:SG:B:SG3P:A,"A","Annual","SG","Singapore","B","Payment systems, retail","SG3P","USDCCS","A","All","A","All users","E","End of period","0","373","Pure Number","0","Units","","7","",48,A,48,A,49,A,48,A,49,A,49,A,50,A
CPMI_PARTICIPANTS:A:SG:B:SG3P:B,"A","Annual","SG","Singapore","B","Payment systems, retail","SG3P","USDCCS","B","Direct participants, Banks","A","All users","E","End of period","0","373","Pure Number","0","Units","","7","",32,A,32,A,32,A,32,A,33,A,33,A,35,A
CPMI_PARTICIPANTS:A:SG:B:SG3P:C,"A","Annual","SG","Singapore","B","Payment systems, retail","SG3P","USDCCS","C","Direct participants, Central bank","A","All users","E","End of period","0","373","Pure Number","0","Units","","7","",,M,,M,,M,,M,,M,,M,,M
CPMI_PARTICIPANTS:A:SG:B:SG3P:D,"A","Annual","SG","Singapore","B","Payment systems, retail","SG3P","USDCCS","D","Direct participants, all","A","All users","E","End of period","0","373","Pure Number","0","Units","","7","",32,A,32,A,32,A,32,A,33,A,33,A,35,A
CPMI_PARTICIPANTS:A:SG:B:SG3P:F,"A","Annual","SG","Singapore","B","Payment systems, retail","SG3P","USDCCS","F","Direct participants, Government","A","All users","E","End of period","0","373","Pure Number","0","Units","","7","",,M,,M,,M,,M,,M,,M,,M
CPMI_PARTICIPANTS:A:SG:B:SG3P:G,"A","Annual","SG","Singapore","B","Payment systems, retail","SG3P","USDCCS","G","Direct participants, Postal institution","A","All users","E","End of period","0","373","Pure Number","0","Units","","7","",,M,,M,,M,,M,,M,,M,,M
CPMI_PARTICIPANTS:A:SG:B:SG3P:H,"A","Annual","SG","Singapore","B","Payment systems, retail","SG3P","USDCCS","H","Direct participants, Payment systems, CCPs and SSSs","A","All users","E","End of period","0","373","Pure Number","0","Units","","7","",,M,,M,,M,,M,,M,,M,,M
CPMI_PARTICIPANTS:A:SG:B:SG3P:L,"A","Annual","SG","Singapore","B","Payment systems, retail","SG3P","USDCCS","L","Direct participants, Other","A","All users","E","End of period","0","373","Pure Number","0","Units","","7","",,M,,M,,M,,M,,M,,M,,M
CPMI_PARTICIPANTS:A:SG:B:SG3P:Z,"A","Annual","SG","Singapore","B","Payment systems, retail","SG3P","USDCCS","Z","Indirect participants","A","All users","E","End of period","0","373","Pure Number","0","Units","","7","",16,A,16,A,17,A,16,A,16,A,16,A,15,A
CPMI_PARTICIPANTS:A:SG:B:SG4P:A,"A","Annual","SG","Singapore","B","Payment systems, retail","SG4P","IBG","A","All","A","All users","E","End of period","0","373","Pure Number","0","Units","","7","",44,A,45,A,45,A,45,A,45,A,46,A,46,A
CPMI_PARTICIPANTS:A:SG:B:SG4P:B,"A","Annual","SG","Singapore","B","Payment systems, retail","SG4P","IBG","B","Direct participants, Banks","A","All users","E","End of period","0","373","Pure Number","0","Units","","7","",38,A,39,A,40,A,40,A,39,A,39,A,39,A
CPMI_PARTICIPANTS:A:SG:B:SG4P:C,"A","Annual","SG","Singapore","B","Payment systems, retail","SG4P","IBG","C","Direct participants, Central bank","A","All users","E","End of period","0","373","Pure Number","0","Units","","7","",,M,,M,,M,,M,,M,,M,,M
CPMI_PARTICIPANTS:A:SG:B:SG4P:D,"A","Annual","SG","Singapore","B","Payment systems, retail","SG4P","IBG","D","Direct participants, all","A","All users","E","End of period","0","373","Pure Number","0","Units","","7","",38,A,39,A,40,A,40,A,39,A,39,A,39,A
CPMI_PARTICIPANTS:A:SG:B:SG4P:F,"A","Annual","SG","Singapore","B","Payment systems, retail","SG4P","IBG","F","Direct participants, Government","A","All users","E","End of period","0","373","Pure Number","0","Units","","7","",,M,,M,,M,,M,,M,,M,,M
CPMI_PARTICIPANTS:A:SG:B:SG4P:G,"A","Annual","SG","Singapore","B","Payment systems, retail","SG4P","IBG","G","Direct participants, Postal institution","A","All users","E","End of period","0","373","Pure Number","0","Units","","7","",,M,,M,,M,,M,,M,,M,,M
CPMI_PARTICIPANTS:A:SG:B:SG4P:H,"A","Annual","SG","Singapore","B","Payment systems, retail","SG4P","IBG","H","Direct participants, Payment systems, CCPs and SSSs","A","All users","E","End of period","0","373","Pure Number","0","Units","","7","",,M,,M,,M,,M,,M,,M,,M
CPMI_PARTICIPANTS:A:SG:B:SG4P:L,"A","Annual","SG","Singapore","B","Payment systems, retail","SG4P","IBG","L","Direct participants, Other","A","All users","E","End of period","0","373","Pure Number","0","Units","","7","",,M,,M,,M,,M,,M,,M,,M
CPMI_PARTICIPANTS:A:SG:B:SG4P:Z,"A","Annual","SG","Singapore","B","Payment systems, retail","SG4P","IBG","Z","Indirect participants","A","All users","E","End of period","0","373","Pure Number","0","Units","","7","",6,A,6,A,5,A,5,A,6,A,7,A,7,A
CPMI_PARTICIPANTS:A:SG:C:SG6P:A,"A","Annual","SG","Singapore","C","Payment systems, fast payments","SG6P","FAST","A","All","A","All users","E","End of period","0","373","Pure Number","0","Units","","7","",,M,,M,,M,19,A,19,A,20,A,21,A
CPMI_PARTICIPANTS:A:SG:C:SG6P:B,"A","Annual","SG","Singapore","C","Payment systems, fast payments","SG6P","FAST","B","Direct participants, Banks","A","All users","E","End of period","0","373","Pure Number","0","Units","","7","",,M,,M,,M,19,A,19,A,20,A,21,A
CPMI_PARTICIPANTS:A:SG:C:SG6P:C,"A","Annual","SG","Singapore","C","Payment systems, fast payments","SG6P","FAST","C","Direct participants, Central bank","A","All users","E","End of period","0","373","Pure Number","0","Units","","7","",,M,,M,,M,,M,,M,,M,,M
CPMI_PARTICIPANTS:A:SG:C:SG6P:D,"A","Annual","SG","Singapore","C","Payment systems, fast payments","SG6P","FAST","D","Direct participants, all","A","All users","E","End of period","0","373","Pure Number","0","Units","","7","",,M,,M,,M,19,A,19,A,20,A,21,A
CPMI_PARTICIPANTS:A:SG:C:SG6P:F,"A","Annual","SG","Singapore","C","Payment systems, fast payments","SG6P","FAST","F","Direct participants, Government","A","All users","E","End of period","0","373","Pure Number","0","Units","","7","",,M,,M,,M,,M,,M,,M,,M
CPMI_PARTICIPANTS:A:SG:C:SG6P:G,"A","Annual","SG","Singapore","C","Payment systems, fast payments","SG6P","FAST","G","Direct participants, Postal institution","A","All users","E","End of period","0","373","Pure Number","0","Units","","7","",,M,,M,,M,,M,,M,,M,,M
CPMI_PARTICIPANTS:A:SG:C:SG6P:H,"A","Annual","SG","Singapore","C","Payment systems, fast payments","SG6P","FAST","H","Direct participants, Payment systems, CCPs and SSSs","A","All users","E","End of period","0","373","Pure Number","0","Units","","7","",,M,,M,,M,,M,,M,,M,,M
CPMI_PARTICIPANTS:A:SG:C:SG6P:L,"A","Annual","SG","Singapore","C","Payment systems, fast payments","SG6P","FAST","L","Direct participants, Other","A","All users","E","End of period","0","373","Pure Number","0","Units","","7","",,M,,M,,M,,M,,M,,M,,M
CPMI_PARTICIPANTS:A:SG:C:SG6P:Z,"A","Annual","SG","Singapore","C","Payment systems, fast payments","SG6P","FAST","Z","Indirect participants","A","All users","E","End of period","0","373","Pure Number","0","Units","","7","",,M,,M,,M,,M,,M,,M,,M
CPMI_PARTICIPANTS:A:SG:S:SWFT:0,"A","Annual","SG","Singapore","S","Swift","SWFT","Swift","0","Members","A","All users","E","End of period","0","373","Pure Number","0","Units","","10","",8,A,8,A,8,A,9,A,9,A,9,A,9,A
CPMI_PARTICIPANTS:A:SG:S:SWFT:1,"A","Annual","SG","Singapore","S","Swift","SWFT","Swift","1","Sub-members","A","All users","E","End of period","0","373","Pure Number","0","Units","","10","",146,A,147,A,149,A,148,A,150,A,148,A,152,A
CPMI_PARTICIPANTS:A:SG:S:SWFT:A,"A","Annual","SG","Singapore","S","Swift","SWFT","Swift","A","All","A","All users","E","End of period","0","373","Pure Number","0","Units","","10","",184,A,188,A,199,A,202,A,208,A,214,A,226,A
CPMI_PARTICIPANTS:A:SG:U:SG1C:B,"A","Annual","SG","Singapore","U","Central counterparties/clearing houses","SG1C","CDP","B","Direct participants, Banks","A","All users","E","End of period","0","373","Pure Number","0","Units","","12","",,L,,L,,L,,L,,L,,L,,L
CPMI_PARTICIPANTS:A:SG:U:SG1C:C,"A","Annual","SG","Singapore","U","Central counterparties/clearing houses","SG1C","CDP","C","Direct participants, Central bank","A","All users","E","End of period","0","373","Pure Number","0","Units","","12","",,L,,L,,L,,L,,L,,L,,L
CPMI_PARTICIPANTS:A:SG:U:SG1C:D,"A","Annual","SG","Singapore","U","Central counterparties/clearing houses","SG1C","CDP","D","Direct participants, all","A","All users","E","End of period","0","373","Pure Number","0","Units","","12","",27,A,26,A,26,A,25,A,25,A,25,A,25,A
CPMI_PARTICIPANTS:A:SG:U:SG1C:I,"A","Annual","SG","Singapore","U","Central counterparties/clearing houses","SG1C","CDP","I","Direct participants, CCPs/Other CCPs","A","All users","E","End of period","0","373","Pure Number","0","Units","","12","",,L,,L,,L,,L,,L,,L,,L
CPMI_PARTICIPANTS:A:SG:U:SG1C:L,"A","Annual","SG","Singapore","U","Central counterparties/clearing houses","SG1C","CDP","L","Direct participants, Other","A","All users","E","End of period","0","373","Pure Number","0","Units","","12","",,L,,L,,L,,L,,L,,L,,L
CPMI_PARTICIPANTS:A:SG:U:SG1C:N,"A","Annual","SG","Singapore","U","Central counterparties/clearing houses","SG1C","CDP","N","Direct participants, domestic","A","All users","E","End of period","0","373","Pure Number","0","Units","","12","",,L,,L,,L,,L,,L,,L,,L
CPMI_PARTICIPANTS:A:SG:U:SG1C:O,"A","Annual","SG","Singapore","U","Central counterparties/clearing houses","SG1C","CDP","O","Direct participants, domestic, Banks","A","All users","E","End of period","0","373","Pure Number","0","Units","","12","",,L,,L,,L,,L,,L,,L,,L
CPMI_PARTICIPANTS:A:SG:U:SG1C:P,"A","Annual","SG","Singapore","U","Central counterparties/clearing houses","SG1C","CDP","P","Direct participants, domestic, Central banks","A","All users","E","End of period","0","373","Pure Number","0","Units","","12","",,L,,L,,L,,L,,L,,L,,L
CPMI_PARTICIPANTS:A:SG:U:SG1C:Q,"A","Annual","SG","Singapore","U","Central counterparties/clearing houses","SG1C","CDP","Q","Direct participants, domestic, CCPs/Other CCPs","A","All users","E","End of period","0","373","Pure Number","0","Units","","12","",,L,,L,,L,,L,,L,,L,,L
CPMI_PARTICIPANTS:A:SG:U:SG1C:S,"A","Annual","SG","Singapore","U","Central counterparties/clearing houses","SG1C","CDP","S","Direct participants, domestic, Other","A","All users","E","End of period","0","373","Pure Number","0","Units","","12","",,L,,L,,L,,L,,L,,L,,L
CPMI_PARTICIPANTS:A:SG:U:SG1C:T,"A","Annual","SG","Singapore","U","Central counterparties/clearing houses","SG1C","CDP","T","Direct participants, foreign","A","All users","E","End of period","0","373","Pure Number","0","Units","","12","",,L,,L,,L,,L,,L,,L,,L
CPMI_PARTICIPANTS:A:SG:U:SG1C:U,"A","Annual","SG","Singapore","U","Central counterparties/clearing houses","SG1C","CDP","U","Direct participants, foreign, Banks","A","All users","E","End of period","0","373","Pure Number","0","Units","","12","",,L,,L,,L,,L,,L,,L,,L
CPMI_PARTICIPANTS:A:SG:U:SG1C:V,"A","Annual","SG","Singapore","U","Central counterparties/clearing houses","SG1C","CDP","V","Direct participants, foreign, Central banks","A","All users","E","End of period","0","373","Pure Number","0","Units","","12","",,L,,L,,L,,L,,L,,L,,L
CPMI_PARTICIPANTS:A:SG:U:SG1C:W,"A","Annual","SG","Singapore","U","Central counterparties/clearing houses","SG1C","CDP","W","Direct participants, foreign, CCPs/Other CCPs","A","All users","E","End of period","0","373","Pure Number","0","Units","","12","",,L,,L,,L,,L,,L,,L,,L
CPMI_PARTICIPANTS:A:SG:U:SG1C:Y,"A","Annual","SG","Singapore","U","Central counterparties/clearing houses","SG1C","CDP","Y","Direct participants, foreign, Other","A","All users","E","End of period","0","373","Pure Number","0","Units","","12","",,L,,L,,L,,L,,L,,L,,L
CPMI_PARTICIPANTS:A:SG:U:SG2C:B,"A","Annual","SG","Singapore","U","Central counterparties/clearing houses","SG2C","MEPS","B","Direct participants, Banks","A","All users","E","End of period","0","373","Pure Number","0","Units","","12","",,M,,M,,M,,M,,M,,M,,M
CPMI_PARTICIPANTS:A:SG:U:SG2C:C,"A","Annual","SG","Singapore","U","Central counterparties/clearing houses","SG2C","MEPS","C","Direct participants, Central bank","A","All users","E","End of period","0","373","Pure Number","0","Units","","12","",,M,,M,,M,,M,,M,,M,,M
CPMI_PARTICIPANTS:A:SG:U:SG2C:D,"A","Annual","SG","Singapore","U","Central counterparties/clearing houses","SG2C","MEPS","D","Direct participants, all","A","All users","E","End of period","0","373","Pure Number","0","Units","","12","",,M,,M,,M,,M,,M,,M,,M
CPMI_PARTICIPANTS:A:SG:U:SG2C:I,"A","Annual","SG","Singapore","U","Central counterparties/clearing houses","SG2C","MEPS","I","Direct participants, CCPs/Other CCPs","A","All users","E","End of period","0","373","Pure Number","0","Units","","12","",,M,,M,,M,,M,,M,,M,,M
CPMI_PARTICIPANTS:A:SG:U:SG2C:L,"A","Annual","SG","Singapore","U","Central counterparties/clearing houses","SG2C","MEPS","L","Direct participants, Other","A","All users","E","End of period","0","373","Pure Number","0","Units","","12","",,M,,M,,M,,M,,M,,M,,M
CPMI_PARTICIPANTS:A:SG:U:SG2C:N,"A","Annual","SG","Singapore","U","Central counterparties/clearing houses","SG2C","MEPS","N","Direct participants, domestic","A","All users","E","End of period","0","373","Pure Number","0","Units","","12","",,M,,M,,M,,M,,M,,M,,M
CPMI_PARTICIPANTS:A:SG:U:SG2C:O,"A","Annual","SG","Singapore","U","Central counterparties/clearing houses","SG2C","MEPS","O","Direct participants, domestic, Banks","A","All users","E","End of period","0","373","Pure Number","0","Units","","12","",,M,,M,,M,,M,,M,,M,,M
CPMI_PARTICIPANTS:A:SG:U:SG2C:P,"A","Annual","SG","Singapore","U","Central counterparties/clearing houses","SG2C","MEPS","P","Direct participants, domestic, Central banks","A","All users","E","End of period","0","373","Pure Number","0","Units","","12","",,M,,M,,M,,M,,M,,M,,M
CPMI_PARTICIPANTS:A:SG:U:SG2C:Q,"A","Annual","SG","Singapore","U","Central counterparties/clearing houses","SG2C","MEPS","Q","Direct participants, domestic, CCPs/Other CCPs","A","All users","E","End of period","0","373","Pure Number","0","Units","","12","",,M,,M,,M,,M,,M,,M,,M
CPMI_PARTICIPANTS:A:SG:U:SG2C:S,"A","Annual","SG","Singapore","U","Central counterparties/clearing houses","SG2C","MEPS","S","Direct participants, domestic, Other","A","All users","E","End of period","0","373","Pure Number","0","Units","","12","",,M,,M,,M,,M,,M,,M,,M
CPMI_PARTICIPANTS:A:SG:U:SG2C:T,"A","Annual","SG","Singapore","U","Central counterparties/clearing houses","SG2C","MEPS","T","Direct participants, foreign","A","All users","E","End of period","0","373","Pure Number","0","Units","","12","",,M,,M,,M,,M,,M,,M,,M
CPMI_PARTICIPANTS:A:SG:U:SG2C:U,"A","Annual","SG","Singapore","U","Central counterparties/clearing houses","SG2C","MEPS","U","Direct participants, foreign, Banks","A","All users","E","End of period","0","373","Pure Number","0","Units","","12","",,M,,M,,M,,M,,M,,M,,M
CPMI_PARTICIPANTS:A:SG:U:SG2C:V,"A","Annual","SG","Singapore","U","Central counterparties/clearing houses","SG2C","MEPS","V","Direct participants, foreign, Central banks","A","All users","E","End of period","0","373","Pure Number","0","Units","","12","",,M,,M,,M,,M,,M,,M,,M
CPMI_PARTICIPANTS:A:SG:U:SG2C:W,"A","Annual","SG","Singapore","U","Central counterparties/clearing houses","SG2C","MEPS","W","Direct participants, foreign, CCPs/Other CCPs","A","All users","E","End of period","0","373","Pure Number","0","Units","","12","",,M,,M,,M,,M,,M,,M,,M
CPMI_PARTICIPANTS:A:SG:U:SG2C:Y,"A","Annual","SG","Singapore","U","Central counterparties/clearing houses","SG2C","MEPS","Y","Direct participants, foreign, Other","A","All users","E","End of period","0","373","Pure Number","0","Units","","12","",,M,,M,,M,,M,,M,,M,,M
CPMI_PARTICIPANTS:A:SG:V:SG1S:B,"A","Annual","SG","Singapore","V","Central securities depositories","SG1S","SGS","B","Direct participants, Banks","A","All users","E","End of period","0","373","Pure Number","0","Units","","15","",,L,,L,,L,,L,,L,,L,,L
CPMI_PARTICIPANTS:A:SG:V:SG1S:C,"A","Annual","SG","Singapore","V","Central securities depositories","SG1S","SGS","C","Direct participants, Central bank","A","All users","E","End of period","0","373","Pure Number","0","Units","","15","",,L,,L,,L,,L,,L,,L,,L
CPMI_PARTICIPANTS:A:SG:V:SG1S:D,"A","Annual","SG","Singapore","V","Central securities depositories","SG1S","SGS","D","Direct participants, all","A","All users","E","End of period","0","373","Pure Number","0","Units","","15","",62,A,64,A,64,A,63,A,62,A,63,A,62,A
CPMI_PARTICIPANTS:A:SG:V:SG1S:I,"A","Annual","SG","Singapore","V","Central securities depositories","SG1S","SGS","I","Direct participants, CCPs/Other CCPs","A","All users","E","End of period","0","373","Pure Number","0","Units","","15","",,L,,L,,L,,L,,L,,L,,L
CPMI_PARTICIPANTS:A:SG:V:SG1S:J,"A","Annual","SG","Singapore","V","Central securities depositories","SG1S","SGS","J","Direct participants, CSDs","A","All users","E","End of period","0","373","Pure Number","0","Units","","15","",,L,,L,,L,,L,,L,,L,,L
CPMI_PARTICIPANTS:A:SG:V:SG1S:L,"A","Annual","SG","Singapore","V","Central securities depositories","SG1S","SGS","L","Direct participants, Other","A","All users","E","End of period","0","373","Pure Number","0","Units","","15","",,L,,L,,L,,L,,L,,L,,L
CPMI_PARTICIPANTS:A:SG:V:SG1S:N,"A","Annual","SG","Singapore","V","Central securities depositories","SG1S","SGS","N","Direct participants, domestic","A","All users","E","End of period","0","373","Pure Number","0","Units","","15","",,L,,L,,L,,L,,L,,L,,L
CPMI_PARTICIPANTS:A:SG:V:SG1S:O,"A","Annual","SG","Singapore","V","Central securities depositories","SG1S","SGS","O","Direct participants, domestic, Banks","A","All users","E","End of period","0","373","Pure Number","0","Units","","15","",,L,,L,,L,,L,,L,,L,,L
CPMI_PARTICIPANTS:A:SG:V:SG1S:P,"A","Annual","SG","Singapore","V","Central securities depositories","SG1S","SGS","P","Direct participants, domestic, Central banks","A","All users","E","End of period","0","373","Pure Number","0","Units","","15","",,L,,L,,L,,L,,L,,L,,L
CPMI_PARTICIPANTS:A:SG:V:SG1S:Q,"A","Annual","SG","Singapore","V","Central securities depositories","SG1S","SGS","Q","Direct participants, domestic, CCPs/Other CCPs","A","All users","E","End of period","0","373","Pure Number","0","Units","","15","",,L,,L,,L,,L,,L,,L,,L
CPMI_PARTICIPANTS:A:SG:V:SG1S:R,"A","Annual","SG","Singapore","V","Central securities depositories","SG1S","SGS","R","Direct participants, domestic, CSDs","A","All users","E","End of period","0","373","Pure Number","0","Units","","15","",,L,,L,,L,,L,,L,,L,,L
CPMI_PARTICIPANTS:A:SG:V:SG1S:S,"A","Annual","SG","Singapore","V","Central securities depositories","SG1S","SGS","S","Direct participants, domestic, Other","A","All users","E","End of period","0","373","Pure Number","0","Units","","15","",,L,,L,,L,,L,,L,,L,,L
CPMI_PARTICIPANTS:A:SG:V:SG1S:T,"A","Annual","SG","Singapore","V","Central securities depositories","SG1S","SGS","T","Direct participants, foreign","A","All users","E","End of period","0","373","Pure Number","0","Units","","15","",,L,,L,,L,,L,,L,,L,,L
CPMI_PARTICIPANTS:A:SG:V:SG1S:U,"A","Annual","SG","Singapore","V","Central securities depositories","SG1S","SGS","U","Direct participants, foreign, Banks","A","All users","E","End of period","0","373","Pure Number","0","Units","","15","",,L,,L,,L,,L,,L,,L,,L
CPMI_PARTICIPANTS:A:SG:V:SG1S:V,"A","Annual","SG","Singapore","V","Central securities depositories","SG1S","SGS","V","Direct participants, foreign, Central banks","A","All users","E","End of period","0","373","Pure Number","0","Units","","15","",,L,,L,,L,,L,,L,,L,,L
CPMI_PARTICIPANTS:A:SG:V:SG1S:W,"A","Annual","SG","Singapore","V","Central securities depositories","SG1S","SGS","W","Direct participants, foreign, CCPs/Other CCPs","A","All users","E","End of period","0","373","Pure Number","0","Units","","15","",,L,,L,,L,,L,,L,,L,,L
CPMI_PARTICIPANTS:A:SG:V:SG1S:X,"A","Annual","SG","Singapore","V","Central securities depositories","SG1S","SGS","X","Direct participants, foreign,CSDs","A","All users","E","End of period","0","373","Pure Number","0","Units","","15","",,L,,L,,L,,L,,L,,L,,L
CPMI_PARTICIPANTS:A:SG:V:SG1S:Y,"A","Annual","SG","Singapore","V","Central securities depositories","SG1S","SGS","Y","Direct participants, foreign, Other","A","All users","E","End of period","0","373","Pure Number","0","Units","","15","",,L,,L,,L,,L,,L,,L,,L
CPMI_PARTICIPANTS:A:SG:V:SG2S:B,"A","Annual","SG","Singapore","V","Central securities depositories","SG2S","DCSS","B","Direct participants, Banks","A","All users","E","End of period","0","373","Pure Number","0","Units","","15","",,L,,L,,L,,L,,L,,L,,L
CPMI_PARTICIPANTS:A:SG:V:SG2S:C,"A","Annual","SG","Singapore","V","Central securities depositories","SG2S","DCSS","C","Direct participants, Central bank","A","All users","E","End of period","0","373","Pure Number","0","Units","","15","",,L,,L,,L,,L,,L,,L,,L
CPMI_PARTICIPANTS:A:SG:V:SG2S:D,"A","Annual","SG","Singapore","V","Central securities depositories","SG2S","DCSS","D","Direct participants, all","A","All users","E","End of period","0","373","Pure Number","0","Units","","15","",42,A,45,A,47,A,50,A,53,A,58,A,63,A
CPMI_PARTICIPANTS:A:SG:V:SG2S:I,"A","Annual","SG","Singapore","V","Central securities depositories","SG2S","DCSS","I","Direct participants, CCPs/Other CCPs","A","All users","E","End of period","0","373","Pure Number","0","Units","","15","",,L,,L,,L,,L,,L,,L,,L
CPMI_PARTICIPANTS:A:SG:V:SG2S:J,"A","Annual","SG","Singapore","V","Central securities depositories","SG2S","DCSS","J","Direct participants, CSDs","A","All users","E","End of period","0","373","Pure Number","0","Units","","15","",,L,,L,,L,,L,,L,,L,,L
CPMI_PARTICIPANTS:A:SG:V:SG2S:L,"A","Annual","SG","Singapore","V","Central securities depositories","SG2S","DCSS","L","Direct participants, Other","A","All users","E","End of period","0","373","Pure Number","0","Units","","15","",,L,,L,,L,,L,,L,,L,,L
CPMI_PARTICIPANTS:A:SG:V:SG2S:N,"A","Annual","SG","Singapore","V","Central securities depositories","SG2S","DCSS","N","Direct participants, domestic","A","All users","E","End of period","0","373","Pure Number","0","Units","","15","",,L,,L,,L,,L,,L,,L,,L
CPMI_PARTICIPANTS:A:SG:V:SG2S:O,"A","Annual","SG","Singapore","V","Central securities depositories","SG2S","DCSS","O","Direct participants, domestic, Banks","A","All users","E","End of period","0","373","Pure Number","0","Units","","15","",,L,,L,,L,,L,,L,,L,,L
CPMI_PARTICIPANTS:A:SG:V:SG2S:P,"A","Annual","SG","Singapore","V","Central securities depositories","SG2S","DCSS","P","Direct participants, domestic, Central banks","A","All users","E","End of period","0","373","Pure Number","0","Units","","15","",,L,,L,,L,,L,,L,,L,,L
CPMI_PARTICIPANTS:A:SG:V:SG2S:Q,"A","Annual","SG","Singapore","V","Central securities depositories","SG2S","DCSS","Q","Direct participants, domestic, CCPs/Other CCPs","A","All users","E","End of period","0","373","Pure Number","0","Units","","15","",,L,,L,,L,,L,,L,,L,,L
CPMI_PARTICIPANTS:A:SG:V:SG2S:R,"A","Annual","SG","Singapore","V","Central securities depositories","SG2S","DCSS","R","Direct participants, domestic, CSDs","A","All users","E","End of period","0","373","Pure Number","0","Units","","15","",,L,,L,,L,,L,,L,,L,,L
CPMI_PARTICIPANTS:A:SG:V:SG2S:S,"A","Annual","SG","Singapore","V","Central securities depositories","SG2S","DCSS","S","Direct participants, domestic, Other","A","All users","E","End of period","0","373","Pure Number","0","Units","","15","",,L,,L,,L,,L,,L,,L,,L
CPMI_PARTICIPANTS:A:SG:V:SG2S:T,"A","Annual","SG","Singapore","V","Central securities depositories","SG2S","DCSS","T","Direct participants, foreign","A","All users","E","End of period","0","373","Pure Number","0","Units","","15","",,L,,L,,L,,L,,L,,L,,L
CPMI_PARTICIPANTS:A:SG:V:SG2S:U,"A","Annual","SG","Singapore","V","Central securities depositories","SG2S","DCSS","U","Direct participants, foreign, Banks","A","All users","E","End of period","0","373","Pure Number","0","Units","","15","",,L,,L,,L,,L,,L,,L,,L
CPMI_PARTICIPANTS:A:SG:V:SG2S:V,"A","Annual","SG","Singapore","V","Central securities depositories","SG2S","DCSS","V","Direct participants, foreign, Central banks","A","All users","E","End of period","0","373","Pure Number","0","Units","","15","",,L,,L,,L,,L,,L,,L,,L
CPMI_PARTICIPANTS:A:SG:V:SG2S:W,"A","Annual","SG","Singapore","V","Central securities depositories","SG2S","DCSS","W","Direct participants, foreign, CCPs/Other CCPs","A","All users","E","End of period","0","373","Pure Number","0","Units","","15","",,L,,L,,L,,L,,L,,L,,L
CPMI_PARTICIPANTS:A:SG:V:SG2S:X,"A","Annual","SG","Singapore","V","Central securities depositories","SG2S","DCSS","X","Direct participants, foreign,CSDs","A","All users","E","End of period","0","373","Pure Number","0","Units","","15","",,L,,L,,L,,L,,L,,L,,L
CPMI_PARTICIPANTS:A:SG:V:SG2S:Y,"A","Annual","SG","Singapore","V","Central securities depositories","SG2S","DCSS","Y","Direct participants, foreign, Other","A","All users","E","End of period","0","373","Pure Number","0","Units","","15","",,L,,L,,L,,L,,L,,L,,L
CPMI_PARTICIPANTS:A:SG:V:SG3S:B,"A","Annual","SG","Singapore","V","Central securities depositories","SG3S","CDP","B","Direct participants, Banks","A","All users","E","End of period","0","373","Pure Number","0","Units","","15","",,L,,L,,L,,L,,L,,L,,L
CPMI_PARTICIPANTS:A:SG:V:SG3S:C,"A","Annual","SG","Singapore","V","Central securities depositories","SG3S","CDP","C","Direct participants, Central bank","A","All users","E","End of period","0","373","Pure Number","0","Units","","15","",,L,,L,,L,,L,,L,,L,,L
CPMI_PARTICIPANTS:A:SG:V:SG3S:D,"A","Annual","SG","Singapore","V","Central securities depositories","SG3S","CDP","D","Direct participants, all","A","All users","E","End of period","0","373","Pure Number","0","Units","","15","",27,A,25,A,26,A,26,A,26,A,26,A,26,A
CPMI_PARTICIPANTS:A:SG:V:SG3S:I,"A","Annual","SG","Singapore","V","Central securities depositories","SG3S","CDP","I","Direct participants, CCPs/Other CCPs","A","All users","E","End of period","0","373","Pure Number","0","Units","","15","",,L,,L,,L,,L,,L,,L,,L
CPMI_PARTICIPANTS:A:SG:V:SG3S:J,"A","Annual","SG","Singapore","V","Central securities depositories","SG3S","CDP","J","Direct participants, CSDs","A","All users","E","End of period","0","373","Pure Number","0","Units","","15","",,L,,L,,L,,L,,L,,L,,L
CPMI_PARTICIPANTS:A:SG:V:SG3S:L,"A","Annual","SG","Singapore","V","Central securities depositories","SG3S","CDP","L","Direct participants, Other","A","All users","E","End of period","0","373","Pure Number","0","Units","","15","",,L,,L,,L,,L,,L,,L,,L
CPMI_PARTICIPANTS:A:SG:V:SG3S:N,"A","Annual","SG","Singapore","V","Central securities depositories","SG3S","CDP","N","Direct participants, domestic","A","All users","E","End of period","0","373","Pure Number","0","Units","","15","",,L,,L,,L,,L,,L,,L,,L
CPMI_PARTICIPANTS:A:SG:V:SG3S:O,"A","Annual","SG","Singapore","V","Central securities depositories","SG3S","CDP","O","Direct participants, domestic, Banks","A","All users","E","End of period","0","373","Pure Number","0","Units","","15","",,L,,L,,L,,L,,L,,L,,L
CPMI_PARTICIPANTS:A:SG:V:SG3S:P,"A","Annual","SG","Singapore","V","Central securities depositories","SG3S","CDP","P","Direct participants, domestic, Central banks","A","All users","E","End of period","0","373","Pure Number","0","Units","","15","",,L,,L,,L,,L,,L,,L,,L
CPMI_PARTICIPANTS:A:SG:V:SG3S:Q,"A","Annual","SG","Singapore","V","Central securities depositories","SG3S","CDP","Q","Direct participants, domestic, CCPs/Other CCPs","A","All users","E","End of period","0","373","Pure Number","0","Units","","15","",,L,,L,,L,,L,,L,,L,,L
CPMI_PARTICIPANTS:A:SG:V:SG3S:R,"A","Annual","SG","Singapore","V","Central securities depositories","SG3S","CDP","R","Direct participants, domestic, CSDs","A","All users","E","End of period","0","373","Pure Number","0","Units","","15","",,L,,L,,L,,L,,L,,L,,L
CPMI_PARTICIPANTS:A:SG:V:SG3S:S,"A","Annual","SG","Singapore","V","Central securities depositories","SG3S","CDP","S","Direct participants, domestic, Other","A","All users","E","End of period","0","373","Pure Number","0","Units","","15","",,L,,L,,L,,L,,L,,L,,L
CPMI_PARTICIPANTS:A:SG:V:SG3S:T,"A","Annual","SG","Singapore","V","Central securities depositories","SG3S","CDP","T","Direct participants, foreign","A","All users","E","End of period","0","373","Pure Number","0","Units","","15","",,L,,L,,L,,L,,L,,L,,L
CPMI_PARTICIPANTS:A:SG:V:SG3S:U,"A","Annual","SG","Singapore","V","Central securities depositories","SG3S","CDP","U","Direct participants, foreign, Banks","A","All users","E","End of period","0","373","Pure Number","0","Units","","15","",,L,,L,,L,,L,,L,,L,,L
CPMI_PARTICIPANTS:A:SG:V:SG3S:V,"A","Annual","SG","Singapore","V","Central securities depositories","SG3S","CDP","V","Direct participants, foreign, Central banks","A","All users","E","End of period","0","373","Pure Number","0","Units","","15","",,L,,L,,L,,L,,L,,L,,L
CPMI_PARTICIPANTS:A:SG:V:SG3S:W,"A","Annual","SG","Singapore","V","Central securities depositories","SG3S","CDP","W","Direct participants, foreign, CCPs/Other CCPs","A","All users","E","End of period","0","373","Pure Number","0","Units","","15","",,L,,L,,L,,L,,L,,L,,L
CPMI_PARTICIPANTS:A:SG:V:SG3S:X,"A","Annual","SG","Singapore","V","Central securities depositories","SG3S","CDP","X","Direct participants, foreign,CSDs","A","All users","E","End of period","0","373","Pure Number","0","Units","","15","",,L,,L,,L,,L,,L,,L,,L
CPMI_PARTICIPANTS:A:SG:V:SG3S:Y,"A","Annual","SG","Singapore","V","Central securities depositories","SG3S","CDP","Y","Direct participants, foreign, Other","A","All users","E","End of period","0","373","Pure Number","0","Units","","15","",,L,,L,,L,,L,,L,,L,,L
CPMI_PARTICIPANTS:A:TR:A:TR1P:A,"A","Annual","TR","Turkey","A","Payment systems, large-value","TR1P","EFT large","A","All","A","All users","E","End of period","0","373","Pure Number","0","Units","","7","",48,A,49,A,49,A,51,A,52,A,51,A,51,A
CPMI_PARTICIPANTS:A:TR:A:TR1P:B,"A","Annual","TR","Turkey","A","Payment systems, large-value","TR1P","EFT large","B","Direct participants, Banks","A","All users","E","End of period","0","373","Pure Number","0","Units","","7","",46,A,47,A,47,A,49,A,50,A,49,A,49,A
CPMI_PARTICIPANTS:A:TR:A:TR1P:C,"A","Annual","TR","Turkey","A","Payment systems, large-value","TR1P","EFT large","C","Direct participants, Central bank","A","All users","E","End of period","0","373","Pure Number","0","Units","","7","",1,A,1,A,1,A,1,A,1,A,1,A,1,A
CPMI_PARTICIPANTS:A:TR:A:TR1P:D,"A","Annual","TR","Turkey","A","Payment systems, large-value","TR1P","EFT large","D","Direct participants, all","A","All users","E","End of period","0","373","Pure Number","0","Units","","7","",48,A,49,A,49,A,51,A,52,A,51,A,51,A
CPMI_PARTICIPANTS:A:TR:A:TR1P:F,"A","Annual","TR","Turkey","A","Payment systems, large-value","TR1P","EFT large","F","Direct participants, Government","A","All users","E","End of period","0","373","Pure Number","0","Units","","7","",0,A,0,A,0,A,0,A,0,A,0,A,0,A
CPMI_PARTICIPANTS:A:TR:A:TR1P:G,"A","Annual","TR","Turkey","A","Payment systems, large-value","TR1P","EFT large","G","Direct participants, Postal institution","A","All users","E","End of period","0","373","Pure Number","0","Units","","7","",0,A,0,A,0,A,0,A,0,A,0,A,0,A
CPMI_PARTICIPANTS:A:TR:A:TR1P:H,"A","Annual","TR","Turkey","A","Payment systems, large-value","TR1P","EFT large","H","Direct participants, Payment systems, CCPs and SSSs","A","All users","E","End of period","0","373","Pure Number","0","Units","","7","",1,A,1,A,1,A,1,A,1,A,1,A,1,A
CPMI_PARTICIPANTS:A:TR:A:TR1P:L,"A","Annual","TR","Turkey","A","Payment systems, large-value","TR1P","EFT large","L","Direct participants, Other","A","All users","E","End of period","0","373","Pure Number","0","Units","","7","",0,A,0,A,0,A,0,A,0,A,0,A,0,A
CPMI_PARTICIPANTS:A:TR:A:TR1P:Z,"A","Annual","TR","Turkey","A","Payment systems, large-value","TR1P","EFT large","Z","Indirect participants","A","All users","E","End of period","0","373","Pure Number","0","Units","","7","",0,A,0,A,0,A,0,A,0,A,0,A,0,A
CPMI_PARTICIPANTS:A:TR:B:TR2P:A,"A","Annual","TR","Turkey","B","Payment systems, retail","TR2P","Interbank Card Center","A","All","A","All users","E","End of period","0","373","Pure Number","0","Units","","7","",28,A,28,A,28,A,29,A,30,A,31,A,33,A
CPMI_PARTICIPANTS:A:TR:B:TR2P:B,"A","Annual","TR","Turkey","B","Payment systems, retail","TR2P","Interbank Card Center","B","Direct participants, Banks","A","All users","E","End of period","0","373","Pure Number","0","Units","","7","",27,A,27,A,27,A,28,A,29,A,28,A,29,A
CPMI_PARTICIPANTS:A:TR:B:TR2P:C,"A","Annual","TR","Turkey","B","Payment systems, retail","TR2P","Interbank Card Center","C","Direct participants, Central bank","A","All users","E","End of period","0","373","Pure Number","0","Units","","7","",0,A,0,A,0,A,0,A,0,A,0,A,0,A
CPMI_PARTICIPANTS:A:TR:B:TR2P:D,"A","Annual","TR","Turkey","B","Payment systems, retail","TR2P","Interbank Card Center","D","Direct participants, all","A","All users","E","End of period","0","373","Pure Number","0","Units","","7","",28,A,28,A,28,A,29,A,30,A,31,A,33,A
CPMI_PARTICIPANTS:A:TR:B:TR2P:F,"A","Annual","TR","Turkey","B","Payment systems, retail","TR2P","Interbank Card Center","F","Direct participants, Government","A","All users","E","End of period","0","373","Pure Number","0","Units","","7","",0,A,0,A,0,A,0,A,0,A,0,A,0,A
CPMI_PARTICIPANTS:A:TR:B:TR2P:G,"A","Annual","TR","Turkey","B","Payment systems, retail","TR2P","Interbank Card Center","G","Direct participants, Postal institution","A","All users","E","End of period","0","373","Pure Number","0","Units","","7","",0,A,0,A,0,A,0,A,0,A,0,A,0,A
CPMI_PARTICIPANTS:A:TR:B:TR2P:H,"A","Annual","TR","Turkey","B","Payment systems, retail","TR2P","Interbank Card Center","H","Direct participants, Payment systems, CCPs and SSSs","A","All users","E","End of period","0","373","Pure Number","0","Units","","7","",0,A,0,A,0,A,0,A,0,A,0,A,0,A
CPMI_PARTICIPANTS:A:TR:B:TR2P:L,"A","Annual","TR","Turkey","B","Payment systems, retail","TR2P","Interbank Card Center","L","Direct participants, Other","A","All users","E","End of period","0","373","Pure Number","0","Units","","7","",1,A,1,A,1,A,1,A,1,A,3,A,4,A
CPMI_PARTICIPANTS:A:TR:B:TR2P:Z,"A","Annual","TR","Turkey","B","Payment systems, retail","TR2P","Interbank Card Center","Z","Indirect participants","A","All users","E","End of period","0","373","Pure Number","0","Units","","7","",0,A,0,A,0,A,0,A,0,A,0,A,0,A
CPMI_PARTICIPANTS:A:TR:B:TR3P:A,"A","Annual","TR","Turkey","B","Payment systems, retail","TR3P","Takasbank Cheque Clearing System","A","All","A","All users","E","End of period","0","373","Pure Number","0","Units","The operator of the cheque clearing system ICH was closed and a new system operator Takasbank Cheque Clearing System was established to operate the system since July 2018.","7","",41,A,41,A,41,A,42,A,43,A,41,A,39,A
CPMI_PARTICIPANTS:A:TR:B:TR3P:B,"A","Annual","TR","Turkey","B","Payment systems, retail","TR3P","Takasbank Cheque Clearing System","B","Direct participants, Banks","A","All users","E","End of period","0","373","Pure Number","0","Units","","7","",40,A,40,A,40,A,41,A,42,A,40,A,38,A
CPMI_PARTICIPANTS:A:TR:B:TR3P:C,"A","Annual","TR","Turkey","B","Payment systems, retail","TR3P","Takasbank Cheque Clearing System","C","Direct participants, Central bank","A","All users","E","End of period","0","373","Pure Number","0","Units","","7","",1,A,1,A,1,A,1,A,1,A,1,A,1,A
CPMI_PARTICIPANTS:A:TR:B:TR3P:D,"A","Annual","TR","Turkey","B","Payment systems, retail","TR3P","Takasbank Cheque Clearing System","D","Direct participants, all","A","All users","E","End of period","0","373","Pure Number","0","Units","","7","",41,A,41,A,41,A,42,A,43,A,41,A,39,A
CPMI_PARTICIPANTS:A:TR:B:TR3P:F,"A","Annual","TR","Turkey","B","Payment systems, retail","TR3P","Takasbank Cheque Clearing System","F","Direct participants, Government","A","All users","E","End of period","0","373","Pure Number","0","Units","","7","",,M,,M,,M,,M,,M,,M,,M
CPMI_PARTICIPANTS:A:TR:B:TR3P:G,"A","Annual","TR","Turkey","B","Payment systems, retail","TR3P","Takasbank Cheque Clearing System","G","Direct participants, Postal institution","A","All users","E","End of period","0","373","Pure Number","0","Units","","7","",,M,,M,,M,,M,,M,,M,,M
CPMI_PARTICIPANTS:A:TR:B:TR3P:H,"A","Annual","TR","Turkey","B","Payment systems, retail","TR3P","Takasbank Cheque Clearing System","H","Direct participants, Payment systems, CCPs and SSSs","A","All users","E","End of period","0","373","Pure Number","0","Units","","7","",,M,,M,,M,,M,,M,,M,,M
CPMI_PARTICIPANTS:A:TR:B:TR3P:L,"A","Annual","TR","Turkey","B","Payment systems, retail","TR3P","Takasbank Cheque Clearing System","L","Direct participants, Other","A","All users","E","End of period","0","373","Pure Number","0","Units","","7","",,M,,M,,M,,M,,M,,M,,M
CPMI_PARTICIPANTS:A:TR:B:TR3P:Z,"A","Annual","TR","Turkey","B","Payment systems, retail","TR3P","Takasbank Cheque Clearing System","Z","Indirect participants","A","All users","E","End of period","0","373","Pure Number","0","Units","","7","",,M,,M,,M,,M,,M,,M,,M
CPMI_PARTICIPANTS:A:TR:B:TR4P:A,"A","Annual","TR","Turkey","B","Payment systems, retail","TR4P","EFT retail","A","All","A","All users","E","End of period","0","373","Pure Number","0","Units","","7","",48,A,49,A,49,A,51,A,52,A,51,A,51,A
CPMI_PARTICIPANTS:A:TR:B:TR4P:B,"A","Annual","TR","Turkey","B","Payment systems, retail","TR4P","EFT retail","B","Direct participants, Banks","A","All users","E","End of period","0","373","Pure Number","0","Units","","7","",46,A,47,A,47,A,49,A,50,A,49,A,49,A
CPMI_PARTICIPANTS:A:TR:B:TR4P:C,"A","Annual","TR","Turkey","B","Payment systems, retail","TR4P","EFT retail","C","Direct participants, Central bank","A","All users","E","End of period","0","373","Pure Number","0","Units","","7","",1,A,1,A,1,A,1,A,1,A,1,A,1,A
CPMI_PARTICIPANTS:A:TR:B:TR4P:D,"A","Annual","TR","Turkey","B","Payment systems, retail","TR4P","EFT retail","D","Direct participants, all","A","All users","E","End of period","0","373","Pure Number","0","Units","","7","",48,A,49,A,49,A,51,A,52,A,51,A,51,A
CPMI_PARTICIPANTS:A:TR:B:TR4P:F,"A","Annual","TR","Turkey","B","Payment systems, retail","TR4P","EFT retail","F","Direct participants, Government","A","All users","E","End of period","0","373","Pure Number","0","Units","","7","",0,A,0,A,0,A,0,A,0,A,0,A,0,A
CPMI_PARTICIPANTS:A:TR:B:TR4P:G,"A","Annual","TR","Turkey","B","Payment systems, retail","TR4P","EFT retail","G","Direct participants, Postal institution","A","All users","E","End of period","0","373","Pure Number","0","Units","","7","",0,A,0,A,0,A,0,A,0,A,0,A,0,A
CPMI_PARTICIPANTS:A:TR:B:TR4P:H,"A","Annual","TR","Turkey","B","Payment systems, retail","TR4P","EFT retail","H","Direct participants, Payment systems, CCPs and SSSs","A","All users","E","End of period","0","373","Pure Number","0","Units","","7","",1,A,1,A,1,A,1,A,1,A,1,A,1,A
CPMI_PARTICIPANTS:A:TR:B:TR4P:L,"A","Annual","TR","Turkey","B","Payment systems, retail","TR4P","EFT retail","L","Direct participants, Other","A","All users","E","End of period","0","373","Pure Number","0","Units","","7","",0,A,0,A,0,A,0,A,0,A,0,A,0,A
CPMI_PARTICIPANTS:A:TR:B:TR4P:Z,"A","Annual","TR","Turkey","B","Payment systems, retail","TR4P","EFT retail","Z","Indirect participants","A","All users","E","End of period","0","373","Pure Number","0","Units","","7","",0,A,0,A,0,A,0,A,0,A,0,A,0,A
CPMI_PARTICIPANTS:A:TR:B:TR5P:A,"A","Annual","TR","Turkey","B","Payment systems, retail","TR5P","Garanti Payment Systems","A","All","A","All users","E","End of period","0","373","Pure Number","0","Units","","7","",9,A,9,A,10,A,10,A,10,A,10,A,9,A
CPMI_PARTICIPANTS:A:TR:B:TR5P:B,"A","Annual","TR","Turkey","B","Payment systems, retail","TR5P","Garanti Payment Systems","B","Direct participants, Banks","A","All users","E","End of period","0","373","Pure Number","0","Units","","7","",9,A,9,A,10,A,10,A,10,A,10,A,9,A
CPMI_PARTICIPANTS:A:TR:B:TR5P:C,"A","Annual","TR","Turkey","B","Payment systems, retail","TR5P","Garanti Payment Systems","C","Direct participants, Central bank","A","All users","E","End of period","0","373","Pure Number","0","Units","","7","",0,A,0,A,0,A,0,A,0,A,0,A,0,A
CPMI_PARTICIPANTS:A:TR:B:TR5P:D,"A","Annual","TR","Turkey","B","Payment systems, retail","TR5P","Garanti Payment Systems","D","Direct participants, all","A","All users","E","End of period","0","373","Pure Number","0","Units","","7","",9,A,9,A,10,A,10,A,10,A,10,A,9,A
CPMI_PARTICIPANTS:A:TR:B:TR5P:F,"A","Annual","TR","Turkey","B","Payment systems, retail","TR5P","Garanti Payment Systems","F","Direct participants, Government","A","All users","E","End of period","0","373","Pure Number","0","Units","","7","",0,A,0,A,0,A,0,A,0,A,0,A,0,A
CPMI_PARTICIPANTS:A:TR:B:TR5P:G,"A","Annual","TR","Turkey","B","Payment systems, retail","TR5P","Garanti Payment Systems","G","Direct participants, Postal institution","A","All users","E","End of period","0","373","Pure Number","0","Units","","7","",0,A,0,A,0,A,0,A,0,A,0,A,0,A
CPMI_PARTICIPANTS:A:TR:B:TR5P:H,"A","Annual","TR","Turkey","B","Payment systems, retail","TR5P","Garanti Payment Systems","H","Direct participants, Payment systems, CCPs and SSSs","A","All users","E","End of period","0","373","Pure Number","0","Units","","7","",0,A,0,A,0,A,0,A,0,A,0,A,0,A
CPMI_PARTICIPANTS:A:TR:B:TR5P:L,"A","Annual","TR","Turkey","B","Payment systems, retail","TR5P","Garanti Payment Systems","L","Direct participants, Other","A","All users","E","End of period","0","373","Pure Number","0","Units","","7","",0,A,0,A,0,A,0,A,0,A,0,A,0,A
CPMI_PARTICIPANTS:A:TR:B:TR5P:Z,"A","Annual","TR","Turkey","B","Payment systems, retail","TR5P","Garanti Payment Systems","Z","Indirect participants","A","All users","E","End of period","0","373","Pure Number","0","Units","","7","",0,A,0,A,0,A,0,A,0,A,0,A,0,A
CPMI_PARTICIPANTS:A:TR:B:TR6P:A,"A","Annual","TR","Turkey","B","Payment systems, retail","TR6P","MPTS","A","All","A","All users","E","End of period","0","373","Pure Number","0","Units","","7","",,L,,L,9,A,9,A,9,A,8,A,8,A
CPMI_PARTICIPANTS:A:TR:B:TR6P:B,"A","Annual","TR","Turkey","B","Payment systems, retail","TR6P","MPTS","B","Direct participants, Banks","A","All users","E","End of period","0","373","Pure Number","0","Units","","7","",,L,,L,5,A,5,A,5,A,4,A,4,A
CPMI_PARTICIPANTS:A:TR:B:TR6P:C,"A","Annual","TR","Turkey","B","Payment systems, retail","TR6P","MPTS","C","Direct participants, Central bank","A","All users","E","End of period","0","373","Pure Number","0","Units","","7","",,L,,L,0,A,0,A,0,A,0,A,0,A
CPMI_PARTICIPANTS:A:TR:B:TR6P:D,"A","Annual","TR","Turkey","B","Payment systems, retail","TR6P","MPTS","D","Direct participants, all","A","All users","E","End of period","0","373","Pure Number","0","Units","","7","",,L,,L,9,A,9,A,9,A,8,A,8,A
CPMI_PARTICIPANTS:A:TR:B:TR6P:F,"A","Annual","TR","Turkey","B","Payment systems, retail","TR6P","MPTS","F","Direct participants, Government","A","All users","E","End of period","0","373","Pure Number","0","Units","","7","",,L,,L,0,A,0,A,0,A,0,A,0,A
CPMI_PARTICIPANTS:A:TR:B:TR6P:G,"A","Annual","TR","Turkey","B","Payment systems, retail","TR6P","MPTS","G","Direct participants, Postal institution","A","All users","E","End of period","0","373","Pure Number","0","Units","","7","",,L,,L,1,A,1,A,1,A,1,A,1,A
CPMI_PARTICIPANTS:A:TR:B:TR6P:H,"A","Annual","TR","Turkey","B","Payment systems, retail","TR6P","MPTS","H","Direct participants, Payment systems, CCPs and SSSs","A","All users","E","End of period","0","373","Pure Number","0","Units","","7","",,L,,L,1,A,1,A,1,A,1,A,1,A
CPMI_PARTICIPANTS:A:TR:B:TR6P:L,"A","Annual","TR","Turkey","B","Payment systems, retail","TR6P","MPTS","L","Direct participants, Other","A","All users","E","End of period","0","373","Pure Number","0","Units","","7","",,L,,L,2,A,2,A,2,A,2,A,2,A
CPMI_PARTICIPANTS:A:TR:B:TR6P:Z,"A","Annual","TR","Turkey","B","Payment systems, retail","TR6P","MPTS","Z","Indirect participants","A","All users","E","End of period","0","373","Pure Number","0","Units","","7","",,L,,L,0,A,0,A,0,A,0,A,0,A
CPMI_PARTICIPANTS:A:TR:S:SWFT:0,"A","Annual","TR","Turkey","S","Swift","SWFT","Swift","0","Members","A","All users","E","End of period","0","373","Pure Number","0","Units","","10","",29,A,29,A,30,A,30,A,29,A,29,A,29,A
CPMI_PARTICIPANTS:A:TR:S:SWFT:1,"A","Annual","TR","Turkey","S","Swift","SWFT","Swift","1","Sub-members","A","All users","E","End of period","0","373","Pure Number","0","Units","","10","",17,A,18,A,17,A,18,A,17,A,18,A,18,A
CPMI_PARTICIPANTS:A:TR:S:SWFT:A,"A","Annual","TR","Turkey","S","Swift","SWFT","Swift","A","All","A","All users","E","End of period","0","373","Pure Number","0","Units","","10","",57,A,58,A,58,A,60,A,62,A,62,A,65,A
CPMI_PARTICIPANTS:A:TR:U:TR1C:B,"A","Annual","TR","Turkey","U","Central counterparties/clearing houses","TR1C","Takasbank","B","Direct participants, Banks","A","All users","E","End of period","0","373","Pure Number","0","Units","","12","",40,A,41,A,43,A,43,A,44,A,39,A,38,A
CPMI_PARTICIPANTS:A:TR:U:TR1C:C,"A","Annual","TR","Turkey","U","Central counterparties/clearing houses","TR1C","Takasbank","C","Direct participants, Central bank","A","All users","E","End of period","0","373","Pure Number","0","Units","","12","",1,A,1,A,1,A,1,A,1,A,1,A,1,A
CPMI_PARTICIPANTS:A:TR:U:TR1C:D,"A","Annual","TR","Turkey","U","Central counterparties/clearing houses","TR1C","Takasbank","D","Direct participants, all","A","All users","E","End of period","0","373","Pure Number","0","Units","","12","",125,A,123,A,121,A,118,A,124,A,106,A,101,A
CPMI_PARTICIPANTS:A:TR:U:TR1C:I,"A","Annual","TR","Turkey","U","Central counterparties/clearing houses","TR1C","Takasbank","I","Direct participants, CCPs/Other CCPs","A","All users","E","End of period","0","373","Pure Number","0","Units","","12","",0,A,0,A,0,A,0,A,0,A,0,A,0,A
CPMI_PARTICIPANTS:A:TR:U:TR1C:L,"A","Annual","TR","Turkey","U","Central counterparties/clearing houses","TR1C","Takasbank","L","Direct participants, Other","A","All users","E","End of period","0","373","Pure Number","0","Units","Brokerage houses operating on Borsa Istanbul.","12","",84,A,81,A,77,A,74,A,79,A,66,A,62,A
CPMI_PARTICIPANTS:A:TR:U:TR1C:N,"A","Annual","TR","Turkey","U","Central counterparties/clearing houses","TR1C","Takasbank","N","Direct participants, domestic","A","All users","E","End of period","0","373","Pure Number","0","Units","","12","",125,A,123,A,121,A,118,A,124,A,106,A,101,A
CPMI_PARTICIPANTS:A:TR:U:TR1C:O,"A","Annual","TR","Turkey","U","Central counterparties/clearing houses","TR1C","Takasbank","O","Direct participants, domestic, Banks","A","All users","E","End of period","0","373","Pure Number","0","Units","","12","",40,A,41,A,43,A,43,A,44,A,39,A,38,A
CPMI_PARTICIPANTS:A:TR:U:TR1C:P,"A","Annual","TR","Turkey","U","Central counterparties/clearing houses","TR1C","Takasbank","P","Direct participants, domestic, Central banks","A","All users","E","End of period","0","373","Pure Number","0","Units","","12","",1,A,1,A,1,A,1,A,1,A,1,A,1,A
CPMI_PARTICIPANTS:A:TR:U:TR1C:Q,"A","Annual","TR","Turkey","U","Central counterparties/clearing houses","TR1C","Takasbank","Q","Direct participants, domestic, CCPs/Other CCPs","A","All users","E","End of period","0","373","Pure Number","0","Units","","12","",0,A,0,A,0,A,0,A,0,A,0,A,0,A
CPMI_PARTICIPANTS:A:TR:U:TR1C:S,"A","Annual","TR","Turkey","U","Central counterparties/clearing houses","TR1C","Takasbank","S","Direct participants, domestic, Other","A","All users","E","End of period","0","373","Pure Number","0","Units","","12","",84,A,81,A,77,A,74,A,79,A,66,A,62,A
CPMI_PARTICIPANTS:A:TR:U:TR1C:T,"A","Annual","TR","Turkey","U","Central counterparties/clearing houses","TR1C","Takasbank","T","Direct participants, foreign","A","All users","E","End of period","0","373","Pure Number","0","Units","","12","",0,A,0,A,0,A,0,A,0,A,0,A,0,A
CPMI_PARTICIPANTS:A:TR:U:TR1C:U,"A","Annual","TR","Turkey","U","Central counterparties/clearing houses","TR1C","Takasbank","U","Direct participants, foreign, Banks","A","All users","E","End of period","0","373","Pure Number","0","Units","","12","",0,A,0,A,0,A,0,A,0,A,0,A,0,A
CPMI_PARTICIPANTS:A:TR:U:TR1C:V,"A","Annual","TR","Turkey","U","Central counterparties/clearing houses","TR1C","Takasbank","V","Direct participants, foreign, Central banks","A","All users","E","End of period","0","373","Pure Number","0","Units","","12","",0,A,0,A,0,A,0,A,0,A,0,A,0,A
CPMI_PARTICIPANTS:A:TR:U:TR1C:W,"A","Annual","TR","Turkey","U","Central counterparties/clearing houses","TR1C","Takasbank","W","Direct participants, foreign, CCPs/Other CCPs","A","All users","E","End of period","0","373","Pure Number","0","Units","","12","",0,A,0,A,0,A,0,A,0,A,0,A,0,A
CPMI_PARTICIPANTS:A:TR:U:TR1C:Y,"A","Annual","TR","Turkey","U","Central counterparties/clearing houses","TR1C","Takasbank","Y","Direct participants, foreign, Other","A","All users","E","End of period","0","373","Pure Number","0","Units","","12","",0,A,0,A,0,A,0,A,0,A,0,A,0,A
CPMI_PARTICIPANTS:A:TR:V:TR1S:B,"A","Annual","TR","Turkey","V","Central securities depositories","TR1S","Takasbank","B","Direct participants, Banks","A","All users","E","End of period","0","373","Pure Number","0","Units","","15","",59,A,58,A,57,A,53,A,53,A,39,A,38,A
CPMI_PARTICIPANTS:A:TR:V:TR1S:C,"A","Annual","TR","Turkey","V","Central securities depositories","TR1S","Takasbank","C","Direct participants, Central bank","A","All users","E","End of period","0","373","Pure Number","0","Units","","15","",0,A,0,A,0,A,0,A,0,A,0,A,0,A
CPMI_PARTICIPANTS:A:TR:V:TR1S:D,"A","Annual","TR","Turkey","V","Central securities depositories","TR1S","Takasbank","D","Direct participants, all","A","All users","E","End of period","0","373","Pure Number","0","Units","Takasbank is the official custodian for non-fungible stocks, private pension fund unit shares on a beneficial owner basis, and collective investment schemes' portfolio assets.","15","",1051,A,1048,A,1015,A,1022,A,1122,A,1109,A,1068,A
CPMI_PARTICIPANTS:A:TR:V:TR1S:I,"A","Annual","TR","Turkey","V","Central securities depositories","TR1S","Takasbank","I","Direct participants, CCPs/Other CCPs","A","All users","E","End of period","0","373","Pure Number","0","Units","","15","",0,A,0,A,0,A,0,A,0,A,0,A,0,A
CPMI_PARTICIPANTS:A:TR:V:TR1S:J,"A","Annual","TR","Turkey","V","Central securities depositories","TR1S","Takasbank","J","Direct participants, CSDs","A","All users","E","End of period","0","373","Pure Number","0","Units","","15","",0,A,0,A,0,A,0,A,0,A,0,A,0,A
CPMI_PARTICIPANTS:A:TR:V:TR1S:L,"A","Annual","TR","Turkey","V","Central securities depositories","TR1S","Takasbank","L","Direct participants, Other","A","All users","E","End of period","0","373","Pure Number","0","Units","","15","",992,A,990,A,957,A,969,A,1069,A,1070,A,1030,A
CPMI_PARTICIPANTS:A:TR:V:TR1S:N,"A","Annual","TR","Turkey","V","Central securities depositories","TR1S","Takasbank","N","Direct participants, domestic","A","All users","E","End of period","0","373","Pure Number","0","Units","","15","",1049,A,1046,A,1013,A,1021,A,1122,A,1109,A,1068,A
CPMI_PARTICIPANTS:A:TR:V:TR1S:O,"A","Annual","TR","Turkey","V","Central securities depositories","TR1S","Takasbank","O","Direct participants, domestic, Banks","A","All users","E","End of period","0","373","Pure Number","0","Units","","15","",57,A,56,A,56,A,52,A,53,A,39,A,38,A
CPMI_PARTICIPANTS:A:TR:V:TR1S:P,"A","Annual","TR","Turkey","V","Central securities depositories","TR1S","Takasbank","P","Direct participants, domestic, Central banks","A","All users","E","End of period","0","373","Pure Number","0","Units","","15","",0,A,0,A,0,A,0,A,0,A,0,A,0,A
CPMI_PARTICIPANTS:A:TR:V:TR1S:Q,"A","Annual","TR","Turkey","V","Central securities depositories","TR1S","Takasbank","Q","Direct participants, domestic, CCPs/Other CCPs","A","All users","E","End of period","0","373","Pure Number","0","Units","","15","",0,A,0,A,0,A,0,A,0,A,0,A,0,A
CPMI_PARTICIPANTS:A:TR:V:TR1S:R,"A","Annual","TR","Turkey","V","Central securities depositories","TR1S","Takasbank","R","Direct participants, domestic, CSDs","A","All users","E","End of period","0","373","Pure Number","0","Units","","15","",0,A,0,A,0,A,0,A,0,A,0,A,0,A
CPMI_PARTICIPANTS:A:TR:V:TR1S:S,"A","Annual","TR","Turkey","V","Central securities depositories","TR1S","Takasbank","S","Direct participants, domestic, Other","A","All users","E","End of period","0","373","Pure Number","0","Units","Direct participants utilising CSD services of Takasbank include mutual funds, private pension funds, brokerage houses, banks, portfolio management companies, mutual trusts, institutional investors, real-estate investment trusts, private pension fund companies, exchange-traded funds, insurance companies, participation banks, venture capital trusts and asset finance funds.","15","",992,A,990,A,957,A,969,A,1069,A,1070,A,1030,A
CPMI_PARTICIPANTS:A:TR:V:TR1S:T,"A","Annual","TR","Turkey","V","Central securities depositories","TR1S","Takasbank","T","Direct participants, foreign","A","All users","E","End of period","0","373","Pure Number","0","Units","Takasbank provides local custody services to foreign banks.","15","",2,A,2,A,1,A,1,A,0,A,0,A,0,A
CPMI_PARTICIPANTS:A:TR:V:TR1S:U,"A","Annual","TR","Turkey","V","Central securities depositories","TR1S","Takasbank","U","Direct participants, foreign, Banks","A","All users","E","End of period","0","373","Pure Number","0","Units","","15","",2,A,2,A,1,A,1,A,0,A,0,A,0,A
CPMI_PARTICIPANTS:A:TR:V:TR1S:V,"A","Annual","TR","Turkey","V","Central securities depositories","TR1S","Takasbank","V","Direct participants, foreign, Central banks","A","All users","E","End of period","0","373","Pure Number","0","Units","","15","",0,A,0,A,0,A,0,A,0,A,0,A,0,A
CPMI_PARTICIPANTS:A:TR:V:TR1S:W,"A","Annual","TR","Turkey","V","Central securities depositories","TR1S","Takasbank","W","Direct participants, foreign, CCPs/Other CCPs","A","All users","E","End of period","0","373","Pure Number","0","Units","","15","",0,A,0,A,0,A,0,A,0,A,0,A,0,A
CPMI_PARTICIPANTS:A:TR:V:TR1S:X,"A","Annual","TR","Turkey","V","Central securities depositories","TR1S","Takasbank","X","Direct participants, foreign,CSDs","A","All users","E","End of period","0","373","Pure Number","0","Units","","15","",0,A,0,A,0,A,0,A,0,A,0,A,0,A
CPMI_PARTICIPANTS:A:TR:V:TR1S:Y,"A","Annual","TR","Turkey","V","Central securities depositories","TR1S","Takasbank","Y","Direct participants, foreign, Other","A","All users","E","End of period","0","373","Pure Number","0","Units","","15","",0,A,0,A,0,A,0,A,0,A,0,A,0,A
CPMI_PARTICIPANTS:A:TR:V:TR2S:B,"A","Annual","TR","Turkey","V","Central securities depositories","TR2S","Central Registry Agency","B","Direct participants, Banks","A","All users","E","End of period","0","373","Pure Number","0","Units","","15","",46,A,46,A,46,A,45,A,44,A,45,A,45,A
CPMI_PARTICIPANTS:A:TR:V:TR2S:C,"A","Annual","TR","Turkey","V","Central securities depositories","TR2S","Central Registry Agency","C","Direct participants, Central bank","A","All users","E","End of period","0","373","Pure Number","0","Units","","15","",0,A,0,A,0,A,0,A,0,A,0,A,0,A
CPMI_PARTICIPANTS:A:TR:V:TR2S:D,"A","Annual","TR","Turkey","V","Central securities depositories","TR2S","Central Registry Agency","D","Direct participants, all","A","All users","E","End of period","0","373","Pure Number","0","Units","","15","",601,A,657,A,672,A,678,A,695,A,694,A,686,A
CPMI_PARTICIPANTS:A:TR:V:TR2S:I,"A","Annual","TR","Turkey","V","Central securities depositories","TR2S","Central Registry Agency","I","Direct participants, CCPs/Other CCPs","A","All users","E","End of period","0","373","Pure Number","0","Units","Takasbank acts as the cash settlement agent.","15","",1,A,1,A,1,A,1,A,1,A,1,A,1,A
CPMI_PARTICIPANTS:A:TR:V:TR2S:J,"A","Annual","TR","Turkey","V","Central securities depositories","TR2S","Central Registry Agency","J","Direct participants, CSDs","A","All users","E","End of period","0","373","Pure Number","0","Units","","15","",0,A,0,A,0,A,0,A,0,A,0,A,0,A
CPMI_PARTICIPANTS:A:TR:V:TR2S:L,"A","Annual","TR","Turkey","V","Central securities depositories","TR2S","Central Registry Agency","L","Direct participants, Other","A","All users","E","End of period","0","373","Pure Number","0","Units","","15","",554,A,610,A,625,A,632,A,650,A,648,A,640,A
CPMI_PARTICIPANTS:A:TR:V:TR2S:N,"A","Annual","TR","Turkey","V","Central securities depositories","TR2S","Central Registry Agency","N","Direct participants, domestic","A","All users","E","End of period","0","373","Pure Number","0","Units","","15","",596,A,652,A,667,A,674,A,691,A,690,A,682,A
CPMI_PARTICIPANTS:A:TR:V:TR2S:O,"A","Annual","TR","Turkey","V","Central securities depositories","TR2S","Central Registry Agency","O","Direct participants, domestic, Banks","A","All users","E","End of period","0","373","Pure Number","0","Units","","15","",43,A,43,A,43,A,43,A,42,A,43,A,43,A
CPMI_PARTICIPANTS:A:TR:V:TR2S:P,"A","Annual","TR","Turkey","V","Central securities depositories","TR2S","Central Registry Agency","P","Direct participants, domestic, Central banks","A","All users","E","End of period","0","373","Pure Number","0","Units","","15","",0,A,0,A,0,A,0,A,0,A,0,A,0,A
CPMI_PARTICIPANTS:A:TR:V:TR2S:Q,"A","Annual","TR","Turkey","V","Central securities depositories","TR2S","Central Registry Agency","Q","Direct participants, domestic, CCPs/Other CCPs","A","All users","E","End of period","0","373","Pure Number","0","Units","Takasbank acts as the cash settlement agent.","15","",1,A,1,A,1,A,1,A,1,A,1,A,1,A
CPMI_PARTICIPANTS:A:TR:V:TR2S:R,"A","Annual","TR","Turkey","V","Central securities depositories","TR2S","Central Registry Agency","R","Direct participants, domestic, CSDs","A","All users","E","End of period","0","373","Pure Number","0","Units","","15","",0,A,0,A,0,A,0,A,0,A,0,A,0,A
CPMI_PARTICIPANTS:A:TR:V:TR2S:S,"A","Annual","TR","Turkey","V","Central securities depositories","TR2S","Central Registry Agency","S","Direct participants, domestic, Other","A","All users","E","End of period","0","373","Pure Number","0","Units","","15","",552,A,608,A,623,A,630,A,648,A,646,A,638,A
CPMI_PARTICIPANTS:A:TR:V:TR2S:T,"A","Annual","TR","Turkey","V","Central securities depositories","TR2S","Central Registry Agency","T","Direct participants, foreign","A","All users","E","End of period","0","373","Pure Number","0","Units","","15","",5,A,5,A,5,A,4,A,4,A,4,A,4,A
CPMI_PARTICIPANTS:A:TR:V:TR2S:U,"A","Annual","TR","Turkey","V","Central securities depositories","TR2S","Central Registry Agency","U","Direct participants, foreign, Banks","A","All users","E","End of period","0","373","Pure Number","0","Units","","15","",3,A,3,A,3,A,2,A,2,A,2,A,2,A
CPMI_PARTICIPANTS:A:TR:V:TR2S:V,"A","Annual","TR","Turkey","V","Central securities depositories","TR2S","Central Registry Agency","V","Direct participants, foreign, Central banks","A","All users","E","End of period","0","373","Pure Number","0","Units","","15","",0,A,0,A,0,A,0,A,0,A,0,A,0,A
CPMI_PARTICIPANTS:A:TR:V:TR2S:W,"A","Annual","TR","Turkey","V","Central securities depositories","TR2S","Central Registry Agency","W","Direct participants, foreign, CCPs/Other CCPs","A","All users","E","End of period","0","373","Pure Number","0","Units","","15","",0,A,0,A,0,A,0,A,0,A,0,A,0,A
CPMI_PARTICIPANTS:A:TR:V:TR2S:X,"A","Annual","TR","Turkey","V","Central securities depositories","TR2S","Central Registry Agency","X","Direct participants, foreign,CSDs","A","All users","E","End of period","0","373","Pure Number","0","Units","","15","",0,A,0,A,0,A,0,A,0,A,0,A,0,A
CPMI_PARTICIPANTS:A:TR:V:TR2S:Y,"A","Annual","TR","Turkey","V","Central securities depositories","TR2S","Central Registry Agency","Y","Direct participants, foreign, Other","A","All users","E","End of period","0","373","Pure Number","0","Units","","15","",2,A,2,A,2,A,2,A,2,A,2,A,2,A
CPMI_PARTICIPANTS:A:TR:V:TR3S:B,"A","Annual","TR","Turkey","V","Central securities depositories","TR3S","ESTS","B","Direct participants, Banks","A","All users","E","End of period","0","373","Pure Number","0","Units","","15","",46,A,47,A,47,A,50,A,50,A,50,A,50,A
CPMI_PARTICIPANTS:A:TR:V:TR3S:C,"A","Annual","TR","Turkey","V","Central securities depositories","TR3S","ESTS","C","Direct participants, Central bank","A","All users","E","End of period","0","373","Pure Number","0","Units","","15","",1,A,1,A,1,A,1,A,1,A,1,A,1,A
CPMI_PARTICIPANTS:A:TR:V:TR3S:D,"A","Annual","TR","Turkey","V","Central securities depositories","TR3S","ESTS","D","Direct participants, all","A","All users","E","End of period","0","373","Pure Number","0","Units","ESTS is the Electronic Securities Transfer System operated by the CBRT.","15","",49,A,50,A,50,A,53,A,53,A,53,A,53,A
CPMI_PARTICIPANTS:A:TR:V:TR3S:I,"A","Annual","TR","Turkey","V","Central securities depositories","TR3S","ESTS","I","Direct participants, CCPs/Other CCPs","A","All users","E","End of period","0","373","Pure Number","0","Units","","15","",1,A,1,A,1,A,1,A,1,A,1,A,1,A
CPMI_PARTICIPANTS:A:TR:V:TR3S:J,"A","Annual","TR","Turkey","V","Central securities depositories","TR3S","ESTS","J","Direct participants, CSDs","A","All users","E","End of period","0","373","Pure Number","0","Units","","15","",1,A,1,A,1,A,1,A,1,A,1,A,1,A
CPMI_PARTICIPANTS:A:TR:V:TR3S:L,"A","Annual","TR","Turkey","V","Central securities depositories","TR3S","ESTS","L","Direct participants, Other","A","All users","E","End of period","0","373","Pure Number","0","Units","","15","",0,A,0,A,0,A,0,A,0,A,0,A,0,A
CPMI_PARTICIPANTS:A:TR:V:TR3S:N,"A","Annual","TR","Turkey","V","Central securities depositories","TR3S","ESTS","N","Direct participants, domestic","A","All users","E","End of period","0","373","Pure Number","0","Units","","15","",49,A,50,A,50,A,53,A,53,A,53,A,53,A
CPMI_PARTICIPANTS:A:TR:V:TR3S:O,"A","Annual","TR","Turkey","V","Central securities depositories","TR3S","ESTS","O","Direct participants, domestic, Banks","A","All users","E","End of period","0","373","Pure Number","0","Units","","15","",46,A,47,A,47,A,50,A,50,A,50,A,50,A
CPMI_PARTICIPANTS:A:TR:V:TR3S:P,"A","Annual","TR","Turkey","V","Central securities depositories","TR3S","ESTS","P","Direct participants, domestic, Central banks","A","All users","E","End of period","0","373","Pure Number","0","Units","","15","",1,A,1,A,1,A,1,A,1,A,1,A,1,A
CPMI_PARTICIPANTS:A:TR:V:TR3S:Q,"A","Annual","TR","Turkey","V","Central securities depositories","TR3S","ESTS","Q","Direct participants, domestic, CCPs/Other CCPs","A","All users","E","End of period","0","373","Pure Number","0","Units","","15","",1,A,1,A,1,A,1,A,1,A,1,A,1,A
CPMI_PARTICIPANTS:A:TR:V:TR3S:R,"A","Annual","TR","Turkey","V","Central securities depositories","TR3S","ESTS","R","Direct participants, domestic, CSDs","A","All users","E","End of period","0","373","Pure Number","0","Units","","15","",1,A,1,A,1,A,1,A,1,A,1,A,1,A
CPMI_PARTICIPANTS:A:TR:V:TR3S:S,"A","Annual","TR","Turkey","V","Central securities depositories","TR3S","ESTS","S","Direct participants, domestic, Other","A","All users","E","End of period","0","373","Pure Number","0","Units","","15","",0,A,0,A,0,A,0,A,0,A,0,A,0,A
CPMI_PARTICIPANTS:A:TR:V:TR3S:T,"A","Annual","TR","Turkey","V","Central securities depositories","TR3S","ESTS","T","Direct participants, foreign","A","All users","E","End of period","0","373","Pure Number","0","Units","","15","",,M,,M,,M,,M,,M,,M,,M
CPMI_PARTICIPANTS:A:TR:V:TR3S:U,"A","Annual","TR","Turkey","V","Central securities depositories","TR3S","ESTS","U","Direct participants, foreign, Banks","A","All users","E","End of period","0","373","Pure Number","0","Units","","15","",,M,,M,,M,,M,,M,,M,,M
CPMI_PARTICIPANTS:A:TR:V:TR3S:V,"A","Annual","TR","Turkey","V","Central securities depositories","TR3S","ESTS","V","Direct participants, foreign, Central banks","A","All users","E","End of period","0","373","Pure Number","0","Units","","15","",,M,,M,,M,,M,,M,,M,,M
CPMI_PARTICIPANTS:A:TR:V:TR3S:W,"A","Annual","TR","Turkey","V","Central securities depositories","TR3S","ESTS","W","Direct participants, foreign, CCPs/Other CCPs","A","All users","E","End of period","0","373","Pure Number","0","Units","","15","",,M,,M,,M,,M,,M,,M,,M
CPMI_PARTICIPANTS:A:TR:V:TR3S:X,"A","Annual","TR","Turkey","V","Central securities depositories","TR3S","ESTS","X","Direct participants, foreign,CSDs","A","All users","E","End of period","0","373","Pure Number","0","Units","","15","",,M,,M,,M,,M,,M,,M,,M
CPMI_PARTICIPANTS:A:TR:V:TR3S:Y,"A","Annual","TR","Turkey","V","Central securities depositories","TR3S","ESTS","Y","Direct participants, foreign, Other","A","All users","E","End of period","0","373","Pure Number","0","Units","","15","",,M,,M,,M,,M,,M,,M,,M
CPMI_PARTICIPANTS:A:US:A:US1P:A,"A","Annual","US","United States","A","Payment systems, large-value","US1P","CHIPS","A","All","A","All users","E","End of period","0","373","Pure Number","0","Units","CHIPS, the Clearing House Interbank Payments System, is operated by The Clearing House Payments Company L.L.C..","7","",52,A,50,A,49,A,49,A,48,A,47,A,45,A
CPMI_PARTICIPANTS:A:US:A:US1P:B,"A","Annual","US","United States","A","Payment systems, large-value","US1P","CHIPS","B","Direct participants, Banks","A","All users","E","End of period","0","373","Pure Number","0","Units","","7","",52,A,50,A,49,A,49,A,48,A,47,A,45,A
CPMI_PARTICIPANTS:A:US:A:US1P:C,"A","Annual","US","United States","A","Payment systems, large-value","US1P","CHIPS","C","Direct participants, Central bank","A","All users","E","End of period","0","373","Pure Number","0","Units","","7","",0,A,0,A,0,A,0,A,0,A,0,A,0,A
CPMI_PARTICIPANTS:A:US:A:US1P:D,"A","Annual","US","United States","A","Payment systems, large-value","US1P","CHIPS","D","Direct participants, all","A","All users","E","End of period","0","373","Pure Number","0","Units","","7","",52,A,50,A,49,A,49,A,48,A,47,A,45,A
CPMI_PARTICIPANTS:A:US:A:US1P:F,"A","Annual","US","United States","A","Payment systems, large-value","US1P","CHIPS","F","Direct participants, Government","A","All users","E","End of period","0","373","Pure Number","0","Units","","7","",0,A,0,A,0,A,0,A,0,A,0,A,0,A
CPMI_PARTICIPANTS:A:US:A:US1P:G,"A","Annual","US","United States","A","Payment systems, large-value","US1P","CHIPS","G","Direct participants, Postal institution","A","All users","E","End of period","0","373","Pure Number","0","Units","","7","",0,A,0,A,0,A,0,A,0,A,0,A,0,A
CPMI_PARTICIPANTS:A:US:A:US1P:H,"A","Annual","US","United States","A","Payment systems, large-value","US1P","CHIPS","H","Direct participants, Payment systems, CCPs and SSSs","A","All users","E","End of period","0","373","Pure Number","0","Units","","7","",0,A,0,A,0,A,0,A,0,A,0,A,0,A
CPMI_PARTICIPANTS:A:US:A:US1P:L,"A","Annual","US","United States","A","Payment systems, large-value","US1P","CHIPS","L","Direct participants, Other","A","All users","E","End of period","0","373","Pure Number","0","Units","","7","",0,A,0,A,0,A,0,A,0,A,0,A,0,A
CPMI_PARTICIPANTS:A:US:A:US1P:Z,"A","Annual","US","United States","A","Payment systems, large-value","US1P","CHIPS","Z","Indirect participants","A","All users","E","End of period","0","373","Pure Number","0","Units","","7","",0,A,0,A,0,A,0,A,0,A,0,A,0,A
CPMI_PARTICIPANTS:A:US:A:US2P:A,"A","Annual","US","United States","A","Payment systems, large-value","US2P","Fedwire Funds Service","A","All","A","All users","E","End of period","0","373","Pure Number","0","Units","","7","",,L,,L,,L,,L,,L,,L,,L
CPMI_PARTICIPANTS:A:US:A:US2P:B,"A","Annual","US","United States","A","Payment systems, large-value","US2P","Fedwire Funds Service","B","Direct participants, Banks","A","All users","E","End of period","0","373","Pure Number","0","Units","","7","",,L,,L,,L,,L,,L,,L,,L
CPMI_PARTICIPANTS:A:US:A:US2P:C,"A","Annual","US","United States","A","Payment systems, large-value","US2P","Fedwire Funds Service","C","Direct participants, Central bank","A","All users","E","End of period","0","373","Pure Number","0","Units","","7","",,L,,L,,L,,L,,L,,L,,L
CPMI_PARTICIPANTS:A:US:A:US2P:D,"A","Annual","US","United States","A","Payment systems, large-value","US2P","Fedwire Funds Service","D","Direct participants, all","A","All users","E","End of period","0","373","Pure Number","0","Units","Fedwire Funds Service is operated by the Federal Reserve. ""Directly connected participants"" calculated as the total number of active participants rolled up to the master account level. Until 2016, this time series was reported as ""Number of participants"".","7","",7210,A,6998,A,6808,A,6565,A,6328,A,6130,A,5999,A
CPMI_PARTICIPANTS:A:US:A:US2P:F,"A","Annual","US","United States","A","Payment systems, large-value","US2P","Fedwire Funds Service","F","Direct participants, Government","A","All users","E","End of period","0","373","Pure Number","0","Units","","7","",,L,,L,,L,,L,,L,,L,,L
CPMI_PARTICIPANTS:A:US:A:US2P:G,"A","Annual","US","United States","A","Payment systems, large-value","US2P","Fedwire Funds Service","G","Direct participants, Postal institution","A","All users","E","End of period","0","373","Pure Number","0","Units","","7","",,L,,L,,L,,L,,L,,L,,L
CPMI_PARTICIPANTS:A:US:A:US2P:H,"A","Annual","US","United States","A","Payment systems, large-value","US2P","Fedwire Funds Service","H","Direct participants, Payment systems, CCPs and SSSs","A","All users","E","End of period","0","373","Pure Number","0","Units","","7","",,L,,L,,L,,L,,L,,L,,L
CPMI_PARTICIPANTS:A:US:A:US2P:L,"A","Annual","US","United States","A","Payment systems, large-value","US2P","Fedwire Funds Service","L","Direct participants, Other","A","All users","E","End of period","0","373","Pure Number","0","Units","","7","",,L,,L,,L,,L,,L,,L,,L
CPMI_PARTICIPANTS:A:US:A:US2P:Z,"A","Annual","US","United States","A","Payment systems, large-value","US2P","Fedwire Funds Service","Z","Indirect participants","A","All users","E","End of period","0","373","Pure Number","0","Units","","7","",,L,,L,,L,,L,,L,,L,,L
CPMI_PARTICIPANTS:A:US:A:US7P:A,"A","Annual","US","United States","A","Payment systems, large-value","US7P","NSS","A","All","A","All users","E","End of period","0","373","Pure Number","0","Units","NSS, the National Settlement Service, is operated by the Federal Reserve. ""Total number of participants"" figures rounded to the nearest 100. Participants in NSS form multilateral settlement arrangements. The number of settlement arrangements was 14 in 2013, 14 in 2014, 14 in 2015, 14 in 2016, and 12 in 2017.","7","",1200,A,1200,A,1200,A,1200,A,1200,A,1100,A,1100,A
CPMI_PARTICIPANTS:A:US:A:US7P:B,"A","Annual","US","United States","A","Payment systems, large-value","US7P","NSS","B","Direct participants, Banks","A","All users","E","End of period","0","373","Pure Number","0","Units","","7","",1200,A,1200,A,1200,A,1200,A,1200,A,1100,A,1100,A
CPMI_PARTICIPANTS:A:US:A:US7P:C,"A","Annual","US","United States","A","Payment systems, large-value","US7P","NSS","C","Direct participants, Central bank","A","All users","E","End of period","0","373","Pure Number","0","Units","","7","",0,A,0,A,0,A,0,A,0,A,0,A,0,A
CPMI_PARTICIPANTS:A:US:A:US7P:D,"A","Annual","US","United States","A","Payment systems, large-value","US7P","NSS","D","Direct participants, all","A","All users","E","End of period","0","373","Pure Number","0","Units","","7","",1200,A,1200,A,1200,A,1200,A,1200,A,1100,A,1100,A
CPMI_PARTICIPANTS:A:US:A:US7P:F,"A","Annual","US","United States","A","Payment systems, large-value","US7P","NSS","F","Direct participants, Government","A","All users","E","End of period","0","373","Pure Number","0","Units","","7","",0,A,0,A,0,A,0,A,0,A,0,A,0,A
CPMI_PARTICIPANTS:A:US:A:US7P:G,"A","Annual","US","United States","A","Payment systems, large-value","US7P","NSS","G","Direct participants, Postal institution","A","All users","E","End of period","0","373","Pure Number","0","Units","","7","",0,A,0,A,0,A,0,A,0,A,0,A,0,A
CPMI_PARTICIPANTS:A:US:A:US7P:H,"A","Annual","US","United States","A","Payment systems, large-value","US7P","NSS","H","Direct participants, Payment systems, CCPs and SSSs","A","All users","E","End of period","0","373","Pure Number","0","Units","","7","",0,A,0,A,0,A,0,A,0,A,0,A,0,A
CPMI_PARTICIPANTS:A:US:A:US7P:L,"A","Annual","US","United States","A","Payment systems, large-value","US7P","NSS","L","Direct participants, Other","A","All users","E","End of period","0","373","Pure Number","0","Units","","7","",0,A,0,A,0,A,0,A,0,A,0,A,0,A
CPMI_PARTICIPANTS:A:US:A:US7P:Z,"A","Annual","US","United States","A","Payment systems, large-value","US7P","NSS","Z","Indirect participants","A","All users","E","End of period","0","373","Pure Number","0","Units","","7","",,M,,M,,M,,M,,M,,M,,M
CPMI_PARTICIPANTS:A:US:B:US3P:A,"A","Annual","US","United States","B","Payment systems, retail","US3P","Cheque clearing: Private","A","All","A","All users","E","End of period","0","373","Pure Number","0","Units","The Federal Reserve Check Clearing system is owned and operated by the Federal Reserve ","7","",,L,,L,,L,,L,,L,,L,,L
CPMI_PARTICIPANTS:A:US:B:US3P:B,"A","Annual","US","United States","B","Payment systems, retail","US3P","Cheque clearing: Private","B","Direct participants, Banks","A","All users","E","End of period","0","373","Pure Number","0","Units","","7","",,L,,L,,L,,L,,L,,L,,L
CPMI_PARTICIPANTS:A:US:B:US3P:C,"A","Annual","US","United States","B","Payment systems, retail","US3P","Cheque clearing: Private","C","Direct participants, Central bank","A","All users","E","End of period","0","373","Pure Number","0","Units","","7","",,L,,L,,L,,L,,L,,L,,L
CPMI_PARTICIPANTS:A:US:B:US3P:D,"A","Annual","US","United States","B","Payment systems, retail","US3P","Cheque clearing: Private","D","Direct participants, all","A","All users","E","End of period","0","373","Pure Number","0","Units","","7","",,L,,L,,L,,L,,L,,L,,L
CPMI_PARTICIPANTS:A:US:B:US3P:F,"A","Annual","US","United States","B","Payment systems, retail","US3P","Cheque clearing: Private","F","Direct participants, Government","A","All users","E","End of period","0","373","Pure Number","0","Units","","7","",,L,,L,,L,,L,,L,,L,,L
CPMI_PARTICIPANTS:A:US:B:US3P:G,"A","Annual","US","United States","B","Payment systems, retail","US3P","Cheque clearing: Private","G","Direct participants, Postal institution","A","All users","E","End of period","0","373","Pure Number","0","Units","","7","",,L,,L,,L,,L,,L,,L,,L
CPMI_PARTICIPANTS:A:US:B:US3P:H,"A","Annual","US","United States","B","Payment systems, retail","US3P","Cheque clearing: Private","H","Direct participants, Payment systems, CCPs and SSSs","A","All users","E","End of period","0","373","Pure Number","0","Units","","7","",,L,,L,,L,,L,,L,,L,,L
CPMI_PARTICIPANTS:A:US:B:US3P:L,"A","Annual","US","United States","B","Payment systems, retail","US3P","Cheque clearing: Private","L","Direct participants, Other","A","All users","E","End of period","0","373","Pure Number","0","Units","","7","",,L,,L,,L,,L,,L,,L,,L
CPMI_PARTICIPANTS:A:US:B:US3P:Z,"A","Annual","US","United States","B","Payment systems, retail","US3P","Cheque clearing: Private","Z","Indirect participants","A","All users","E","End of period","0","373","Pure Number","0","Units","","7","",,L,,L,,L,,L,,L,,L,,L
CPMI_PARTICIPANTS:A:US:B:US4P:A,"A","Annual","US","United States","B","Payment systems, retail","US4P","Cheque clearing: Federal Reserve","A","All","A","All users","E","End of period","0","373","Pure Number","0","Units","The Federal Reserve Check Clearing system is owned and operated by the Federal Reserve ","7","",,L,,L,,L,,L,,L,,L,,L
CPMI_PARTICIPANTS:A:US:B:US4P:B,"A","Annual","US","United States","B","Payment systems, retail","US4P","Cheque clearing: Federal Reserve","B","Direct participants, Banks","A","All users","E","End of period","0","373","Pure Number","0","Units","","7","",,L,,L,,L,,L,,L,,L,,L
CPMI_PARTICIPANTS:A:US:B:US4P:C,"A","Annual","US","United States","B","Payment systems, retail","US4P","Cheque clearing: Federal Reserve","C","Direct participants, Central bank","A","All users","E","End of period","0","373","Pure Number","0","Units","","7","",,L,,L,,L,,L,,L,,L,,L
CPMI_PARTICIPANTS:A:US:B:US4P:D,"A","Annual","US","United States","B","Payment systems, retail","US4P","Cheque clearing: Federal Reserve","D","Direct participants, all","A","All users","E","End of period","0","373","Pure Number","0","Units","","7","",,L,,L,,L,,L,,L,,L,,L
CPMI_PARTICIPANTS:A:US:B:US4P:F,"A","Annual","US","United States","B","Payment systems, retail","US4P","Cheque clearing: Federal Reserve","F","Direct participants, Government","A","All users","E","End of period","0","373","Pure Number","0","Units","","7","",,L,,L,,L,,L,,L,,L,,L
CPMI_PARTICIPANTS:A:US:B:US4P:G,"A","Annual","US","United States","B","Payment systems, retail","US4P","Cheque clearing: Federal Reserve","G","Direct participants, Postal institution","A","All users","E","End of period","0","373","Pure Number","0","Units","","7","",,L,,L,,L,,L,,L,,L,,L
CPMI_PARTICIPANTS:A:US:B:US4P:H,"A","Annual","US","United States","B","Payment systems, retail","US4P","Cheque clearing: Federal Reserve","H","Direct participants, Payment systems, CCPs and SSSs","A","All users","E","End of period","0","373","Pure Number","0","Units","","7","",,L,,L,,L,,L,,L,,L,,L
CPMI_PARTICIPANTS:A:US:B:US4P:L,"A","Annual","US","United States","B","Payment systems, retail","US4P","Cheque clearing: Federal Reserve","L","Direct participants, Other","A","All users","E","End of period","0","373","Pure Number","0","Units","","7","",,L,,L,,L,,L,,L,,L,,L
CPMI_PARTICIPANTS:A:US:B:US4P:Z,"A","Annual","US","United States","B","Payment systems, retail","US4P","Cheque clearing: Federal Reserve","Z","Indirect participants","A","All users","E","End of period","0","373","Pure Number","0","Units","","7","",,L,,L,,L,,L,,L,,L,,L
CPMI_PARTICIPANTS:A:US:B:US5P:A,"A","Annual","US","United States","B","Payment systems, retail","US5P","EPN","A","All","A","All users","E","End of period","0","373","Pure Number","0","Units","The private ACH system is owned and operated by EPN, a subsidiary of The Clearing House.    ","7","",,L,,L,,L,,L,,L,,L,,L
CPMI_PARTICIPANTS:A:US:B:US5P:B,"A","Annual","US","United States","B","Payment systems, retail","US5P","EPN","B","Direct participants, Banks","A","All users","E","End of period","0","373","Pure Number","0","Units","","7","",,L,,L,,L,,L,,L,,L,,L
CPMI_PARTICIPANTS:A:US:B:US5P:C,"A","Annual","US","United States","B","Payment systems, retail","US5P","EPN","C","Direct participants, Central bank","A","All users","E","End of period","0","373","Pure Number","0","Units","","7","",,L,,L,,L,,L,,L,,L,,L
CPMI_PARTICIPANTS:A:US:B:US5P:D,"A","Annual","US","United States","B","Payment systems, retail","US5P","EPN","D","Direct participants, all","A","All users","E","End of period","0","373","Pure Number","0","Units","","7","",,L,,L,,L,,L,,L,,L,,L
CPMI_PARTICIPANTS:A:US:B:US5P:F,"A","Annual","US","United States","B","Payment systems, retail","US5P","EPN","F","Direct participants, Government","A","All users","E","End of period","0","373","Pure Number","0","Units","","7","",,L,,L,,L,,L,,L,,L,,L
CPMI_PARTICIPANTS:A:US:B:US5P:G,"A","Annual","US","United States","B","Payment systems, retail","US5P","EPN","G","Direct participants, Postal institution","A","All users","E","End of period","0","373","Pure Number","0","Units","","7","",,L,,L,,L,,L,,L,,L,,L
CPMI_PARTICIPANTS:A:US:B:US5P:H,"A","Annual","US","United States","B","Payment systems, retail","US5P","EPN","H","Direct participants, Payment systems, CCPs and SSSs","A","All users","E","End of period","0","373","Pure Number","0","Units","","7","",,L,,L,,L,,L,,L,,L,,L
CPMI_PARTICIPANTS:A:US:B:US5P:L,"A","Annual","US","United States","B","Payment systems, retail","US5P","EPN","L","Direct participants, Other","A","All users","E","End of period","0","373","Pure Number","0","Units","","7","",,L,,L,,L,,L,,L,,L,,L
CPMI_PARTICIPANTS:A:US:B:US5P:Z,"A","Annual","US","United States","B","Payment systems, retail","US5P","EPN","Z","Indirect participants","A","All users","E","End of period","0","373","Pure Number","0","Units","","7","",,L,,L,,L,,L,,L,,L,,L
CPMI_PARTICIPANTS:A:US:B:US6P:A,"A","Annual","US","United States","B","Payment systems, retail","US6P","FedACH","A","All","A","All users","E","End of period","0","373","Pure Number","0","Units","Checks are processed privately by correspondant banks, clearinghouses and processor clearing systems.  ","7","",,L,,L,,L,,L,,L,,L,,L
CPMI_PARTICIPANTS:A:US:B:US6P:B,"A","Annual","US","United States","B","Payment systems, retail","US6P","FedACH","B","Direct participants, Banks","A","All users","E","End of period","0","373","Pure Number","0","Units","","7","",,L,,L,,L,,L,,L,,L,,L
CPMI_PARTICIPANTS:A:US:B:US6P:C,"A","Annual","US","United States","B","Payment systems, retail","US6P","FedACH","C","Direct participants, Central bank","A","All users","E","End of period","0","373","Pure Number","0","Units","","7","",,L,,L,,L,,L,,L,,L,,L
CPMI_PARTICIPANTS:A:US:B:US6P:D,"A","Annual","US","United States","B","Payment systems, retail","US6P","FedACH","D","Direct participants, all","A","All users","E","End of period","0","373","Pure Number","0","Units","","7","",,L,,L,,L,,L,,L,,L,,L
CPMI_PARTICIPANTS:A:US:B:US6P:F,"A","Annual","US","United States","B","Payment systems, retail","US6P","FedACH","F","Direct participants, Government","A","All users","E","End of period","0","373","Pure Number","0","Units","","7","",,L,,L,,L,,L,,L,,L,,L
CPMI_PARTICIPANTS:A:US:B:US6P:G,"A","Annual","US","United States","B","Payment systems, retail","US6P","FedACH","G","Direct participants, Postal institution","A","All users","E","End of period","0","373","Pure Number","0","Units","","7","",,L,,L,,L,,L,,L,,L,,L
CPMI_PARTICIPANTS:A:US:B:US6P:H,"A","Annual","US","United States","B","Payment systems, retail","US6P","FedACH","H","Direct participants, Payment systems, CCPs and SSSs","A","All users","E","End of period","0","373","Pure Number","0","Units","","7","",,L,,L,,L,,L,,L,,L,,L
CPMI_PARTICIPANTS:A:US:B:US6P:L,"A","Annual","US","United States","B","Payment systems, retail","US6P","FedACH","L","Direct participants, Other","A","All users","E","End of period","0","373","Pure Number","0","Units","","7","",,L,,L,,L,,L,,L,,L,,L
CPMI_PARTICIPANTS:A:US:B:US6P:Z,"A","Annual","US","United States","B","Payment systems, retail","US6P","FedACH","Z","Indirect participants","A","All users","E","End of period","0","373","Pure Number","0","Units","","7","",,L,,L,,L,,L,,L,,L,,L
CPMI_PARTICIPANTS:A:US:C:US8P:A,"A","Annual","US","United States","C","Payment systems, fast payments","US8P","Real Time Payments","A","All","A","All users","E","End of period","0","373","Pure Number","0","Units","RTP is a real-time payments system owned and operated by The Clearing House.","7","",,L,,L,,L,,L,,L,,L,,L
CPMI_PARTICIPANTS:A:US:C:US8P:B,"A","Annual","US","United States","C","Payment systems, fast payments","US8P","Real Time Payments","B","Direct participants, Banks","A","All users","E","End of period","0","373","Pure Number","0","Units","","7","",,L,,L,,L,,L,,L,,L,,L
CPMI_PARTICIPANTS:A:US:C:US8P:C,"A","Annual","US","United States","C","Payment systems, fast payments","US8P","Real Time Payments","C","Direct participants, Central bank","A","All users","E","End of period","0","373","Pure Number","0","Units","","7","",,L,,L,,L,,L,,L,,L,,L
CPMI_PARTICIPANTS:A:US:C:US8P:D,"A","Annual","US","United States","C","Payment systems, fast payments","US8P","Real Time Payments","D","Direct participants, all","A","All users","E","End of period","0","373","Pure Number","0","Units","","7","",,L,,L,,L,,L,,L,,L,,L
CPMI_PARTICIPANTS:A:US:C:US8P:F,"A","Annual","US","United States","C","Payment systems, fast payments","US8P","Real Time Payments","F","Direct participants, Government","A","All users","E","End of period","0","373","Pure Number","0","Units","","7","",,L,,L,,L,,L,,L,,L,,L
CPMI_PARTICIPANTS:A:US:C:US8P:G,"A","Annual","US","United States","C","Payment systems, fast payments","US8P","Real Time Payments","G","Direct participants, Postal institution","A","All users","E","End of period","0","373","Pure Number","0","Units","","7","",,L,,L,,L,,L,,L,,L,,L
CPMI_PARTICIPANTS:A:US:C:US8P:H,"A","Annual","US","United States","C","Payment systems, fast payments","US8P","Real Time Payments","H","Direct participants, Payment systems, CCPs and SSSs","A","All users","E","End of period","0","373","Pure Number","0","Units","","7","",,L,,L,,L,,L,,L,,L,,L
CPMI_PARTICIPANTS:A:US:C:US8P:L,"A","Annual","US","United States","C","Payment systems, fast payments","US8P","Real Time Payments","L","Direct participants, Other","A","All users","E","End of period","0","373","Pure Number","0","Units","","7","",,L,,L,,L,,L,,L,,L,,L
CPMI_PARTICIPANTS:A:US:C:US8P:Z,"A","Annual","US","United States","C","Payment systems, fast payments","US8P","Real Time Payments","Z","Indirect participants","A","All users","E","End of period","0","373","Pure Number","0","Units","","7","",,L,,L,,L,,L,,L,,L,,L
CPMI_PARTICIPANTS:A:US:S:SWFT:0,"A","Annual","US","United States","S","Swift","SWFT","Swift","0","Members","A","All users","E","End of period","0","373","Pure Number","0","Units","","10","",119,A,118,A,115,A,129,A,127,A,126,A,133,A
CPMI_PARTICIPANTS:A:US:S:SWFT:1,"A","Annual","US","United States","S","Swift","SWFT","Swift","1","Sub-members","A","All users","E","End of period","0","373","Pure Number","0","Units","","10","",277,A,272,A,272,A,268,A,255,A,250,A,243,A
CPMI_PARTICIPANTS:A:US:S:SWFT:A,"A","Annual","US","United States","S","Swift","SWFT","Swift","A","All","A","All users","E","End of period","0","373","Pure Number","0","Units","","10","",855,A,919,A,979,A,1073,A,1137,A,1165,A,1189,A
CPMI_PARTICIPANTS:A:US:U:US1C:B,"A","Annual","US","United States","U","Central counterparties/clearing houses","US1C","NSCC","B","Direct participants, Banks","A","All users","E","End of period","0","373","Pure Number","0","Units","","12","",11,A,11,A,11,A,11,A,12,A,12,A,23,A
CPMI_PARTICIPANTS:A:US:U:US1C:C,"A","Annual","US","United States","U","Central counterparties/clearing houses","US1C","NSCC","C","Direct participants, Central bank","A","All users","E","End of period","0","373","Pure Number","0","Units","","12","",0,A,0,A,0,A,0,A,0,A,0,A,0,A
CPMI_PARTICIPANTS:A:US:U:US1C:D,"A","Annual","US","United States","U","Central counterparties/clearing houses","US1C","NSCC","D","Direct participants, all","A","All users","E","End of period","0","373","Pure Number","0","Units","National Securities Clearing Corporation (NSCC) is a subsidiary of Depository Trust & Clearing Corporation (DTCC).","12","",181,A,173,A,170,A,161,A,156,A,150,A,146,A
CPMI_PARTICIPANTS:A:US:U:US1C:I,"A","Annual","US","United States","U","Central counterparties/clearing houses","US1C","NSCC","I","Direct participants, CCPs/Other CCPs","A","All users","E","End of period","0","373","Pure Number","0","Units","","12","",0,A,0,A,0,A,0,A,0,A,0,A,0,A
CPMI_PARTICIPANTS:A:US:U:US1C:L,"A","Annual","US","United States","U","Central counterparties/clearing houses","US1C","NSCC","L","Direct participants, Other","A","All users","E","End of period","0","373","Pure Number","0","Units","","12","",170,A,162,A,159,A,150,A,144,A,138,A,123,A
CPMI_PARTICIPANTS:A:US:U:US1C:N,"A","Annual","US","United States","U","Central counterparties/clearing houses","US1C","NSCC","N","Direct participants, domestic","A","All users","E","End of period","0","373","Pure Number","0","Units","","12","",179,A,171,A,168,A,159,A,154,A,147,A,143,A
CPMI_PARTICIPANTS:A:US:U:US1C:O,"A","Annual","US","United States","U","Central counterparties/clearing houses","US1C","NSCC","O","Direct participants, domestic, Banks","A","All users","E","End of period","0","373","Pure Number","0","Units","","12","",11,A,11,A,11,A,11,A,12,A,11,A,21,A
CPMI_PARTICIPANTS:A:US:U:US1C:P,"A","Annual","US","United States","U","Central counterparties/clearing houses","US1C","NSCC","P","Direct participants, domestic, Central banks","A","All users","E","End of period","0","373","Pure Number","0","Units","","12","",0,A,0,A,0,A,0,A,0,A,0,A,0,A
CPMI_PARTICIPANTS:A:US:U:US1C:Q,"A","Annual","US","United States","U","Central counterparties/clearing houses","US1C","NSCC","Q","Direct participants, domestic, CCPs/Other CCPs","A","All users","E","End of period","0","373","Pure Number","0","Units","","12","",0,A,0,A,0,A,0,A,0,A,0,A,0,A
CPMI_PARTICIPANTS:A:US:U:US1C:S,"A","Annual","US","United States","U","Central counterparties/clearing houses","US1C","NSCC","S","Direct participants, domestic, Other","A","All users","E","End of period","0","373","Pure Number","0","Units","","12","",168,A,160,A,157,A,148,A,142,A,136,A,122,A
CPMI_PARTICIPANTS:A:US:U:US1C:T,"A","Annual","US","United States","U","Central counterparties/clearing houses","US1C","NSCC","T","Direct participants, foreign","A","All users","E","End of period","0","373","Pure Number","0","Units","","12","",2,A,2,A,2,A,2,A,2,A,3,A,3,A
CPMI_PARTICIPANTS:A:US:U:US1C:U,"A","Annual","US","United States","U","Central counterparties/clearing houses","US1C","NSCC","U","Direct participants, foreign, Banks","A","All users","E","End of period","0","373","Pure Number","0","Units","","12","",0,A,0,A,0,A,0,A,0,A,1,A,2,A
CPMI_PARTICIPANTS:A:US:U:US1C:V,"A","Annual","US","United States","U","Central counterparties/clearing houses","US1C","NSCC","V","Direct participants, foreign, Central banks","A","All users","E","End of period","0","373","Pure Number","0","Units","","12","",0,A,0,A,0,A,0,A,0,A,0,A,0,A
CPMI_PARTICIPANTS:A:US:U:US1C:W,"A","Annual","US","United States","U","Central counterparties/clearing houses","US1C","NSCC","W","Direct participants, foreign, CCPs/Other CCPs","A","All users","E","End of period","0","373","Pure Number","0","Units","","12","",0,A,0,A,0,A,0,A,0,A,0,A,0,A
CPMI_PARTICIPANTS:A:US:U:US1C:Y,"A","Annual","US","United States","U","Central counterparties/clearing houses","US1C","NSCC","Y","Direct participants, foreign, Other","A","All users","E","End of period","0","373","Pure Number","0","Units","","12","",2,A,2,A,2,A,2,A,2,A,2,A,1,A
CPMI_PARTICIPANTS:A:US:U:US2C:B,"A","Annual","US","United States","U","Central counterparties/clearing houses","US2C","FICC","B","Direct participants, Banks","A","All users","E","End of period","0","373","Pure Number","0","Units","","12","",42,A,37,A,46,A,62,A,60,A,67,A,67,A
CPMI_PARTICIPANTS:A:US:U:US2C:C,"A","Annual","US","United States","U","Central counterparties/clearing houses","US2C","FICC","C","Direct participants, Central bank","A","All users","E","End of period","0","373","Pure Number","0","Units","","12","",0,A,0,A,0,A,0,A,0,A,0,A,0,A
CPMI_PARTICIPANTS:A:US:U:US2C:D,"A","Annual","US","United States","U","Central counterparties/clearing houses","US2C","FICC","D","Direct participants, all","A","All users","E","End of period","0","373","Pure Number","0","Units","Fixed Income Clearing Corporation (FICC) is a subsidiary of Depository Trust & Clearing Corporation (DTCC). FICC consists of two divisions: the Government Securities Division (FICC:GSD) and the Mortgage-Backed Securities Division (FICC:MBSD). The number of clearing members reported for FICC represents the sum of the number of clearing members for the two divisions.","12","",178,A,161,A,184,A,270,A,265,A,271,A,275,A
CPMI_PARTICIPANTS:A:US:U:US2C:I,"A","Annual","US","United States","U","Central counterparties/clearing houses","US2C","FICC","I","Direct participants, CCPs/Other CCPs","A","All users","E","End of period","0","373","Pure Number","0","Units","","12","",0,A,0,A,0,A,0,A,0,A,0,A,0,A
CPMI_PARTICIPANTS:A:US:U:US2C:L,"A","Annual","US","United States","U","Central counterparties/clearing houses","US2C","FICC","L","Direct participants, Other","A","All users","E","End of period","0","373","Pure Number","0","Units","","12","",136,A,124,A,138,A,208,A,205,A,204,A,208,A
CPMI_PARTICIPANTS:A:US:U:US2C:N,"A","Annual","US","United States","U","Central counterparties/clearing houses","US2C","FICC","N","Direct participants, domestic","A","All users","E","End of period","0","373","Pure Number","0","Units","","12","",176,A,158,A,161,A,240,A,237,A,241,A,239,A
CPMI_PARTICIPANTS:A:US:U:US2C:O,"A","Annual","US","United States","U","Central counterparties/clearing houses","US2C","FICC","O","Direct participants, domestic, Banks","A","All users","E","End of period","0","373","Pure Number","0","Units","","12","",42,A,36,A,25,A,38,A,38,A,39,A,36,A
CPMI_PARTICIPANTS:A:US:U:US2C:P,"A","Annual","US","United States","U","Central counterparties/clearing houses","US2C","FICC","P","Direct participants, domestic, Central banks","A","All users","E","End of period","0","373","Pure Number","0","Units","","12","",0,A,0,A,0,A,0,A,0,A,0,A,0,A
CPMI_PARTICIPANTS:A:US:U:US2C:Q,"A","Annual","US","United States","U","Central counterparties/clearing houses","US2C","FICC","Q","Direct participants, domestic, CCPs/Other CCPs","A","All users","E","End of period","0","373","Pure Number","0","Units","","12","",0,A,0,A,0,A,0,A,0,A,0,A,0,A
CPMI_PARTICIPANTS:A:US:U:US2C:S,"A","Annual","US","United States","U","Central counterparties/clearing houses","US2C","FICC","S","Direct participants, domestic, Other","A","All users","E","End of period","0","373","Pure Number","0","Units","","12","",134,A,122,A,136,A,202,A,199,A,202,A,203,A
CPMI_PARTICIPANTS:A:US:U:US2C:T,"A","Annual","US","United States","U","Central counterparties/clearing houses","US2C","FICC","T","Direct participants, foreign","A","All users","E","End of period","0","373","Pure Number","0","Units","","12","",2,A,3,A,23,A,30,A,28,A,30,A,36,A
CPMI_PARTICIPANTS:A:US:U:US2C:U,"A","Annual","US","United States","U","Central counterparties/clearing houses","US2C","FICC","U","Direct participants, foreign, Banks","A","All users","E","End of period","0","373","Pure Number","0","Units","","12","",0,A,1,A,21,A,24,A,22,A,28,A,31,A
CPMI_PARTICIPANTS:A:US:U:US2C:V,"A","Annual","US","United States","U","Central counterparties/clearing houses","US2C","FICC","V","Direct participants, foreign, Central banks","A","All users","E","End of period","0","373","Pure Number","0","Units","","12","",0,A,0,A,0,A,0,A,0,A,0,A,0,A
CPMI_PARTICIPANTS:A:US:U:US2C:W,"A","Annual","US","United States","U","Central counterparties/clearing houses","US2C","FICC","W","Direct participants, foreign, CCPs/Other CCPs","A","All users","E","End of period","0","373","Pure Number","0","Units","","12","",0,A,0,A,0,A,0,A,0,A,0,A,0,A
CPMI_PARTICIPANTS:A:US:U:US2C:Y,"A","Annual","US","United States","U","Central counterparties/clearing houses","US2C","FICC","Y","Direct participants, foreign, Other","A","All users","E","End of period","0","373","Pure Number","0","Units","","12","",2,A,2,A,2,A,6,A,6,A,2,A,5,A
CPMI_PARTICIPANTS:A:US:U:US3C:B,"A","Annual","US","United States","U","Central counterparties/clearing houses","US3C","FICC:GSD","B","Direct participants, Banks","A","All users","E","End of period","0","373","Pure Number","0","Units","","12","",31,A,23,A,32,A,38,A,38,A,43,A,44,A
CPMI_PARTICIPANTS:A:US:U:US3C:C,"A","Annual","US","United States","U","Central counterparties/clearing houses","US3C","FICC:GSD","C","Direct participants, Central bank","A","All users","E","End of period","0","373","Pure Number","0","Units","","12","",0,A,0,A,0,A,0,A,0,A,0,A,0,A
CPMI_PARTICIPANTS:A:US:U:US3C:D,"A","Annual","US","United States","U","Central counterparties/clearing houses","US3C","FICC:GSD","D","Direct participants, all","A","All users","E","End of period","0","373","Pure Number","0","Units","","12","",104,A,85,A,106,A,119,A,114,A,124,A,129,A
CPMI_PARTICIPANTS:A:US:U:US3C:I,"A","Annual","US","United States","U","Central counterparties/clearing houses","US3C","FICC:GSD","I","Direct participants, CCPs/Other CCPs","A","All users","E","End of period","0","373","Pure Number","0","Units","","12","",0,A,0,A,0,A,0,A,0,A,0,A,0,A
CPMI_PARTICIPANTS:A:US:U:US3C:L,"A","Annual","US","United States","U","Central counterparties/clearing houses","US3C","FICC:GSD","L","Direct participants, Other","A","All users","E","End of period","0","373","Pure Number","0","Units","","12","",73,A,62,A,74,A,81,A,76,A,81,A,85,A
CPMI_PARTICIPANTS:A:US:U:US3C:N,"A","Annual","US","United States","U","Central counterparties/clearing houses","US3C","FICC:GSD","N","Direct participants, domestic","A","All users","E","End of period","0","373","Pure Number","0","Units","","12","",104,A,84,A,86,A,98,A,93,A,96,A,96,A
CPMI_PARTICIPANTS:A:US:U:US3C:O,"A","Annual","US","United States","U","Central counterparties/clearing houses","US3C","FICC:GSD","O","Direct participants, domestic, Banks","A","All users","E","End of period","0","373","Pure Number","0","Units","","12","",31,A,22,A,12,A,17,A,17,A,17,A,15,A
CPMI_PARTICIPANTS:A:US:U:US3C:P,"A","Annual","US","United States","U","Central counterparties/clearing houses","US3C","FICC:GSD","P","Direct participants, domestic, Central banks","A","All users","E","End of period","0","373","Pure Number","0","Units","","12","",0,A,0,A,0,A,0,A,0,A,0,A,0,A
CPMI_PARTICIPANTS:A:US:U:US3C:Q,"A","Annual","US","United States","U","Central counterparties/clearing houses","US3C","FICC:GSD","Q","Direct participants, domestic, CCPs/Other CCPs","A","All users","E","End of period","0","373","Pure Number","0","Units","","12","",0,A,0,A,0,A,0,A,0,A,0,A,0,A
CPMI_PARTICIPANTS:A:US:U:US3C:S,"A","Annual","US","United States","U","Central counterparties/clearing houses","US3C","FICC:GSD","S","Direct participants, domestic, Other","A","All users","E","End of period","0","373","Pure Number","0","Units","","12","",73,A,62,A,74,A,81,A,76,A,79,A,81,A
CPMI_PARTICIPANTS:A:US:U:US3C:T,"A","Annual","US","United States","U","Central counterparties/clearing houses","US3C","FICC:GSD","T","Direct participants, foreign","A","All users","E","End of period","0","373","Pure Number","0","Units","","12","",0,A,1,A,20,A,21,A,21,A,28,A,33,A
CPMI_PARTICIPANTS:A:US:U:US3C:U,"A","Annual","US","United States","U","Central counterparties/clearing houses","US3C","FICC:GSD","U","Direct participants, foreign, Banks","A","All users","E","End of period","0","373","Pure Number","0","Units","","12","",0,A,1,A,20,A,21,A,21,A,26,A,29,A
CPMI_PARTICIPANTS:A:US:U:US3C:V,"A","Annual","US","United States","U","Central counterparties/clearing houses","US3C","FICC:GSD","V","Direct participants, foreign, Central banks","A","All users","E","End of period","0","373","Pure Number","0","Units","","12","",0,A,0,A,0,A,0,A,0,A,0,A,0,A
CPMI_PARTICIPANTS:A:US:U:US3C:W,"A","Annual","US","United States","U","Central counterparties/clearing houses","US3C","FICC:GSD","W","Direct participants, foreign, CCPs/Other CCPs","A","All users","E","End of period","0","373","Pure Number","0","Units","","12","",0,A,0,A,0,A,0,A,0,A,0,A,0,A
CPMI_PARTICIPANTS:A:US:U:US3C:Y,"A","Annual","US","United States","U","Central counterparties/clearing houses","US3C","FICC:GSD","Y","Direct participants, foreign, Other","A","All users","E","End of period","0","373","Pure Number","0","Units","","12","",0,A,0,A,0,A,0,A,0,A,2,A,4,A
CPMI_PARTICIPANTS:A:US:U:US4C:B,"A","Annual","US","United States","U","Central counterparties/clearing houses","US4C","FICC:MBSD","B","Direct participants, Banks","A","All users","E","End of period","0","373","Pure Number","0","Units","","12","",11,A,14,A,14,A,24,A,22,A,24,A,23,A
CPMI_PARTICIPANTS:A:US:U:US4C:C,"A","Annual","US","United States","U","Central counterparties/clearing houses","US4C","FICC:MBSD","C","Direct participants, Central bank","A","All users","E","End of period","0","373","Pure Number","0","Units","","12","",0,A,0,A,0,A,0,A,0,A,0,A,0,A
CPMI_PARTICIPANTS:A:US:U:US4C:D,"A","Annual","US","United States","U","Central counterparties/clearing houses","US4C","FICC:MBSD","D","Direct participants, all","A","All users","E","End of period","0","373","Pure Number","0","Units","","12","",74,A,76,A,78,A,151,A,151,A,147,A,146,A
CPMI_PARTICIPANTS:A:US:U:US4C:I,"A","Annual","US","United States","U","Central counterparties/clearing houses","US4C","FICC:MBSD","I","Direct participants, CCPs/Other CCPs","A","All users","E","End of period","0","373","Pure Number","0","Units","","12","",0,A,0,A,0,A,0,A,0,A,0,A,0,A
CPMI_PARTICIPANTS:A:US:U:US4C:L,"A","Annual","US","United States","U","Central counterparties/clearing houses","US4C","FICC:MBSD","L","Direct participants, Other","A","All users","E","End of period","0","373","Pure Number","0","Units","","12","",63,A,62,A,64,A,127,A,129,A,123,A,123,A
CPMI_PARTICIPANTS:A:US:U:US4C:N,"A","Annual","US","United States","U","Central counterparties/clearing houses","US4C","FICC:MBSD","N","Direct participants, domestic","A","All users","E","End of period","0","373","Pure Number","0","Units","","12","",72,A,74,A,75,A,142,A,144,A,145,A,143,A
CPMI_PARTICIPANTS:A:US:U:US4C:O,"A","Annual","US","United States","U","Central counterparties/clearing houses","US4C","FICC:MBSD","O","Direct participants, domestic, Banks","A","All users","E","End of period","0","373","Pure Number","0","Units","","12","",11,A,14,A,13,A,21,A,21,A,22,A,21,A
CPMI_PARTICIPANTS:A:US:U:US4C:P,"A","Annual","US","United States","U","Central counterparties/clearing houses","US4C","FICC:MBSD","P","Direct participants, domestic, Central banks","A","All users","E","End of period","0","373","Pure Number","0","Units","","12","",0,A,0,A,0,A,0,A,0,A,0,A,0,A
CPMI_PARTICIPANTS:A:US:U:US4C:Q,"A","Annual","US","United States","U","Central counterparties/clearing houses","US4C","FICC:MBSD","Q","Direct participants, domestic, CCPs/Other CCPs","A","All users","E","End of period","0","373","Pure Number","0","Units","","12","",0,A,0,A,0,A,0,A,0,A,0,A,0,A
CPMI_PARTICIPANTS:A:US:U:US4C:S,"A","Annual","US","United States","U","Central counterparties/clearing houses","US4C","FICC:MBSD","S","Direct participants, domestic, Other","A","All users","E","End of period","0","373","Pure Number","0","Units","","12","",61,A,60,A,62,A,121,A,123,A,123,A,122,A
CPMI_PARTICIPANTS:A:US:U:US4C:T,"A","Annual","US","United States","U","Central counterparties/clearing houses","US4C","FICC:MBSD","T","Direct participants, foreign","A","All users","E","End of period","0","373","Pure Number","0","Units","","12","",2,A,2,A,3,A,9,A,7,A,2,A,3,A
CPMI_PARTICIPANTS:A:US:U:US4C:U,"A","Annual","US","United States","U","Central counterparties/clearing houses","US4C","FICC:MBSD","U","Direct participants, foreign, Banks","A","All users","E","End of period","0","373","Pure Number","0","Units","","12","",0,A,0,A,1,A,3,A,1,A,2,A,2,A
CPMI_PARTICIPANTS:A:US:U:US4C:V,"A","Annual","US","United States","U","Central counterparties/clearing houses","US4C","FICC:MBSD","V","Direct participants, foreign, Central banks","A","All users","E","End of period","0","373","Pure Number","0","Units","","12","",0,A,0,A,0,A,0,A,0,A,0,A,0,A
CPMI_PARTICIPANTS:A:US:U:US4C:W,"A","Annual","US","United States","U","Central counterparties/clearing houses","US4C","FICC:MBSD","W","Direct participants, foreign, CCPs/Other CCPs","A","All users","E","End of period","0","373","Pure Number","0","Units","","12","",0,A,0,A,0,A,0,A,0,A,0,A,0,A
CPMI_PARTICIPANTS:A:US:U:US4C:Y,"A","Annual","US","United States","U","Central counterparties/clearing houses","US4C","FICC:MBSD","Y","Direct participants, foreign, Other","A","All users","E","End of period","0","373","Pure Number","0","Units","","12","",2,A,2,A,2,A,6,A,6,A,0,A,1,A
CPMI_PARTICIPANTS:A:US:V:US1S:D,"A","Annual","US","United States","V","Central securities depositories","US1S","Fedwire Securities Service","D","Direct participants, all","A","All users","E","End of period","0","373","Pure Number","0","Units","Figures represent institutions with access to the Fedwire Securities Service. Other Fedwire participants not included in this calculation are: the US Treasury and any entity specifically authorised by federal statute to use the Reserve Banks as fiscal agents or depositories; entities designated by the Secretary of the Treasury and foreign central banks, foreign monetary authorities, foreign governments and certain international organisations.","15","",2139,A,2084,A,2012,A,1839,A,1918,A,1813,A,1759,A
CPMI_PARTICIPANTS:A:US:V:US2S:B,"A","Annual","US","United States","V","Central securities depositories","US2S","DTC","B","Direct participants, Banks","A","All users","E","End of period","0","373","Pure Number","0","Units","","15","",90,A,89,A,91,A,91,A,86,A,82,A,86,A
CPMI_PARTICIPANTS:A:US:V:US2S:C,"A","Annual","US","United States","V","Central securities depositories","US2S","DTC","C","Direct participants, Central bank","A","All users","E","End of period","0","373","Pure Number","0","Units","","15","",12,A,12,A,12,A,12,A,12,A,12,A,12,A
CPMI_PARTICIPANTS:A:US:V:US2S:D,"A","Annual","US","United States","V","Central securities depositories","US2S","DTC","D","Direct participants, all","A","All users","E","End of period","0","373","Pure Number","0","Units","Depository Trust Company is a subsidiary of Depository Trust & Clearing Corporation (DTCC).","15","",375,A,353,A,338,A,338,A,319,A,298,A,309,A
CPMI_PARTICIPANTS:A:US:V:US2S:I,"A","Annual","US","United States","V","Central securities depositories","US2S","DTC","I","Direct participants, CCPs/Other CCPs","A","All users","E","End of period","0","373","Pure Number","0","Units","","15","",2,A,2,A,0,A,0,A,0,A,0,A,0,A
CPMI_PARTICIPANTS:A:US:V:US2S:J,"A","Annual","US","United States","V","Central securities depositories","US2S","DTC","J","Direct participants, CSDs","A","All users","E","End of period","0","373","Pure Number","0","Units","","15","",12,A,11,A,13,A,13,A,14,A,12,A,14,A
CPMI_PARTICIPANTS:A:US:V:US2S:L,"A","Annual","US","United States","V","Central securities depositories","US2S","DTC","L","Direct participants, Other","A","All users","E","End of period","0","373","Pure Number","0","Units","","15","",259,A,239,A,222,A,222,A,207,A,192,A,197,A
CPMI_PARTICIPANTS:A:US:V:US2S:N,"A","Annual","US","United States","V","Central securities depositories","US2S","DTC","N","Direct participants, domestic","A","All users","E","End of period","0","373","Pure Number","0","Units","","15","",358,A,336,A,311,A,311,A,292,A,271,A,280,A
CPMI_PARTICIPANTS:A:US:V:US2S:O,"A","Annual","US","United States","V","Central securities depositories","US2S","DTC","O","Direct participants, domestic, Banks","A","All users","E","End of period","0","373","Pure Number","0","Units","","15","",89,A,86,A,79,A,79,A,76,A,71,A,76,A
CPMI_PARTICIPANTS:A:US:V:US2S:P,"A","Annual","US","United States","V","Central securities depositories","US2S","DTC","P","Direct participants, domestic, Central banks","A","All users","E","End of period","0","373","Pure Number","0","Units","","15","",12,A,12,A,12,A,12,A,12,A,12,A,12,A
CPMI_PARTICIPANTS:A:US:V:US2S:Q,"A","Annual","US","United States","V","Central securities depositories","US2S","DTC","Q","Direct participants, domestic, CCPs/Other CCPs","A","All users","E","End of period","0","373","Pure Number","0","Units","","15","",1,A,1,A,0,A,0,A,0,A,0,A,0,A
CPMI_PARTICIPANTS:A:US:V:US2S:R,"A","Annual","US","United States","V","Central securities depositories","US2S","DTC","R","Direct participants, domestic, CSDs","A","All users","E","End of period","0","373","Pure Number","0","Units","","15","",0,A,0,A,0,A,0,A,0,A,0,A,0,A
CPMI_PARTICIPANTS:A:US:V:US2S:S,"A","Annual","US","United States","V","Central securities depositories","US2S","DTC","S","Direct participants, domestic, Other","A","All users","E","End of period","0","373","Pure Number","0","Units","","15","",256,A,237,A,220,A,220,A,204,A,188,A,192,A
CPMI_PARTICIPANTS:A:US:V:US2S:T,"A","Annual","US","United States","V","Central securities depositories","US2S","DTC","T","Direct participants, foreign","A","All users","E","End of period","0","373","Pure Number","0","Units","","15","",17,A,17,A,27,A,27,A,27,A,27,A,29,A
CPMI_PARTICIPANTS:A:US:V:US2S:U,"A","Annual","US","United States","V","Central securities depositories","US2S","DTC","U","Direct participants, foreign, Banks","A","All users","E","End of period","0","373","Pure Number","0","Units","","15","",1,A,3,A,12,A,12,A,10,A,11,A,10,A
CPMI_PARTICIPANTS:A:US:V:US2S:V,"A","Annual","US","United States","V","Central securities depositories","US2S","DTC","V","Direct participants, foreign, Central banks","A","All users","E","End of period","0","373","Pure Number","0","Units","","15","",0,A,0,A,0,A,0,A,0,A,0,A,0,A
CPMI_PARTICIPANTS:A:US:V:US2S:W,"A","Annual","US","United States","V","Central securities depositories","US2S","DTC","W","Direct participants, foreign, CCPs/Other CCPs","A","All users","E","End of period","0","373","Pure Number","0","Units","","15","",1,A,1,A,0,A,0,A,0,A,0,A,0,A
CPMI_PARTICIPANTS:A:US:V:US2S:X,"A","Annual","US","United States","V","Central securities depositories","US2S","DTC","X","Direct participants, foreign,CSDs","A","All users","E","End of period","0","373","Pure Number","0","Units","","15","",12,A,11,A,13,A,13,A,14,A,12,A,14,A
CPMI_PARTICIPANTS:A:US:V:US2S:Y,"A","Annual","US","United States","V","Central securities depositories","US2S","DTC","Y","Direct participants, foreign, Other","A","All users","E","End of period","0","373","Pure Number","0","Units","","15","",3,A,2,A,2,A,2,A,3,A,4,A,5,A
CPMI_PARTICIPANTS:A:XM:A:EU1P:A,"A","Annual","XM","Euro area","A","Payment systems, large-value","EU1P","TARGET2","A","All","A","All users","E","End of period","0","373","Pure Number","0","Units","","7","",4484,A,2326,A,2365,A,2269,A,2385,A,2350,A,2310,A
CPMI_PARTICIPANTS:A:XM:A:EU1P:B,"A","Annual","XM","Euro area","A","Payment systems, large-value","EU1P","TARGET2","B","Direct participants, Banks","A","All users","E","End of period","0","373","Pure Number","0","Units","","7","",1063,A,1428,A,1494,A,1496,A,1667,A,1606,A,1573,A
CPMI_PARTICIPANTS:A:XM:A:EU1P:C,"A","Annual","XM","Euro area","A","Payment systems, large-value","EU1P","TARGET2","C","Direct participants, Central bank","A","All users","E","End of period","0","373","Pure Number","0","Units","","7","",29,A,24,A,23,A,25,A,26,A,26,A,25,A
CPMI_PARTICIPANTS:A:XM:A:EU1P:D,"A","Annual","XM","Euro area","A","Payment systems, large-value","EU1P","TARGET2","D","Direct participants, all","A","All users","E","End of period","0","373","Pure Number","0","Units","","7","",1172,A,1535,A,1600,A,1603,A,1775,A,1707,A,1678,A
CPMI_PARTICIPANTS:A:XM:A:EU1P:F,"A","Annual","XM","Euro area","A","Payment systems, large-value","EU1P","TARGET2","F","Direct participants, Government","A","All users","E","End of period","0","373","Pure Number","0","Units","","7","",8,A,8,A,7,A,7,A,7,A,7,A,7,A
CPMI_PARTICIPANTS:A:XM:A:EU1P:H,"A","Annual","XM","Euro area","A","Payment systems, large-value","EU1P","TARGET2","H","Direct participants, Payment systems, CCPs and SSSs","A","All users","E","End of period","0","373","Pure Number","0","Units","","7","",45,A,47,A,51,A,52,A,55,A,51,A,54,A
CPMI_PARTICIPANTS:A:XM:A:EU1P:L,"A","Annual","XM","Euro area","A","Payment systems, large-value","EU1P","TARGET2","L","Direct participants, Other","A","All users","E","End of period","0","373","Pure Number","0","Units","","7","",10,A,11,A,10,A,7,A,5,A,5,A,6,A
CPMI_PARTICIPANTS:A:XM:A:EU1P:Z,"A","Annual","XM","Euro area","A","Payment systems, large-value","EU1P","TARGET2","Z","Indirect participants","A","All users","E","End of period","0","373","Pure Number","0","Units","","7","",3312,A,791,A,765,A,666,A,610,A,643,A,632,A
CPMI_PARTICIPANTS:A:XM:A:EU2P:A,"A","Annual","XM","Euro area","A","Payment systems, large-value","EU2P","EURO1  / STEP1","A","All","A","All users","E","End of period","0","373","Pure Number","0","Units","","7","",235,A,212,A,199,A,183,A,168,A,158,A,149,A
CPMI_PARTICIPANTS:A:XM:A:EU2P:B,"A","Annual","XM","Euro area","A","Payment systems, large-value","EU2P","EURO1  / STEP1","B","Direct participants, Banks","A","All users","E","End of period","0","373","Pure Number","0","Units","","7","",235,A,212,A,199,A,183,A,168,A,158,A,149,A
CPMI_PARTICIPANTS:A:XM:A:EU2P:C,"A","Annual","XM","Euro area","A","Payment systems, large-value","EU2P","EURO1  / STEP1","C","Direct participants, Central bank","A","All users","E","End of period","0","373","Pure Number","0","Units","","7","",0,A,0,A,0,A,0,A,0,A,0,A,0,A
CPMI_PARTICIPANTS:A:XM:A:EU2P:D,"A","Annual","XM","Euro area","A","Payment systems, large-value","EU2P","EURO1  / STEP1","D","Direct participants, all","A","All users","E","End of period","0","373","Pure Number","0","Units","","7","",235,A,212,A,199,A,183,A,168,A,158,A,149,A
CPMI_PARTICIPANTS:A:XM:A:EU2P:F,"A","Annual","XM","Euro area","A","Payment systems, large-value","EU2P","EURO1  / STEP1","F","Direct participants, Government","A","All users","E","End of period","0","373","Pure Number","0","Units","","7","",0,A,0,A,0,A,0,A,0,A,0,A,0,A
CPMI_PARTICIPANTS:A:XM:A:EU2P:H,"A","Annual","XM","Euro area","A","Payment systems, large-value","EU2P","EURO1  / STEP1","H","Direct participants, Payment systems, CCPs and SSSs","A","All users","E","End of period","0","373","Pure Number","0","Units","","7","",0,A,0,A,0,A,0,A,0,A,0,A,0,A
CPMI_PARTICIPANTS:A:XM:A:EU2P:L,"A","Annual","XM","Euro area","A","Payment systems, large-value","EU2P","EURO1  / STEP1","L","Direct participants, Other","A","All users","E","End of period","0","373","Pure Number","0","Units","","7","",0,A,0,A,0,A,0,A,0,A,0,A,0,A
CPMI_PARTICIPANTS:A:XM:A:EU2P:Z,"A","Annual","XM","Euro area","A","Payment systems, large-value","EU2P","EURO1  / STEP1","Z","Indirect participants","A","All users","E","End of period","0","373","Pure Number","0","Units","","7","",0,A,0,A,0,A,0,A,0,A,0,A,0,A
CPMI_PARTICIPANTS:A:XM:B:EU3P:A,"A","Annual","XM","Euro area","B","Payment systems, retail","EU3P","STEP2 XCT Service","A","All","A","All users","E","End of period","0","373","Pure Number","0","Units","","7","",,,,,,,,,,,,,,
CPMI_PARTICIPANTS:A:XM:B:EU3P:B,"A","Annual","XM","Euro area","B","Payment systems, retail","EU3P","STEP2 XCT Service","B","Direct participants, Banks","A","All users","E","End of period","0","373","Pure Number","0","Units","","7","",,,,,,,,,,,,,,
CPMI_PARTICIPANTS:A:XM:B:EU3P:C,"A","Annual","XM","Euro area","B","Payment systems, retail","EU3P","STEP2 XCT Service","C","Direct participants, Central bank","A","All users","E","End of period","0","373","Pure Number","0","Units","","7","",,,,,,,,,,,,,,
CPMI_PARTICIPANTS:A:XM:B:EU3P:D,"A","Annual","XM","Euro area","B","Payment systems, retail","EU3P","STEP2 XCT Service","D","Direct participants, all","A","All users","E","End of period","0","373","Pure Number","0","Units","","7","",,,,,,,,,,,,,,
CPMI_PARTICIPANTS:A:XM:B:EU3P:F,"A","Annual","XM","Euro area","B","Payment systems, retail","EU3P","STEP2 XCT Service","F","Direct participants, Government","A","All users","E","End of period","0","373","Pure Number","0","Units","","7","",,,,,,,,,,,,,,
CPMI_PARTICIPANTS:A:XM:B:EU3P:H,"A","Annual","XM","Euro area","B","Payment systems, retail","EU3P","STEP2 XCT Service","H","Direct participants, Payment systems, CCPs and SSSs","A","All users","E","End of period","0","373","Pure Number","0","Units","","7","",,,,,,,,,,,,,,
CPMI_PARTICIPANTS:A:XM:B:EU3P:L,"A","Annual","XM","Euro area","B","Payment systems, retail","EU3P","STEP2 XCT Service","L","Direct participants, Other","A","All users","E","End of period","0","373","Pure Number","0","Units","","7","",,,,,,,,,,,,,,
CPMI_PARTICIPANTS:A:XM:B:EU3P:Z,"A","Annual","XM","Euro area","B","Payment systems, retail","EU3P","STEP2 XCT Service","Z","Indirect participants","A","All users","E","End of period","0","373","Pure Number","0","Units","","7","",,,,,,,,,,,,,,
CPMI_PARTICIPANTS:A:XM:B:EU4P:A,"A","Annual","XM","Euro area","B","Payment systems, retail","EU4P","STEP2 ICT Service","A","All","A","All users","E","End of period","0","373","Pure Number","0","Units","","7","",68,A,70,A,69,A,,,,,,,,
CPMI_PARTICIPANTS:A:XM:B:EU4P:B,"A","Annual","XM","Euro area","B","Payment systems, retail","EU4P","STEP2 ICT Service","B","Direct participants, Banks","A","All users","E","End of period","0","373","Pure Number","0","Units","","7","",6,A,6,A,6,A,,,,,,,,
CPMI_PARTICIPANTS:A:XM:B:EU4P:C,"A","Annual","XM","Euro area","B","Payment systems, retail","EU4P","STEP2 ICT Service","C","Direct participants, Central bank","A","All users","E","End of period","0","373","Pure Number","0","Units","","7","",0,A,0,A,0,A,,,,,,,,
CPMI_PARTICIPANTS:A:XM:B:EU4P:D,"A","Annual","XM","Euro area","B","Payment systems, retail","EU4P","STEP2 ICT Service","D","Direct participants, all","A","All users","E","End of period","0","373","Pure Number","0","Units","","7","",6,A,6,A,6,A,,,,,,,,
CPMI_PARTICIPANTS:A:XM:B:EU4P:F,"A","Annual","XM","Euro area","B","Payment systems, retail","EU4P","STEP2 ICT Service","F","Direct participants, Government","A","All users","E","End of period","0","373","Pure Number","0","Units","","7","",0,A,0,A,0,A,,,,,,,,
CPMI_PARTICIPANTS:A:XM:B:EU4P:H,"A","Annual","XM","Euro area","B","Payment systems, retail","EU4P","STEP2 ICT Service","H","Direct participants, Payment systems, CCPs and SSSs","A","All users","E","End of period","0","373","Pure Number","0","Units","","7","",0,A,0,A,0,A,,,,,,,,
CPMI_PARTICIPANTS:A:XM:B:EU4P:L,"A","Annual","XM","Euro area","B","Payment systems, retail","EU4P","STEP2 ICT Service","L","Direct participants, Other","A","All users","E","End of period","0","373","Pure Number","0","Units","","7","",0,A,0,A,0,A,,,,,,,,
CPMI_PARTICIPANTS:A:XM:B:EU4P:Z,"A","Annual","XM","Euro area","B","Payment systems, retail","EU4P","STEP2 ICT Service","Z","Indirect participants","A","All users","E","End of period","0","373","Pure Number","0","Units","","7","",62,A,64,A,63,A,,,,,,,,
CPMI_PARTICIPANTS:A:XM:B:EU5P:A,"A","Annual","XM","Euro area","B","Payment systems, retail","EU5P","STEP2 SCT Service","A","All","A","All users","E","End of period","0","373","Pure Number","0","Units","","7","",4696,A,4823,A,4806,A,4825,A,4844,A,4877,A,4889,A
CPMI_PARTICIPANTS:A:XM:B:EU5P:B,"A","Annual","XM","Euro area","B","Payment systems, retail","EU5P","STEP2 SCT Service","B","Direct participants, Banks","A","All users","E","End of period","0","373","Pure Number","0","Units","","7","",113,A,114,A,114,A,121,A,123,A,128,A,128,A
CPMI_PARTICIPANTS:A:XM:B:EU5P:C,"A","Annual","XM","Euro area","B","Payment systems, retail","EU5P","STEP2 SCT Service","C","Direct participants, Central bank","A","All users","E","End of period","0","373","Pure Number","0","Units","","7","",9,A,10,A,11,A,12,A,12,A,12,A,12,A
CPMI_PARTICIPANTS:A:XM:B:EU5P:D,"A","Annual","XM","Euro area","B","Payment systems, retail","EU5P","STEP2 SCT Service","D","Direct participants, all","A","All users","E","End of period","0","373","Pure Number","0","Units","","7","",125,A,127,A,128,A,136,A,138,A,143,A,142,A
CPMI_PARTICIPANTS:A:XM:B:EU5P:F,"A","Annual","XM","Euro area","B","Payment systems, retail","EU5P","STEP2 SCT Service","F","Direct participants, Government","A","All users","E","End of period","0","373","Pure Number","0","Units","","7","",0,A,0,A,0,A,0,A,0,A,0,A,0,A
CPMI_PARTICIPANTS:A:XM:B:EU5P:H,"A","Annual","XM","Euro area","B","Payment systems, retail","EU5P","STEP2 SCT Service","H","Direct participants, Payment systems, CCPs and SSSs","A","All users","E","End of period","0","373","Pure Number","0","Units","","7","",0,A,0,A,0,A,0,A,0,A,0,A,0,A
CPMI_PARTICIPANTS:A:XM:B:EU5P:L,"A","Annual","XM","Euro area","B","Payment systems, retail","EU5P","STEP2 SCT Service","L","Direct participants, Other","A","All users","E","End of period","0","373","Pure Number","0","Units","","7","",3,A,3,A,3,A,3,A,3,A,3,A,2,A
CPMI_PARTICIPANTS:A:XM:B:EU5P:Z,"A","Annual","XM","Euro area","B","Payment systems, retail","EU5P","STEP2 SCT Service","Z","Indirect participants","A","All users","E","End of period","0","373","Pure Number","0","Units","","7","",4571,A,4696,A,4678,A,4689,A,4706,A,4734,A,4747,A
CPMI_PARTICIPANTS:A:XM:B:EU6P:A,"A","Annual","XM","Euro area","B","Payment systems, retail","EU6P","STEP2 SDD B2B Service","A","All","A","All users","E","End of period","0","373","Pure Number","0","Units","","7","",3366,A,3438,A,3402,A,3408,A,3373,A,3373,A,3354,A
CPMI_PARTICIPANTS:A:XM:B:EU6P:B,"A","Annual","XM","Euro area","B","Payment systems, retail","EU6P","STEP2 SDD B2B Service","B","Direct participants, Banks","A","All users","E","End of period","0","373","Pure Number","0","Units","","7","",66,A,70,A,73,A,80,A,82,A,81,A,84,A
CPMI_PARTICIPANTS:A:XM:B:EU6P:C,"A","Annual","XM","Euro area","B","Payment systems, retail","EU6P","STEP2 SDD B2B Service","C","Direct participants, Central bank","A","All users","E","End of period","0","373","Pure Number","0","Units","","7","",7,A,7,A,8,A,7,A,9,A,9,A,9,A
CPMI_PARTICIPANTS:A:XM:B:EU6P:D,"A","Annual","XM","Euro area","B","Payment systems, retail","EU6P","STEP2 SDD B2B Service","D","Direct participants, all","A","All users","E","End of period","0","373","Pure Number","0","Units","","7","",74,A,78,A,83,A,90,A,94,A,93,A,95,A
CPMI_PARTICIPANTS:A:XM:B:EU6P:F,"A","Annual","XM","Euro area","B","Payment systems, retail","EU6P","STEP2 SDD B2B Service","F","Direct participants, Government","A","All users","E","End of period","0","373","Pure Number","0","Units","","7","",0,A,0,A,0,A,0,A,0,A,0,A,0,A
CPMI_PARTICIPANTS:A:XM:B:EU6P:H,"A","Annual","XM","Euro area","B","Payment systems, retail","EU6P","STEP2 SDD B2B Service","H","Direct participants, Payment systems, CCPs and SSSs","A","All users","E","End of period","0","373","Pure Number","0","Units","","7","",0,A,0,A,0,A,0,A,0,A,0,A,0,A
CPMI_PARTICIPANTS:A:XM:B:EU6P:L,"A","Annual","XM","Euro area","B","Payment systems, retail","EU6P","STEP2 SDD B2B Service","L","Direct participants, Other","A","All users","E","End of period","0","373","Pure Number","0","Units","","7","",1,A,1,A,2,A,3,A,3,A,3,A,2,A
CPMI_PARTICIPANTS:A:XM:B:EU6P:Z,"A","Annual","XM","Euro area","B","Payment systems, retail","EU6P","STEP2 SDD B2B Service","Z","Indirect participants","A","All users","E","End of period","0","373","Pure Number","0","Units","","7","",3292,A,3360,A,3319,A,3318,A,3279,A,3280,A,3259,A
CPMI_PARTICIPANTS:A:XM:B:EU7P:A,"A","Annual","XM","Euro area","B","Payment systems, retail","EU7P","STEP2 SDD CORE Service","A","All","A","All users","E","End of period","0","373","Pure Number","0","Units","","7","",3874,A,4024,A,3927,A,3922,A,3910,A,3926,A,3902,A
CPMI_PARTICIPANTS:A:XM:B:EU7P:B,"A","Annual","XM","Euro area","B","Payment systems, retail","EU7P","STEP2 SDD CORE Service","B","Direct participants, Banks","A","All users","E","End of period","0","373","Pure Number","0","Units","","7","",79,A,81,A,81,A,90,A,97,A,95,A,99,A
CPMI_PARTICIPANTS:A:XM:B:EU7P:C,"A","Annual","XM","Euro area","B","Payment systems, retail","EU7P","STEP2 SDD CORE Service","C","Direct participants, Central bank","A","All users","E","End of period","0","373","Pure Number","0","Units","","7","",8,A,9,A,10,A,9,A,9,A,10,A,10,A
CPMI_PARTICIPANTS:A:XM:B:EU7P:D,"A","Annual","XM","Euro area","B","Payment systems, retail","EU7P","STEP2 SDD CORE Service","D","Direct participants, all","A","All users","E","End of period","0","373","Pure Number","0","Units","","7","",90,A,93,A,94,A,102,A,109,A,108,A,111,A
CPMI_PARTICIPANTS:A:XM:B:EU7P:F,"A","Annual","XM","Euro area","B","Payment systems, retail","EU7P","STEP2 SDD CORE Service","F","Direct participants, Government","A","All users","E","End of period","0","373","Pure Number","0","Units","","7","",0,A,0,A,0,A,0,A,0,A,0,A,0,A
CPMI_PARTICIPANTS:A:XM:B:EU7P:H,"A","Annual","XM","Euro area","B","Payment systems, retail","EU7P","STEP2 SDD CORE Service","H","Direct participants, Payment systems, CCPs and SSSs","A","All users","E","End of period","0","373","Pure Number","0","Units","","7","",0,A,0,A,0,A,0,A,0,A,0,A,0,A
CPMI_PARTICIPANTS:A:XM:B:EU7P:L,"A","Annual","XM","Euro area","B","Payment systems, retail","EU7P","STEP2 SDD CORE Service","L","Direct participants, Other","A","All users","E","End of period","0","373","Pure Number","0","Units","","7","",3,A,3,A,3,A,3,A,3,A,3,A,2,A
CPMI_PARTICIPANTS:A:XM:B:EU7P:Z,"A","Annual","XM","Euro area","B","Payment systems, retail","EU7P","STEP2 SDD CORE Service","Z","Indirect participants","A","All users","E","End of period","0","373","Pure Number","0","Units","","7","",3784,A,3931,A,3833,A,3820,A,3801,A,3818,A,3791,A
CPMI_PARTICIPANTS:A:XW:S:SWFT:0,"A","Annual","XW","World","S","Swift","SWFT","Swift","0","Members","A","All users","E","End of period","0","373","Pure Number","0","Units","","10","",2398,A,2389,A,2379,A,2455,A,2422,A,2382,A,2440,A
CPMI_PARTICIPANTS:A:XW:S:SWFT:1,"A","Annual","XW","World","S","Swift","SWFT","Swift","1","Sub-members","A","All users","E","End of period","0","373","Pure Number","0","Units","","10","",3340,A,3343,A,3353,A,3395,A,3367,A,3329,A,3268,A
CPMI_PARTICIPANTS:A:XW:S:SWFT:A,"A","Annual","XW","World","S","Swift","SWFT","Swift","A","All","A","All users","E","End of period","0","373","Pure Number","0","Units","","10","",10279,A,10583,A,10805,A,11094,A,11299,A,11336,A,11324,A
CPMI_PARTICIPANTS:A:ZA:H:ZA1P:A,"A","Annual","ZA","South Africa","H","Payment systems, large-value & retail","ZA1P","SAMOS","A","All","A","All users","E","End of period","0","373","Pure Number","0","Units","","7","",23,A,25,A,28,A,31,A,31,A,34,A,34,A
CPMI_PARTICIPANTS:A:ZA:H:ZA1P:B,"A","Annual","ZA","South Africa","H","Payment systems, large-value & retail","ZA1P","SAMOS","B","Direct participants, Banks","A","All users","E","End of period","0","373","Pure Number","0","Units","","7","",21,A,22,A,25,A,28,A,28,A,29,A,31,A
CPMI_PARTICIPANTS:A:ZA:H:ZA1P:C,"A","Annual","ZA","South Africa","H","Payment systems, large-value & retail","ZA1P","SAMOS","C","Direct participants, Central bank","A","All users","E","End of period","0","373","Pure Number","0","Units","","7","",1,A,1,A,1,A,1,A,1,A,1,A,1,A
CPMI_PARTICIPANTS:A:ZA:H:ZA1P:D,"A","Annual","ZA","South Africa","H","Payment systems, large-value & retail","ZA1P","SAMOS","D","Direct participants, all","A","All users","E","End of period","0","373","Pure Number","0","Units","","7","",23,A,25,A,28,A,31,A,31,A,32,A,34,A
CPMI_PARTICIPANTS:A:ZA:H:ZA1P:F,"A","Annual","ZA","South Africa","H","Payment systems, large-value & retail","ZA1P","SAMOS","F","Direct participants, Government","A","All users","E","End of period","0","373","Pure Number","0","Units","","7","",,M,,M,,M,,M,,M,,M,,M
CPMI_PARTICIPANTS:A:ZA:H:ZA1P:G,"A","Annual","ZA","South Africa","H","Payment systems, large-value & retail","ZA1P","SAMOS","G","Direct participants, Postal institution","A","All users","E","End of period","0","373","Pure Number","0","Units","","7","",,M,,M,,M,,M,,M,,M,,M
CPMI_PARTICIPANTS:A:ZA:H:ZA1P:H,"A","Annual","ZA","South Africa","H","Payment systems, large-value & retail","ZA1P","SAMOS","H","Direct participants, Payment systems, CCPs and SSSs","A","All users","E","End of period","0","373","Pure Number","0","Units","","7","",1,A,2,A,2,A,2,A,2,A,2,A,2,A
CPMI_PARTICIPANTS:A:ZA:H:ZA1P:L,"A","Annual","ZA","South Africa","H","Payment systems, large-value & retail","ZA1P","SAMOS","L","Direct participants, Other","A","All users","E","End of period","0","373","Pure Number","0","Units","","7","",,M,,M,,M,,M,,M,,M,,M
CPMI_PARTICIPANTS:A:ZA:H:ZA1P:Z,"A","Annual","ZA","South Africa","H","Payment systems, large-value & retail","ZA1P","SAMOS","Z","Indirect participants","A","All users","E","End of period","0","373","Pure Number","0","Units","","7","",,M,,M,,M,,M,,M,2,A,2,A
CPMI_PARTICIPANTS:A:ZA:S:SWFT:0,"A","Annual","ZA","South Africa","S","Swift","SWFT","Swift","0","Members","A","All users","E","End of period","0","373","Pure Number","0","Units","","10","",10,A,10,A,10,A,10,A,10,A,10,A,10,A
CPMI_PARTICIPANTS:A:ZA:S:SWFT:1,"A","Annual","ZA","South Africa","S","Swift","SWFT","Swift","1","Sub-members","A","All users","E","End of period","0","373","Pure Number","0","Units","","10","",26,A,26,A,26,A,26,A,26,A,26,A,25,A
CPMI_PARTICIPANTS:A:ZA:S:SWFT:A,"A","Annual","ZA","South Africa","S","Swift","SWFT","Swift","A","All","A","All users","E","End of period","0","373","Pure Number","0","Units","","10","",123,A,128,A,128,A,129,A,131,A,133,A,133,A
CPMI_PARTICIPANTS:A:ZA:V:ZA1S:B,"A","Annual","ZA","South Africa","V","Central securities depositories","ZA1S","SAFIRES","B","Direct participants, Banks","A","All users","E","End of period","0","373","Pure Number","0","Units","","15","",8,A,8,A,8,A,8,A,8,A,8,A,8,A
CPMI_PARTICIPANTS:A:ZA:V:ZA1S:C,"A","Annual","ZA","South Africa","V","Central securities depositories","ZA1S","SAFIRES","C","Direct participants, Central bank","A","All users","E","End of period","0","373","Pure Number","0","Units","","15","",1,A,1,A,1,A,1,A,1,A,1,A,1,A
CPMI_PARTICIPANTS:A:ZA:V:ZA1S:D,"A","Annual","ZA","South Africa","V","Central securities depositories","ZA1S","SAFIRES","D","Direct participants, all","A","All users","E","End of period","0","373","Pure Number","0","Units","","15","",43,A,45,A,48,A,50,A,52,A,64,A,75,A
CPMI_PARTICIPANTS:A:ZA:V:ZA1S:I,"A","Annual","ZA","South Africa","V","Central securities depositories","ZA1S","SAFIRES","I","Direct participants, CCPs/Other CCPs","A","All users","E","End of period","0","373","Pure Number","0","Units","","15","",0,A,0,A,0,A,0,A,0,A,0,A,0,A
CPMI_PARTICIPANTS:A:ZA:V:ZA1S:J,"A","Annual","ZA","South Africa","V","Central securities depositories","ZA1S","SAFIRES","J","Direct participants, CSDs","A","All users","E","End of period","0","373","Pure Number","0","Units","","15","",1,A,1,A,1,A,1,A,1,A,1,A,1,A
CPMI_PARTICIPANTS:A:ZA:V:ZA1S:L,"A","Annual","ZA","South Africa","V","Central securities depositories","ZA1S","SAFIRES","L","Direct participants, Other","A","All users","E","End of period","0","373","Pure Number","0","Units","","15","",33,A,35,A,38,A,40,A,42,A,54,A,65,A
CPMI_PARTICIPANTS:A:ZA:V:ZA1S:N,"A","Annual","ZA","South Africa","V","Central securities depositories","ZA1S","SAFIRES","N","Direct participants, domestic","A","All users","E","End of period","0","373","Pure Number","0","Units","","15","",43,A,45,A,48,A,50,A,52,A,64,A,74,A
CPMI_PARTICIPANTS:A:ZA:V:ZA1S:O,"A","Annual","ZA","South Africa","V","Central securities depositories","ZA1S","SAFIRES","O","Direct participants, domestic, Banks","A","All users","E","End of period","0","373","Pure Number","0","Units","","15","",8,A,8,A,8,A,8,A,8,A,8,A,8,A
CPMI_PARTICIPANTS:A:ZA:V:ZA1S:P,"A","Annual","ZA","South Africa","V","Central securities depositories","ZA1S","SAFIRES","P","Direct participants, domestic, Central banks","A","All users","E","End of period","0","373","Pure Number","0","Units","","15","",1,A,1,A,1,A,1,A,1,A,1,A,1,A
CPMI_PARTICIPANTS:A:ZA:V:ZA1S:Q,"A","Annual","ZA","South Africa","V","Central securities depositories","ZA1S","SAFIRES","Q","Direct participants, domestic, CCPs/Other CCPs","A","All users","E","End of period","0","373","Pure Number","0","Units","","15","",0,A,0,A,0,A,0,A,0,A,0,A,0,A
CPMI_PARTICIPANTS:A:ZA:V:ZA1S:R,"A","Annual","ZA","South Africa","V","Central securities depositories","ZA1S","SAFIRES","R","Direct participants, domestic, CSDs","A","All users","E","End of period","0","373","Pure Number","0","Units","","15","",1,A,1,A,1,A,1,A,1,A,1,A,0,A
CPMI_PARTICIPANTS:A:ZA:V:ZA1S:S,"A","Annual","ZA","South Africa","V","Central securities depositories","ZA1S","SAFIRES","S","Direct participants, domestic, Other","A","All users","E","End of period","0","373","Pure Number","0","Units","","15","",33,A,35,A,38,A,40,A,42,A,54,A,65,A
CPMI_PARTICIPANTS:A:ZA:V:ZA1S:T,"A","Annual","ZA","South Africa","V","Central securities depositories","ZA1S","SAFIRES","T","Direct participants, foreign","A","All users","E","End of period","0","373","Pure Number","0","Units","","15","",,M,,M,,M,,M,,M,,M,,M
CPMI_PARTICIPANTS:A:ZA:V:ZA1S:U,"A","Annual","ZA","South Africa","V","Central securities depositories","ZA1S","SAFIRES","U","Direct participants, foreign, Banks","A","All users","E","End of period","0","373","Pure Number","0","Units","","15","",,M,,M,,M,,M,,M,,M,,M
CPMI_PARTICIPANTS:A:ZA:V:ZA1S:V,"A","Annual","ZA","South Africa","V","Central securities depositories","ZA1S","SAFIRES","V","Direct participants, foreign, Central banks","A","All users","E","End of period","0","373","Pure Number","0","Units","","15","",,M,,M,,M,,M,,M,,M,,M
CPMI_PARTICIPANTS:A:ZA:V:ZA1S:W,"A","Annual","ZA","South Africa","V","Central securities depositories","ZA1S","SAFIRES","W","Direct participants, foreign, CCPs/Other CCPs","A","All users","E","End of period","0","373","Pure Number","0","Units","","15","",,M,,M,,M,,M,,M,,M,,M
CPMI_PARTICIPANTS:A:ZA:V:ZA1S:X,"A","Annual","ZA","South Africa","V","Central securities depositories","ZA1S","SAFIRES","X","Direct participants, foreign,CSDs","A","All users","E","End of period","0","373","Pure Number","0","Units","","15","",,M,,M,,M,,M,,M,,M,,M
CPMI_PARTICIPANTS:A:ZA:V:ZA1S:Y,"A","Annual","ZA","South Africa","V","Central securities depositories","ZA1S","SAFIRES","Y","Direct participants, foreign, Other","A","All users","E","End of period","0","373","Pure Number","0","Units","","15","",,M,,M,,M,,M,,M,,M,,M
