Code,"FREQ","FREQ#","REF_AREA","REF_AREA#","SYSTEM_TYPE","SYSTEM_TYPE#","SYSTEM","SYSTEM#","INDICATOR","INDICATOR#","MEASURE","MEASURE#","UNIT_MEASURE","UNIT_MEASURE#","AVAILABILITY","AVAILABILITY#","UNIT_MULT","UNIT_MULT#","COLLECTION","COLLECTION#","DECIMALS","TABLE","TITLE_TS",2012,sts,2013,sts,2014,sts,2015,sts,2016,sts,2017,sts,2018,sts
CPMI_CT2:A:AR:A:AR1P:V:N:G,"A","Annual","AR","Argentina","A","Payment systems, large-value","AR1P","MEP - Medio Electronico de Pagos","V","Payment transactions","N","Number","G","Annual growth","A","All users","0","Units","S","Summed through period","2","PS2","INCREASE IN THE NUMBER OF TRANSACTIONS (TOTAL GROSS VOLUME PER SYSTEM)",,,6.7929,A,5.0765,A,5.6461,A,5.6749,A,11.366,A,3.1367,A
CPMI_CT2:A:AR:A:AR1P:V:N:N,"A","Annual","AR","Argentina","A","Payment systems, large-value","AR1P","MEP - Medio Electronico de Pagos","V","Payment transactions","N","Number","N","Units","A","All users","6","Millions","S","Summed through period","3","PS2","NUMBER OF TRANSACTIONS (TOTAL GROSS VOLUME PER SYSTEM)",1.531,A,1.635,A,1.718,A,1.815,A,1.918,A,2.136,A,2.203,A
CPMI_CT2:A:AR:A:AR1P:V:V:A,"A","Annual","AR","Argentina","A","Payment systems, large-value","AR1P","MEP - Medio Electronico de Pagos","V","Payment transactions","V","Value","A","In USD","A","All users","9","Billions","S","Summed through period","3","PS3","VALUE OF TRANSACTIONS (TOTAL GROSS VALUE PER SYSTEM), IN USD",1494.5247,A,1628.4791,A,1560.604,A,2007.3877,A,2109.2287,A,2767.3131,A,1979.3667,A
CPMI_CT2:A:AR:A:AR1P:V:V:H,"A","Annual","AR","Argentina","A","Payment systems, large-value","AR1P","MEP - Medio Electronico de Pagos","V","Payment transactions","V","Value","H","Annual real growth","A","All users","0","Units","S","Summed through period","2","PS3","INCREASE IN THE REAL VALUE OF TRANSACTIONS (PER SYSTEM)",,,-1.4971,A,-21.0342,A,10.8165,A,-20.5908,A,5.1335,A,-46.6817,A
CPMI_CT2:A:AR:A:AR1P:V:V:I,"A","Annual","AR","Argentina","A","Payment systems, large-value","AR1P","MEP - Medio Electronico de Pagos","V","Payment transactions","V","Value","I","In % of GDP","A","All users","0","Units","S","Summed through period","3","PS3","VALUE OF TRANSACTIONS AS A PERCENTAGE OF GDP (PER SYSTEM)",238.3067,A,242.1394,A,252.7629,A,283.2782,A,347.5259,A,391.5371,A,328.2481,A
CPMI_CT2:A:AR:A:AR1P:V:V:S,"A","Annual","AR","Argentina","A","Payment systems, large-value","AR1P","MEP - Medio Electronico de Pagos","V","Payment transactions","V","Value","S","Per transaction","A","All users","3","Thousands","S","Summed through period","3","PS3","AVERAGE VALUE OF TRANSACTIONS (PER SYSTEM), IN USD",976.1755,A,996.0117,A,908.3842,A,1105.9987,A,1099.7021,A,1295.5586,A,898.4869,A
CPMI_CT2:A:AR:A:AR1P:X:N:N,"A","Annual","AR","Argentina","A","Payment systems, large-value","AR1P","MEP - Medio Electronico de Pagos","X","All participants","N","Number","N","Units","A","All users","0","Units","E","End of period","0","PS4","TOTAL NUMBER OF PARTICIPANTS",96,A,98,A,94,A,94,A,94,A,94,A,93,A
CPMI_CT2:A:AR:A:AR1P:Y:N:N,"A","Annual","AR","Argentina","A","Payment systems, large-value","AR1P","MEP - Medio Electronico de Pagos","Y","Directly connected participants","N","Number","N","Units","A","All users","0","Units","E","End of period","0","PS4","TOTAL NUMBER OF PARTICIPANTS OF WHICH DIRECTLY CONNECTED PARTICIPANTS",96,A,98,A,94,A,94,A,94,A,94,A,93,A
CPMI_CT2:A:AR:J:AR2P:V:N:G,"A","Annual","AR","Argentina","J","Payment systems, retail & fast payments","AR2P","SNP - Sistema Nacional de Pagos","V","Payment transactions","N","Number","G","Annual growth","A","All users","0","Units","S","Summed through period","2","PS2","INCREASE IN THE NUMBER OF TRANSACTIONS (TOTAL GROSS VOLUME PER SYSTEM)",,,8.1643,A,11.2947,A,11.9461,A,14.0522,A,11.8436,A,13.3425,A
CPMI_CT2:A:AR:J:AR2P:V:N:N,"A","Annual","AR","Argentina","J","Payment systems, retail & fast payments","AR2P","SNP - Sistema Nacional de Pagos","V","Payment transactions","N","Number","N","Units","A","All users","6","Millions","S","Summed through period","3","PS2","NUMBER OF TRANSACTIONS (TOTAL GROSS VOLUME PER SYSTEM)",1803.518,A,1950.762,A,2171.095,A,2430.456,A,2771.989,A,3100.292,A,3513.948,A
CPMI_CT2:A:AR:J:AR2P:V:V:A,"A","Annual","AR","Argentina","J","Payment systems, retail & fast payments","AR2P","SNP - Sistema Nacional de Pagos","V","Payment transactions","V","Value","A","In USD","A","All users","9","Billions","S","Summed through period","3","PS3","VALUE OF TRANSACTIONS (TOTAL GROSS VALUE PER SYSTEM), IN USD",1326.1959,A,1458.0229,A,1373.5695,A,1611.1637,A,1420.4833,A,1668.1191,A,1387.9947,A
CPMI_CT2:A:AR:J:AR2P:V:V:H,"A","Annual","AR","Argentina","J","Payment systems, retail & fast payments","AR2P","SNP - Sistema Nacional de Pagos","V","Payment transactions","V","Value","H","Annual real growth","A","All users","0","Units","S","Summed through period","2","PS3","INCREASE IN THE REAL VALUE OF TRANSACTIONS (PER SYSTEM)",,,-0.61363,A,-22.3727,A,1.0544,A,-33.3693,A,-5.8983,A,-37.9747,A
CPMI_CT2:A:AR:J:AR2P:V:V:I,"A","Annual","AR","Argentina","J","Payment systems, retail & fast payments","AR2P","SNP - Sistema Nacional de Pagos","V","Payment transactions","V","Value","I","In % of GDP","A","All users","0","Units","S","Summed through period","3","PS3","VALUE OF TRANSACTIONS AS A PERCENTAGE OF GDP (PER SYSTEM)",211.4661,A,216.7942,A,222.4699,A,227.3639,A,234.0452,A,236.0161,A,230.178,A
CPMI_CT2:A:AR:J:AR2P:V:V:S,"A","Annual","AR","Argentina","J","Payment systems, retail & fast payments","AR2P","SNP - Sistema Nacional de Pagos","V","Payment transactions","V","Value","S","Per transaction","A","All users","3","Thousands","S","Summed through period","3","PS3","AVERAGE VALUE OF TRANSACTIONS (PER SYSTEM), IN USD",0.73534,A,0.74741,A,0.63266,A,0.66291,A,0.51244,A,0.53805,A,0.395,A
CPMI_CT2:A:AR:J:AR2P:X:N:N,"A","Annual","AR","Argentina","J","Payment systems, retail & fast payments","AR2P","SNP - Sistema Nacional de Pagos","X","All participants","N","Number","N","Units","A","All users","0","Units","E","End of period","0","PS4","TOTAL NUMBER OF PARTICIPANTS",68,A,69,A,68,A,65,A,69,A,80,A,72,A
CPMI_CT2:A:AR:J:AR2P:Y:N:N,"A","Annual","AR","Argentina","J","Payment systems, retail & fast payments","AR2P","SNP - Sistema Nacional de Pagos","Y","Directly connected participants","N","Number","N","Units","A","All users","0","Units","E","End of period","0","PS4","TOTAL NUMBER OF PARTICIPANTS OF WHICH DIRECTLY CONNECTED PARTICIPANTS",68,A,69,A,68,A,65,A,69,A,80,A,72,A
CPMI_CT2:A:AR:U:AR1C:V:N:G,"A","Annual","AR","Argentina","U","Central counterparties/clearing houses","AR1C","MaTBA","V","Payment transactions","N","Number","G","Annual growth","A","All users","0","Units","S","Summed through period","2","CCP2","INCREASE IN THE NUMBER OF TRANSACTIONS (PER CCP OR CLEARING HOUSE)",,,-24.9469,A,-6.1878,A,5.6244,A,11.1922,A,1.8672,A,151.5287,A
CPMI_CT2:A:AR:U:AR1C:V:N:N,"A","Annual","AR","Argentina","U","Central counterparties/clearing houses","AR1C","MaTBA","V","Payment transactions","N","Number","N","Units","A","All users","3","Thousands","S","Summed through period","3","CCP2","NUMBER OF TRANSACTIONS (TOTAL NUMBER OF CONTRACTS AND TRANSACTIONS PER CCP OR CLEARING HOUSE)",337.693,A,253.449,A,237.766,A,251.139,A,279.247,A,284.461,A,715.501,A
CPMI_CT2:A:AR:U:AR1C:V:V:A,"A","Annual","AR","Argentina","U","Central counterparties/clearing houses","AR1C","MaTBA","V","Payment transactions","V","Value","A","In USD","A","All users","9","Billions","S","Summed through period","3","CCP3","VALUE OF TRANSACTIONS (TOTAL VALUE OF CONTRACTS AND TRANSACTIONS PER CCP OR CLEARING HOUSE), IN USD",11.2834,A,9.3284,A,6.7571,A,4.9302,A,6.5978,A,6.728,A,10.5278,A
CPMI_CT2:A:AR:U:AR1C:V:V:H,"A","Annual","AR","Argentina","U","Central counterparties/clearing houses","AR1C","MaTBA","V","Payment transactions","V","Value","H","Annual real growth","A","All users","0","Units","S","Summed through period","2","CCP3","INCREASE IN THE REAL VALUE OF TRANSACTIONS (PER CCP OR CLEARING HOUSE)",,,-25.2629,A,-40.3128,A,-37.141,A,1.1385,A,-18.287,A,16.6442,A
CPMI_CT2:A:AR:U:AR1C:V:V:I,"A","Annual","AR","Argentina","U","Central counterparties/clearing houses","AR1C","MaTBA","V","Payment transactions","V","Value","I","In % of GDP","A","All users","0","Units","S","Summed through period","3","CCP3","VALUE OF TRANSACTIONS AS A PERCENTAGE OF GDP (PER CCP OR CLEARING HOUSE)",1.7992,A,1.387,A,1.0944,A,0.69573,A,1.0871,A,0.95192,A,1.7459,A
CPMI_CT2:A:AR:U:AR1C:V:V:S,"A","Annual","AR","Argentina","U","Central counterparties/clearing houses","AR1C","MaTBA","V","Payment transactions","V","Value","S","Per transaction","A","All users","3","Thousands","S","Summed through period","3","CCP3","AVERAGE VALUE OF TRANSACTIONS (PER CCP OR CLEARING HOUSE), IN USD",33.4133,A,36.8058,A,28.4191,A,19.6312,A,23.6271,A,23.6517,A,14.7139,A
CPMI_CT2:A:AR:U:AR1C:Z:N:N,"A","Annual","AR","Argentina","U","Central counterparties/clearing houses","AR1C","MaTBA","Z","Clearing members","N","Number","N","Units","A","All users","0","Units","E","End of period","0","CCP4","NUMBER OF CLEARING MEMBERS IN CCPs AND CLEARING HOUSES",94,A,100,A,85,A,72,A,77,A,73,A,127,A
CPMI_CT2:A:AR:U:AR2C:V:N:G,"A","Annual","AR","Argentina","U","Central counterparties/clearing houses","AR2C","MERVAL","V","Payment transactions","N","Number","G","Annual growth","A","All users","0","Units","S","Summed through period","2","CCP2","INCREASE IN THE NUMBER OF TRANSACTIONS (PER CCP OR CLEARING HOUSE)",,,26.5658,A,25.427,A,8.2956,A,14.6644,A,18.2483,A,28.9472,A
CPMI_CT2:A:AR:U:AR2C:V:N:N,"A","Annual","AR","Argentina","U","Central counterparties/clearing houses","AR2C","MERVAL","V","Payment transactions","N","Number","N","Units","A","All users","3","Thousands","S","Summed through period","3","CCP2","NUMBER OF TRANSACTIONS (TOTAL NUMBER OF CONTRACTS AND TRANSACTIONS PER CCP OR CLEARING HOUSE)",2070.317,A,2620.313,A,3286.579,A,3559.222,A,4081.159,A,4825.9,A,6222.861,A
CPMI_CT2:A:AR:U:AR2C:V:V:A,"A","Annual","AR","Argentina","U","Central counterparties/clearing houses","AR2C","MERVAL","V","Payment transactions","V","Value","A","In USD","A","All users","9","Billions","S","Summed through period","3","CCP3","VALUE OF TRANSACTIONS (TOTAL VALUE OF CONTRACTS AND TRANSACTIONS PER CCP OR CLEARING HOUSE), IN USD",52.9057,A,66.6515,A,76.3133,A,80.843,A,89.63,A,154.2761,A,131.8037,A
CPMI_CT2:A:AR:U:AR2C:V:V:H,"A","Annual","AR","Argentina","U","Central counterparties/clearing houses","AR2C","MERVAL","V","Payment transactions","V","Value","H","Annual real growth","A","All users","0","Units","S","Summed through period","2","CCP3","INCREASE IN THE REAL VALUE OF TRANSACTIONS (PER CCP OR CLEARING HOUSE)",,,13.8881,A,-5.6551,A,-8.7341,A,-16.2106,A,37.9278,A,-36.315,A
CPMI_CT2:A:AR:U:AR2C:V:V:I,"A","Annual","AR","Argentina","U","Central counterparties/clearing houses","AR2C","MERVAL","V","Payment transactions","V","Value","I","In % of GDP","A","All users","0","Units","S","Summed through period","3","CCP3","VALUE OF TRANSACTIONS AS A PERCENTAGE OF GDP (PER CCP OR CLEARING HOUSE)",8.436,A,9.9105,A,12.3601,A,11.4084,A,14.7678,A,21.828,A,21.8577,A
CPMI_CT2:A:AR:U:AR2C:V:V:S,"A","Annual","AR","Argentina","U","Central counterparties/clearing houses","AR2C","MERVAL","V","Payment transactions","V","Value","S","Per transaction","A","All users","3","Thousands","S","Summed through period","3","CCP3","AVERAGE VALUE OF TRANSACTIONS (PER CCP OR CLEARING HOUSE), IN USD",25.5544,A,25.4365,A,23.2197,A,22.7137,A,21.9619,A,31.9684,A,21.1806,A
CPMI_CT2:A:AR:U:AR2C:Z:N:N,"A","Annual","AR","Argentina","U","Central counterparties/clearing houses","AR2C","MERVAL","Z","Clearing members","N","Number","N","Units","A","All users","0","Units","E","End of period","0","CCP4","NUMBER OF CLEARING MEMBERS IN CCPs AND CLEARING HOUSES",134,A,132,A,200,A,205,A,229,A,249,A,240,A
CPMI_CT2:A:AR:U:AR3C:V:V:A,"A","Annual","AR","Argentina","U","Central counterparties/clearing houses","AR3C","MAV","V","Payment transactions","V","Value","A","In USD","A","All users","9","Billions","S","Summed through period","3","CCP3","VALUE OF TRANSACTIONS (TOTAL VALUE OF CONTRACTS AND TRANSACTIONS PER CCP OR CLEARING HOUSE), IN USD",1.6496,A,1.9216,A,2.4272,A,3.9605,A,3.8293,A,3.7491,A,4.835,A
CPMI_CT2:A:AR:U:AR3C:V:V:H,"A","Annual","AR","Argentina","U","Central counterparties/clearing houses","AR3C","MAV","V","Payment transactions","V","Value","H","Annual real growth","A","All users","0","Units","S","Summed through period","2","CCP3","INCREASE IN THE REAL VALUE OF TRANSACTIONS (PER CCP OR CLEARING HOUSE)",,,5.3113,A,4.0795,A,40.5762,A,-26.9282,A,-21.5463,A,-3.8678,A
CPMI_CT2:A:AR:U:AR3C:V:V:I,"A","Annual","AR","Argentina","U","Central counterparties/clearing houses","AR3C","MAV","V","Payment transactions","V","Value","I","In % of GDP","A","All users","0","Units","S","Summed through period","3","CCP3","VALUE OF TRANSACTIONS AS A PERCENTAGE OF GDP (PER CCP OR CLEARING HOUSE)",0.26303,A,0.28573,A,0.39312,A,0.5589,A,0.63094,A,0.53045,A,0.8018,A
CPMI_CT2:A:AR:U:AR3C:Z:N:N,"A","Annual","AR","Argentina","U","Central counterparties/clearing houses","AR3C","MAV","Z","Clearing members","N","Number","N","Units","A","All users","0","Units","E","End of period","0","CCP4","NUMBER OF CLEARING MEMBERS IN CCPs AND CLEARING HOUSES",39,A,37,A,70,A,92,A,115,A,151,A,162,A
CPMI_CT2:A:AR:V:AR1S:O:N:N,"A","Annual","AR","Argentina","V","Central securities depositories","AR1S","Caja de Valores S.A.","O","Securities held","N","Number","N","Units","A","All users","3","Thousands","E","End of period","3","CSD5","TOTAL NUMBER OF SECURITIES HELD",4.459,A,4.463,A,4.428,A,4.38,A,4.62,A,9.922,A,5.07,A
CPMI_CT2:A:AR:V:AR1S:O:V:A,"A","Annual","AR","Argentina","V","Central securities depositories","AR1S","Caja de Valores S.A.","O","Securities held","V","Value","A","In USD","A","All users","6","Millions","S","Summed through period","3","CSD5","TOTAL VALUE OF SECURITIES HELD, IN USD",65924.3239,A,69808.5046,A,69607.404,A,82750.2034,A,73069.6624,A,107986.0612,A,54186.8886,A
CPMI_CT2:A:AR:V:AR1S:W:N:N,"A","Annual","AR","Argentina","V","Central securities depositories","AR1S","Caja de Valores S.A.","W","Delivery instructions","N","Number","N","Units","A","All users","3","Thousands","S","Summed through period","3","CSD2","NUMBER OF DELIVERY INSTRUCTIONS (TOTAL NUMBER OF DELIVERY INSTRUCTIONS PER CSD)",,L,,L,,L,,L,,L,,L,8431,A
CPMI_CT2:A:AR:V:AR1S:W:V:A,"A","Annual","AR","Argentina","V","Central securities depositories","AR1S","Caja de Valores S.A.","W","Delivery instructions","V","Value","A","In USD","A","All users","9","Billions","S","Summed through period","3","CSD3","VALUE OF DELIVERY INSTRUCTIONS (TOTAL VALUE OF DELIVERY INSTRUCTIONS PER CSD), IN USD",,L,,L,,L,,L,,L,,L,112029.6175,A
CPMI_CT2:A:AR:V:AR1S:W:V:I,"A","Annual","AR","Argentina","V","Central securities depositories","AR1S","Caja de Valores S.A.","W","Delivery instructions","V","Value","I","In % of GDP","A","All users","0","Units","S","Summed through period","2","CSD3","VALUE OF DELIVERY INSTRUCTIONS AS A PERCENTAGE OF GDP (PER CSD)",,L,,L,,L,,L,,L,,L,18578.423,A
CPMI_CT2:A:AR:V:AR1S:W:V:S,"A","Annual","AR","Argentina","V","Central securities depositories","AR1S","Caja de Valores S.A.","W","Delivery instructions","V","Value","S","Per transaction","A","All users","3","Thousands","S","Summed through period","3","CSD3","AVERAGE VALUE PER DELIVERY INSTRUCTIONS (PER CSD), IN USD",,L,,L,,L,,L,,L,,L,13287.8208,A
CPMI_CT2:A:AR:V:AR1S:X:N:N,"A","Annual","AR","Argentina","V","Central securities depositories","AR1S","Caja de Valores S.A.","X","All participants","N","Number","N","Units","A","All users","0","Units","E","End of period","0","CSD4","TOTAL NUMBER OF PARTICIPANTS (TOTAL NUMBER OF DIRECT PARTICIPANTS IN CSDs)",,L,587,A,619,A,615,A,625,A,709,A,717,A
CPMI_CT2:A:AU:A:AU1P:P:N:F,"A","Annual","AU","Australia","A","Payment systems, large-value","AU1P","RITS","P","Concentration ratio in terms of volume","N","Number","F","Percent","A","All users","0","Units","S","Summed through period","2","PS4","CONCENTRATION RATIO IN TERMS OF VOLUME",72.22,A,70.65,A,70.24,A,69.54,A,69.3,A,68.9,A,69.12,A
CPMI_CT2:A:AU:A:AU1P:Q:N:F,"A","Annual","AU","Australia","A","Payment systems, large-value","AU1P","RITS","Q","Concentration ratio in terms of value","N","Number","F","Percent","A","All users","0","Units","S","Summed through period","2","PS4","CONCENTRATION RATIO IN TERMS OF VALUE",62.25,A,60.43,A,61.6,A,60.51,A,60.01,A,59.75,A,59.16,A
CPMI_CT2:A:AU:A:AU1P:V:N:G,"A","Annual","AU","Australia","A","Payment systems, large-value","AU1P","RITS","V","Payment transactions","N","Number","G","Annual growth","A","All users","0","Units","S","Summed through period","2","PS2","INCREASE IN THE NUMBER OF TRANSACTIONS (TOTAL GROSS VOLUME PER SYSTEM)",4.9597,A,8.7473,A,3.7485,A,5.1091,A,1.3786,A,2.3223,A,3.8574,A
CPMI_CT2:A:AU:A:AU1P:V:N:N,"A","Annual","AU","Australia","A","Payment systems, large-value","AU1P","RITS","V","Payment transactions","N","Number","N","Units","A","All users","6","Millions","S","Summed through period","3","PS2","NUMBER OF TRANSACTIONS (TOTAL GROSS VOLUME PER SYSTEM)",9.42,A,10.244,A,10.628,A,11.171,A,11.325,A,11.588,A,12.035,A
CPMI_CT2:A:AU:A:AU1P:V:V:A,"A","Annual","AU","Australia","A","Payment systems, large-value","AU1P","RITS","V","Payment transactions","V","Value","A","In USD","A","All users","9","Billions","S","Summed through period","3","PS3","VALUE OF TRANSACTIONS (TOTAL GROSS VALUE PER SYSTEM), IN USD",40202.6372,A,38113.1855,A,36715.3986,A,30961.686,A,30808.5709,A,33138.3918,A,34359.1885,A
CPMI_CT2:A:AU:A:AU1P:V:V:H,"A","Annual","AU","Australia","A","Payment systems, large-value","AU1P","RITS","V","Payment transactions","V","Value","H","Annual real growth","A","All users","0","Units","S","Summed through period","2","PS3","INCREASE IN THE REAL VALUE OF TRANSACTIONS (PER SYSTEM)",-11.0941,A,-7.4643,A,-6.006,A,-16.9242,A,-1.7492,A,5.5063,A,1.7393,A
CPMI_CT2:A:AU:A:AU1P:V:V:I,"A","Annual","AU","Australia","A","Payment systems, large-value","AU1P","RITS","V","Payment transactions","V","Value","I","In % of GDP","A","All users","0","Units","S","Summed through period","3","PS3","VALUE OF TRANSACTIONS AS A PERCENTAGE OF GDP (PER SYSTEM)",2562.7804,A,2520.142,A,2523.2868,A,2514.1153,A,2429.8437,A,2391.439,A,2422.74,A
CPMI_CT2:A:AU:A:AU1P:V:V:S,"A","Annual","AU","Australia","A","Payment systems, large-value","AU1P","RITS","V","Payment transactions","V","Value","S","Per transaction","A","All users","3","Thousands","S","Summed through period","3","PS3","AVERAGE VALUE OF TRANSACTIONS (PER SYSTEM), IN USD",4267.7959,A,3720.5374,A,3454.5915,A,2771.6127,A,2720.4036,A,2859.7162,A,2854.9388,A
CPMI_CT2:A:AU:A:AU1P:X:N:N,"A","Annual","AU","Australia","A","Payment systems, large-value","AU1P","RITS","X","All participants","N","Number","N","Units","A","All users","0","Units","E","End of period","0","PS4","TOTAL NUMBER OF PARTICIPANTS",82,A,85,A,88,A,87,A,95,A,97,A,100,A
CPMI_CT2:A:AU:A:AU1P:Y:N:N,"A","Annual","AU","Australia","A","Payment systems, large-value","AU1P","RITS","Y","Directly connected participants","N","Number","N","Units","A","All users","0","Units","E","End of period","0","PS4","TOTAL NUMBER OF PARTICIPANTS OF WHICH DIRECTLY CONNECTED PARTICIPANTS",60,A,61,A,59,A,60,A,60,A,58,A,59,A
CPMI_CT2:A:AU:C:AU2P:V:N:N,"A","Annual","AU","Australia","C","Payment systems, fast payments","AU2P","FSS","V","Payment transactions","N","Number","N","Units","A","All users","6","Millions","S","Summed through period","3","PS2","NUMBER OF TRANSACTIONS (TOTAL GROSS VOLUME PER SYSTEM)",,L,,L,,L,,L,,L,,L,50.569,A
CPMI_CT2:A:AU:C:AU2P:V:V:A,"A","Annual","AU","Australia","C","Payment systems, fast payments","AU2P","FSS","V","Payment transactions","V","Value","A","In USD","A","All users","9","Billions","S","Summed through period","3","PS3","VALUE OF TRANSACTIONS (TOTAL GROSS VALUE PER SYSTEM), IN USD",,L,,L,,L,,L,,L,,L,33.3223,A
CPMI_CT2:A:AU:C:AU2P:V:V:I,"A","Annual","AU","Australia","C","Payment systems, fast payments","AU2P","FSS","V","Payment transactions","V","Value","I","In % of GDP","A","All users","0","Units","S","Summed through period","3","PS3","VALUE OF TRANSACTIONS AS A PERCENTAGE OF GDP (PER SYSTEM)",,L,,L,,L,,L,,L,,L,2.3496,A
CPMI_CT2:A:AU:C:AU2P:V:V:S,"A","Annual","AU","Australia","C","Payment systems, fast payments","AU2P","FSS","V","Payment transactions","V","Value","S","Per transaction","A","All users","3","Thousands","S","Summed through period","3","PS3","AVERAGE VALUE OF TRANSACTIONS (PER SYSTEM), IN USD",,L,,L,,L,,L,,L,,L,0.65895,A
CPMI_CT2:A:AU:C:AU2P:X:N:N,"A","Annual","AU","Australia","C","Payment systems, fast payments","AU2P","FSS","X","All participants","N","Number","N","Units","A","All users","0","Units","E","End of period","0","PS4","TOTAL NUMBER OF PARTICIPANTS",,L,,L,,L,,L,,L,,L,10,A
CPMI_CT2:A:AU:C:AU2P:Y:N:N,"A","Annual","AU","Australia","C","Payment systems, fast payments","AU2P","FSS","Y","Directly connected participants","N","Number","N","Units","A","All users","0","Units","E","End of period","0","PS4","TOTAL NUMBER OF PARTICIPANTS OF WHICH DIRECTLY CONNECTED PARTICIPANTS",,L,,L,,L,,L,,L,,L,10,A
CPMI_CT2:A:AU:U:AU1C:V:N:G,"A","Annual","AU","Australia","U","Central counterparties/clearing houses","AU1C","ASX Clear","V","Payment transactions","N","Number","G","Annual growth","A","All users","0","Units","S","Summed through period","2","CCP2","INCREASE IN THE NUMBER OF TRANSACTIONS (PER CCP OR CLEARING HOUSE)",,L,,L,,L,,L,,L,5.1984,A,6.1445,A
CPMI_CT2:A:AU:U:AU1C:V:N:N,"A","Annual","AU","Australia","U","Central counterparties/clearing houses","AU1C","ASX Clear","V","Payment transactions","N","Number","N","Units","A","All users","3","Thousands","S","Summed through period","3","CCP2","NUMBER OF TRANSACTIONS (TOTAL NUMBER OF CONTRACTS AND TRANSACTIONS PER CCP OR CLEARING HOUSE)",,L,,L,,L,,L,334627.2,A,352022.6,A,373652.54,A
CPMI_CT2:A:AU:U:AU1C:V:V:A,"A","Annual","AU","Australia","U","Central counterparties/clearing houses","AU1C","ASX Clear","V","Payment transactions","V","Value","A","In USD","A","All users","9","Billions","S","Summed through period","3","CCP3","VALUE OF TRANSACTIONS (TOTAL VALUE OF CONTRACTS AND TRANSACTIONS PER CCP OR CLEARING HOUSE), IN USD",,L,,L,,L,,L,774.8094,A,775.7404,A,810.1956,A
CPMI_CT2:A:AU:U:AU1C:V:V:H,"A","Annual","AU","Australia","U","Central counterparties/clearing houses","AU1C","ASX Clear","V","Payment transactions","V","Value","H","Annual real growth","A","All users","0","Units","S","Summed through period","2","CCP3","INCREASE IN THE REAL VALUE OF TRANSACTIONS (PER CCP OR CLEARING HOUSE)",,L,,L,,L,,L,,L,-1.7935,A,2.4827,A
CPMI_CT2:A:AU:U:AU1C:V:V:I,"A","Annual","AU","Australia","U","Central counterparties/clearing houses","AU1C","ASX Clear","V","Payment transactions","V","Value","I","In % of GDP","A","All users","0","Units","S","Summed through period","3","CCP3","VALUE OF TRANSACTIONS AS A PERCENTAGE OF GDP (PER CCP OR CLEARING HOUSE)",,L,,L,,L,,L,61.1085,A,55.9815,A,57.1286,A
CPMI_CT2:A:AU:U:AU1C:V:V:S,"A","Annual","AU","Australia","U","Central counterparties/clearing houses","AU1C","ASX Clear","V","Payment transactions","V","Value","S","Per transaction","A","All users","3","Thousands","S","Summed through period","3","CCP3","AVERAGE VALUE OF TRANSACTIONS (PER CCP OR CLEARING HOUSE), IN USD",,L,,L,,L,,L,2.3154,A,2.2037,A,2.1683,A
CPMI_CT2:A:AU:U:AU1C:Z:N:N,"A","Annual","AU","Australia","U","Central counterparties/clearing houses","AU1C","ASX Clear","Z","Clearing members","N","Number","N","Units","A","All users","0","Units","E","End of period","0","CCP4","NUMBER OF CLEARING MEMBERS IN CCPs AND CLEARING HOUSES",39,A,34,A,33,A,37,A,37,A,36,A,35,A
CPMI_CT2:A:AU:U:AU2C:V:N:G,"A","Annual","AU","Australia","U","Central counterparties/clearing houses","AU2C","ASX Clear (Futures)","V","Payment transactions","N","Number","G","Annual growth","A","All users","0","Units","S","Summed through period","2","CCP2","INCREASE IN THE NUMBER OF TRANSACTIONS (PER CCP OR CLEARING HOUSE)",,L,,L,,L,,L,,L,54.2541,A,-27.5533,A
CPMI_CT2:A:AU:U:AU2C:V:N:N,"A","Annual","AU","Australia","U","Central counterparties/clearing houses","AU2C","ASX Clear (Futures)","V","Payment transactions","N","Number","N","Units","A","All users","3","Thousands","S","Summed through period","3","CCP2","NUMBER OF TRANSACTIONS (TOTAL NUMBER OF CONTRACTS AND TRANSACTIONS PER CCP OR CLEARING HOUSE)",,L,,L,,L,,L,141929.3,A,218931.7,A,158608.875,A
CPMI_CT2:A:AU:U:AU2C:V:V:A,"A","Annual","AU","Australia","U","Central counterparties/clearing houses","AU2C","ASX Clear (Futures)","V","Payment transactions","V","Value","A","In USD","A","All users","9","Billions","S","Summed through period","3","CCP3","VALUE OF TRANSACTIONS (TOTAL VALUE OF CONTRACTS AND TRANSACTIONS PER CCP OR CLEARING HOUSE), IN USD",,L,,L,,L,,L,40870.628,A,40733.5927,A,41360.124,A
CPMI_CT2:A:AU:U:AU2C:V:V:H,"A","Annual","AU","Australia","U","Central counterparties/clearing houses","AU2C","ASX Clear (Futures)","V","Payment transactions","V","Value","H","Annual real growth","A","All users","0","Units","S","Summed through period","2","CCP3","INCREASE IN THE REAL VALUE OF TRANSACTIONS (PER CCP OR CLEARING HOUSE)",,L,,L,,L,,L,,L,-2.2403,A,-0.36628,A
CPMI_CT2:A:AU:U:AU2C:V:V:I,"A","Annual","AU","Australia","U","Central counterparties/clearing houses","AU2C","ASX Clear (Futures)","V","Payment transactions","V","Value","I","In % of GDP","A","All users","0","Units","S","Summed through period","3","CCP3","VALUE OF TRANSACTIONS AS A PERCENTAGE OF GDP (PER CCP OR CLEARING HOUSE)",,L,,L,,L,,L,3223.4289,A,2939.5483,A,2916.3909,A
CPMI_CT2:A:AU:U:AU2C:V:V:S,"A","Annual","AU","Australia","U","Central counterparties/clearing houses","AU2C","ASX Clear (Futures)","V","Payment transactions","V","Value","S","Per transaction","A","All users","3","Thousands","S","Summed through period","3","CCP3","AVERAGE VALUE OF TRANSACTIONS (PER CCP OR CLEARING HOUSE), IN USD",,L,,L,,L,,L,287.9647,A,186.0562,A,260.768,A
CPMI_CT2:A:AU:U:AU2C:Z:N:N,"A","Annual","AU","Australia","U","Central counterparties/clearing houses","AU2C","ASX Clear (Futures)","Z","Clearing members","N","Number","N","Units","A","All users","0","Units","E","End of period","0","CCP4","NUMBER OF CLEARING MEMBERS IN CCPs AND CLEARING HOUSES",17,A,19,A,19,A,20,A,20,A,20,A,20,A
CPMI_CT2:A:AU:V:AU1S:O:N:N,"A","Annual","AU","Australia","V","Central securities depositories","AU1S","ASX Settlement","O","Securities held","N","Number","N","Units","A","All users","3","Thousands","E","End of period","3","CSD5","TOTAL NUMBER OF SECURITIES HELD",2.188,A,2.195,A,2.208,A,2.238,A,2.215,A,2.275,A,2.284,A
CPMI_CT2:A:AU:V:AU1S:O:V:A,"A","Annual","AU","Australia","V","Central securities depositories","AU1S","ASX Settlement","O","Securities held","V","Value","A","In USD","A","All users","6","Millions","S","Summed through period","3","CSD5","TOTAL VALUE OF SECURITIES HELD, IN USD",1330920.505,A,1415011.5442,A,1360392.1247,A,1174458.2354,A,1314249.5133,A,1510747.6496,A,1412530.8529,A
CPMI_CT2:A:AU:V:AU1S:X:N:N,"A","Annual","AU","Australia","V","Central securities depositories","AU1S","ASX Settlement","X","All participants","N","Number","N","Units","A","All users","0","Units","E","End of period","0","CSD4","TOTAL NUMBER OF PARTICIPANTS (TOTAL NUMBER OF DIRECT PARTICIPANTS IN CSDs)",83,A,77,A,82,A,79,A,79,A,80,A,78,A
CPMI_CT2:A:AU:V:AU2S:O:V:A,"A","Annual","AU","Australia","V","Central securities depositories","AU2S","Austraclear","O","Securities held","V","Value","A","In USD","A","All users","6","Millions","S","Summed through period","3","CSD5","TOTAL VALUE OF SECURITIES HELD, IN USD",1424300.2729,A,1416651.0751,A,1526091.3113,A,1387764.1086,A,1447949.1737,A,1457867.0159,A,1484839.1377,A
CPMI_CT2:A:AU:V:AU2S:W:N:G,"A","Annual","AU","Australia","V","Central securities depositories","AU2S","Austraclear","W","Delivery instructions","N","Number","G","Annual growth","A","All users","0","Units","S","Summed through period","2","CSD2","INCREASE IN THE NUMBER OF DELIVERY INSTRUCTIONS (PER CSD)",2.9846,A,2.5519,A,-2.3023,A,-2.6615,A,-4.282,A,3.6239,A,3.9592,A
CPMI_CT2:A:AU:V:AU2S:W:N:N,"A","Annual","AU","Australia","V","Central securities depositories","AU2S","Austraclear","W","Delivery instructions","N","Number","N","Units","A","All users","3","Thousands","S","Summed through period","3","CSD2","NUMBER OF DELIVERY INSTRUCTIONS (TOTAL NUMBER OF DELIVERY INSTRUCTIONS PER CSD)",338.53,A,347.169,A,339.176,A,330.149,A,316.012,A,327.464,A,340.429,A
CPMI_CT2:A:AU:V:AU2S:X:N:N,"A","Annual","AU","Australia","V","Central securities depositories","AU2S","Austraclear","X","All participants","N","Number","N","Units","A","All users","0","Units","E","End of period","0","CSD4","TOTAL NUMBER OF PARTICIPANTS (TOTAL NUMBER OF DIRECT PARTICIPANTS IN CSDs)",775,A,829,A,845,A,849,A,836,A,879,A,916,A
CPMI_CT2:A:BE:A:BE1P:P:N:F,"A","Annual","BE","Belgium","A","Payment systems, large-value","BE1P","TARGET2-BE","P","Concentration ratio in terms of volume","N","Number","F","Percent","A","All users","0","Units","S","Summed through period","2","PS4","CONCENTRATION RATIO IN TERMS OF VOLUME",90.6,A,89.5,A,93.74,A,93.9,A,94.3,A,95,A,95.6,A
CPMI_CT2:A:BE:A:BE1P:Q:N:F,"A","Annual","BE","Belgium","A","Payment systems, large-value","BE1P","TARGET2-BE","Q","Concentration ratio in terms of value","N","Number","F","Percent","A","All users","0","Units","S","Summed through period","2","PS4","CONCENTRATION RATIO IN TERMS OF VALUE",90.9,A,89.9,A,90.84,A,90.5,A,91.1,A,93.2,A,94.1,A
CPMI_CT2:A:BE:A:BE1P:V:N:G,"A","Annual","BE","Belgium","A","Payment systems, large-value","BE1P","TARGET2-BE","V","Payment transactions","N","Number","G","Annual growth","A","All users","0","Units","S","Summed through period","2","PS2","INCREASE IN THE NUMBER OF TRANSACTIONS (TOTAL GROSS VOLUME PER SYSTEM)",,,-7.2289,A,9.0909,A,-9.5238,A,-1.3158,A,-0.75556,A,3.0004,A
CPMI_CT2:A:BE:A:BE1P:V:N:N,"A","Annual","BE","Belgium","A","Payment systems, large-value","BE1P","TARGET2-BE","V","Payment transactions","N","Number","N","Units","A","All users","6","Millions","S","Summed through period","3","PS2","NUMBER OF TRANSACTIONS (TOTAL GROSS VOLUME PER SYSTEM)",2.49,A,2.31,A,2.52,A,2.28,A,2.25,A,2.233,A,2.3,A
CPMI_CT2:A:BE:A:BE1P:V:V:A,"A","Annual","BE","Belgium","A","Payment systems, large-value","BE1P","TARGET2-BE","V","Payment transactions","V","Value","A","In USD","A","All users","9","Billions","S","Summed through period","3","PS3","VALUE OF TRANSACTIONS (TOTAL GROSS VALUE PER SYSTEM), IN USD",24.026,A,21.4772,A,21.5507,A,17.3272,A,18.761,A,21.1922,A,25.1732,A
CPMI_CT2:A:BE:A:BE1P:V:V:H,"A","Annual","BE","Belgium","A","Payment systems, large-value","BE1P","TARGET2-BE","V","Payment transactions","V","Value","H","Annual real growth","A","All users","0","Units","S","Summed through period","2","PS3","INCREASE IN THE REAL VALUE OF TRANSACTIONS (PER SYSTEM)",,,-11.5926,A,0.0022812,A,-20.0466,A,6.1787,A,10.6072,A,16.3958,A
CPMI_CT2:A:BE:A:BE1P:V:V:I,"A","Annual","BE","Belgium","A","Payment systems, large-value","BE1P","TARGET2-BE","V","Payment transactions","V","Value","I","In % of GDP","A","All users","0","Units","S","Summed through period","3","PS3","VALUE OF TRANSACTIONS AS A PERCENTAGE OF GDP (PER SYSTEM)",4.829,A,4.1233,A,4.0611,A,3.8013,A,3.9938,A,4.2804,A,4.7361,A
CPMI_CT2:A:BE:A:BE1P:V:V:S,"A","Annual","BE","Belgium","A","Payment systems, large-value","BE1P","TARGET2-BE","V","Payment transactions","V","Value","S","Per transaction","A","All users","3","Thousands","S","Summed through period","3","PS3","AVERAGE VALUE OF TRANSACTIONS (PER SYSTEM), IN USD",9.649,A,9.2975,A,8.5519,A,7.5997,A,8.3382,A,9.4904,A,10.9449,A
CPMI_CT2:A:BE:A:BE1P:X:N:N,"A","Annual","BE","Belgium","A","Payment systems, large-value","BE1P","TARGET2-BE","X","All participants","N","Number","N","Units","A","All users","0","Units","E","End of period","0","PS4","TOTAL NUMBER OF PARTICIPANTS",48,A,46,A,45,A,47,A,48,A,71,A,79,A
CPMI_CT2:A:BE:A:BE1P:Y:N:N,"A","Annual","BE","Belgium","A","Payment systems, large-value","BE1P","TARGET2-BE","Y","Directly connected participants","N","Number","N","Units","A","All users","0","Units","E","End of period","0","PS4","TOTAL NUMBER OF PARTICIPANTS OF WHICH DIRECTLY CONNECTED PARTICIPANTS",14,A,14,A,14,A,16,A,19,A,31,A,19,A
CPMI_CT2:A:BE:B:BE3P:V:N:G,"A","Annual","BE","Belgium","B","Payment systems, retail","BE3P","CEC","V","Payment transactions","N","Number","G","Annual growth","A","All users","0","Units","S","Summed through period","2","PS2","INCREASE IN THE NUMBER OF TRANSACTIONS (TOTAL GROSS VOLUME PER SYSTEM)",,,5.5602,A,1.4913,A,1.9496,A,-1.1962,A,-5.5749,A,12.9406,A
CPMI_CT2:A:BE:B:BE3P:V:N:N,"A","Annual","BE","Belgium","B","Payment systems, retail","BE3P","CEC","V","Payment transactions","N","Number","N","Units","A","All users","6","Millions","S","Summed through period","3","PS2","NUMBER OF TRANSACTIONS (TOTAL GROSS VOLUME PER SYSTEM)",1265.653,A,1336.026,A,1355.95,A,1382.386,A,1365.85,A,1289.705,A,1456.6,A
CPMI_CT2:A:BE:B:BE3P:V:V:A,"A","Annual","BE","Belgium","B","Payment systems, retail","BE3P","CEC","V","Payment transactions","V","Value","A","In USD","A","All users","9","Billions","S","Summed through period","3","PS3","VALUE OF TRANSACTIONS (TOTAL GROSS VALUE PER SYSTEM), IN USD",1148.5871,A,1189.1745,A,1167.9357,A,973.7165,A,1013.2886,A,1055.6739,A,1324.8276,A
CPMI_CT2:A:BE:B:BE3P:V:V:H,"A","Annual","BE","Belgium","B","Payment systems, retail","BE3P","CEC","V","Payment transactions","V","Value","H","Annual real growth","A","All users","0","Units","S","Summed through period","2","PS3","INCREASE IN THE REAL VALUE OF TRANSACTIONS (PER SYSTEM)",,,2.3939,A,-2.1188,A,-17.0947,A,2.0497,A,2.0142,A,22.9711,A
CPMI_CT2:A:BE:B:BE3P:V:V:I,"A","Annual","BE","Belgium","B","Payment systems, retail","BE3P","CEC","V","Payment transactions","V","Value","I","In % of GDP","A","All users","0","Units","S","Summed through period","3","PS3","VALUE OF TRANSACTIONS AS A PERCENTAGE OF GDP (PER SYSTEM)",230.8574,A,228.3031,A,220.0913,A,213.6182,A,215.7067,A,213.2234,A,249.2531,A
CPMI_CT2:A:BE:B:BE3P:V:V:S,"A","Annual","BE","Belgium","B","Payment systems, retail","BE3P","CEC","V","Payment transactions","V","Value","S","Per transaction","A","All users","3","Thousands","S","Summed through period","3","PS3","AVERAGE VALUE OF TRANSACTIONS (PER SYSTEM), IN USD",0.90751,A,0.89008,A,0.86134,A,0.70437,A,0.74187,A,0.81854,A,0.90953,A
CPMI_CT2:A:BE:B:BE3P:X:N:N,"A","Annual","BE","Belgium","B","Payment systems, retail","BE3P","CEC","X","All participants","N","Number","N","Units","A","All users","0","Units","E","End of period","0","PS4","TOTAL NUMBER OF PARTICIPANTS",72,A,70,A,63,A,59,A,56,A,53,A,52,A
CPMI_CT2:A:BE:B:BE3P:Y:N:N,"A","Annual","BE","Belgium","B","Payment systems, retail","BE3P","CEC","Y","Directly connected participants","N","Number","N","Units","A","All users","0","Units","E","End of period","0","PS4","TOTAL NUMBER OF PARTICIPANTS OF WHICH DIRECTLY CONNECTED PARTICIPANTS",15,A,14,A,13,A,14,A,14,A,13,A,13,A
CPMI_CT2:A:BE:V:BE1S:O:N:N,"A","Annual","BE","Belgium","V","Central securities depositories","BE1S","NBB clearing","O","Securities held","N","Number","N","Units","A","All users","3","Thousands","E","End of period","3","CSD5","TOTAL NUMBER OF SECURITIES HELD",1.854,A,2.058,A,2.118,A,2.361,A,2.949,A,2.832,A,3.05,A
CPMI_CT2:A:BE:V:BE1S:O:V:A,"A","Annual","BE","Belgium","V","Central securities depositories","BE1S","NBB clearing","O","Securities held","V","Value","A","In USD","A","All users","6","Millions","S","Summed through period","3","CSD5","TOTAL VALUE OF SECURITIES HELD, IN USD",682081.7412,A,719177.573,A,739189.1408,A,638023.6746,A,677664.3176,A,692402.4761,A,732713.7669,A
CPMI_CT2:A:BE:V:BE1S:W:N:G,"A","Annual","BE","Belgium","V","Central securities depositories","BE1S","NBB clearing","W","Delivery instructions","N","Number","G","Annual growth","A","All users","0","Units","S","Summed through period","2","CSD2","INCREASE IN THE NUMBER OF DELIVERY INSTRUCTIONS (PER CSD)",12.3314,A,-5.4889,A,72.2323,A,-47.5237,A,3.8153,A,52.9981,A,15.9292,A
CPMI_CT2:A:BE:V:BE1S:W:N:N,"A","Annual","BE","Belgium","V","Central securities depositories","BE1S","NBB clearing","W","Delivery instructions","N","Number","N","Units","A","All users","3","Thousands","S","Summed through period","3","CSD2","NUMBER OF DELIVERY INSTRUCTIONS (TOTAL NUMBER OF DELIVERY INSTRUCTIONS PER CSD)",583,A,551,A,949,A,498,A,517,A,791,A,917,A
CPMI_CT2:A:BE:V:BE1S:W:V:A,"A","Annual","BE","Belgium","V","Central securities depositories","BE1S","NBB clearing","W","Delivery instructions","V","Value","A","In USD","A","All users","9","Billions","S","Summed through period","3","CSD3","VALUE OF DELIVERY INSTRUCTIONS (TOTAL VALUE OF DELIVERY INSTRUCTIONS PER CSD), IN USD",13160.5281,A,10969.5181,A,14375.7124,A,8901.492,A,9640.8999,A,11808.4346,A,17866.5333,A
CPMI_CT2:A:BE:V:BE1S:W:V:H,"A","Annual","BE","Belgium","V","Central securities depositories","BE1S","NBB clearing","W","Delivery instructions","V","Value","H","Annual real growth","A","All users","0","Units","S","Summed through period","2","CSD3","INCREASE IN THE REAL VALUE OF DELIVERY INSTRUCTIONS (PER CSD)",-34.8628,A,-17.5659,A,30.6074,A,-38.4253,A,6.2101,A,19.933,A,48.2591,A
CPMI_CT2:A:BE:V:BE1S:W:V:I,"A","Annual","BE","Belgium","V","Central securities depositories","BE1S","NBB clearing","W","Delivery instructions","V","Value","I","In % of GDP","A","All users","0","Units","S","Summed through period","2","CSD3","VALUE OF DELIVERY INSTRUCTIONS AS A PERCENTAGE OF GDP (PER CSD)",2645.1676,A,2105.9777,A,2709.0273,A,1952.8488,A,2052.3341,A,2385.0497,A,3361.4096,A
CPMI_CT2:A:BE:V:BE1S:W:V:S,"A","Annual","BE","Belgium","V","Central securities depositories","BE1S","NBB clearing","W","Delivery instructions","V","Value","S","Per transaction","A","All users","3","Thousands","S","Summed through period","3","CSD3","AVERAGE VALUE PER DELIVERY INSTRUCTIONS (PER CSD), IN USD",22573.8047,A,19908.3813,A,15148.2744,A,17874.4819,A,18647.7754,A,14928.4887,A,19483.6786,A
CPMI_CT2:A:BE:V:BE1S:X:N:N,"A","Annual","BE","Belgium","V","Central securities depositories","BE1S","NBB clearing","X","All participants","N","Number","N","Units","A","All users","0","Units","E","End of period","0","CSD4","TOTAL NUMBER OF PARTICIPANTS (TOTAL NUMBER OF DIRECT PARTICIPANTS IN CSDs)",84,A,84,A,81,A,69,A,66,A,65,A,67,A
CPMI_CT2:A:BE:V:BE2S:O:N:N,"A","Annual","BE","Belgium","V","Central securities depositories","BE2S","Euroclear Belgium","O","Securities held","N","Number","N","Units","A","All users","3","Thousands","E","End of period","3","CSD5","TOTAL NUMBER OF SECURITIES HELD",0.824,A,1.035,A,0.974,A,1.086,A,1.086,A,1.345,A,1.308,A
CPMI_CT2:A:BE:V:BE2S:O:V:A,"A","Annual","BE","Belgium","V","Central securities depositories","BE2S","Euroclear Belgium","O","Securities held","V","Value","A","In USD","A","All users","6","Millions","S","Summed through period","3","CSD5","TOTAL VALUE OF SECURITIES HELD, IN USD",203668.7518,A,269166.0228,A,298238.1911,A,300596.7429,A,262206.6844,A,270374.8088,A,212242.5913,A
CPMI_CT2:A:BE:V:BE2S:W:N:G,"A","Annual","BE","Belgium","V","Central securities depositories","BE2S","Euroclear Belgium","W","Delivery instructions","N","Number","G","Annual growth","A","All users","0","Units","S","Summed through period","2","CSD2","INCREASE IN THE NUMBER OF DELIVERY INSTRUCTIONS (PER CSD)",-0.11093,A,5.9411,A,11.0063,A,16.4778,A,-3.6482,A,4.6698,A,6.5514,A
CPMI_CT2:A:BE:V:BE2S:W:N:N,"A","Annual","BE","Belgium","V","Central securities depositories","BE2S","Euroclear Belgium","W","Delivery instructions","N","Number","N","Units","A","All users","3","Thousands","S","Summed through period","3","CSD2","NUMBER OF DELIVERY INSTRUCTIONS (TOTAL NUMBER OF DELIVERY INSTRUCTIONS PER CSD)",1801,A,1908,A,2118,A,2467,A,2377,A,2488,A,2651,A
CPMI_CT2:A:BE:V:BE2S:W:V:A,"A","Annual","BE","Belgium","V","Central securities depositories","BE2S","Euroclear Belgium","W","Delivery instructions","V","Value","A","In USD","A","All users","9","Billions","S","Summed through period","3","CSD3","VALUE OF DELIVERY INSTRUCTIONS (TOTAL VALUE OF DELIVERY INSTRUCTIONS PER CSD), IN USD",709.8612,A,1039.9477,A,1108.1915,A,1035.0916,A,1060.1699,A,1066.4153,A,1137.4781,A
CPMI_CT2:A:BE:V:BE2S:W:V:H,"A","Annual","BE","Belgium","V","Central securities depositories","BE2S","Euroclear Belgium","W","Delivery instructions","V","Value","H","Annual real growth","A","All users","0","Units","S","Summed through period","2","CSD3","INCREASE IN THE REAL VALUE OF DELIVERY INSTRUCTIONS (PER CSD)",-10.702,A,44.8874,A,6.2011,A,-7.1178,A,0.44027,A,-1.5049,A,4.5178,A
CPMI_CT2:A:BE:V:BE2S:W:V:I,"A","Annual","BE","Belgium","V","Central securities depositories","BE2S","Euroclear Belgium","W","Delivery instructions","V","Value","I","In % of GDP","A","All users","0","Units","S","Summed through period","2","CSD3","VALUE OF DELIVERY INSTRUCTIONS AS A PERCENTAGE OF GDP (PER CSD)",142.6768,A,199.6539,A,208.8329,A,227.083,A,225.6867,A,215.393,A,214.0051,A
CPMI_CT2:A:BE:V:BE2S:W:V:S,"A","Annual","BE","Belgium","V","Central securities depositories","BE2S","Euroclear Belgium","W","Delivery instructions","V","Value","S","Per transaction","A","All users","3","Thousands","S","Summed through period","3","CSD3","AVERAGE VALUE PER DELIVERY INSTRUCTIONS (PER CSD), IN USD",394.1484,A,545.046,A,523.2254,A,419.575,A,446.0118,A,428.6235,A,429.0751,A
CPMI_CT2:A:BE:V:BE2S:X:N:N,"A","Annual","BE","Belgium","V","Central securities depositories","BE2S","Euroclear Belgium","X","All participants","N","Number","N","Units","A","All users","0","Units","E","End of period","0","CSD4","TOTAL NUMBER OF PARTICIPANTS (TOTAL NUMBER OF DIRECT PARTICIPANTS IN CSDs)",73,A,76,A,78,A,77,A,74,A,74,A,75,A
CPMI_CT2:A:BE:V:BE3S:O:N:N,"A","Annual","BE","Belgium","V","Central securities depositories","BE3S","Euroclear bank","O","Securities held","N","Number","N","Units","A","All users","3","Thousands","E","End of period","3","CSD5","TOTAL NUMBER OF SECURITIES HELD",202.813,A,212.132,A,219.967,A,230.652,A,240.161,A,259.69,A,272.235,A
CPMI_CT2:A:BE:V:BE3S:O:V:A,"A","Annual","BE","Belgium","V","Central securities depositories","BE3S","Euroclear bank","O","Securities held","V","Value","A","In USD","A","All users","6","Millions","S","Summed through period","3","CSD5","TOTAL VALUE OF SECURITIES HELD, IN USD",13805743.8679,A,14091631.5514,A,15639701.2498,A,13608224.2298,A,13985137.572,A,14677852.9467,A,16051451.069,A
CPMI_CT2:A:BE:V:BE3S:W:N:G,"A","Annual","BE","Belgium","V","Central securities depositories","BE3S","Euroclear bank","W","Delivery instructions","N","Number","G","Annual growth","A","All users","0","Units","S","Summed through period","2","CSD2","INCREASE IN THE NUMBER OF DELIVERY INSTRUCTIONS (PER CSD)",8.2464,A,8.0761,A,8.0062,A,10.5894,A,0.98537,A,12.5819,A,11.9879,A
CPMI_CT2:A:BE:V:BE3S:W:N:N,"A","Annual","BE","Belgium","V","Central securities depositories","BE3S","Euroclear bank","W","Delivery instructions","N","Number","N","Units","A","All users","3","Thousands","S","Summed through period","3","CSD2","NUMBER OF DELIVERY INSTRUCTIONS (TOTAL NUMBER OF DELIVERY INSTRUCTIONS PER CSD)",64858,A,70096,A,75708,A,83725,A,84550,A,95188,A,106599,A
CPMI_CT2:A:BE:V:BE3S:W:V:A,"A","Annual","BE","Belgium","V","Central securities depositories","BE3S","Euroclear bank","W","Delivery instructions","V","Value","A","In USD","A","All users","9","Billions","S","Summed through period","3","CSD3","VALUE OF DELIVERY INSTRUCTIONS (TOTAL VALUE OF DELIVERY INSTRUCTIONS PER CSD), IN USD",396680.0454,A,454350.0293,A,515292.7271,A,487809.6942,A,493401.3785,A,558813.3284,A,622682.5617,A
CPMI_CT2:A:BE:V:BE3S:W:V:H,"A","Annual","BE","Belgium","V","Central securities depositories","BE3S","Euroclear bank","W","Delivery instructions","V","Value","H","Annual real growth","A","All users","0","Units","S","Summed through period","2","CSD3","INCREASE IN THE REAL VALUE OF DELIVERY INSTRUCTIONS (PER CSD)",-16.6812,A,13.2773,A,13.0289,A,-5.862,A,-0.81155,A,10.8997,A,9.1876,A
CPMI_CT2:A:BE:V:BE3S:W:V:I,"A","Annual","BE","Belgium","V","Central securities depositories","BE3S","Euroclear bank","W","Delivery instructions","V","Value","I","In % of GDP","A","All users","0","Units","S","Summed through period","2","CSD3","VALUE OF DELIVERY INSTRUCTIONS AS A PERCENTAGE OF GDP (PER CSD)",79729.7194,A,87228.174,A,97104.2011,A,107017.8549,A,105034.2252,A,112868.268,A,117151.4988,A
CPMI_CT2:A:BE:V:BE3S:W:V:S,"A","Annual","BE","Belgium","V","Central securities depositories","BE3S","Euroclear bank","W","Delivery instructions","V","Value","S","Per transaction","A","All users","3","Thousands","S","Summed through period","3","CSD3","AVERAGE VALUE PER DELIVERY INSTRUCTIONS (PER CSD), IN USD",6116.1313,A,6481.8253,A,6806.3181,A,5826.3326,A,5835.6165,A,5870.6279,A,5841.3546,A
CPMI_CT2:A:BE:V:BE3S:X:N:N,"A","Annual","BE","Belgium","V","Central securities depositories","BE3S","Euroclear bank","X","All participants","N","Number","N","Units","A","All users","0","Units","E","End of period","0","CSD4","TOTAL NUMBER OF PARTICIPANTS (TOTAL NUMBER OF DIRECT PARTICIPANTS IN CSDs)",1391,A,1474,A,1539,A,1602,A,1617,A,1639,A,1650,A
CPMI_CT2:A:BR:A:BR1P:P:N:F,"A","Annual","BR","Brazil","A","Payment systems, large-value","BR1P","STR","P","Concentration ratio in terms of volume","N","Number","F","Percent","A","All users","0","Units","S","Summed through period","2","PS4","CONCENTRATION RATIO IN TERMS OF VOLUME",47.04,A,45.79,A,47.72,A,51.24,A,64.92,A,58.82,A,41.65,A
CPMI_CT2:A:BR:A:BR1P:Q:N:F,"A","Annual","BR","Brazil","A","Payment systems, large-value","BR1P","STR","Q","Concentration ratio in terms of value","N","Number","F","Percent","A","All users","0","Units","S","Summed through period","2","PS4","CONCENTRATION RATIO IN TERMS OF VALUE",52.61,A,57.97,A,60.42,A,58.48,A,62.08,A,58.57,A,60.58,A
CPMI_CT2:A:BR:A:BR1P:V:N:G,"A","Annual","BR","Brazil","A","Payment systems, large-value","BR1P","STR","V","Payment transactions","N","Number","G","Annual growth","A","All users","0","Units","S","Summed through period","2","PS2","INCREASE IN THE NUMBER OF TRANSACTIONS (TOTAL GROSS VOLUME PER SYSTEM)",33.8175,A,32.0582,A,20.021,A,16.5361,A,63.5831,A,7.2113,A,5.2196,A
CPMI_CT2:A:BR:A:BR1P:V:N:N,"A","Annual","BR","Brazil","A","Payment systems, large-value","BR1P","STR","V","Payment transactions","N","Number","N","Units","A","All users","6","Millions","S","Summed through period","3","PS2","NUMBER OF TRANSACTIONS (TOTAL GROSS VOLUME PER SYSTEM)",23.03,A,30.413,A,36.502,A,42.538,A,69.585,A,74.603,A,78.497,A
CPMI_CT2:A:BR:A:BR1P:V:V:A,"A","Annual","BR","Brazil","A","Payment systems, large-value","BR1P","STR","V","Payment transactions","V","Value","A","In USD","A","All users","9","Billions","S","Summed through period","3","PS3","VALUE OF TRANSACTIONS (TOTAL GROSS VALUE PER SYSTEM), IN USD",86385.2249,A,109516.8114,A,113333.2648,A,83535.9787,A,89858.6291,A,92938.7578,A,96521.6883,A
CPMI_CT2:A:BR:A:BR1P:V:V:H,"A","Annual","BR","Brazil","A","Payment systems, large-value","BR1P","STR","V","Payment transactions","V","Value","H","Annual real growth","A","All users","0","Units","S","Summed through period","2","PS3","INCREASE IN THE REAL VALUE OF TRANSACTIONS (PER SYSTEM)",-11.2135,A,19.3711,A,-2.6751,A,-32.3964,A,-1.0767,A,-0.017939,A,0.18374,A
CPMI_CT2:A:BR:A:BR1P:V:V:I,"A","Annual","BR","Brazil","A","Payment systems, large-value","BR1P","STR","V","Payment transactions","V","Value","I","In % of GDP","A","All users","0","Units","S","Summed through period","3","PS3","VALUE OF TRANSACTIONS AS A PERCENTAGE OF GDP (PER SYSTEM)",3506.0909,A,4434.0227,A,4615.6079,A,4652.1723,A,4995.4652,A,4524.5735,A,5168.2644,A
CPMI_CT2:A:BR:A:BR1P:V:V:S,"A","Annual","BR","Brazil","A","Payment systems, large-value","BR1P","STR","V","Payment transactions","V","Value","S","Per transaction","A","All users","3","Thousands","S","Summed through period","3","PS3","AVERAGE VALUE OF TRANSACTIONS (PER SYSTEM), IN USD",3750.9868,A,3600.9868,A,3104.8508,A,1963.7966,A,1291.3506,A,1245.7778,A,1229.6226,A
CPMI_CT2:A:BR:A:BR1P:X:N:N,"A","Annual","BR","Brazil","A","Payment systems, large-value","BR1P","STR","X","All participants","N","Number","N","Units","A","All users","0","Units","E","End of period","0","PS4","TOTAL NUMBER OF PARTICIPANTS",171,A,169,A,172,A,181,A,187,A,197,A,214,A
CPMI_CT2:A:BR:A:BR1P:Y:N:N,"A","Annual","BR","Brazil","A","Payment systems, large-value","BR1P","STR","Y","Directly connected participants","N","Number","N","Units","A","All users","0","Units","E","End of period","0","PS4","TOTAL NUMBER OF PARTICIPANTS OF WHICH DIRECTLY CONNECTED PARTICIPANTS",171,A,169,A,172,A,181,A,187,A,197,A,214,A
CPMI_CT2:A:BR:A:BR3P:P:N:F,"A","Annual","BR","Brazil","A","Payment systems, large-value","BR3P","BmfBovespa-FX","P","Concentration ratio in terms of volume","N","Number","F","Percent","A","All users","0","Units","S","Summed through period","2","PS4","CONCENTRATION RATIO IN TERMS OF VOLUME",45.36,A,47.77,A,47.29,A,34.75,A,25.96,A,21.8,A,19.19,A
CPMI_CT2:A:BR:A:BR3P:Q:N:F,"A","Annual","BR","Brazil","A","Payment systems, large-value","BR3P","BmfBovespa-FX","Q","Concentration ratio in terms of value","N","Number","F","Percent","A","All users","0","Units","S","Summed through period","2","PS4","CONCENTRATION RATIO IN TERMS OF VALUE",54.7,A,58.1,A,61.54,A,40.82,A,40.74,A,41.4,A,42.25,A
CPMI_CT2:A:BR:A:BR3P:V:N:G,"A","Annual","BR","Brazil","A","Payment systems, large-value","BR3P","BmfBovespa-FX","V","Payment transactions","N","Number","G","Annual growth","A","All users","0","Units","S","Summed through period","2","PS2","INCREASE IN THE NUMBER OF TRANSACTIONS (TOTAL GROSS VOLUME PER SYSTEM)",-9.0909,A,-12.5,A,-17.1429,A,10.3448,A,-25,A,0,A,-12.5,A
CPMI_CT2:A:BR:A:BR3P:V:N:N,"A","Annual","BR","Brazil","A","Payment systems, large-value","BR3P","BmfBovespa-FX","V","Payment transactions","N","Number","N","Units","A","All users","6","Millions","S","Summed through period","3","PS2","NUMBER OF TRANSACTIONS (TOTAL GROSS VOLUME PER SYSTEM)",0.04,A,0.035,A,0.029,A,0.032,A,0.024,A,0.024,A,0.021,A
CPMI_CT2:A:BR:A:BR3P:V:V:A,"A","Annual","BR","Brazil","A","Payment systems, large-value","BR3P","BmfBovespa-FX","V","Payment transactions","V","Value","A","In USD","A","All users","9","Billions","S","Summed through period","3","PS3","VALUE OF TRANSACTIONS (TOTAL GROSS VALUE PER SYSTEM), IN USD",510.97,A,524.1733,A,352.8167,A,325.9601,A,302.5185,A,320.3848,A,298.6585,A
CPMI_CT2:A:BR:A:BR3P:V:V:H,"A","Annual","BR","Brazil","A","Payment systems, large-value","BR3P","BmfBovespa-FX","V","Payment transactions","V","Value","H","Annual real growth","A","All users","0","Units","S","Summed through period","2","PS3","INCREASE IN THE REAL VALUE OF TRANSACTIONS (PER SYSTEM)",-21.6061,A,-3.4088,A,-36.6974,A,-15.2638,A,-14.6507,A,2.3776,A,-10.0767,A
CPMI_CT2:A:BR:A:BR3P:V:V:I,"A","Annual","BR","Brazil","A","Payment systems, large-value","BR3P","BmfBovespa-FX","V","Payment transactions","V","Value","I","In % of GDP","A","All users","0","Units","S","Summed through period","3","PS3","VALUE OF TRANSACTIONS AS A PERCENTAGE OF GDP (PER SYSTEM)",20.7386,A,21.2223,A,14.3688,A,18.1529,A,16.8178,A,15.5974,A,15.9917,A
CPMI_CT2:A:BR:A:BR3P:V:V:S,"A","Annual","BR","Brazil","A","Payment systems, large-value","BR3P","BmfBovespa-FX","V","Payment transactions","V","Value","S","Per transaction","A","All users","3","Thousands","S","Summed through period","3","PS3","AVERAGE VALUE OF TRANSACTIONS (PER SYSTEM), IN USD",12774.2498,A,14976.3799,A,12166.0916,A,10186.2537,A,12604.9375,A,13349.3682,A,14221.8329,A
CPMI_CT2:A:BR:A:BR3P:X:N:N,"A","Annual","BR","Brazil","A","Payment systems, large-value","BR3P","BmfBovespa-FX","X","All participants","N","Number","N","Units","A","All users","0","Units","E","End of period","0","PS4","TOTAL NUMBER OF PARTICIPANTS",71,A,76,A,76,A,77,A,80,A,72,A,75,A
CPMI_CT2:A:BR:A:BR3P:Y:N:N,"A","Annual","BR","Brazil","A","Payment systems, large-value","BR3P","BmfBovespa-FX","Y","Directly connected participants","N","Number","N","Units","A","All users","0","Units","E","End of period","0","PS4","TOTAL NUMBER OF PARTICIPANTS OF WHICH DIRECTLY CONNECTED PARTICIPANTS",71,A,76,A,76,A,77,A,80,A,72,A,75,A
CPMI_CT2:A:BR:B:BR4P:V:N:G,"A","Annual","BR","Brazil","B","Payment systems, retail","BR4P","COMPE","V","Payment transactions","N","Number","G","Annual growth","A","All users","0","Units","S","Summed through period","2","PS2","INCREASE IN THE NUMBER OF TRANSACTIONS (TOTAL GROSS VOLUME PER SYSTEM)",-9.0339,A,-13.8779,A,-9.8772,A,-11.0205,A,-2.4269,A,-25.4624,A,-13.1929,A
CPMI_CT2:A:BR:B:BR4P:V:N:N,"A","Annual","BR","Brazil","B","Payment systems, retail","BR4P","COMPE","V","Payment transactions","N","Number","N","Units","A","All users","6","Millions","S","Summed through period","3","PS2","NUMBER OF TRANSACTIONS (TOTAL GROSS VOLUME PER SYSTEM)",1030.379,A,887.384,A,799.735,A,711.6,A,694.33,A,517.537,A,449.259,A
CPMI_CT2:A:BR:B:BR4P:V:V:A,"A","Annual","BR","Brazil","B","Payment systems, retail","BR4P","COMPE","V","Payment transactions","V","Value","A","In USD","A","All users","9","Billions","S","Summed through period","3","PS3","VALUE OF TRANSACTIONS (TOTAL GROSS VALUE PER SYSTEM), IN USD",574.4034,A,520.1546,A,469.3291,A,311.8119,A,299.8174,A,253.6164,A,207.5496,A
CPMI_CT2:A:BR:B:BR4P:V:V:H,"A","Annual","BR","Brazil","B","Payment systems, retail","BR4P","COMPE","V","Payment transactions","V","Value","H","Annual real growth","A","All users","0","Units","S","Summed through period","2","PS3","INCREASE IN THE REAL VALUE OF TRANSACTIONS (PER SYSTEM)",-18.7885,A,-14.7345,A,-15.1421,A,-39.0648,A,-11.5747,A,-18.2278,A,-21.057,A
CPMI_CT2:A:BR:B:BR4P:V:V:I,"A","Annual","BR","Brazil","B","Payment systems, retail","BR4P","COMPE","V","Payment transactions","V","Value","I","In % of GDP","A","All users","0","Units","S","Summed through period","3","PS3","VALUE OF TRANSACTIONS AS A PERCENTAGE OF GDP (PER SYSTEM)",23.3131,A,21.0596,A,19.1139,A,17.365,A,16.6676,A,12.3469,A,11.1133,A
CPMI_CT2:A:BR:B:BR4P:V:V:S,"A","Annual","BR","Brazil","B","Payment systems, retail","BR4P","COMPE","V","Payment transactions","V","Value","S","Per transaction","A","All users","3","Thousands","S","Summed through period","3","PS3","AVERAGE VALUE OF TRANSACTIONS (PER SYSTEM), IN USD",0.55747,A,0.58617,A,0.58686,A,0.43818,A,0.43181,A,0.49004,A,0.46198,A
CPMI_CT2:A:BR:B:BR4P:X:N:N,"A","Annual","BR","Brazil","B","Payment systems, retail","BR4P","COMPE","X","All participants","N","Number","N","Units","A","All users","0","Units","E","End of period","0","PS4","TOTAL NUMBER OF PARTICIPANTS",136,A,131,A,129,A,119,A,118,A,111,A,103,A
CPMI_CT2:A:BR:B:BR4P:Y:N:N,"A","Annual","BR","Brazil","B","Payment systems, retail","BR4P","COMPE","Y","Directly connected participants","N","Number","N","Units","A","All users","0","Units","E","End of period","0","PS4","TOTAL NUMBER OF PARTICIPANTS OF WHICH DIRECTLY CONNECTED PARTICIPANTS",136,A,131,A,129,A,119,A,118,A,111,A,103,A
CPMI_CT2:A:BR:B:BR5P:V:N:G,"A","Annual","BR","Brazil","B","Payment systems, retail","BR5P","SILOC","V","Payment transactions","N","Number","G","Annual growth","A","All users","0","Units","S","Summed through period","2","PS2","INCREASE IN THE NUMBER OF TRANSACTIONS (TOTAL GROSS VOLUME PER SYSTEM)",53.1814,A,21.324,A,15.797,A,11.991,A,15.6646,A,20.1157,A,-57.3543,A
CPMI_CT2:A:BR:B:BR5P:V:N:N,"A","Annual","BR","Brazil","B","Payment systems, retail","BR5P","SILOC","V","Payment transactions","N","Number","N","Units","A","All users","6","Millions","S","Summed through period","3","PS2","NUMBER OF TRANSACTIONS (TOTAL GROSS VOLUME PER SYSTEM)",4183.598,A,5075.709,A,5877.518,A,6582.292,A,7613.382,A,9144.864,A,3899.893,A
CPMI_CT2:A:BR:B:BR5P:V:V:A,"A","Annual","BR","Brazil","B","Payment systems, retail","BR5P","SILOC","V","Payment transactions","V","Value","A","In USD","A","All users","9","Billions","S","Summed through period","3","PS3","VALUE OF TRANSACTIONS (TOTAL GROSS VALUE PER SYSTEM), IN USD",763.3286,A,1105.4614,A,1403.6665,A,1032.6314,A,1036.141,A,1286.6705,A,1420.7976,A
CPMI_CT2:A:BR:B:BR5P:V:V:H,"A","Annual","BR","Brazil","B","Payment systems, retail","BR5P","SILOC","V","Payment transactions","V","Value","H","Annual real growth","A","All users","0","Units","S","Summed through period","2","PS3","INCREASE IN THE REAL VALUE OF TRANSACTIONS (PER SYSTEM)",-4.5041,A,36.3609,A,19.4175,A,-32.5263,A,-7.7246,A,20.0421,A,6.5207,A
CPMI_CT2:A:BR:B:BR5P:V:V:I,"A","Annual","BR","Brazil","B","Payment systems, retail","BR5P","SILOC","V","Payment transactions","V","Value","I","In % of GDP","A","All users","0","Units","S","Summed through period","3","PS3","VALUE OF TRANSACTIONS AS A PERCENTAGE OF GDP (PER SYSTEM)",30.981,A,44.757,A,57.1657,A,57.5079,A,57.6017,A,62.6395,A,76.0768,A
CPMI_CT2:A:BR:B:BR5P:V:V:S,"A","Annual","BR","Brazil","B","Payment systems, retail","BR5P","SILOC","V","Payment transactions","V","Value","S","Per transaction","A","All users","3","Thousands","S","Summed through period","3","PS3","AVERAGE VALUE OF TRANSACTIONS (PER SYSTEM), IN USD",0.18246,A,0.21779,A,0.23882,A,0.15688,A,0.13609,A,0.1407,A,0.36432,A
CPMI_CT2:A:BR:B:BR5P:X:N:N,"A","Annual","BR","Brazil","B","Payment systems, retail","BR5P","SILOC","X","All participants","N","Number","N","Units","A","All users","0","Units","E","End of period","0","PS4","TOTAL NUMBER OF PARTICIPANTS",121,A,119,A,122,A,122,A,120,A,113,A,111,A
CPMI_CT2:A:BR:B:BR5P:Y:N:N,"A","Annual","BR","Brazil","B","Payment systems, retail","BR5P","SILOC","Y","Directly connected participants","N","Number","N","Units","A","All users","0","Units","E","End of period","0","PS4","TOTAL NUMBER OF PARTICIPANTS OF WHICH DIRECTLY CONNECTED PARTICIPANTS",121,A,119,A,122,A,122,A,120,A,113,A,111,A
CPMI_CT2:A:BR:B:BR6P:V:N:G,"A","Annual","BR","Brazil","B","Payment systems, retail","BR6P","SITRAF","V","Payment transactions","N","Number","G","Annual growth","A","All users","0","Units","S","Summed through period","2","PS2","INCREASE IN THE NUMBER OF TRANSACTIONS (TOTAL GROSS VOLUME PER SYSTEM)",13.5144,A,52.1013,A,29.1786,A,29.5932,A,39.8541,A,29.971,A,19.213,A
CPMI_CT2:A:BR:B:BR6P:V:N:N,"A","Annual","BR","Brazil","B","Payment systems, retail","BR6P","SITRAF","V","Payment transactions","N","Number","N","Units","A","All users","6","Millions","S","Summed through period","3","PS2","NUMBER OF TRANSACTIONS (TOTAL GROSS VOLUME PER SYSTEM)",115.502,A,175.68,A,226.941,A,294.1,A,411.311,A,534.585,A,637.295,A
CPMI_CT2:A:BR:B:BR6P:V:V:A,"A","Annual","BR","Brazil","B","Payment systems, retail","BR6P","SITRAF","V","Payment transactions","V","Value","A","In USD","A","All users","9","Billions","S","Summed through period","3","PS3","VALUE OF TRANSACTIONS (TOTAL GROSS VALUE PER SYSTEM), IN USD",1555.1648,A,1617.0487,A,1647.9799,A,1237.4382,A,1247.5307,A,1469.4806,A,1440.4538,A
CPMI_CT2:A:BR:B:BR6P:V:V:H,"A","Annual","BR","Brazil","B","Payment systems, retail","BR6P","SITRAF","V","Payment transactions","V","Value","H","Annual real growth","A","All users","0","Units","S","Summed through period","2","PS3","INCREASE IN THE REAL VALUE OF TRANSACTIONS (PER SYSTEM)",-44.3623,A,-2.0951,A,-4.1535,A,-31.1308,A,-7.2871,A,13.8669,A,-5.4406,A
CPMI_CT2:A:BR:B:BR6P:V:V:I,"A","Annual","BR","Brazil","B","Payment systems, retail","BR6P","SITRAF","V","Payment transactions","V","Value","I","In % of GDP","A","All users","0","Units","S","Summed through period","3","PS3","VALUE OF TRANSACTIONS AS A PERCENTAGE OF GDP (PER SYSTEM)",63.119,A,65.4697,A,67.1156,A,68.9137,A,69.3533,A,71.5393,A,77.1293,A
CPMI_CT2:A:BR:B:BR6P:V:V:S,"A","Annual","BR","Brazil","B","Payment systems, retail","BR6P","SITRAF","V","Payment transactions","V","Value","S","Per transaction","A","All users","3","Thousands","S","Summed through period","3","PS3","AVERAGE VALUE OF TRANSACTIONS (PER SYSTEM), IN USD",13.4644,A,9.2045,A,7.2617,A,4.2075,A,3.0331,A,2.7488,A,2.2603,A
CPMI_CT2:A:BR:B:BR6P:X:N:N,"A","Annual","BR","Brazil","B","Payment systems, retail","BR6P","SITRAF","X","All participants","N","Number","N","Units","A","All users","0","Units","E","End of period","0","PS4","TOTAL NUMBER OF PARTICIPANTS",99,A,99,A,102,A,101,A,101,A,97,A,96,A
CPMI_CT2:A:BR:B:BR6P:Y:N:N,"A","Annual","BR","Brazil","B","Payment systems, retail","BR6P","SITRAF","Y","Directly connected participants","N","Number","N","Units","A","All users","0","Units","E","End of period","0","PS4","TOTAL NUMBER OF PARTICIPANTS OF WHICH DIRECTLY CONNECTED PARTICIPANTS",99,A,99,A,102,A,101,A,101,A,97,A,96,A
CPMI_CT2:A:BR:U:BR1C:V:N:G,"A","Annual","BR","Brazil","U","Central counterparties/clearing houses","BR1C","BmfBovespa-Equities","V","Payment transactions","N","Number","G","Annual growth","A","All users","0","Units","S","Summed through period","2","CCP2","INCREASE IN THE NUMBER OF TRANSACTIONS (PER CCP OR CLEARING HOUSE)",35.5865,A,14.2496,A,3.4145,A,7.3262,A,6.383,A,-35.2396,A,,L
CPMI_CT2:A:BR:U:BR1C:V:N:N,"A","Annual","BR","Brazil","U","Central counterparties/clearing houses","BR1C","BmfBovespa-Equities","V","Payment transactions","N","Number","N","Units","A","All users","3","Thousands","S","Summed through period","3","CCP2","NUMBER OF TRANSACTIONS (TOTAL NUMBER OF CONTRACTS AND TRANSACTIONS PER CCP OR CLEARING HOUSE)",193086.166,A,220600.209,A,228132.496,A,244845.847,A,260474.377,A,168684.162,A,,L
CPMI_CT2:A:BR:U:BR1C:V:V:A,"A","Annual","BR","Brazil","U","Central counterparties/clearing houses","BR1C","BmfBovespa-Equities","V","Payment transactions","V","Value","A","In USD","A","All users","9","Billions","S","Summed through period","3","CCP3","VALUE OF TRANSACTIONS (TOTAL VALUE OF CONTRACTS AND TRANSACTIONS PER CCP OR CLEARING HOUSE), IN USD",1330.3873,A,1341.0167,A,1087.8376,A,723.9408,A,757.8748,A,576.1105,A,,L
CPMI_CT2:A:BR:U:BR1C:V:V:H,"A","Annual","BR","Brazil","U","Central counterparties/clearing houses","BR1C","BmfBovespa-Equities","V","Payment transactions","V","Value","H","Annual real growth","A","All users","0","Units","S","Summed through period","2","CCP3","INCREASE IN THE REAL VALUE OF TRANSACTIONS (PER CCP OR CLEARING HOUSE)",-10.8755,A,-5.0896,A,-23.7083,A,-38.9631,A,-3.7265,A,-26.5159,A,,L
CPMI_CT2:A:BR:U:BR1C:V:V:I,"A","Annual","BR","Brazil","U","Central counterparties/clearing houses","BR1C","BmfBovespa-Equities","V","Payment transactions","V","Value","I","In % of GDP","A","All users","0","Units","S","Summed through period","3","CCP3","VALUE OF TRANSACTIONS AS A PERCENTAGE OF GDP (PER CCP OR CLEARING HOUSE)",53.996,A,54.2939,A,44.3033,A,40.3167,A,42.1321,A,28.047,A,,L
CPMI_CT2:A:BR:U:BR1C:V:V:S,"A","Annual","BR","Brazil","U","Central counterparties/clearing houses","BR1C","BmfBovespa-Equities","V","Payment transactions","V","Value","S","Per transaction","A","All users","3","Thousands","S","Summed through period","3","CCP3","AVERAGE VALUE OF TRANSACTIONS (PER CCP OR CLEARING HOUSE), IN USD",6.8901,A,6.0789,A,4.7684,A,2.9567,A,2.9096,A,3.4153,A,,L
CPMI_CT2:A:BR:U:BR1C:Z:N:N,"A","Annual","BR","Brazil","U","Central counterparties/clearing houses","BR1C","BmfBovespa-Equities","Z","Clearing members","N","Number","N","Units","A","All users","0","Units","E","End of period","0","CCP4","NUMBER OF CLEARING MEMBERS IN CCPs AND CLEARING HOUSES",88,A,80,A,79,A,70,A,68,A,62,A,,L
CPMI_CT2:A:BR:U:BR2C:V:N:G,"A","Annual","BR","Brazil","U","Central counterparties/clearing houses","BR2C","BmfBovespa-Clearinghouse","V","Payment transactions","N","Number","G","Annual growth","A","All users","0","Units","S","Summed through period","2","CCP2","INCREASE IN THE NUMBER OF TRANSACTIONS (PER CCP OR CLEARING HOUSE)",6.0068,A,-1.2831,A,-9.3395,A,10.0073,A,13.23,A,50.5261,A,-46.0484,A
CPMI_CT2:A:BR:U:BR2C:V:N:N,"A","Annual","BR","Brazil","U","Central counterparties/clearing houses","BR2C","BmfBovespa-Clearinghouse","V","Payment transactions","N","Number","N","Units","A","All users","3","Thousands","S","Summed through period","3","CCP2","NUMBER OF TRANSACTIONS (TOTAL NUMBER OF CONTRACTS AND TRANSACTIONS PER CCP OR CLEARING HOUSE)",712342.238,A,703202.506,A,637526.884,A,701326.285,A,794111.818,A,1195345.847,A,644907.754,A
CPMI_CT2:A:BR:U:BR2C:V:V:A,"A","Annual","BR","Brazil","U","Central counterparties/clearing houses","BR2C","BmfBovespa-Clearinghouse","V","Payment transactions","V","Value","A","In USD","A","All users","9","Billions","S","Summed through period","3","CCP3","VALUE OF TRANSACTIONS (TOTAL VALUE OF CONTRACTS AND TRANSACTIONS PER CCP OR CLEARING HOUSE), IN USD",24832.8663,A,25381.8419,A,20167.4711,A,18046.518,A,16911.5568,A,8206.8494,A,26232.1285,A
CPMI_CT2:A:BR:U:BR2C:V:V:H,"A","Annual","BR","Brazil","U","Central counterparties/clearing houses","BR2C","BmfBovespa-Clearinghouse","V","Payment transactions","V","Value","H","Annual real growth","A","All users","0","Units","S","Summed through period","2","CCP3","INCREASE IN THE REAL VALUE OF TRANSACTIONS (PER CCP OR CLEARING HOUSE)",-15.1899,A,-3.7603,A,-25.2733,A,-17.9279,A,-13.8208,A,-53.0887,A,208.3374,A
CPMI_CT2:A:BR:U:BR2C:V:V:I,"A","Annual","BR","Brazil","U","Central counterparties/clearing houses","BR2C","BmfBovespa-Clearinghouse","V","Payment transactions","V","Value","I","In % of GDP","A","All users","0","Units","S","Summed through period","3","CCP3","VALUE OF TRANSACTIONS AS A PERCENTAGE OF GDP (PER CCP OR CLEARING HOUSE)",1007.884,A,1027.6382,A,821.34,A,1005.0222,A,940.1556,A,399.5372,A,1404.6022,A
CPMI_CT2:A:BR:U:BR2C:V:V:S,"A","Annual","BR","Brazil","U","Central counterparties/clearing houses","BR2C","BmfBovespa-Clearinghouse","V","Payment transactions","V","Value","S","Per transaction","A","All users","3","Thousands","S","Summed through period","3","CCP3","AVERAGE VALUE OF TRANSACTIONS (PER CCP OR CLEARING HOUSE), IN USD",34.8609,A,36.0946,A,31.6339,A,25.732,A,21.2962,A,6.8657,A,40.6758,A
CPMI_CT2:A:BR:U:BR2C:Z:N:N,"A","Annual","BR","Brazil","U","Central counterparties/clearing houses","BR2C","BmfBovespa-Clearinghouse","Z","Clearing members","N","Number","N","Units","A","All users","0","Units","E","End of period","0","CCP4","NUMBER OF CLEARING MEMBERS IN CCPs AND CLEARING HOUSES",74,A,70,A,69,A,58,A,57,A,56,A,62,A
CPMI_CT2:A:BR:U:BR3C:V:N:G,"A","Annual","BR","Brazil","U","Central counterparties/clearing houses","BR3C","BmfBovespa-Securities","V","Payment transactions","N","Number","G","Annual growth","A","All users","0","Units","S","Summed through period","2","CCP2","INCREASE IN THE NUMBER OF TRANSACTIONS (PER CCP OR CLEARING HOUSE)",-79.0323,A,-77.7778,A,-98.0769,A,-100,A,0,A,0,A,0,A
CPMI_CT2:A:BR:U:BR3C:V:N:N,"A","Annual","BR","Brazil","U","Central counterparties/clearing houses","BR3C","BmfBovespa-Securities","V","Payment transactions","N","Number","N","Units","A","All users","3","Thousands","S","Summed through period","3","CCP2","NUMBER OF TRANSACTIONS (TOTAL NUMBER OF CONTRACTS AND TRANSACTIONS PER CCP OR CLEARING HOUSE)",0.234,A,0.052,A,0.001,A,0,A,0,A,0,A,0,A
CPMI_CT2:A:BR:U:BR3C:V:V:A,"A","Annual","BR","Brazil","U","Central counterparties/clearing houses","BR3C","BmfBovespa-Securities","V","Payment transactions","V","Value","A","In USD","A","All users","9","Billions","S","Summed through period","3","CCP3","VALUE OF TRANSACTIONS (TOTAL VALUE OF CONTRACTS AND TRANSACTIONS PER CCP OR CLEARING HOUSE), IN USD",20.5363,A,1.7856,A,0.0084979,A,0,A,0,A,0,A,0,A
CPMI_CT2:A:BR:U:BR3C:V:V:H,"A","Annual","BR","Brazil","U","Central counterparties/clearing houses","BR3C","BmfBovespa-Securities","V","Payment transactions","V","Value","H","Annual real growth","A","All users","0","Units","S","Summed through period","2","CCP3","INCREASE IN THE REAL VALUE OF TRANSACTIONS (PER CCP OR CLEARING HOUSE)",-87.473,A,-91.8132,A,-99.5524,A,-100,A,-8.0371,A,-3.3315,A,-3.5351,A
CPMI_CT2:A:BR:U:BR3C:V:V:I,"A","Annual","BR","Brazil","U","Central counterparties/clearing houses","BR3C","BmfBovespa-Securities","V","Payment transactions","V","Value","I","In % of GDP","A","All users","0","Units","S","Summed through period","3","CCP3","VALUE OF TRANSACTIONS AS A PERCENTAGE OF GDP (PER CCP OR CLEARING HOUSE)",0.8335,A,0.072293,A,0.00034608,A,0,A,0,A,0,A,0,A
CPMI_CT2:A:BR:U:BR3C:V:V:S,"A","Annual","BR","Brazil","U","Central counterparties/clearing houses","BR3C","BmfBovespa-Securities","V","Payment transactions","V","Value","S","Per transaction","A","All users","3","Thousands","S","Summed through period","3","CCP3","AVERAGE VALUE OF TRANSACTIONS (PER CCP OR CLEARING HOUSE), IN USD",87762.1074,A,34338.1749,A,8497.8552,A,,L,,L,,L,,L
CPMI_CT2:A:BR:U:BR3C:Z:N:N,"A","Annual","BR","Brazil","U","Central counterparties/clearing houses","BR3C","BmfBovespa-Securities","Z","Clearing members","N","Number","N","Units","A","All users","0","Units","E","End of period","0","CCP4","NUMBER OF CLEARING MEMBERS IN CCPs AND CLEARING HOUSES",62,A,58,A,54,A,43,A,40,A,38,A,45,A
CPMI_CT2:A:BR:U:BR4C:V:N:G,"A","Annual","BR","Brazil","U","Central counterparties/clearing houses","BR4C","CETIP","V","Payment transactions","N","Number","G","Annual growth","A","All users","0","Units","S","Summed through period","2","CCP2","INCREASE IN THE NUMBER OF TRANSACTIONS (PER CCP OR CLEARING HOUSE)",-12.6759,A,182.3615,A,35.9069,A,165.4133,A,30.7157,A,1.8137,A,15.7825,A
CPMI_CT2:A:BR:U:BR4C:V:N:N,"A","Annual","BR","Brazil","U","Central counterparties/clearing houses","BR4C","CETIP","V","Payment transactions","N","Number","N","Units","A","All users","3","Thousands","S","Summed through period","3","CCP2","NUMBER OF TRANSACTIONS (TOTAL NUMBER OF CONTRACTS AND TRANSACTIONS PER CCP OR CLEARING HOUSE)",30473.662,A,86045.902,A,116942.351,A,310380.6,A,405716.164,A,413074.749,A,478268.46,A
CPMI_CT2:A:BR:U:BR4C:V:V:A,"A","Annual","BR","Brazil","U","Central counterparties/clearing houses","BR4C","CETIP","V","Payment transactions","V","Value","A","In USD","A","All users","9","Billions","S","Summed through period","3","CCP3","VALUE OF TRANSACTIONS (TOTAL VALUE OF CONTRACTS AND TRANSACTIONS PER CCP OR CLEARING HOUSE), IN USD",8985.263,A,9399.6514,A,9109.5184,A,8266.2607,A,6655.358,A,7948.5855,A,6656.2177,A
CPMI_CT2:A:BR:U:BR4C:V:V:H,"A","Annual","BR","Brazil","U","Central counterparties/clearing houses","BR4C","CETIP","V","Payment transactions","V","Value","H","Annual real growth","A","All users","0","Units","S","Summed through period","2","CCP3","INCREASE IN THE REAL VALUE OF TRANSACTIONS (PER CCP OR CLEARING HOUSE)",-17.1764,A,-1.4994,A,-8.8553,A,-16.7725,A,-25.9586,A,15.4525,A,-19.2194,A
CPMI_CT2:A:BR:U:BR4C:V:V:I,"A","Annual","BR","Brazil","U","Central counterparties/clearing houses","BR4C","CETIP","V","Payment transactions","V","Value","I","In % of GDP","A","All users","0","Units","S","Summed through period","3","CCP3","VALUE OF TRANSACTIONS AS A PERCENTAGE OF GDP (PER CCP OR CLEARING HOUSE)",364.6821,A,380.565,A,370.994,A,460.3534,A,369.9879,A,386.9641,A,356.4079,A
CPMI_CT2:A:BR:U:BR4C:V:V:S,"A","Annual","BR","Brazil","U","Central counterparties/clearing houses","BR4C","CETIP","V","Payment transactions","V","Value","S","Per transaction","A","All users","3","Thousands","S","Summed through period","3","CCP3","AVERAGE VALUE OF TRANSACTIONS (PER CCP OR CLEARING HOUSE), IN USD",294.8534,A,109.24,A,77.8975,A,26.6327,A,16.404,A,19.2425,A,13.9173,A
CPMI_CT2:A:BR:U:BR4C:Z:N:N,"A","Annual","BR","Brazil","U","Central counterparties/clearing houses","BR4C","CETIP","Z","Clearing members","N","Number","N","Units","A","All users","0","Units","E","End of period","0","CCP4","NUMBER OF CLEARING MEMBERS IN CCPs AND CLEARING HOUSES",558,A,598,A,699,A,700,A,698,A,749,A,949,A
CPMI_CT2:A:BR:V:BR1S:O:N:N,"A","Annual","BR","Brazil","V","Central securities depositories","BR1S","BmfBovespa-Equities","O","Securities held","N","Number","N","Units","A","All users","3","Thousands","E","End of period","3","CSD5","TOTAL NUMBER OF SECURITIES HELD",1.262,A,1.296,A,1.322,A,1.337,A,1.387,A,1.423,A,1.403,A
CPMI_CT2:A:BR:V:BR1S:O:V:A,"A","Annual","BR","Brazil","V","Central securities depositories","BR1S","BmfBovespa-Equities","O","Securities held","V","Value","A","In USD","A","All users","6","Millions","S","Summed through period","3","CSD5","TOTAL VALUE OF SECURITIES HELD, IN USD",631156.2422,A,503733.9315,A,471570.5474,A,283405.712,A,368506.4798,A,516795.9963,A,510974.4552,A
CPMI_CT2:A:BR:V:BR1S:W:N:G,"A","Annual","BR","Brazil","V","Central securities depositories","BR1S","BmfBovespa-Equities","W","Delivery instructions","N","Number","G","Annual growth","A","All users","0","Units","S","Summed through period","2","CSD2","INCREASE IN THE NUMBER OF DELIVERY INSTRUCTIONS (PER CSD)",11.1377,A,10.8277,A,-8.4641,A,-6.051,A,-1.1234,A,-1.8504,A,-12.2445,A
CPMI_CT2:A:BR:V:BR1S:W:N:N,"A","Annual","BR","Brazil","V","Central securities depositories","BR1S","BmfBovespa-Equities","W","Delivery instructions","N","Number","N","Units","A","All users","3","Thousands","S","Summed through period","3","CSD2","NUMBER OF DELIVERY INSTRUCTIONS (TOTAL NUMBER OF DELIVERY INSTRUCTIONS PER CSD)",18887.044,A,20932.078,A,19160.367,A,18000.965,A,17798.742,A,17469.391,A,15330.347,A
CPMI_CT2:A:BR:V:BR1S:W:V:A,"A","Annual","BR","Brazil","V","Central securities depositories","BR1S","BmfBovespa-Equities","W","Delivery instructions","V","Value","A","In USD","A","All users","9","Billions","S","Summed through period","3","CSD3","VALUE OF DELIVERY INSTRUCTIONS (TOTAL VALUE OF DELIVERY INSTRUCTIONS PER CSD), IN USD",2724.3309,A,2694.5267,A,2379.9534,A,1496.237,A,1312.4404,A,1606.448,A,1234.766,A
CPMI_CT2:A:BR:V:BR1S:W:V:H,"A","Annual","BR","Brazil","V","Central securities depositories","BR1S","BmfBovespa-Equities","W","Delivery instructions","V","Value","H","Annual real growth","A","All users","0","Units","S","Summed through period","2","CSD3","INCREASE IN THE REAL VALUE OF DELIVERY INSTRUCTIONS (PER CSD)",9.1151,A,-6.8719,A,-16.9321,A,-42.3386,A,-19.3338,A,18.3238,A,-25.8541,A
CPMI_CT2:A:BR:V:BR1S:W:V:I,"A","Annual","BR","Brazil","V","Central securities depositories","BR1S","BmfBovespa-Equities","W","Delivery instructions","V","Value","I","In % of GDP","A","All users","0","Units","S","Summed through period","2","CSD3","VALUE OF DELIVERY INSTRUCTIONS AS A PERCENTAGE OF GDP (PER CSD)",110.5716,A,109.0937,A,96.9259,A,83.3264,A,72.9618,A,78.2073,A,66.1157,A
CPMI_CT2:A:BR:V:BR1S:W:V:S,"A","Annual","BR","Brazil","V","Central securities depositories","BR1S","BmfBovespa-Equities","W","Delivery instructions","V","Value","S","Per transaction","A","All users","3","Thousands","S","Summed through period","3","CSD3","AVERAGE VALUE PER DELIVERY INSTRUCTIONS (PER CSD), IN USD",144.2434,A,128.7271,A,124.2123,A,83.1198,A,73.7378,A,91.9579,A,80.5439,A
CPMI_CT2:A:BR:V:BR1S:X:N:N,"A","Annual","BR","Brazil","V","Central securities depositories","BR1S","BmfBovespa-Equities","X","All participants","N","Number","N","Units","A","All users","0","Units","E","End of period","0","CSD4","TOTAL NUMBER OF PARTICIPANTS (TOTAL NUMBER OF DIRECT PARTICIPANTS IN CSDs)",201,A,201,A,193,A,193,A,186,A,192,A,177,A
CPMI_CT2:A:BR:V:BR2S:O:N:N,"A","Annual","BR","Brazil","V","Central securities depositories","BR2S","CETIP","O","Securities held","N","Number","N","Units","A","All users","3","Thousands","E","End of period","3","CSD5","TOTAL NUMBER OF SECURITIES HELD",2523.518,A,2695.415,A,3272.041,A,7430.117,A,9174.85,A,10234.175,A,16715.026,A
CPMI_CT2:A:BR:V:BR2S:O:V:A,"A","Annual","BR","Brazil","V","Central securities depositories","BR2S","CETIP","O","Securities held","V","Value","A","In USD","A","All users","6","Millions","S","Summed through period","3","CSD5","TOTAL VALUE OF SECURITIES HELD, IN USD",1767726.0045,A,1745845.5884,A,1758623.3397,A,1330553.0304,A,1431053.0296,A,1378859.6568,A,1259208.1973,A
CPMI_CT2:A:BR:V:BR2S:W:N:G,"A","Annual","BR","Brazil","V","Central securities depositories","BR2S","CETIP","W","Delivery instructions","N","Number","G","Annual growth","A","All users","0","Units","S","Summed through period","2","CSD2","INCREASE IN THE NUMBER OF DELIVERY INSTRUCTIONS (PER CSD)",-12.6759,A,182.2461,A,35.9625,A,164.932,A,30.8358,A,1.9051,A,15.7825,A
CPMI_CT2:A:BR:V:BR2S:W:N:N,"A","Annual","BR","Brazil","V","Central securities depositories","BR2S","CETIP","W","Delivery instructions","N","Number","N","Units","A","All users","3","Thousands","S","Summed through period","3","CSD2","NUMBER OF DELIVERY INSTRUCTIONS (TOTAL NUMBER OF DELIVERY INSTRUCTIONS PER CSD)",30473.662,A,86010.711,A,116942.351,A,309817.671,A,405352.545,A,413074.749,A,478268.46,A
CPMI_CT2:A:BR:V:BR2S:W:V:A,"A","Annual","BR","Brazil","V","Central securities depositories","BR2S","CETIP","W","Delivery instructions","V","Value","A","In USD","A","All users","9","Billions","S","Summed through period","3","CSD3","VALUE OF DELIVERY INSTRUCTIONS (TOTAL VALUE OF DELIVERY INSTRUCTIONS PER CSD), IN USD",8985.263,A,9399.6514,A,9109.5184,A,7751.8084,A,6177.2233,A,7948.5855,A,6656.2177,A
CPMI_CT2:A:BR:V:BR2S:W:V:H,"A","Annual","BR","Brazil","V","Central securities depositories","BR2S","CETIP","W","Delivery instructions","V","Value","H","Annual real growth","A","All users","0","Units","S","Summed through period","2","CSD3","INCREASE IN THE REAL VALUE OF DELIVERY INSTRUCTIONS (PER CSD)",-17.1764,A,-1.4994,A,-8.8553,A,-21.9521,A,-26.7171,A,24.3889,A,-19.2194,A
CPMI_CT2:A:BR:V:BR2S:W:V:I,"A","Annual","BR","Brazil","V","Central securities depositories","BR2S","CETIP","W","Delivery instructions","V","Value","I","In % of GDP","A","All users","0","Units","S","Summed through period","2","CSD3","VALUE OF DELIVERY INSTRUCTIONS AS A PERCENTAGE OF GDP (PER CSD)",364.6821,A,380.565,A,370.994,A,431.7032,A,343.4072,A,386.9641,A,356.4079,A
CPMI_CT2:A:BR:V:BR2S:W:V:S,"A","Annual","BR","Brazil","V","Central securities depositories","BR2S","CETIP","W","Delivery instructions","V","Value","S","Per transaction","A","All users","3","Thousands","S","Summed through period","3","CSD3","AVERAGE VALUE PER DELIVERY INSTRUCTIONS (PER CSD), IN USD",294.8534,A,109.2847,A,77.8975,A,25.0205,A,15.2391,A,19.2425,A,13.9173,A
CPMI_CT2:A:BR:V:BR2S:X:N:N,"A","Annual","BR","Brazil","V","Central securities depositories","BR2S","CETIP","X","All participants","N","Number","N","Units","A","All users","0","Units","E","End of period","0","CSD4","TOTAL NUMBER OF PARTICIPANTS (TOTAL NUMBER OF DIRECT PARTICIPANTS IN CSDs)",558,A,598,A,699,A,700,A,698,A,749,A,949,A
CPMI_CT2:A:BR:V:BR3S:O:N:N,"A","Annual","BR","Brazil","V","Central securities depositories","BR3S","SELIC","O","Securities held","N","Number","N","Units","A","All users","3","Thousands","E","End of period","3","CSD5","TOTAL NUMBER OF SECURITIES HELD",0.448,A,0.368,A,0.388,A,0.359,A,0.347,A,0.326,A,0.378,A
CPMI_CT2:A:BR:V:BR3S:O:V:A,"A","Annual","BR","Brazil","V","Central securities depositories","BR3S","SELIC","O","Securities held","V","Value","A","In USD","A","All users","6","Millions","S","Summed through period","3","CSD5","TOTAL VALUE OF SECURITIES HELD, IN USD",1498062.3692,A,1423776.6275,A,1463878.3964,A,1253165.2064,A,1388388.7665,A,1687660.081,A,1581733.6024,A
CPMI_CT2:A:BR:V:BR3S:W:N:G,"A","Annual","BR","Brazil","V","Central securities depositories","BR3S","SELIC","W","Delivery instructions","N","Number","G","Annual growth","A","All users","0","Units","S","Summed through period","2","CSD2","INCREASE IN THE NUMBER OF DELIVERY INSTRUCTIONS (PER CSD)",7.8698,A,9.0162,A,-0.41235,A,4.814,A,1.8817,A,4.3999,A,3.6265,A
CPMI_CT2:A:BR:V:BR3S:W:N:N,"A","Annual","BR","Brazil","V","Central securities depositories","BR3S","SELIC","W","Delivery instructions","N","Number","N","Units","A","All users","3","Thousands","S","Summed through period","3","CSD2","NUMBER OF DELIVERY INSTRUCTIONS (TOTAL NUMBER OF DELIVERY INSTRUCTIONS PER CSD)",3638.049,A,3966.064,A,3949.71,A,4139.848,A,4217.747,A,4403.325,A,4563.01,A
CPMI_CT2:A:BR:V:BR3S:W:V:A,"A","Annual","BR","Brazil","V","Central securities depositories","BR3S","SELIC","W","Delivery instructions","V","Value","A","In USD","A","All users","9","Billions","S","Summed through period","3","CSD3","VALUE OF DELIVERY INSTRUCTIONS (TOTAL VALUE OF DELIVERY INSTRUCTIONS PER CSD), IN USD",184325.4685,A,241678.0846,A,265207.1356,A,209106.3192,A,209526.4727,A,219492.2785,A,208383.986,A
CPMI_CT2:A:BR:V:BR3S:W:V:H,"A","Annual","BR","Brazil","V","Central securities depositories","BR3S","SELIC","W","Delivery instructions","V","Value","H","Annual real growth","A","All users","0","Units","S","Summed through period","2","CSD3","INCREASE IN THE REAL VALUE OF DELIVERY INSTRUCTIONS (PER CSD)",-1.8645,A,23.4553,A,3.2037,A,-27.6838,A,-7.8524,A,1.2664,A,-8.4171,A
CPMI_CT2:A:BR:V:BR3S:W:V:I,"A","Annual","BR","Brazil","V","Central securities depositories","BR3S","SELIC","W","Delivery instructions","V","Value","I","In % of GDP","A","All users","0","Units","S","Summed through period","2","CSD3","VALUE OF DELIVERY INSTRUCTIONS AS A PERCENTAGE OF GDP (PER CSD)",7481.1618,A,9784.855,A,10800.8196,A,11645.2652,A,11648.099,A,10685.6274,A,11157.9433,A
CPMI_CT2:A:BR:V:BR3S:W:V:S,"A","Annual","BR","Brazil","V","Central securities depositories","BR3S","SELIC","W","Delivery instructions","V","Value","S","Per transaction","A","All users","3","Thousands","S","Summed through period","3","CSD3","AVERAGE VALUE PER DELIVERY INSTRUCTIONS (PER CSD), IN USD",50666.0214,A,60936.5065,A,67145.9767,A,50510.6273,A,49677.345,A,49846.9403,A,45668.0976,A
CPMI_CT2:A:BR:V:BR3S:X:N:N,"A","Annual","BR","Brazil","V","Central securities depositories","BR3S","SELIC","X","All participants","N","Number","N","Units","A","All users","0","Units","E","End of period","0","CSD4","TOTAL NUMBER OF PARTICIPANTS (TOTAL NUMBER OF DIRECT PARTICIPANTS IN CSDs)",499,A,497,A,486,A,484,A,471,A,466,A,462,A
CPMI_CT2:A:CA:A:CA1P:P:N:F,"A","Annual","CA","Canada","A","Payment systems, large-value","CA1P","LVTS","P","Concentration ratio in terms of volume","N","Number","F","Percent","A","All users","0","Units","S","Summed through period","2","PS4","CONCENTRATION RATIO IN TERMS OF VOLUME",80.9,A,80.9,A,80.4,A,81,A,81.1,A,80.57,A,79.92,A
CPMI_CT2:A:CA:A:CA1P:Q:N:F,"A","Annual","CA","Canada","A","Payment systems, large-value","CA1P","LVTS","Q","Concentration ratio in terms of value","N","Number","F","Percent","A","All users","0","Units","S","Summed through period","2","PS4","CONCENTRATION RATIO IN TERMS OF VALUE",74.4,A,72.2,A,76.4,A,76.8,A,76.8,A,76.01,A,76.4,A
CPMI_CT2:A:CA:A:CA1P:V:N:G,"A","Annual","CA","Canada","A","Payment systems, large-value","CA1P","LVTS","V","Payment transactions","N","Number","G","Annual growth","A","All users","0","Units","S","Summed through period","2","PS2","INCREASE IN THE NUMBER OF TRANSACTIONS (TOTAL GROSS VOLUME PER SYSTEM)",,,7.8236,A,4.4855,A,2.1465,A,5.9333,A,6.2194,A,4.2843,A
CPMI_CT2:A:CA:A:CA1P:V:N:N,"A","Annual","CA","Canada","A","Payment systems, large-value","CA1P","LVTS","V","Payment transactions","N","Number","N","Units","A","All users","6","Millions","S","Summed through period","3","PS2","NUMBER OF TRANSACTIONS (TOTAL GROSS VOLUME PER SYSTEM)",7.03,A,7.58,A,7.92,A,8.09,A,8.57,A,9.103,A,9.493,A
CPMI_CT2:A:CA:A:CA1P:V:V:A,"A","Annual","CA","Canada","A","Payment systems, large-value","CA1P","LVTS","V","Payment transactions","V","Value","A","In USD","A","All users","9","Billions","S","Summed through period","3","PS3","VALUE OF TRANSACTIONS (TOTAL GROSS VALUE PER SYSTEM), IN USD",38180.9652,A,36507.2108,A,35003.319,A,33637.6074,A,33334.2643,A,33949.3351,A,35215.1014,A
CPMI_CT2:A:CA:A:CA1P:V:V:H,"A","Annual","CA","Canada","A","Payment systems, large-value","CA1P","LVTS","V","Payment transactions","V","Value","H","Annual real growth","A","All users","0","Units","S","Summed through period","2","PS3","INCREASE IN THE REAL VALUE OF TRANSACTIONS (PER SYSTEM)",,,-5.2726,A,-5.9133,A,-4.971,A,-2.2977,A,0.24437,A,1.4278,A
CPMI_CT2:A:CA:A:CA1P:V:V:I,"A","Annual","CA","Canada","A","Payment systems, large-value","CA1P","LVTS","V","Payment transactions","V","Value","I","In % of GDP","A","All users","0","Units","S","Summed through period","3","PS3","VALUE OF TRANSACTIONS AS A PERCENTAGE OF GDP (PER SYSTEM)",2089.0411,A,1977.1039,A,1937.5886,A,2161.6437,A,2177.3543,A,2057.8769,A,2056.2102,A
CPMI_CT2:A:CA:A:CA1P:V:V:S,"A","Annual","CA","Canada","A","Payment systems, large-value","CA1P","LVTS","V","Payment transactions","V","Value","S","Per transaction","A","All users","3","Thousands","S","Summed through period","3","PS3","AVERAGE VALUE OF TRANSACTIONS (PER SYSTEM), IN USD",5431.1473,A,4816.2547,A,4419.611,A,4157.9243,A,3889.6458,A,3729.4667,A,3709.5862,A
CPMI_CT2:A:CA:A:CA1P:X:N:N,"A","Annual","CA","Canada","A","Payment systems, large-value","CA1P","LVTS","X","All participants","N","Number","N","Units","A","All users","0","Units","E","End of period","0","PS4","TOTAL NUMBER OF PARTICIPANTS",89,A,90,A,84,A,82,A,82,A,76,A,75,A
CPMI_CT2:A:CA:A:CA1P:Y:N:N,"A","Annual","CA","Canada","A","Payment systems, large-value","CA1P","LVTS","Y","Directly connected participants","N","Number","N","Units","A","All users","0","Units","E","End of period","0","PS4","TOTAL NUMBER OF PARTICIPANTS OF WHICH DIRECTLY CONNECTED PARTICIPANTS",16,A,16,A,16,A,17,A,17,A,17,A,17,A
CPMI_CT2:A:CA:B:CA2P:V:N:G,"A","Annual","CA","Canada","B","Payment systems, retail","CA2P","Automated Clearing Settlement System","V","Payment transactions","N","Number","G","Annual growth","A","All users","0","Units","S","Summed through period","2","PS2","INCREASE IN THE NUMBER OF TRANSACTIONS (TOTAL GROSS VOLUME PER SYSTEM)",,,3.5076,A,0.6268,A,3.0531,A,4.9626,A,1.5724,A,7.3226,A
CPMI_CT2:A:CA:B:CA2P:V:N:N,"A","Annual","CA","Canada","B","Payment systems, retail","CA2P","Automated Clearing Settlement System","V","Payment transactions","N","Number","N","Units","A","All users","6","Millions","S","Summed through period","3","PS2","NUMBER OF TRANSACTIONS (TOTAL GROSS VOLUME PER SYSTEM)",6505.96,A,6734.16,A,6776.37,A,6983.26,A,7329.81,A,7445.061,A,7990.232,A
CPMI_CT2:A:CA:B:CA2P:V:V:A,"A","Annual","CA","Canada","B","Payment systems, retail","CA2P","Automated Clearing Settlement System","V","Payment transactions","V","Value","A","In USD","A","All users","9","Billions","S","Summed through period","3","PS3","VALUE OF TRANSACTIONS (TOTAL GROSS VALUE PER SYSTEM), IN USD",5798.1133,A,5805.9137,A,5644.4083,A,5057.7355,A,4595.9008,A,4309.1005,A,4802.9196,A
CPMI_CT2:A:CA:B:CA2P:V:V:H,"A","Annual","CA","Canada","B","Payment systems, retail","CA2P","Automated Clearing Settlement System","V","Payment transactions","V","Value","H","Annual real growth","A","All users","0","Units","S","Summed through period","2","PS3","INCREASE IN THE REAL VALUE OF TRANSACTIONS (PER SYSTEM)",,,-0.79629,A,-4.6007,A,-11.3909,A,-10.4113,A,-7.7141,A,8.9878,A
CPMI_CT2:A:CA:B:CA2P:V:V:I,"A","Annual","CA","Canada","B","Payment systems, retail","CA2P","Automated Clearing Settlement System","V","Payment transactions","V","Value","I","In % of GDP","A","All users","0","Units","S","Summed through period","3","PS3","VALUE OF TRANSACTIONS AS A PERCENTAGE OF GDP (PER SYSTEM)",317.2391,A,314.4281,A,312.443,A,325.0238,A,300.1987,A,261.2009,A,280.4425,A
CPMI_CT2:A:CA:B:CA2P:V:V:S,"A","Annual","CA","Canada","B","Payment systems, retail","CA2P","Automated Clearing Settlement System","V","Payment transactions","V","Value","S","Per transaction","A","All users","3","Thousands","S","Summed through period","3","PS3","AVERAGE VALUE OF TRANSACTIONS (PER SYSTEM), IN USD",0.8912,A,0.86216,A,0.83295,A,0.72427,A,0.62702,A,0.57879,A,0.6011,A
CPMI_CT2:A:CA:B:CA2P:X:N:N,"A","Annual","CA","Canada","B","Payment systems, retail","CA2P","Automated Clearing Settlement System","X","All participants","N","Number","N","Units","A","All users","0","Units","E","End of period","0","PS4","TOTAL NUMBER OF PARTICIPANTS",122,A,117,A,123,A,123,A,124,A,120,A,119,A
CPMI_CT2:A:CA:B:CA2P:Y:N:N,"A","Annual","CA","Canada","B","Payment systems, retail","CA2P","Automated Clearing Settlement System","Y","Directly connected participants","N","Number","N","Units","A","All users","0","Units","E","End of period","0","PS4","TOTAL NUMBER OF PARTICIPANTS OF WHICH DIRECTLY CONNECTED PARTICIPANTS",12,A,12,A,12,A,12,A,12,A,12,A,12,A
CPMI_CT2:A:CA:B:CA3P:V:N:G,"A","Annual","CA","Canada","B","Payment systems, retail","CA3P","Interac e-Transfer","V","Payment transactions","N","Number","G","Annual growth","A","All users","0","Units","S","Summed through period","2","PS2","INCREASE IN THE NUMBER OF TRANSACTIONS (TOTAL GROSS VOLUME PER SYSTEM)",,,46.464,A,50.8683,A,49.6631,A,48.1898,A,52.5316,A,53.9419,A
CPMI_CT2:A:CA:B:CA3P:V:N:N,"A","Annual","CA","Canada","B","Payment systems, retail","CA3P","Interac e-Transfer","V","Payment transactions","N","Number","N","Units","A","All users","6","Millions","S","Summed through period","3","PS2","NUMBER OF TRANSACTIONS (TOTAL GROSS VOLUME PER SYSTEM)",32.24,A,47.22,A,71.24,A,106.62,A,158,A,241,A,371,A
CPMI_CT2:A:CA:B:CA3P:V:V:A,"A","Annual","CA","Canada","B","Payment systems, retail","CA3P","Interac e-Transfer","V","Payment transactions","V","Value","A","In USD","A","All users","9","Billions","S","Summed through period","3","PS3","VALUE OF TRANSACTIONS (TOTAL GROSS VALUE PER SYSTEM), IN USD",13.5035,A,19.8022,A,27.9825,A,34.9462,A,47.554,A,70.8729,A,102.4921,A
CPMI_CT2:A:CA:B:CA3P:V:V:H,"A","Annual","CA","Canada","B","Payment systems, retail","CA3P","Interac e-Transfer","V","Payment transactions","V","Value","H","Annual real growth","A","All users","0","Units","S","Summed through period","2","PS3","INCREASE IN THE REAL VALUE OF TRANSACTIONS (PER SYSTEM)",,,45.2812,A,38.6666,A,23.4961,A,34.1609,A,46.6942,A,41.4066,A
CPMI_CT2:A:CA:B:CA3P:V:V:I,"A","Annual","CA","Canada","B","Payment systems, retail","CA3P","Interac e-Transfer","V","Payment transactions","V","Value","I","In % of GDP","A","All users","0","Units","S","Summed through period","3","PS3","VALUE OF TRANSACTIONS AS A PERCENTAGE OF GDP (PER SYSTEM)",0.73883,A,1.0724,A,1.549,A,2.2457,A,3.1062,A,4.296,A,5.9845,A
CPMI_CT2:A:CA:B:CA3P:V:V:S,"A","Annual","CA","Canada","B","Payment systems, retail","CA3P","Interac e-Transfer","V","Payment transactions","V","Value","S","Per transaction","A","All users","3","Thousands","S","Summed through period","3","PS3","AVERAGE VALUE OF TRANSACTIONS (PER SYSTEM), IN USD",0.41884,A,0.41936,A,0.39279,A,0.32776,A,0.30097,A,0.29408,A,0.27626,A
CPMI_CT2:A:CA:B:CA3P:X:N:N,"A","Annual","CA","Canada","B","Payment systems, retail","CA3P","Interac e-Transfer","X","All participants","N","Number","N","Units","A","All users","0","Units","E","End of period","0","PS4","TOTAL NUMBER OF PARTICIPANTS",,L,,L,,L,258,A,259,A,257,A,257,A
CPMI_CT2:A:CA:U:CA1C:V:N:G,"A","Annual","CA","Canada","U","Central counterparties/clearing houses","CA1C","ICE NGX","V","Payment transactions","N","Number","G","Annual growth","A","All users","0","Units","S","Summed through period","2","CCP2","INCREASE IN THE NUMBER OF TRANSACTIONS (PER CCP OR CLEARING HOUSE)",,,-5.5768,A,0.057621,A,-2.1408,A,10.9928,A,5.2463,A,-34.0306,A
CPMI_CT2:A:CA:U:CA1C:V:N:N,"A","Annual","CA","Canada","U","Central counterparties/clearing houses","CA1C","ICE NGX","V","Payment transactions","N","Number","N","Units","A","All users","3","Thousands","S","Summed through period","3","CCP2","NUMBER OF TRANSACTIONS (TOTAL NUMBER OF CONTRACTS AND TRANSACTIONS PER CCP OR CLEARING HOUSE)",735.19,A,694.19,A,694.59,A,679.72,A,754.44,A,794.02,A,523.81,A
CPMI_CT2:A:CA:U:CA1C:V:V:A,"A","Annual","CA","Canada","U","Central counterparties/clearing houses","CA1C","ICE NGX","V","Payment transactions","V","Value","A","In USD","A","All users","9","Billions","S","Summed through period","3","CCP3","VALUE OF TRANSACTIONS (TOTAL VALUE OF CONTRACTS AND TRANSACTIONS PER CCP OR CLEARING HOUSE), IN USD",51.5034,A,77.442,A,83.1235,A,38.4173,A,34.9031,A,41.3353,A,13.1271,A
CPMI_CT2:A:CA:U:CA1C:V:V:H,"A","Annual","CA","Canada","U","Central counterparties/clearing houses","CA1C","ICE NGX","V","Payment transactions","V","Value","H","Annual real growth","A","All users","0","Units","S","Summed through period","2","CCP3","INCREASE IN THE REAL VALUE OF TRANSACTIONS (PER CCP OR CLEARING HOUSE)",,,48.9649,A,5.3283,A,-54.2971,A,-10.4273,A,16.5674,A,-68.9468,A
CPMI_CT2:A:CA:U:CA1C:V:V:I,"A","Annual","CA","Canada","U","Central counterparties/clearing houses","CA1C","ICE NGX","V","Payment transactions","V","Value","I","In % of GDP","A","All users","0","Units","S","Summed through period","3","CCP3","VALUE OF TRANSACTIONS AS A PERCENTAGE OF GDP (PER CCP OR CLEARING HOUSE)",2.818,A,4.194,A,4.6013,A,2.4688,A,2.2798,A,2.5056,A,0.76649,A
CPMI_CT2:A:CA:U:CA1C:V:V:S,"A","Annual","CA","Canada","U","Central counterparties/clearing houses","CA1C","ICE NGX","V","Payment transactions","V","Value","S","Per transaction","A","All users","3","Thousands","S","Summed through period","3","CCP3","AVERAGE VALUE OF TRANSACTIONS (PER CCP OR CLEARING HOUSE), IN USD",70.0546,A,111.5573,A,119.6727,A,56.5194,A,46.2636,A,52.0583,A,25.0608,A
CPMI_CT2:A:CA:U:CA1C:Z:N:N,"A","Annual","CA","Canada","U","Central counterparties/clearing houses","CA1C","ICE NGX","Z","Clearing members","N","Number","N","Units","A","All users","0","Units","E","End of period","0","CCP4","NUMBER OF CLEARING MEMBERS IN CCPs AND CLEARING HOUSES",248,A,259,A,264,A,269,A,286,A,262,A,275,A
CPMI_CT2:A:CA:U:CA2C:V:N:G,"A","Annual","CA","Canada","U","Central counterparties/clearing houses","CA2C","ICE Futures","V","Payment transactions","N","Number","G","Annual growth","A","All users","0","Units","S","Summed through period","2","CCP2","INCREASE IN THE NUMBER OF TRANSACTIONS (PER CCP OR CLEARING HOUSE)",,,13.5696,A,-0.39404,A,1.0286,A,11.8242,A,-13.8116,A,,L
CPMI_CT2:A:CA:U:CA2C:V:N:N,"A","Annual","CA","Canada","U","Central counterparties/clearing houses","CA2C","ICE Futures","V","Payment transactions","N","Number","N","Units","A","All users","3","Thousands","S","Summed through period","3","CCP2","NUMBER OF TRANSACTIONS (TOTAL NUMBER OF CONTRACTS AND TRANSACTIONS PER CCP OR CLEARING HOUSE)",5056.9,A,5743.1,A,5720.47,A,5779.31,A,6462.67,A,5570.072,A,,L
CPMI_CT2:A:CA:U:CA2C:V:V:A,"A","Annual","CA","Canada","U","Central counterparties/clearing houses","CA2C","ICE Futures","V","Payment transactions","V","Value","A","In USD","A","All users","9","Billions","S","Summed through period","3","CCP3","VALUE OF TRANSACTIONS (TOTAL VALUE OF CONTRACTS AND TRANSACTIONS PER CCP OR CLEARING HOUSE), IN USD",57.5934,A,58.4541,A,44.735,A,41.5324,A,46.5942,A,42.2802,A,,L
CPMI_CT2:A:CA:U:CA2C:V:V:H,"A","Annual","CA","Canada","U","Central counterparties/clearing houses","CA2C","ICE Futures","V","Payment transactions","V","Value","H","Annual real growth","A","All users","0","Units","S","Summed through period","2","CCP3","INCREASE IN THE REAL VALUE OF TRANSACTIONS (PER CCP OR CLEARING HOUSE)",,,0.55097,A,-24.9017,A,-8.1922,A,10.6072,A,-10.6848,A,,L
CPMI_CT2:A:CA:U:CA2C:V:V:I,"A","Annual","CA","Canada","U","Central counterparties/clearing houses","CA2C","ICE Futures","V","Payment transactions","V","Value","I","In % of GDP","A","All users","0","Units","S","Summed through period","3","CCP3","VALUE OF TRANSACTIONS AS A PERCENTAGE OF GDP (PER CCP OR CLEARING HOUSE)",3.1512,A,3.1657,A,2.4763,A,2.669,A,3.0435,A,2.5629,A,,L
CPMI_CT2:A:CA:U:CA2C:V:V:S,"A","Annual","CA","Canada","U","Central counterparties/clearing houses","CA2C","ICE Futures","V","Payment transactions","V","Value","S","Per transaction","A","All users","3","Thousands","S","Summed through period","3","CCP3","AVERAGE VALUE OF TRANSACTIONS (PER CCP OR CLEARING HOUSE), IN USD",11.3891,A,10.1781,A,7.8202,A,7.1864,A,7.2097,A,7.5906,A,,L
CPMI_CT2:A:CA:U:CA2C:Z:N:N,"A","Annual","CA","Canada","U","Central counterparties/clearing houses","CA2C","ICE Futures","Z","Clearing members","N","Number","N","Units","A","All users","0","Units","E","End of period","0","CCP4","NUMBER OF CLEARING MEMBERS IN CCPs AND CLEARING HOUSES",9,A,9,A,9,A,9,A,9,A,8,A,,L
CPMI_CT2:A:CA:U:CA3C:V:N:G,"A","Annual","CA","Canada","U","Central counterparties/clearing houses","CA3C","CDCC","V","Payment transactions","N","Number","G","Annual growth","A","All users","0","Units","S","Summed through period","2","CCP2","INCREASE IN THE NUMBER OF TRANSACTIONS (PER CCP OR CLEARING HOUSE)",,,4.8852,A,5.1091,A,11.6156,A,18.337,A,5.4374,A,16.5807,A
CPMI_CT2:A:CA:U:CA3C:V:N:N,"A","Annual","CA","Canada","U","Central counterparties/clearing houses","CA3C","CDCC","V","Payment transactions","N","Number","N","Units","A","All users","3","Thousands","S","Summed through period","3","CCP2","NUMBER OF TRANSACTIONS (TOTAL NUMBER OF CONTRACTS AND TRANSACTIONS PER CCP OR CLEARING HOUSE)",146156,A,153296,A,161128,A,179844,A,212822,A,224394,A,261600,A
CPMI_CT2:A:CA:U:CA3C:V:V:A,"A","Annual","CA","Canada","U","Central counterparties/clearing houses","CA3C","CDCC","V","Payment transactions","V","Value","A","In USD","A","All users","9","Billions","S","Summed through period","3","CCP3","VALUE OF TRANSACTIONS (TOTAL VALUE OF CONTRACTS AND TRANSACTIONS PER CCP OR CLEARING HOUSE), IN USD",,L,10186.8857,A,11892.9547,A,10094.0154,A,12420.3513,A,13088.8476,A,13342.5859,A
CPMI_CT2:A:CA:U:CA3C:V:V:H,"A","Annual","CA","Canada","U","Central counterparties/clearing houses","CA3C","CDCC","V","Payment transactions","V","Value","H","Annual real growth","A","All users","0","Units","S","Summed through period","2","CCP3","INCREASE IN THE REAL VALUE OF TRANSACTIONS (PER CCP OR CLEARING HOUSE)",,,,L,14.5634,A,-16.0705,A,21.3134,A,3.7259,A,-0.32233,A
CPMI_CT2:A:CA:U:CA3C:V:V:I,"A","Annual","CA","Canada","U","Central counterparties/clearing houses","CA3C","CDCC","V","Payment transactions","V","Value","I","In % of GDP","A","All users","0","Units","S","Summed through period","3","CCP3","VALUE OF TRANSACTIONS AS A PERCENTAGE OF GDP (PER CCP OR CLEARING HOUSE)",,L,551.6864,A,658.3277,A,648.6688,A,811.2825,A,793.3951,A,779.0738,A
CPMI_CT2:A:CA:U:CA3C:V:V:S,"A","Annual","CA","Canada","U","Central counterparties/clearing houses","CA3C","CDCC","V","Payment transactions","V","Value","S","Per transaction","A","All users","3","Thousands","S","Summed through period","3","CCP3","AVERAGE VALUE OF TRANSACTIONS (PER CCP OR CLEARING HOUSE), IN USD",,L,66.4524,A,73.8106,A,56.1265,A,58.3603,A,58.3298,A,51.0038,A
CPMI_CT2:A:CA:U:CA3C:Z:N:N,"A","Annual","CA","Canada","U","Central counterparties/clearing houses","CA3C","CDCC","Z","Clearing members","N","Number","N","Units","A","All users","0","Units","E","End of period","0","CCP4","NUMBER OF CLEARING MEMBERS IN CCPs AND CLEARING HOUSES",40,A,37,A,34,A,36,A,35,A,34,A,38,A
CPMI_CT2:A:CA:V:CA1S:O:N:N,"A","Annual","CA","Canada","V","Central securities depositories","CA1S","CDS","O","Securities held","N","Number","N","Units","A","All users","3","Thousands","E","End of period","3","CSD5","TOTAL NUMBER OF SECURITIES HELD",78.17,A,76.76,A,75.36,A,75.16,A,52.53,A,53.499,A,78.246,A
CPMI_CT2:A:CA:V:CA1S:O:V:A,"A","Annual","CA","Canada","V","Central securities depositories","CA1S","CDS","O","Securities held","V","Value","A","In USD","A","All users","6","Millions","S","Summed through period","3","CSD5","TOTAL VALUE OF SECURITIES HELD, IN USD",4131778.3942,A,4213005.1612,A,4184789.6467,A,3594374.2133,A,3831112.5134,A,4165014.3787,A,4008311.2734,A
CPMI_CT2:A:CA:V:CA1S:W:N:G,"A","Annual","CA","Canada","V","Central securities depositories","CA1S","CDS","W","Delivery instructions","N","Number","G","Annual growth","A","All users","0","Units","S","Summed through period","2","CSD2","INCREASE IN THE NUMBER OF DELIVERY INSTRUCTIONS (PER CSD)",-13.9102,A,-2.1745,A,21.902,A,3.9076,A,6.457,A,-6.6975,A,16.8356,A
CPMI_CT2:A:CA:V:CA1S:W:N:N,"A","Annual","CA","Canada","V","Central securities depositories","CA1S","CDS","W","Delivery instructions","N","Number","N","Units","A","All users","3","Thousands","S","Summed through period","3","CSD2","NUMBER OF DELIVERY INSTRUCTIONS (TOTAL NUMBER OF DELIVERY INSTRUCTIONS PER CSD)",360315.9,A,352480.8,A,429681.1,A,446471.5,A,475300.2,A,443466.8,A,518127,A
CPMI_CT2:A:CA:V:CA1S:W:V:A,"A","Annual","CA","Canada","V","Central securities depositories","CA1S","CDS","W","Delivery instructions","V","Value","A","In USD","A","All users","9","Billions","S","Summed through period","3","CSD3","VALUE OF DELIVERY INSTRUCTIONS (TOTAL VALUE OF DELIVERY INSTRUCTIONS PER CSD), IN USD",92747.237,A,112720.6949,A,110650.2647,A,97604.7424,A,95482.2336,A,106154.7238,A,112308.8555,A
CPMI_CT2:A:CA:V:CA1S:W:V:H,"A","Annual","CA","Canada","V","Central securities depositories","CA1S","CDS","W","Delivery instructions","V","Value","H","Annual real growth","A","All users","0","Units","S","Summed through period","2","CSD3","INCREASE IN THE REAL VALUE OF DELIVERY INSTRUCTIONS (PER CSD)",-0.75527,A,20.4056,A,-3.6734,A,-12.7714,A,-3.5526,A,9.43,A,3.4508,A
CPMI_CT2:A:CA:V:CA1S:W:V:I,"A","Annual","CA","Canada","V","Central securities depositories","CA1S","CDS","W","Delivery instructions","V","Value","I","In % of GDP","A","All users","0","Units","S","Summed through period","2","CSD3","VALUE OF DELIVERY INSTRUCTIONS AS A PERCENTAGE OF GDP (PER CSD)",5074.5911,A,6104.5619,A,6124.9818,A,6272.345,A,6236.7853,A,6434.6872,A,6557.7155,A
CPMI_CT2:A:CA:V:CA1S:W:V:S,"A","Annual","CA","Canada","V","Central securities depositories","CA1S","CDS","W","Delivery instructions","V","Value","S","Per transaction","A","All users","3","Thousands","S","Summed through period","3","CSD3","AVERAGE VALUE PER DELIVERY INSTRUCTIONS (PER CSD), IN USD",257.4053,A,319.7924,A,257.5172,A,218.6136,A,200.8883,A,239.3747,A,216.7593,A
CPMI_CT2:A:CA:V:CA1S:X:N:N,"A","Annual","CA","Canada","V","Central securities depositories","CA1S","CDS","X","All participants","N","Number","N","Units","A","All users","0","Units","E","End of period","0","CSD4","TOTAL NUMBER OF PARTICIPANTS (TOTAL NUMBER OF DIRECT PARTICIPANTS IN CSDs)",100,A,100,A,100,A,100,A,93,A,97,A,92,A
CPMI_CT2:A:CH:H:CH1P:P:N:F,"A","Annual","CH","Switzerland","H","Payment systems, large-value & retail","CH1P","Swiss Interbank Clearing","P","Concentration ratio in terms of volume","N","Number","F","Percent","A","All users","0","Units","S","Summed through period","2","PS4","CONCENTRATION RATIO IN TERMS OF VOLUME",62.26,A,61.81,A,61.78,A,61.48,A,61.87,A,63.7913,A,63.3079,A
CPMI_CT2:A:CH:H:CH1P:Q:N:F,"A","Annual","CH","Switzerland","H","Payment systems, large-value & retail","CH1P","Swiss Interbank Clearing","Q","Concentration ratio in terms of value","N","Number","F","Percent","A","All users","0","Units","S","Summed through period","2","PS4","CONCENTRATION RATIO IN TERMS OF VALUE",66.56,A,64.09,A,66.06,A,64.2,A,66.04,A,60.1321,A,58.742,A
CPMI_CT2:A:CH:H:CH1P:V:N:G,"A","Annual","CH","Switzerland","H","Payment systems, large-value & retail","CH1P","Swiss Interbank Clearing","V","Payment transactions","N","Number","G","Annual growth","A","All users","0","Units","S","Summed through period","2","PS2","INCREASE IN THE NUMBER OF TRANSACTIONS (TOTAL GROSS VOLUME PER SYSTEM)",,,2.3824,A,2.1105,A,2.7984,A,1.6925,A,13.9702,A,19.492,A
CPMI_CT2:A:CH:H:CH1P:V:N:N,"A","Annual","CH","Switzerland","H","Payment systems, large-value & retail","CH1P","Swiss Interbank Clearing","V","Payment transactions","N","Number","N","Units","A","All users","6","Millions","S","Summed through period","3","PS2","NUMBER OF TRANSACTIONS (TOTAL GROSS VOLUME PER SYSTEM)",410.18,A,419.952,A,428.815,A,440.815,A,448.276,A,510.901,A,610.486,A
CPMI_CT2:A:CH:H:CH1P:V:V:A,"A","Annual","CH","Switzerland","H","Payment systems, large-value & retail","CH1P","Swiss Interbank Clearing","V","Payment transactions","V","Value","A","In USD","A","All users","9","Billions","S","Summed through period","3","PS3","VALUE OF TRANSACTIONS (TOTAL GROSS VALUE PER SYSTEM), IN USD",32219.1304,A,34450.294,A,32496.6512,A,40389.7895,A,39544.5821,A,44073.1468,A,39977.7526,A
CPMI_CT2:A:CH:H:CH1P:V:V:H,"A","Annual","CH","Switzerland","H","Payment systems, large-value & retail","CH1P","Swiss Interbank Clearing","V","Payment transactions","V","Value","H","Annual real growth","A","All users","0","Units","S","Summed through period","2","PS3","INCREASE IN THE REAL VALUE OF TRANSACTIONS (PER SYSTEM)",,,7.1578,A,-5.6584,A,25.7273,A,-1.6652,A,10.86,A,-10.1337,A
CPMI_CT2:A:CH:H:CH1P:V:V:I,"A","Annual","CH","Switzerland","H","Payment systems, large-value & retail","CH1P","Swiss Interbank Clearing","V","Payment transactions","V","Value","I","In % of GDP","A","All users","0","Units","S","Summed through period","3","PS3","VALUE OF TRANSACTIONS AS A PERCENTAGE OF GDP (PER SYSTEM)",4828.0492,A,5005.6864,A,4579.2326,A,5944.0335,A,5889.8506,A,6481.5428,A,5673.3955,A
CPMI_CT2:A:CH:H:CH1P:V:V:S,"A","Annual","CH","Switzerland","H","Payment systems, large-value & retail","CH1P","Swiss Interbank Clearing","V","Payment transactions","V","Value","S","Per transaction","A","All users","3","Thousands","S","Summed through period","3","PS3","AVERAGE VALUE OF TRANSACTIONS (PER SYSTEM), IN USD",78.5488,A,82.0339,A,75.7824,A,91.6253,A,88.2148,A,86.2655,A,65.4851,A
CPMI_CT2:A:CH:H:CH1P:X:N:N,"A","Annual","CH","Switzerland","H","Payment systems, large-value & retail","CH1P","Swiss Interbank Clearing","X","All participants","N","Number","N","Units","A","All users","0","Units","E","End of period","0","PS4","TOTAL NUMBER OF PARTICIPANTS",378,A,368,A,358,A,350,A,337,A,333,A,325,A
CPMI_CT2:A:CH:H:CH1P:Y:N:N,"A","Annual","CH","Switzerland","H","Payment systems, large-value & retail","CH1P","Swiss Interbank Clearing","Y","Directly connected participants","N","Number","N","Units","A","All users","0","Units","E","End of period","0","PS4","TOTAL NUMBER OF PARTICIPANTS OF WHICH DIRECTLY CONNECTED PARTICIPANTS",378,A,368,A,358,A,350,A,337,A,333,A,325,A
CPMI_CT2:A:CH:U:CH1C:V:N:G,"A","Annual","CH","Switzerland","U","Central counterparties/clearing houses","CH1C","SIX x-clear (Total)","V","Payment transactions","N","Number","G","Annual growth","A","All users","0","Units","S","Summed through period","2","CCP2","INCREASE IN THE NUMBER OF TRANSACTIONS (PER CCP OR CLEARING HOUSE)",,,32.0122,A,30.5074,A,26.6776,A,8.3058,A,-24.979,A,21.3377,A
CPMI_CT2:A:CH:U:CH1C:V:N:N,"A","Annual","CH","Switzerland","U","Central counterparties/clearing houses","CH1C","SIX x-clear (Total)","V","Payment transactions","N","Number","N","Units","A","All users","3","Thousands","S","Summed through period","3","CCP2","NUMBER OF TRANSACTIONS (TOTAL NUMBER OF CONTRACTS AND TRANSACTIONS PER CCP OR CLEARING HOUSE)",183046,A,241643,A,315362,A,399492.897,A,432673.993,A,324596.213,A,393857.459,A
CPMI_CT2:A:CH:U:CH1C:V:V:A,"A","Annual","CH","Switzerland","U","Central counterparties/clearing houses","CH1C","SIX x-clear (Total)","V","Payment transactions","V","Value","A","In USD","A","All users","9","Billions","S","Summed through period","3","CCP3","VALUE OF TRANSACTIONS (TOTAL VALUE OF CONTRACTS AND TRANSACTIONS PER CCP OR CLEARING HOUSE), IN USD",2081.6217,A,2482.7463,A,3144.7151,A,3456.4873,A,3364.5925,A,2978.4829,A,3818.4868,A
CPMI_CT2:A:CH:U:CH1C:V:V:H,"A","Annual","CH","Switzerland","U","Central counterparties/clearing houses","CH1C","SIX x-clear (Total)","V","Payment transactions","V","Value","H","Annual real growth","A","All users","0","Units","S","Summed through period","2","CCP3","INCREASE IN THE REAL VALUE OF TRANSACTIONS (PER CCP OR CLEARING HOUSE)",,,19.5296,A,26.6795,A,11.186,A,-2.2337,A,-11.9457,A,27.0132,A
CPMI_CT2:A:CH:U:CH1C:V:V:I,"A","Annual","CH","Switzerland","U","Central counterparties/clearing houses","CH1C","SIX x-clear (Total)","V","Payment transactions","V","Value","I","In % of GDP","A","All users","0","Units","S","Summed through period","3","CCP3","VALUE OF TRANSACTIONS AS A PERCENTAGE OF GDP (PER CCP OR CLEARING HOUSE)",311.9318,A,360.7473,A,443.1343,A,508.68,A,501.1293,A,438.0255,A,541.896,A
CPMI_CT2:A:CH:U:CH1C:V:V:S,"A","Annual","CH","Switzerland","U","Central counterparties/clearing houses","CH1C","SIX x-clear (Total)","V","Payment transactions","V","Value","S","Per transaction","A","All users","3","Thousands","S","Summed through period","3","CCP3","AVERAGE VALUE OF TRANSACTIONS (PER CCP OR CLEARING HOUSE), IN USD",11.3721,A,10.2744,A,9.9718,A,8.6522,A,7.7763,A,9.176,A,9.6951,A
CPMI_CT2:A:CH:U:CH1C:Z:N:N,"A","Annual","CH","Switzerland","U","Central counterparties/clearing houses","CH1C","SIX x-clear (Total)","Z","Clearing members","N","Number","N","Units","A","All users","0","Units","E","End of period","0","CCP4","NUMBER OF CLEARING MEMBERS IN CCPs AND CLEARING HOUSES",70,A,70,A,68,A,66,A,84,A,82,A,81,A
CPMI_CT2:A:CH:U:CH2C:V:N:G,"A","Annual","CH","Switzerland","U","Central counterparties/clearing houses","CH2C","SIX x-clear of which, in Switzerland","V","Payment transactions","N","Number","G","Annual growth","A","All users","0","Units","S","Summed through period","2","CCP2","INCREASE IN THE NUMBER OF TRANSACTIONS (PER CCP OR CLEARING HOUSE)",,,,L,,L,,L,,L,-10.3341,A,-34.3655,A
CPMI_CT2:A:CH:U:CH2C:V:N:N,"A","Annual","CH","Switzerland","U","Central counterparties/clearing houses","CH2C","SIX x-clear of which, in Switzerland","V","Payment transactions","N","Number","N","Units","A","All users","3","Thousands","S","Summed through period","3","CCP2","NUMBER OF TRANSACTIONS (TOTAL NUMBER OF CONTRACTS AND TRANSACTIONS PER CCP OR CLEARING HOUSE)",,L,,L,,L,,L,61154.408,A,54834.651,A,35990.458,A
CPMI_CT2:A:CH:U:CH2C:V:V:A,"A","Annual","CH","Switzerland","U","Central counterparties/clearing houses","CH2C","SIX x-clear of which, in Switzerland","V","Payment transactions","V","Value","A","In USD","A","All users","9","Billions","S","Summed through period","3","CCP3","VALUE OF TRANSACTIONS (TOTAL VALUE OF CONTRACTS AND TRANSACTIONS PER CCP OR CLEARING HOUSE), IN USD",,L,,L,,L,,L,1010.6131,A,964.5287,A,670.26,A
CPMI_CT2:A:CH:U:CH2C:V:V:H,"A","Annual","CH","Switzerland","U","Central counterparties/clearing houses","CH2C","SIX x-clear of which, in Switzerland","V","Payment transactions","V","Value","H","Annual real growth","A","All users","0","Units","S","Summed through period","2","CCP3","INCREASE IN THE REAL VALUE OF TRANSACTIONS (PER CCP OR CLEARING HOUSE)",,,,L,,L,,L,,L,-5.0668,A,-31.1537,A
CPMI_CT2:A:CH:U:CH2C:V:V:I,"A","Annual","CH","Switzerland","U","Central counterparties/clearing houses","CH2C","SIX x-clear of which, in Switzerland","V","Payment transactions","V","Value","I","In % of GDP","A","All users","0","Units","S","Summed through period","3","CCP3","VALUE OF TRANSACTIONS AS A PERCENTAGE OF GDP (PER CCP OR CLEARING HOUSE)",,L,,L,,L,,L,150.5228,A,141.8468,A,95.1192,A
CPMI_CT2:A:CH:U:CH2C:V:V:S,"A","Annual","CH","Switzerland","U","Central counterparties/clearing houses","CH2C","SIX x-clear of which, in Switzerland","V","Payment transactions","V","Value","S","Per transaction","A","All users","3","Thousands","S","Summed through period","3","CCP3","AVERAGE VALUE OF TRANSACTIONS (PER CCP OR CLEARING HOUSE), IN USD",,L,,L,,L,,L,16.5256,A,17.5898,A,18.6233,A
CPMI_CT2:A:CH:U:CH2C:Z:N:N,"A","Annual","CH","Switzerland","U","Central counterparties/clearing houses","CH2C","SIX x-clear of which, in Switzerland","Z","Clearing members","N","Number","N","Units","A","All users","0","Units","E","End of period","0","CCP4","NUMBER OF CLEARING MEMBERS IN CCPs AND CLEARING HOUSES",,L,,L,,L,,L,,L,47,A,47,A
CPMI_CT2:A:CH:U:CH3C:Z:N:N,"A","Annual","CH","Switzerland","U","Central counterparties/clearing houses","CH3C","SIX x-clear of which, in Germany","Z","Clearing members","N","Number","N","Units","A","All users","0","Units","E","End of period","0","CCP4","NUMBER OF CLEARING MEMBERS IN CCPs AND CLEARING HOUSES",,L,,L,,L,,L,,L,6,A,6,A
CPMI_CT2:A:CH:U:CH4C:V:N:G,"A","Annual","CH","Switzerland","U","Central counterparties/clearing houses","CH4C","SIX x-clear of which, in United Kingdom","V","Payment transactions","N","Number","G","Annual growth","A","All users","0","Units","S","Summed through period","2","CCP2","INCREASE IN THE NUMBER OF TRANSACTIONS (PER CCP OR CLEARING HOUSE)",,,,L,,L,,L,,L,-32.7218,A,14.909,A
CPMI_CT2:A:CH:U:CH4C:V:N:N,"A","Annual","CH","Switzerland","U","Central counterparties/clearing houses","CH4C","SIX x-clear of which, in United Kingdom","V","Payment transactions","N","Number","N","Units","A","All users","3","Thousands","S","Summed through period","3","CCP2","NUMBER OF TRANSACTIONS (TOTAL NUMBER OF CONTRACTS AND TRANSACTIONS PER CCP OR CLEARING HOUSE)",,L,,L,,L,,L,341240.465,A,229580.379,A,263808.617,A
CPMI_CT2:A:CH:U:CH4C:V:V:A,"A","Annual","CH","Switzerland","U","Central counterparties/clearing houses","CH4C","SIX x-clear of which, in United Kingdom","V","Payment transactions","V","Value","A","In USD","A","All users","9","Billions","S","Summed through period","3","CCP3","VALUE OF TRANSACTIONS (TOTAL VALUE OF CONTRACTS AND TRANSACTIONS PER CCP OR CLEARING HOUSE), IN USD",,L,,L,,L,,L,2180.3326,A,1773.8751,A,2639.3877,A
CPMI_CT2:A:CH:U:CH4C:V:V:H,"A","Annual","CH","Switzerland","U","Central counterparties/clearing houses","CH4C","SIX x-clear of which, in United Kingdom","V","Payment transactions","V","Value","H","Annual real growth","A","All users","0","Units","S","Summed through period","2","CCP3","INCREASE IN THE REAL VALUE OF TRANSACTIONS (PER CCP OR CLEARING HOUSE)",,,,L,,L,,L,,L,-19.074,A,47.412,A
CPMI_CT2:A:CH:U:CH4C:V:V:I,"A","Annual","CH","Switzerland","U","Central counterparties/clearing houses","CH4C","SIX x-clear of which, in United Kingdom","V","Payment transactions","V","Value","I","In % of GDP","A","All users","0","Units","S","Summed through period","3","CCP3","VALUE OF TRANSACTIONS AS A PERCENTAGE OF GDP (PER CCP OR CLEARING HOUSE)",,L,,L,,L,,L,324.7432,A,260.8719,A,374.5656,A
CPMI_CT2:A:CH:U:CH4C:V:V:S,"A","Annual","CH","Switzerland","U","Central counterparties/clearing houses","CH4C","SIX x-clear of which, in United Kingdom","V","Payment transactions","V","Value","S","Per transaction","A","All users","3","Thousands","S","Summed through period","3","CCP3","AVERAGE VALUE OF TRANSACTIONS (PER CCP OR CLEARING HOUSE), IN USD",,L,,L,,L,,L,6.3894,A,7.7266,A,10.0049,A
CPMI_CT2:A:CH:U:CH4C:Z:N:N,"A","Annual","CH","Switzerland","U","Central counterparties/clearing houses","CH4C","SIX x-clear of which, in United Kingdom","Z","Clearing members","N","Number","N","Units","A","All users","0","Units","E","End of period","0","CCP4","NUMBER OF CLEARING MEMBERS IN CCPs AND CLEARING HOUSES",,L,,L,,L,,L,,L,8,A,9,A
CPMI_CT2:A:CH:U:CH5C:V:N:G,"A","Annual","CH","Switzerland","U","Central counterparties/clearing houses","CH5C","SIX x-clear of which, in Sweden","V","Payment transactions","N","Number","G","Annual growth","A","All users","0","Units","S","Summed through period","2","CCP2","INCREASE IN THE NUMBER OF TRANSACTIONS (PER CCP OR CLEARING HOUSE)",,,,L,,L,,L,,L,,L,370.8886,A
CPMI_CT2:A:CH:U:CH5C:V:N:N,"A","Annual","CH","Switzerland","U","Central counterparties/clearing houses","CH5C","SIX x-clear of which, in Sweden","V","Payment transactions","N","Number","N","Units","A","All users","3","Thousands","S","Summed through period","3","CCP2","NUMBER OF TRANSACTIONS (TOTAL NUMBER OF CONTRACTS AND TRANSACTIONS PER CCP OR CLEARING HOUSE)",,L,,L,,L,,L,,L,10172.775,A,47902.434,A
CPMI_CT2:A:CH:U:CH5C:V:V:A,"A","Annual","CH","Switzerland","U","Central counterparties/clearing houses","CH5C","SIX x-clear of which, in Sweden","V","Payment transactions","V","Value","A","In USD","A","All users","9","Billions","S","Summed through period","3","CCP3","VALUE OF TRANSACTIONS (TOTAL VALUE OF CONTRACTS AND TRANSACTIONS PER CCP OR CLEARING HOUSE), IN USD",,L,,L,,L,,L,,L,56.3706,A,229.7643,A
CPMI_CT2:A:CH:U:CH5C:V:V:H,"A","Annual","CH","Switzerland","U","Central counterparties/clearing houses","CH5C","SIX x-clear of which, in Sweden","V","Payment transactions","V","Value","H","Annual real growth","A","All users","0","Units","S","Summed through period","2","CCP3","INCREASE IN THE REAL VALUE OF TRANSACTIONS (PER CCP OR CLEARING HOUSE)",,,,L,,L,,L,,L,,L,303.8151,A
CPMI_CT2:A:CH:U:CH5C:V:V:I,"A","Annual","CH","Switzerland","U","Central counterparties/clearing houses","CH5C","SIX x-clear of which, in Sweden","V","Payment transactions","V","Value","I","In % of GDP","A","All users","0","Units","S","Summed through period","3","CCP3","VALUE OF TRANSACTIONS AS A PERCENTAGE OF GDP (PER CCP OR CLEARING HOUSE)",,L,,L,,L,,L,,L,8.29,A,32.6067,A
CPMI_CT2:A:CH:U:CH5C:V:V:S,"A","Annual","CH","Switzerland","U","Central counterparties/clearing houses","CH5C","SIX x-clear of which, in Sweden","V","Payment transactions","V","Value","S","Per transaction","A","All users","3","Thousands","S","Summed through period","3","CCP3","AVERAGE VALUE OF TRANSACTIONS (PER CCP OR CLEARING HOUSE), IN USD",,L,,L,,L,,L,,L,5.5413,A,4.7965,A
CPMI_CT2:A:CH:U:CH5C:Z:N:N,"A","Annual","CH","Switzerland","U","Central counterparties/clearing houses","CH5C","SIX x-clear of which, in Sweden","Z","Clearing members","N","Number","N","Units","A","All users","0","Units","E","End of period","0","CCP4","NUMBER OF CLEARING MEMBERS IN CCPs AND CLEARING HOUSES",,L,,L,,L,,L,,L,3,A,3,A
CPMI_CT2:A:CH:U:CH6C:V:N:G,"A","Annual","CH","Switzerland","U","Central counterparties/clearing houses","CH6C","SIX x-clear of which, in Other","V","Payment transactions","N","Number","G","Annual growth","A","All users","0","Units","S","Summed through period","2","CCP2","INCREASE IN THE NUMBER OF TRANSACTIONS (PER CCP OR CLEARING HOUSE)",,,,L,,L,,L,,L,-0.89406,A,53.8101,A
CPMI_CT2:A:CH:U:CH6C:V:N:N,"A","Annual","CH","Switzerland","U","Central counterparties/clearing houses","CH6C","SIX x-clear of which, in Other","V","Payment transactions","N","Number","N","Units","A","All users","3","Thousands","S","Summed through period","3","CCP2","NUMBER OF TRANSACTIONS (TOTAL NUMBER OF CONTRACTS AND TRANSACTIONS PER CCP OR CLEARING HOUSE)",,L,,L,,L,,L,30279.12,A,30008.408,A,46155.95,A
CPMI_CT2:A:CH:U:CH6C:V:V:A,"A","Annual","CH","Switzerland","U","Central counterparties/clearing houses","CH6C","SIX x-clear of which, in Other","V","Payment transactions","V","Value","A","In USD","A","All users","9","Billions","S","Summed through period","3","CCP3","VALUE OF TRANSACTIONS (TOTAL VALUE OF CONTRACTS AND TRANSACTIONS PER CCP OR CLEARING HOUSE), IN USD",,L,,L,,L,,L,173.6469,A,183.7085,A,279.0748,A
CPMI_CT2:A:CH:U:CH6C:V:V:H,"A","Annual","CH","Switzerland","U","Central counterparties/clearing houses","CH6C","SIX x-clear of which, in Other","V","Payment transactions","V","Value","H","Annual real growth","A","All users","0","Units","S","Summed through period","2","CCP3","INCREASE IN THE REAL VALUE OF TRANSACTIONS (PER CCP OR CLEARING HOUSE)",,,,L,,L,,L,,L,5.2326,A,50.5026,A
CPMI_CT2:A:CH:U:CH6C:V:V:I,"A","Annual","CH","Switzerland","U","Central counterparties/clearing houses","CH6C","SIX x-clear of which, in Other","V","Payment transactions","V","Value","I","In % of GDP","A","All users","0","Units","S","Summed through period","3","CCP3","VALUE OF TRANSACTIONS AS A PERCENTAGE OF GDP (PER CCP OR CLEARING HOUSE)",,L,,L,,L,,L,25.8633,A,27.0168,A,39.6046,A
CPMI_CT2:A:CH:U:CH6C:V:V:S,"A","Annual","CH","Switzerland","U","Central counterparties/clearing houses","CH6C","SIX x-clear of which, in Other","V","Payment transactions","V","Value","S","Per transaction","A","All users","3","Thousands","S","Summed through period","3","CCP3","AVERAGE VALUE OF TRANSACTIONS (PER CCP OR CLEARING HOUSE), IN USD",,L,,L,,L,,L,5.7349,A,6.1219,A,6.0463,A
CPMI_CT2:A:CH:U:CH6C:Z:N:N,"A","Annual","CH","Switzerland","U","Central counterparties/clearing houses","CH6C","SIX x-clear of which, in Other","Z","Clearing members","N","Number","N","Units","A","All users","0","Units","E","End of period","0","CCP4","NUMBER OF CLEARING MEMBERS IN CCPs AND CLEARING HOUSES",,L,,L,,L,,L,,L,18,A,16,A
CPMI_CT2:A:CH:V:CH1S:O:N:N,"A","Annual","CH","Switzerland","V","Central securities depositories","CH1S","SIX SIS","O","Securities held","N","Number","N","Units","A","All users","3","Thousands","E","End of period","3","CSD5","TOTAL NUMBER OF SECURITIES HELD",254.209,A,285.463,A,296.354,A,325.561,A,632.717,A,639.95,A,666.204,A
CPMI_CT2:A:CH:V:CH1S:O:V:A,"A","Annual","CH","Switzerland","V","Central securities depositories","CH1S","SIX SIS","O","Securities held","V","Value","A","In USD","A","All users","6","Millions","S","Summed through period","3","CSD5","TOTAL VALUE OF SECURITIES HELD, IN USD",2863044.2801,A,3119066.8696,A,3498923.3199,A,3256867.1029,A,3200406.2357,A,3394318.1882,A,3164430.9741,A
CPMI_CT2:A:CH:V:CH1S:W:N:G,"A","Annual","CH","Switzerland","V","Central securities depositories","CH1S","SIX SIS","W","Delivery instructions","N","Number","G","Annual growth","A","All users","0","Units","S","Summed through period","2","CSD2","INCREASE IN THE NUMBER OF DELIVERY INSTRUCTIONS (PER CSD)",-23.6018,A,7.365,A,2.9578,A,21.5207,A,-53.621,A,0.48244,A,-6.7877,A
CPMI_CT2:A:CH:V:CH1S:W:N:N,"A","Annual","CH","Switzerland","V","Central securities depositories","CH1S","SIX SIS","W","Delivery instructions","N","Number","N","Units","A","All users","3","Thousands","S","Summed through period","3","CSD2","NUMBER OF DELIVERY INSTRUCTIONS (TOTAL NUMBER OF DELIVERY INSTRUCTIONS PER CSD)",49817,A,53486,A,55068,A,66919,A,31036.382,A,31186.113,A,29069.304,A
CPMI_CT2:A:CH:V:CH1S:W:V:A,"A","Annual","CH","Switzerland","V","Central securities depositories","CH1S","SIX SIS","W","Delivery instructions","V","Value","A","In USD","A","All users","9","Billions","S","Summed through period","3","CSD3","VALUE OF DELIVERY INSTRUCTIONS (TOTAL VALUE OF DELIVERY INSTRUCTIONS PER CSD), IN USD",5735.148,A,4191.0816,A,4504.2763,A,6678.6698,A,6196.2135,A,6081.0941,A,7904.8265,A
CPMI_CT2:A:CH:V:CH1S:W:V:H,"A","Annual","CH","Switzerland","V","Central securities depositories","CH1S","SIX SIS","W","Delivery instructions","V","Value","H","Annual real growth","A","All users","0","Units","S","Summed through period","2","CSD3","INCREASE IN THE REAL VALUE OF DELIVERY INSTRUCTIONS (PER CSD)",-58.5295,A,-26.7637,A,7.4871,A,49.9897,A,-6.8188,A,-2.379,A,28.7844,A
CPMI_CT2:A:CH:V:CH1S:W:V:I,"A","Annual","CH","Switzerland","V","Central securities depositories","CH1S","SIX SIS","W","Delivery instructions","V","Value","I","In % of GDP","A","All users","0","Units","S","Summed through period","2","CSD3","VALUE OF DELIVERY INSTRUCTIONS AS A PERCENTAGE OF GDP (PER CSD)",859.4141,A,608.9713,A,634.7155,A,982.878,A,922.8767,A,894.3058,A,1121.8041,A
CPMI_CT2:A:CH:V:CH1S:W:V:S,"A","Annual","CH","Switzerland","V","Central securities depositories","CH1S","SIX SIS","W","Delivery instructions","V","Value","S","Per transaction","A","All users","3","Thousands","S","Summed through period","3","CSD3","AVERAGE VALUE PER DELIVERY INSTRUCTIONS (PER CSD), IN USD",115.1243,A,78.3585,A,81.7948,A,99.8023,A,199.6436,A,194.9937,A,271.9304,A
CPMI_CT2:A:CH:V:CH1S:X:N:N,"A","Annual","CH","Switzerland","V","Central securities depositories","CH1S","SIX SIS","X","All participants","N","Number","N","Units","A","All users","0","Units","E","End of period","0","CSD4","TOTAL NUMBER OF PARTICIPANTS (TOTAL NUMBER OF DIRECT PARTICIPANTS IN CSDs)",375,A,367,A,354,A,342,A,322,A,304,A,303,A
CPMI_CT2:A:CN:A:CN1P:P:N:F,"A","Annual","CN","China","A","Payment systems, large-value","CN1P","HVPS","P","Concentration ratio in terms of volume","N","Number","F","Percent","A","All users","0","Units","S","Summed through period","2","PS4","CONCENTRATION RATIO IN TERMS OF VOLUME",57.56,A,58.63,A,58.41,A,58.27,A,57.67,A,57.62,A,58.69,A
CPMI_CT2:A:CN:A:CN1P:Q:N:F,"A","Annual","CN","China","A","Payment systems, large-value","CN1P","HVPS","Q","Concentration ratio in terms of value","N","Number","F","Percent","A","All users","0","Units","S","Summed through period","2","PS4","CONCENTRATION RATIO IN TERMS OF VALUE",40.31,A,41,A,35.09,A,33.78,A,26.19,A,33.16,A,33.91,A
CPMI_CT2:A:CN:A:CN1P:V:N:G,"A","Annual","CN","China","A","Payment systems, large-value","CN1P","HVPS","V","Payment transactions","N","Number","G","Annual growth","A","All users","0","Units","S","Summed through period","2","PS2","INCREASE IN THE NUMBER OF TRANSACTIONS (TOTAL GROSS VOLUME PER SYSTEM)",,,26.6021,A,19.6609,A,10.7041,A,4.669,A,12.8886,A,15.1295,A
CPMI_CT2:A:CN:A:CN1P:V:N:N,"A","Annual","CN","China","A","Payment systems, large-value","CN1P","HVPS","V","Payment transactions","N","Number","N","Units","A","All users","6","Millions","S","Summed through period","3","PS2","NUMBER OF TRANSACTIONS (TOTAL GROSS VOLUME PER SYSTEM)",470.361,A,595.487,A,712.565,A,788.839,A,825.67,A,932.087,A,1073.107,A
CPMI_CT2:A:CN:A:CN1P:V:V:A,"A","Annual","CN","China","A","Payment systems, large-value","CN1P","HVPS","V","Payment transactions","V","Value","A","In USD","A","All users","9","Billions","S","Summed through period","3","PS3","VALUE OF TRANSACTIONS (TOTAL GROSS VALUE PER SYSTEM), IN USD",280852.4047,A,335191.4472,A,380915.0438,A,469669.2874,A,544261.4521,A,552156.7366,A,657754.5816,A
CPMI_CT2:A:CN:A:CN1P:V:V:H,"A","Annual","CN","China","A","Payment systems, large-value","CN1P","HVPS","V","Payment transactions","V","Value","H","Annual real growth","A","All users","0","Units","S","Summed through period","2","PS3","INCREASE IN THE REAL VALUE OF TRANSACTIONS (PER SYSTEM)",,,16.3603,A,11.3509,A,21.4247,A,13.4778,A,-0.065943,A,16.8727,A
CPMI_CT2:A:CN:A:CN1P:V:V:I,"A","Annual","CN","China","A","Payment systems, large-value","CN1P","HVPS","V","Payment transactions","V","Value","I","In % of GDP","A","All users","0","Units","S","Summed through period","3","PS3","VALUE OF TRANSACTIONS AS A PERCENTAGE OF GDP (PER SYSTEM)",3275.478,A,3452.0767,A,3626.3267,A,4222.5984,A,4849.9775,A,4595.6758,A,4922.3771,A
CPMI_CT2:A:CN:A:CN1P:V:V:S,"A","Annual","CN","China","A","Payment systems, large-value","CN1P","HVPS","V","Payment transactions","V","Value","S","Per transaction","A","All users","3","Thousands","S","Summed through period","3","PS3","AVERAGE VALUE OF TRANSACTIONS (PER SYSTEM), IN USD",597.0997,A,562.8863,A,534.5688,A,595.3931,A,659.1755,A,592.3876,A,612.9441,A
CPMI_CT2:A:CN:A:CN1P:X:N:N,"A","Annual","CN","China","A","Payment systems, large-value","CN1P","HVPS","X","All participants","N","Number","N","Units","A","All users","0","Units","E","End of period","0","PS4","TOTAL NUMBER OF PARTICIPANTS",119214,A,125937,A,131653,A,137488,A,141329,A,143981,A,146559,A
CPMI_CT2:A:CN:A:CN1P:Y:N:N,"A","Annual","CN","China","A","Payment systems, large-value","CN1P","HVPS","Y","Directly connected participants","N","Number","N","Units","A","All users","0","Units","E","End of period","0","PS4","TOTAL NUMBER OF PARTICIPANTS OF WHICH DIRECTLY CONNECTED PARTICIPANTS",1783,A,1799,A,773,A,656,A,305,A,310,A,318,A
CPMI_CT2:A:CN:B:CN2P:V:N:G,"A","Annual","CN","China","B","Payment systems, retail","CN2P","BEPS","V","Payment transactions","N","Number","G","Annual growth","A","All users","0","Units","S","Summed through period","2","PS2","INCREASE IN THE NUMBER OF TRANSACTIONS (TOTAL GROSS VOLUME PER SYSTEM)",,,37.9794,A,38.0214,A,27.8219,A,27.954,A,7.6326,A,-13.6395,A
CPMI_CT2:A:CN:B:CN2P:V:N:N,"A","Annual","CN","China","B","Payment systems, retail","CN2P","BEPS","V","Payment transactions","N","Number","N","Units","A","All users","6","Millions","S","Summed through period","3","PS2","NUMBER OF TRANSACTIONS (TOTAL GROSS VOLUME PER SYSTEM)",753.935,A,1040.275,A,1435.802,A,1835.27,A,2348.301,A,2527.538,A,2182.794,A
CPMI_CT2:A:CN:B:CN2P:V:V:A,"A","Annual","CN","China","B","Payment systems, retail","CN2P","BEPS","V","Payment transactions","V","Value","A","In USD","A","All users","9","Billions","S","Summed through period","3","PS3","VALUE OF TRANSACTIONS (TOTAL GROSS VALUE PER SYSTEM), IN USD",2939.7231,A,3304.3859,A,3582.9265,A,3967.9723,A,4652.4981,A,4903.9777,A,5368.5339,A
CPMI_CT2:A:CN:B:CN2P:V:V:H,"A","Annual","CN","China","B","Payment systems, retail","CN2P","BEPS","V","Payment transactions","V","Value","H","Annual real growth","A","All users","0","Units","S","Summed through period","2","PS3","INCREASE IN THE REAL VALUE OF TRANSACTIONS (PER SYSTEM)",-0.17759,A,9.5909,A,6.2443,A,9.0621,A,14.8188,A,3.8296,A,7.4036,A
CPMI_CT2:A:CN:B:CN2P:V:V:I,"A","Annual","CN","China","B","Payment systems, retail","CN2P","BEPS","V","Payment transactions","V","Value","I","In % of GDP","A","All users","0","Units","S","Summed through period","3","PS3","VALUE OF TRANSACTIONS AS A PERCENTAGE OF GDP (PER SYSTEM)",34.2849,A,34.0313,A,34.1096,A,35.6744,A,41.459,A,40.8165,A,40.176,A
CPMI_CT2:A:CN:B:CN2P:V:V:S,"A","Annual","CN","China","B","Payment systems, retail","CN2P","BEPS","V","Payment transactions","V","Value","S","Per transaction","A","All users","3","Thousands","S","Summed through period","3","PS3","AVERAGE VALUE OF TRANSACTIONS (PER SYSTEM), IN USD",3.8992,A,3.1765,A,2.4954,A,2.1621,A,1.9812,A,1.9402,A,2.4595,A
CPMI_CT2:A:CN:B:CN2P:X:N:N,"A","Annual","CN","China","B","Payment systems, retail","CN2P","BEPS","X","All participants","N","Number","N","Units","A","All users","0","Units","E","End of period","0","PS4","TOTAL NUMBER OF PARTICIPANTS",119115,A,125823,A,131522,A,137012,A,140825,A,134390,A,146029,A
CPMI_CT2:A:CN:B:CN2P:Y:N:N,"A","Annual","CN","China","B","Payment systems, retail","CN2P","BEPS","Y","Directly connected participants","N","Number","N","Units","A","All users","0","Units","E","End of period","0","PS4","TOTAL NUMBER OF PARTICIPANTS OF WHICH DIRECTLY CONNECTED PARTICIPANTS",1791,A,1807,A,774,A,640,A,284,A,293,A,294,A
CPMI_CT2:A:CN:B:CN3P:V:N:G,"A","Annual","CN","China","B","Payment systems, retail","CN3P","ACH","V","Payment transactions","N","Number","G","Annual growth","A","All users","0","Units","S","Summed through period","2","PS2","INCREASE IN THE NUMBER OF TRANSACTIONS (TOTAL GROSS VOLUME PER SYSTEM)",,,7.1611,A,-8.3974,A,2.9551,A,-5.7423,A,-3.6078,A,-1.1528,A
CPMI_CT2:A:CN:B:CN3P:V:N:N,"A","Annual","CN","China","B","Payment systems, retail","CN3P","ACH","V","Payment transactions","N","Number","N","Units","A","All users","6","Millions","S","Summed through period","3","PS2","NUMBER OF TRANSACTIONS (TOTAL GROSS VOLUME PER SYSTEM)",391,A,419,A,383.815,A,395.157,A,372.466,A,359.028,A,354.889,A
CPMI_CT2:A:CN:B:CN3P:V:V:A,"A","Annual","CN","China","B","Payment systems, retail","CN3P","ACH","V","Payment transactions","V","Value","A","In USD","A","All users","9","Billions","S","Summed through period","3","PS3","VALUE OF TRANSACTIONS (TOTAL GROSS VALUE PER SYSTEM), IN USD",10543.0762,A,11107.652,A,10260.881,A,19781.7958,A,19686.4547,A,19360.2319,A,16926.0612,A
CPMI_CT2:A:CN:B:CN3P:V:V:H,"A","Annual","CN","China","B","Payment systems, retail","CN3P","ACH","V","Payment transactions","V","Value","H","Annual real growth","A","All users","0","Units","S","Summed through period","2","PS3","INCREASE IN THE REAL VALUE OF TRANSACTIONS (PER SYSTEM)",,,2.7177,A,-9.4849,A,89.8559,A,-2.5465,A,-3.1272,A,-14.2258,A
CPMI_CT2:A:CN:B:CN3P:V:V:I,"A","Annual","CN","China","B","Payment systems, retail","CN3P","ACH","V","Payment transactions","V","Value","I","In % of GDP","A","All users","0","Units","S","Summed through period","3","PS3","VALUE OF TRANSACTIONS AS A PERCENTAGE OF GDP (PER SYSTEM)",122.96,A,114.3957,A,97.684,A,177.8498,A,175.4283,A,161.1378,A,126.668,A
CPMI_CT2:A:CN:B:CN3P:V:V:S,"A","Annual","CN","China","B","Payment systems, retail","CN3P","ACH","V","Payment transactions","V","Value","S","Per transaction","A","All users","3","Thousands","S","Summed through period","3","PS3","AVERAGE VALUE OF TRANSACTIONS (PER SYSTEM), IN USD",26.9644,A,26.5099,A,26.7339,A,50.0606,A,52.8544,A,53.924,A,47.694,A
CPMI_CT2:A:CN:B:CN4P:V:N:G,"A","Annual","CN","China","B","Payment systems, retail","CN4P","CUPS","V","Payment transactions","N","Number","G","Annual growth","A","All users","0","Units","S","Summed through period","2","PS2","INCREASE IN THE NUMBER OF TRANSACTIONS (TOTAL GROSS VOLUME PER SYSTEM)",,,19.8356,A,19.1156,A,75.0136,A,14.9714,A,23.508,A,-10.3004,A
CPMI_CT2:A:CN:B:CN4P:V:N:N,"A","Annual","CN","China","B","Payment systems, retail","CN4P","CUPS","V","Payment transactions","N","Number","N","Units","A","All users","6","Millions","S","Summed through period","3","PS2","NUMBER OF TRANSACTIONS (TOTAL GROSS VOLUME PER SYSTEM)",8273,A,9914,A,11809.123,A,20667.574,A,23761.801,A,29347.721,A,26324.783,A
CPMI_CT2:A:CN:B:CN4P:V:V:A,"A","Annual","CN","China","B","Payment systems, retail","CN4P","CUPS","V","Payment transactions","V","Value","A","In USD","A","All users","9","Billions","S","Summed through period","3","PS3","VALUE OF TRANSACTIONS (TOTAL GROSS VALUE PER SYSTEM), IN USD",3128.688,A,4523.412,A,5454.7342,A,7839.6476,A,10094.1031,A,13885.6769,A,17990.0952,A
CPMI_CT2:A:CN:B:CN4P:V:V:H,"A","Annual","CN","China","B","Payment systems, retail","CN4P","CUPS","V","Payment transactions","V","Value","H","Annual real growth","A","All users","0","Units","S","Summed through period","2","PS3","INCREASE IN THE REAL VALUE OF TRANSACTIONS (PER SYSTEM)",,,40.9594,A,18.1588,A,41.5357,A,26.086,A,35.5058,A,27.1095,A
CPMI_CT2:A:CN:B:CN4P:V:V:I,"A","Annual","CN","China","B","Payment systems, retail","CN4P","CUPS","V","Payment transactions","V","Value","I","In % of GDP","A","All users","0","Units","S","Summed through period","3","PS3","VALUE OF TRANSACTIONS AS A PERCENTAGE OF GDP (PER SYSTEM)",36.4887,A,46.5858,A,51.9293,A,70.483,A,89.9497,A,115.5724,A,134.6308,A
CPMI_CT2:A:CN:B:CN4P:V:V:S,"A","Annual","CN","China","B","Payment systems, retail","CN4P","CUPS","V","Payment transactions","V","Value","S","Per transaction","A","All users","3","Thousands","S","Summed through period","3","PS3","AVERAGE VALUE OF TRANSACTIONS (PER SYSTEM), IN USD",0.37818,A,0.45627,A,0.46191,A,0.37932,A,0.4248,A,0.47314,A,0.68339,A
CPMI_CT2:A:CN:B:CN4P:X:N:N,"A","Annual","CN","China","B","Payment systems, retail","CN4P","CUPS","X","All participants","N","Number","N","Units","A","All users","0","Units","E","End of period","0","PS4","TOTAL NUMBER OF PARTICIPANTS",,L,,L,,L,,L,,L,1928,A,2194,A
CPMI_CT2:A:CN:C:CN5P:V:N:G,"A","Annual","CN","China","C","Payment systems, fast payments","CN5P","IBPS","V","Payment transactions","N","Number","G","Annual growth","A","All users","0","Units","S","Summed through period","2","PS2","INCREASE IN THE NUMBER OF TRANSACTIONS (TOTAL GROSS VOLUME PER SYSTEM)",,,78.9474,A,244.3582,A,80.9206,A,50.1626,A,90.0741,A,42.9282,A
CPMI_CT2:A:CN:C:CN5P:V:N:N,"A","Annual","CN","China","C","Payment systems, fast payments","CN5P","IBPS","V","Payment transactions","N","Number","N","Units","A","All users","6","Millions","S","Summed through period","3","PS2","NUMBER OF TRANSACTIONS (TOTAL GROSS VOLUME PER SYSTEM)",266,A,476,A,1639.145,A,2965.551,A,4453.148,A,8464.279,A,12097.8449,A
CPMI_CT2:A:CN:C:CN5P:V:V:A,"A","Annual","CN","China","C","Payment systems, fast payments","CN5P","IBPS","V","Payment transactions","V","Value","A","In USD","A","All users","9","Billions","S","Summed through period","3","PS3","VALUE OF TRANSACTIONS (TOTAL GROSS VALUE PER SYSTEM), IN USD",564.2416,A,1049.1193,A,2887.3148,A,4416.0129,A,5637.9705,A,9131.9369,A,13454.9853,A
CPMI_CT2:A:CN:C:CN5P:V:V:H,"A","Annual","CN","China","C","Payment systems, fast payments","CN5P","IBPS","V","Payment transactions","V","Value","H","Annual real growth","A","All users","0","Units","S","Summed through period","2","PS3","INCREASE IN THE REAL VALUE OF TRANSACTIONS (PER SYSTEM)",,,81.28,A,169.667,A,50.6188,A,25.0225,A,59.5507,A,44.5546,A
CPMI_CT2:A:CN:C:CN5P:V:V:I,"A","Annual","CN","China","C","Payment systems, fast payments","CN5P","IBPS","V","Payment transactions","V","Value","I","In % of GDP","A","All users","0","Units","S","Summed through period","3","PS3","VALUE OF TRANSACTIONS AS A PERCENTAGE OF GDP (PER SYSTEM)",6.5805,A,10.8047,A,27.4874,A,39.7025,A,50.2406,A,76.0064,A,100.6918,A
CPMI_CT2:A:CN:C:CN5P:V:V:S,"A","Annual","CN","China","C","Payment systems, fast payments","CN5P","IBPS","V","Payment transactions","V","Value","S","Per transaction","A","All users","3","Thousands","S","Summed through period","3","PS3","AVERAGE VALUE OF TRANSACTIONS (PER SYSTEM), IN USD",2.1212,A,2.204,A,1.7615,A,1.4891,A,1.2661,A,1.0789,A,1.1122,A
CPMI_CT2:A:CN:C:CN5P:X:N:N,"A","Annual","CN","China","C","Payment systems, fast payments","CN5P","IBPS","X","All participants","N","Number","N","Units","A","All users","0","Units","E","End of period","0","PS4","TOTAL NUMBER OF PARTICIPANTS",119,A,132,A,138,A,153,A,195,A,275,A,290,A
CPMI_CT2:A:CN:C:CN5P:Y:N:N,"A","Annual","CN","China","C","Payment systems, fast payments","CN5P","IBPS","Y","Directly connected participants","N","Number","N","Units","A","All users","0","Units","E","End of period","0","PS4","TOTAL NUMBER OF PARTICIPANTS OF WHICH DIRECTLY CONNECTED PARTICIPANTS",119,A,132,A,138,A,153,A,174,A,189,A,199,A
CPMI_CT2:A:CN:U:CN1C:Z:N:N,"A","Annual","CN","China","U","Central counterparties/clearing houses","CN1C","SD&C","Z","Clearing members","N","Number","N","Units","A","All users","0","Units","E","End of period","0","CCP4","NUMBER OF CLEARING MEMBERS IN CCPs AND CLEARING HOUSES",223,A,226,A,230,A,251,A,256,A,264,A,261,A
CPMI_CT2:A:CN:V:CN1S:O:N:N,"A","Annual","CN","China","V","Central securities depositories","CN1S","SD&C","O","Securities held","N","Number","N","Units","A","All users","3","Thousands","E","End of period","3","CSD5","TOTAL NUMBER OF SECURITIES HELD",4.094,A,5.069,A,6.33,A,8.508,A,13.055,A,15.449,A,17.344,A
CPMI_CT2:A:CN:V:CN1S:O:V:A,"A","Annual","CN","China","V","Central securities depositories","CN1S","SD&C","O","Securities held","V","Value","A","In USD","A","All users","6","Millions","S","Summed through period","3","CSD5","TOTAL VALUE OF SECURITIES HELD, IN USD",3885201.2425,A,4261986.7164,A,6584202.036,A,9214719.5546,A,8893250.9323,A,9814593.4213,A,8215727.0532,A
CPMI_CT2:A:CN:V:CN1S:W:N:G,"A","Annual","CN","China","V","Central securities depositories","CN1S","SD&C","W","Delivery instructions","N","Number","G","Annual growth","A","All users","0","Units","S","Summed through period","2","CSD2","INCREASE IN THE NUMBER OF DELIVERY INSTRUCTIONS (PER CSD)",-13.6808,A,38.7262,A,36.2228,A,167.1661,A,-36.546,A,-2.9668,A,-3.275,A
CPMI_CT2:A:CN:V:CN1S:W:N:N,"A","Annual","CN","China","V","Central securities depositories","CN1S","SD&C","W","Delivery instructions","N","Number","N","Units","A","All users","3","Thousands","S","Summed through period","3","CSD2","NUMBER OF DELIVERY INSTRUCTIONS (TOTAL NUMBER OF DELIVERY INSTRUCTIONS PER CSD)",2058595.6,A,2855811.1,A,3890264.6,A,10393466.55,A,6595071.25,A,6399410.85,A,6189829.65,A
CPMI_CT2:A:CN:V:CN1S:W:V:A,"A","Annual","CN","China","V","Central securities depositories","CN1S","SD&C","W","Delivery instructions","V","Value","A","In USD","A","All users","9","Billions","S","Summed through period","3","CSD3","VALUE OF DELIVERY INSTRUCTIONS (TOTAL VALUE OF DELIVERY INSTRUCTIONS PER CSD), IN USD",16628.5105,A,27886.5598,A,40840.3952,A,82135.3802,A,88832.1133,A,90275.3971,A,78900.1266,A
CPMI_CT2:A:CN:V:CN1S:W:V:H,"A","Annual","CN","China","V","Central securities depositories","CN1S","SD&C","W","Delivery instructions","V","Value","H","Annual real growth","A","All users","0","Units","S","Summed through period","2","CSD3","INCREASE IN THE REAL VALUE OF DELIVERY INSTRUCTIONS (PER CSD)",24.3722,A,63.5053,A,43.5005,A,98.0539,A,5.9096,A,0.10554,A,-14.2528,A
CPMI_CT2:A:CN:V:CN1S:W:V:I,"A","Annual","CN","China","V","Central securities depositories","CN1S","SD&C","W","Delivery instructions","V","Value","I","In % of GDP","A","All users","0","Units","S","Summed through period","2","CSD3","VALUE OF DELIVERY INSTRUCTIONS AS A PERCENTAGE OF GDP (PER CSD)",193.9322,A,287.1987,A,388.8022,A,738.4445,A,791.5934,A,751.3744,A,590.4576,A
CPMI_CT2:A:CN:V:CN1S:W:V:S,"A","Annual","CN","China","V","Central securities depositories","CN1S","SD&C","W","Delivery instructions","V","Value","S","Per transaction","A","All users","3","Thousands","S","Summed through period","3","CSD3","AVERAGE VALUE PER DELIVERY INSTRUCTIONS (PER CSD), IN USD",8.0776,A,9.7648,A,10.4981,A,7.9026,A,13.4695,A,14.1068,A,12.7467,A
CPMI_CT2:A:CN:V:CN2S:O:N:N,"A","Annual","CN","China","V","Central securities depositories","CN2S","CDC depository and settlement system","O","Securities held","N","Number","N","Units","A","All users","3","Thousands","E","End of period","3","CSD5","TOTAL NUMBER OF SECURITIES HELD",3.57,A,4.234,A,4.857,A,6.163,A,7.459,A,8.674,A,9.158,A
CPMI_CT2:A:CN:V:CN2S:O:V:A,"A","Annual","CN","China","V","Central securities depositories","CN2S","CDC depository and settlement system","O","Securities held","V","Value","A","In USD","A","All users","6","Millions","S","Summed through period","3","CSD5","TOTAL VALUE OF SECURITIES HELD, IN USD",3765347.6093,A,4214584.7423,A,4663004.0679,A,5575177.9443,A,6580988.7825,A,7539638.7443,A,8705391.7108,A
CPMI_CT2:A:CN:V:CN2S:W:N:G,"A","Annual","CN","China","V","Central securities depositories","CN2S","CDC depository and settlement system","W","Delivery instructions","N","Number","G","Annual growth","A","All users","0","Units","S","Summed through period","2","CSD2","INCREASE IN THE NUMBER OF DELIVERY INSTRUCTIONS (PER CSD)",13.9018,A,-22.1035,A,1.9354,A,45.2172,A,48.8641,A,-10.452,A,50.1402,A
CPMI_CT2:A:CN:V:CN2S:W:N:N,"A","Annual","CN","China","V","Central securities depositories","CN2S","CDC depository and settlement system","W","Delivery instructions","N","Number","N","Units","A","All users","3","Thousands","S","Summed through period","3","CSD2","NUMBER OF DELIVERY INSTRUCTIONS (TOTAL NUMBER OF DELIVERY INSTRUCTIONS PER CSD)",587.364,A,457.536,A,466.391,A,677.28,A,1008.227,A,902.847,A,1355.536,A
CPMI_CT2:A:CN:V:CN2S:W:V:A,"A","Annual","CN","China","V","Central securities depositories","CN2S","CDC depository and settlement system","W","Delivery instructions","V","Value","A","In USD","A","All users","9","Billions","S","Summed through period","3","CSD3","VALUE OF DELIVERY INSTRUCTIONS (TOTAL VALUE OF DELIVERY INSTRUCTIONS PER CSD), IN USD",11228.221,A,6014.1748,A,5029.3912,A,9632.2568,A,11970.3321,A,7729.8829,A,11794.8087,A
CPMI_CT2:A:CN:V:CN2S:W:V:H,"A","Annual","CN","China","V","Central securities depositories","CN2S","CDC depository and settlement system","W","Delivery instructions","V","Value","H","Annual real growth","A","All users","0","Units","S","Summed through period","2","CSD3","INCREASE IN THE REAL VALUE OF DELIVERY INSTRUCTIONS (PER CSD)",4.3619,A,-47.7778,A,-18.0596,A,88.6061,A,21.6953,A,-36.39,A,49.7026,A
CPMI_CT2:A:CN:V:CN2S:W:V:I,"A","Annual","CN","China","V","Central securities depositories","CN2S","CDC depository and settlement system","W","Delivery instructions","V","Value","I","In % of GDP","A","All users","0","Units","S","Summed through period","2","CSD3","VALUE OF DELIVERY INSTRUCTIONS AS A PERCENTAGE OF GDP (PER CSD)",130.9506,A,61.9389,A,47.88,A,86.5996,A,106.669,A,64.3369,A,88.2677,A
CPMI_CT2:A:CN:V:CN2S:W:V:S,"A","Annual","CN","China","V","Central securities depositories","CN2S","CDC depository and settlement system","W","Delivery instructions","V","Value","S","Per transaction","A","All users","3","Thousands","S","Summed through period","3","CSD3","AVERAGE VALUE PER DELIVERY INSTRUCTIONS (PER CSD), IN USD",19116.2907,A,13144.703,A,10783.6369,A,14221.9714,A,11872.6557,A,8561.6754,A,8701.2139,A
CPMI_CT2:A:CN:V:CN2S:X:N:N,"A","Annual","CN","China","V","Central securities depositories","CN2S","CDC depository and settlement system","X","All participants","N","Number","N","Units","A","All users","0","Units","E","End of period","0","CSD4","TOTAL NUMBER OF PARTICIPANTS (TOTAL NUMBER OF DIRECT PARTICIPANTS IN CSDs)",12415,A,6075,A,6681,A,10018,A,15300,A,18741,A,20345,A
CPMI_CT2:A:DE:A:DE1P:P:N:F,"A","Annual","DE","Germany","A","Payment systems, large-value","DE1P","TARGET2-BBk","P","Concentration ratio in terms of volume","N","Number","F","Percent","A","All users","0","Units","S","Summed through period","2","PS4","CONCENTRATION RATIO IN TERMS OF VOLUME",50.12,A,50,A,49.23,A,52.46,A,51.44,A,50.99,A,48.15,A
CPMI_CT2:A:DE:A:DE1P:Q:N:F,"A","Annual","DE","Germany","A","Payment systems, large-value","DE1P","TARGET2-BBk","Q","Concentration ratio in terms of value","N","Number","F","Percent","A","All users","0","Units","S","Summed through period","2","PS4","CONCENTRATION RATIO IN TERMS OF VALUE",28.91,A,29.54,A,26.21,A,45.8,A,43.59,A,42.42,A,38.83,A
CPMI_CT2:A:DE:A:DE1P:V:N:G,"A","Annual","DE","Germany","A","Payment systems, large-value","DE1P","TARGET2-BBk","V","Payment transactions","N","Number","G","Annual growth","A","All users","0","Units","S","Summed through period","2","PS2","INCREASE IN THE NUMBER OF TRANSACTIONS (TOTAL GROSS VOLUME PER SYSTEM)",,,1.3467,A,-6.982,A,8.2324,A,-0.44743,A,0.44944,A,6.0403,A
CPMI_CT2:A:DE:A:DE1P:V:N:N,"A","Annual","DE","Germany","A","Payment systems, large-value","DE1P","TARGET2-BBk","V","Payment transactions","N","Number","N","Units","A","All users","6","Millions","S","Summed through period","3","PS2","NUMBER OF TRANSACTIONS (TOTAL GROSS VOLUME PER SYSTEM)",43.81,A,44.4,A,41.3,A,44.7,A,44.5,A,44.7,A,47.4,A
CPMI_CT2:A:DE:A:DE1P:V:V:A,"A","Annual","DE","Germany","A","Payment systems, large-value","DE1P","TARGET2-BBk","V","Payment transactions","V","Value","A","In USD","A","All users","9","Billions","S","Summed through period","3","PS3","VALUE OF TRANSACTIONS (TOTAL GROSS VALUE PER SYSTEM), IN USD",353929.0914,A,297820.7357,A,224347.7275,A,227138.3485,A,222495.0956,A,211881.9826,A,226361.4364,A
CPMI_CT2:A:DE:A:DE1P:V:V:H,"A","Annual","DE","Germany","A","Payment systems, large-value","DE1P","TARGET2-BBk","V","Payment transactions","V","Value","H","Annual real growth","A","All users","0","Units","S","Summed through period","2","PS3","INCREASE IN THE REAL VALUE OF TRANSACTIONS (PER SYSTEM)",,,-17.0985,A,-25.3709,A,0.70382,A,-2.5236,A,-6.1862,A,5.0147,A
CPMI_CT2:A:DE:A:DE1P:V:V:I,"A","Annual","DE","Germany","A","Payment systems, large-value","DE1P","TARGET2-BBk","V","Payment transactions","V","Value","I","In % of GDP","A","All users","0","Units","S","Summed through period","3","PS3","VALUE OF TRANSACTIONS AS A PERCENTAGE OF GDP (PER SYSTEM)",10041.0141,A,7979.3944,A,5755.9118,A,6719.0082,A,6364.7786,A,5734.76,A,5666.2693,A
CPMI_CT2:A:DE:A:DE1P:V:V:S,"A","Annual","DE","Germany","A","Payment systems, large-value","DE1P","TARGET2-BBk","V","Payment transactions","V","Value","S","Per transaction","A","All users","3","Thousands","S","Summed through period","3","PS3","AVERAGE VALUE OF TRANSACTIONS (PER SYSTEM), IN USD",8078.7284,A,6707.6742,A,5432.1484,A,5081.3948,A,4999.8898,A,4740.0891,A,4775.5577,A
CPMI_CT2:A:DE:A:DE1P:X:N:N,"A","Annual","DE","Germany","A","Payment systems, large-value","DE1P","TARGET2-BBk","X","All participants","N","Number","N","Units","A","All users","0","Units","E","End of period","0","PS4","TOTAL NUMBER OF PARTICIPANTS",2744,A,874,A,944,A,865,A,989,A,959,A,941,A
CPMI_CT2:A:DE:A:DE1P:Y:N:N,"A","Annual","DE","Germany","A","Payment systems, large-value","DE1P","TARGET2-BBk","Y","Directly connected participants","N","Number","N","Units","A","All users","0","Units","E","End of period","0","PS4","TOTAL NUMBER OF PARTICIPANTS OF WHICH DIRECTLY CONNECTED PARTICIPANTS",283,A,644,A,719,A,719,A,848,A,816,A,802,A
CPMI_CT2:A:DE:B:DE3P:V:N:G,"A","Annual","DE","Germany","B","Payment systems, retail","DE3P","RPS","V","Payment transactions","N","Number","G","Annual growth","A","All users","0","Units","S","Summed through period","2","PS2","INCREASE IN THE NUMBER OF TRANSACTIONS (TOTAL GROSS VOLUME PER SYSTEM)",,,10.5936,A,30.8056,A,-6.2159,A,11.841,A,2.5178,A,8.7697,A
CPMI_CT2:A:DE:B:DE3P:V:N:N,"A","Annual","DE","Germany","B","Payment systems, retail","DE3P","RPS","V","Payment transactions","N","Number","N","Units","A","All users","6","Millions","S","Summed through period","3","PS2","NUMBER OF TRANSACTIONS (TOTAL GROSS VOLUME PER SYSTEM)",2817.079,A,3115.51,A,4075.263,A,3821.947,A,4274.505,A,4382.13,A,4766.43,A
CPMI_CT2:A:DE:B:DE3P:V:V:A,"A","Annual","DE","Germany","B","Payment systems, retail","DE3P","RPS","V","Payment transactions","V","Value","A","In USD","A","All users","9","Billions","S","Summed through period","3","PS3","VALUE OF TRANSACTIONS (TOTAL GROSS VALUE PER SYSTEM), IN USD",3224.1323,A,3639.5463,A,4614.3138,A,3535.86,A,3415.1595,A,3583.7981,A,3906.7689,A
CPMI_CT2:A:DE:B:DE3P:V:V:H,"A","Annual","DE","Germany","B","Payment systems, retail","DE3P","RPS","V","Payment transactions","V","Value","H","Annual real growth","A","All users","0","Units","S","Summed through period","2","PS3","INCREASE IN THE REAL VALUE OF TRANSACTIONS (PER SYSTEM)",,,11.2136,A,25.6034,A,-23.7807,A,-3.8862,A,3.3775,A,7.1559,A
CPMI_CT2:A:DE:B:DE3P:V:V:I,"A","Annual","DE","Germany","B","Payment systems, retail","DE3P","RPS","V","Payment transactions","V","Value","I","In % of GDP","A","All users","0","Units","S","Summed through period","3","PS3","VALUE OF TRANSACTIONS AS A PERCENTAGE OF GDP (PER SYSTEM)",91.4691,A,97.5129,A,118.3858,A,104.5947,A,97.6953,A,96.9984,A,97.7941,A
CPMI_CT2:A:DE:B:DE3P:V:V:S,"A","Annual","DE","Germany","B","Payment systems, retail","DE3P","RPS","V","Payment transactions","V","Value","S","Per transaction","A","All users","3","Thousands","S","Summed through period","3","PS3","AVERAGE VALUE OF TRANSACTIONS (PER SYSTEM), IN USD",1.1445,A,1.1682,A,1.1323,A,0.92515,A,0.79896,A,0.81782,A,0.81964,A
CPMI_CT2:A:DE:B:DE3P:X:N:N,"A","Annual","DE","Germany","B","Payment systems, retail","DE3P","RPS","X","All participants","N","Number","N","Units","A","All users","0","Units","E","End of period","0","PS4","TOTAL NUMBER OF PARTICIPANTS",204,A,207,A,175,A,182,A,187,A,194,A,186,A
CPMI_CT2:A:DE:B:DE3P:Y:N:N,"A","Annual","DE","Germany","B","Payment systems, retail","DE3P","RPS","Y","Directly connected participants","N","Number","N","Units","A","All users","0","Units","E","End of period","0","PS4","TOTAL NUMBER OF PARTICIPANTS OF WHICH DIRECTLY CONNECTED PARTICIPANTS",204,A,207,A,175,A,182,A,187,A,194,A,186,A
CPMI_CT2:A:DE:B:DE4P:V:N:G,"A","Annual","DE","Germany","B","Payment systems, retail","DE4P","STEP2 Card Clearing","V","Payment transactions","N","Number","G","Annual growth","A","All users","0","Units","S","Summed through period","2","PS2","INCREASE IN THE NUMBER OF TRANSACTIONS (TOTAL GROSS VOLUME PER SYSTEM)",,,,,,,,,,,13.1127,A,22.0905,A
CPMI_CT2:A:DE:B:DE4P:V:N:N,"A","Annual","DE","Germany","B","Payment systems, retail","DE4P","STEP2 Card Clearing","V","Payment transactions","N","Number","N","Units","A","All users","6","Millions","S","Summed through period","3","PS2","NUMBER OF TRANSACTIONS (TOTAL GROSS VOLUME PER SYSTEM)",,,,,,,,,1544.356,A,1746.863,A,2132.754,A
CPMI_CT2:A:DE:B:DE4P:V:V:A,"A","Annual","DE","Germany","B","Payment systems, retail","DE4P","STEP2 Card Clearing","V","Payment transactions","V","Value","A","In USD","A","All users","9","Billions","S","Summed through period","3","PS3","VALUE OF TRANSACTIONS (TOTAL GROSS VALUE PER SYSTEM), IN USD",,,,,,,,,107.2795,A,120.4706,A,144.4844,A
CPMI_CT2:A:DE:B:DE4P:V:V:H,"A","Annual","DE","Germany","B","Payment systems, retail","DE4P","STEP2 Card Clearing","V","Payment transactions","V","Value","H","Annual real growth","A","All users","0","Units","S","Summed through period","2","PS3","INCREASE IN THE REAL VALUE OF TRANSACTIONS (PER SYSTEM)",,,,,,,,,,,10.6262,A,17.8912,A
CPMI_CT2:A:DE:B:DE4P:V:V:I,"A","Annual","DE","Germany","B","Payment systems, retail","DE4P","STEP2 Card Clearing","V","Payment transactions","V","Value","I","In % of GDP","A","All users","0","Units","S","Summed through period","3","PS3","VALUE OF TRANSACTIONS AS A PERCENTAGE OF GDP (PER SYSTEM)",,,,,,,,,3.0689,A,3.2606,A,3.6167,A
CPMI_CT2:A:DE:B:DE4P:V:V:S,"A","Annual","DE","Germany","B","Payment systems, retail","DE4P","STEP2 Card Clearing","V","Payment transactions","V","Value","S","Per transaction","A","All users","3","Thousands","S","Summed through period","3","PS3","AVERAGE VALUE OF TRANSACTIONS (PER SYSTEM), IN USD",,,,,,,,,0.069466,A,0.068964,A,0.067745,A
CPMI_CT2:A:DE:B:DE4P:X:N:N,"A","Annual","DE","Germany","B","Payment systems, retail","DE4P","STEP2 Card Clearing","X","All participants","N","Number","N","Units","A","All users","0","Units","E","End of period","0","PS4","TOTAL NUMBER OF PARTICIPANTS",,,,,,,,,2041,A,2041,A,2032,A
CPMI_CT2:A:DE:B:DE4P:Y:N:N,"A","Annual","DE","Germany","B","Payment systems, retail","DE4P","STEP2 Card Clearing","Y","Directly connected participants","N","Number","N","Units","A","All users","0","Units","E","End of period","0","PS4","TOTAL NUMBER OF PARTICIPANTS OF WHICH DIRECTLY CONNECTED PARTICIPANTS",,,,,,,,,7,A,7,A,7,A
CPMI_CT2:A:DE:U:DE2C:V:N:G,"A","Annual","DE","Germany","U","Central counterparties/clearing houses","DE2C","Eurex clearing AG","V","Payment transactions","N","Number","G","Annual growth","A","All users","0","Units","S","Summed through period","2","CCP2","INCREASE IN THE NUMBER OF TRANSACTIONS (PER CCP OR CLEARING HOUSE)",,,-5.7234,A,-4.2892,A,12.9319,A,3.0033,A,-2.4448,A,15.2382,A
CPMI_CT2:A:DE:U:DE2C:V:N:N,"A","Annual","DE","Germany","U","Central counterparties/clearing houses","DE2C","Eurex clearing AG","V","Payment transactions","N","Number","N","Units","A","All users","3","Thousands","S","Summed through period","3","CCP2","NUMBER OF TRANSACTIONS (TOTAL NUMBER OF CONTRACTS AND TRANSACTIONS PER CCP OR CLEARING HOUSE)",3514683,A,3313522,A,3171397,A,3581518,A,3689081,A,3598890,A,4147297,A
CPMI_CT2:A:DE:U:DE2C:V:V:A,"A","Annual","DE","Germany","U","Central counterparties/clearing houses","DE2C","Eurex clearing AG","V","Payment transactions","V","Value","A","In USD","A","All users","9","Billions","S","Summed through period","3","CCP3","VALUE OF TRANSACTIONS (TOTAL VALUE OF CONTRACTS AND TRANSACTIONS PER CCP OR CLEARING HOUSE), IN USD",247156.0728,A,274867.5671,A,288550.4489,A,272488.9976,A,261287.119,A,279483.8457,A,331834.8821,A
CPMI_CT2:A:DE:U:DE2C:V:V:H,"A","Annual","DE","Germany","U","Central counterparties/clearing houses","DE2C","Eurex clearing AG","V","Payment transactions","V","Value","H","Annual real growth","A","All users","0","Units","S","Summed through period","2","CCP3","INCREASE IN THE REAL VALUE OF TRANSACTIONS (PER CCP OR CLEARING HOUSE)",,,9.566,A,4.0016,A,-6.07,A,-4.5802,A,5.3737,A,16.7097,A
CPMI_CT2:A:DE:U:DE2C:V:V:I,"A","Annual","DE","Germany","U","Central counterparties/clearing houses","DE2C","Eurex clearing AG","V","Payment transactions","V","Value","I","In % of GDP","A","All users","0","Units","S","Summed through period","3","CCP3","VALUE OF TRANSACTIONS AS A PERCENTAGE OF GDP (PER CCP OR CLEARING HOUSE)",7011.8498,A,7364.4191,A,7403.1101,A,8060.5314,A,7474.4779,A,7564.4599,A,8306.4759,A
CPMI_CT2:A:DE:U:DE2C:V:V:S,"A","Annual","DE","Germany","U","Central counterparties/clearing houses","DE2C","Eurex clearing AG","V","Payment transactions","V","Value","S","Per transaction","A","All users","3","Thousands","S","Summed through period","3","CCP3","AVERAGE VALUE OF TRANSACTIONS (PER CCP OR CLEARING HOUSE), IN USD",70.321,A,82.9533,A,90.9853,A,76.082,A,70.8272,A,77.6583,A,80.0123,A
CPMI_CT2:A:DE:U:DE2C:Z:N:N,"A","Annual","DE","Germany","U","Central counterparties/clearing houses","DE2C","Eurex clearing AG","Z","Clearing members","N","Number","N","Units","A","All users","0","Units","E","End of period","0","CCP4","NUMBER OF CLEARING MEMBERS IN CCPs AND CLEARING HOUSES",163,A,175,A,183,A,186,A,195,A,190,A,209,A
CPMI_CT2:A:DE:V:DE1S:O:N:N,"A","Annual","DE","Germany","V","Central securities depositories","DE1S","Clearstream Banking Frankfurt","O","Securities held","N","Number","N","Units","A","All users","3","Thousands","E","End of period","3","CSD5","TOTAL NUMBER OF SECURITIES HELD",2655.679,A,3938.353,A,4171.112,A,4702.99,A,4050,A,3832.016,A,3923.71,A
CPMI_CT2:A:DE:V:DE1S:O:V:A,"A","Annual","DE","Germany","V","Central securities depositories","DE1S","Clearstream Banking Frankfurt","O","Securities held","V","Value","A","In USD","A","All users","6","Millions","S","Summed through period","3","CSD5","TOTAL VALUE OF SECURITIES HELD, IN USD",7707663.1127,A,8464923.2509,A,10045577.837,A,8655948.1359,A,8539993.8046,A,9329849.0822,A,10355993.8743,A
CPMI_CT2:A:DE:V:DE1S:W:N:G,"A","Annual","DE","Germany","V","Central securities depositories","DE1S","Clearstream Banking Frankfurt","W","Delivery instructions","N","Number","G","Annual growth","A","All users","0","Units","S","Summed through period","2","CSD2","INCREASE IN THE NUMBER OF DELIVERY INSTRUCTIONS (PER CSD)",-16.4216,A,15.4165,A,-9.1947,A,10.5585,A,-8.3768,A,6.2006,A,6.2764,A
CPMI_CT2:A:DE:V:DE1S:W:N:N,"A","Annual","DE","Germany","V","Central securities depositories","DE1S","Clearstream Banking Frankfurt","W","Delivery instructions","N","Number","N","Units","A","All users","3","Thousands","S","Summed through period","3","CSD2","NUMBER OF DELIVERY INSTRUCTIONS (TOTAL NUMBER OF DELIVERY INSTRUCTIONS PER CSD)",52795.348,A,60934.554,A,55331.835,A,61174.039,A,56049.6,A,59525,A,63261,A
CPMI_CT2:A:DE:V:DE1S:W:V:A,"A","Annual","DE","Germany","V","Central securities depositories","DE1S","Clearstream Banking Frankfurt","W","Delivery instructions","V","Value","A","In USD","A","All users","9","Billions","S","Summed through period","3","CSD3","VALUE OF DELIVERY INSTRUCTIONS (TOTAL VALUE OF DELIVERY INSTRUCTIONS PER CSD), IN USD",71623.2731,A,79239.652,A,105763.7746,A,73982.5013,A,51530.9341,A,51065.2981,A,59286.6496,A
CPMI_CT2:A:DE:V:DE1S:W:V:H,"A","Annual","DE","Germany","V","Central securities depositories","DE1S","Clearstream Banking Frankfurt","W","Delivery instructions","V","Value","H","Annual real growth","A","All users","0","Units","S","Summed through period","2","CSD3","INCREASE IN THE REAL VALUE OF DELIVERY INSTRUCTIONS (PER CSD)",-36.8983,A,8.9964,A,32.2318,A,-30.4224,A,-30.688,A,-2.3772,A,14.1229,A
CPMI_CT2:A:DE:V:DE1S:W:V:I,"A","Annual","DE","Germany","V","Central securities depositories","DE1S","Clearstream Banking Frankfurt","W","Delivery instructions","V","Value","I","In % of GDP","A","All users","0","Units","S","Summed through period","2","CSD3","VALUE OF DELIVERY INSTRUCTIONS AS A PERCENTAGE OF GDP (PER CSD)",2031.9615,A,2123.037,A,2713.4973,A,2188.4857,A,1474.1133,A,1382.1243,A,1484.0608,A
CPMI_CT2:A:DE:V:DE1S:W:V:S,"A","Annual","DE","Germany","V","Central securities depositories","DE1S","Clearstream Banking Frankfurt","W","Delivery instructions","V","Value","S","Per transaction","A","All users","3","Thousands","S","Summed through period","3","CSD3","AVERAGE VALUE PER DELIVERY INSTRUCTIONS (PER CSD), IN USD",1356.6209,A,1300.4059,A,1911.4453,A,1209.3774,A,919.3809,A,857.8799,A,937.1753,A
CPMI_CT2:A:DE:V:DE1S:X:N:N,"A","Annual","DE","Germany","V","Central securities depositories","DE1S","Clearstream Banking Frankfurt","X","All participants","N","Number","N","Units","A","All users","0","Units","E","End of period","0","CSD4","TOTAL NUMBER OF PARTICIPANTS (TOTAL NUMBER OF DIRECT PARTICIPANTS IN CSDs)",405,A,359,A,298,A,288,A,270,A,302,A,330,A
CPMI_CT2:A:ES:A:ES2P:P:N:F,"A","Annual","ES","Spain","A","Payment systems, large-value","ES2P","TARGET2-ES","P","Concentration ratio in terms of volume","N","Number","F","Percent","A","All users","0","Units","S","Summed through period","2","PS4","CONCENTRATION RATIO IN TERMS OF VOLUME",49.45,A,53.172,A,60.6,A,63.7,A,59.3,A,59.5,A,73.7,A
CPMI_CT2:A:ES:A:ES2P:Q:N:F,"A","Annual","ES","Spain","A","Payment systems, large-value","ES2P","TARGET2-ES","Q","Concentration ratio in terms of value","N","Number","F","Percent","A","All users","0","Units","S","Summed through period","2","PS4","CONCENTRATION RATIO IN TERMS OF VALUE",63.14,A,63.64,A,61.8,A,62.2,A,62.8,A,62.2,A,70.6,A
CPMI_CT2:A:ES:A:ES2P:V:N:G,"A","Annual","ES","Spain","A","Payment systems, large-value","ES2P","TARGET2-ES","V","Payment transactions","N","Number","G","Annual growth","A","All users","0","Units","S","Summed through period","2","PS2","INCREASE IN THE NUMBER OF TRANSACTIONS (TOTAL GROSS VOLUME PER SYSTEM)",,,,L,,L,2.1832,A,34.4828,A,1.5485,A,-39.8554,A
CPMI_CT2:A:ES:A:ES2P:V:N:N,"A","Annual","ES","Spain","A","Payment systems, large-value","ES2P","TARGET2-ES","V","Payment transactions","N","Number","N","Units","A","All users","6","Millions","S","Summed through period","3","PS2","NUMBER OF TRANSACTIONS (TOTAL GROSS VOLUME PER SYSTEM)",,L,,L,7.237,A,7.395,A,9.945,A,10.099,A,6.074,A
CPMI_CT2:A:ES:A:ES2P:V:V:A,"A","Annual","ES","Spain","A","Payment systems, large-value","ES2P","TARGET2-ES","V","Payment transactions","V","Value","A","In USD","A","All users","9","Billions","S","Summed through period","3","PS3","VALUE OF TRANSACTIONS (TOTAL GROSS VALUE PER SYSTEM), IN USD",,L,,L,82538.9227,A,63634.462,A,51561.0567,A,30436.2781,A,18981.4319,A
CPMI_CT2:A:ES:A:ES2P:V:V:H,"A","Annual","ES","Spain","A","Payment systems, large-value","ES2P","TARGET2-ES","V","Payment transactions","V","Value","H","Annual real growth","A","All users","0","Units","S","Summed through period","2","PS3","INCREASE IN THE REAL VALUE OF TRANSACTIONS (PER SYSTEM)",,,,L,,L,-22.5159,A,-18.8085,A,-42.1029,A,-38.6629,A
CPMI_CT2:A:ES:A:ES2P:V:V:I,"A","Annual","ES","Spain","A","Payment systems, large-value","ES2P","TARGET2-ES","V","Payment transactions","V","Value","I","In % of GDP","A","All users","0","Units","S","Summed through period","3","PS3","VALUE OF TRANSACTIONS AS A PERCENTAGE OF GDP (PER SYSTEM)",,L,,L,5996.1725,A,5308.3171,A,4165.8829,A,2314.8183,A,1331.5412,A
CPMI_CT2:A:ES:A:ES2P:V:V:S,"A","Annual","ES","Spain","A","Payment systems, large-value","ES2P","TARGET2-ES","V","Payment transactions","V","Value","S","Per transaction","A","All users","3","Thousands","S","Summed through period","3","PS3","AVERAGE VALUE OF TRANSACTIONS (PER SYSTEM), IN USD",,L,,L,11405.1296,A,8605.0659,A,5184.6211,A,3013.7913,A,3125.03,A
CPMI_CT2:A:ES:A:ES2P:X:N:N,"A","Annual","ES","Spain","A","Payment systems, large-value","ES2P","TARGET2-ES","X","All participants","N","Number","N","Units","A","All users","0","Units","E","End of period","0","PS4","TOTAL NUMBER OF PARTICIPANTS",191,A,182,A,179,A,175,A,167,A,155,A,152,A
CPMI_CT2:A:ES:A:ES2P:Y:N:N,"A","Annual","ES","Spain","A","Payment systems, large-value","ES2P","TARGET2-ES","Y","Directly connected participants","N","Number","N","Units","A","All users","0","Units","E","End of period","0","PS4","TOTAL NUMBER OF PARTICIPANTS OF WHICH DIRECTLY CONNECTED PARTICIPANTS",101,A,96,A,95,A,92,A,89,A,83,A,77,A
CPMI_CT2:A:ES:B:ES1P:V:N:G,"A","Annual","ES","Spain","B","Payment systems, retail","ES1P","SNCE","V","Payment transactions","N","Number","G","Annual growth","A","All users","0","Units","S","Summed through period","2","PS2","INCREASE IN THE NUMBER OF TRANSACTIONS (TOTAL GROSS VOLUME PER SYSTEM)",,,,L,,L,0.41282,A,2.4238,A,4.8524,A,3.5142,A
CPMI_CT2:A:ES:B:ES1P:V:N:N,"A","Annual","ES","Spain","B","Payment systems, retail","ES1P","SNCE","V","Payment transactions","N","Number","N","Units","A","All users","6","Millions","S","Summed through period","3","PS2","NUMBER OF TRANSACTIONS (TOTAL GROSS VOLUME PER SYSTEM)",,L,,L,1670.691,A,1677.588,A,1718.249,A,1801.626,A,1864.938,A
CPMI_CT2:A:ES:B:ES1P:V:V:A,"A","Annual","ES","Spain","B","Payment systems, retail","ES1P","SNCE","V","Payment transactions","V","Value","A","In USD","A","All users","9","Billions","S","Summed through period","3","PS3","VALUE OF TRANSACTIONS (TOTAL GROSS VALUE PER SYSTEM), IN USD",,L,,L,1939.3189,A,1703.8138,A,1750.1033,A,1960.6919,A,2133.926,A
CPMI_CT2:A:ES:B:ES1P:V:V:H,"A","Annual","ES","Spain","B","Payment systems, retail","ES1P","SNCE","V","Payment transactions","V","Value","H","Annual real growth","A","All users","0","Units","S","Summed through period","2","PS3","INCREASE IN THE REAL VALUE OF TRANSACTIONS (PER SYSTEM)",,,,L,,L,-11.7018,A,2.9254,A,9.8835,A,7.0423,A
CPMI_CT2:A:ES:B:ES1P:V:V:I,"A","Annual","ES","Spain","B","Payment systems, retail","ES1P","SNCE","V","Payment transactions","V","Value","I","In % of GDP","A","All users","0","Units","S","Summed through period","3","PS3","VALUE OF TRANSACTIONS AS A PERCENTAGE OF GDP (PER SYSTEM)",,L,,L,140.8849,A,142.1303,A,141.3998,A,149.1196,A,149.6942,A
CPMI_CT2:A:ES:B:ES1P:V:V:S,"A","Annual","ES","Spain","B","Payment systems, retail","ES1P","SNCE","V","Payment transactions","V","Value","S","Per transaction","A","All users","3","Thousands","S","Summed through period","3","PS3","AVERAGE VALUE OF TRANSACTIONS (PER SYSTEM), IN USD",,L,,L,1.1608,A,1.0156,A,1.0185,A,1.0883,A,1.1442,A
CPMI_CT2:A:ES:B:ES1P:X:N:N,"A","Annual","ES","Spain","B","Payment systems, retail","ES1P","SNCE","X","All participants","N","Number","N","Units","A","All users","0","Units","E","End of period","0","PS4","TOTAL NUMBER OF PARTICIPANTS",187,A,172,A,165,A,164,A,153,A,151,A,141,A
CPMI_CT2:A:ES:B:ES1P:Y:N:N,"A","Annual","ES","Spain","B","Payment systems, retail","ES1P","SNCE","Y","Directly connected participants","N","Number","N","Units","A","All users","0","Units","E","End of period","0","PS4","TOTAL NUMBER OF PARTICIPANTS OF WHICH DIRECTLY CONNECTED PARTICIPANTS",20,A,18,A,17,A,16,A,16,A,17,A,15,A
CPMI_CT2:A:ES:U:ES1C:V:N:G,"A","Annual","ES","Spain","U","Central counterparties/clearing houses","ES1C","BME_Clearing","V","Payment transactions","N","Number","G","Annual growth","A","All users","0","Units","S","Summed through period","2","CCP2","INCREASE IN THE NUMBER OF TRANSACTIONS (PER CCP OR CLEARING HOUSE)",,,-18.5806,A,2.9411,A,-15.0731,A,118.1002,A,8.8021,A,-10.5207,A
CPMI_CT2:A:ES:U:ES1C:V:N:N,"A","Annual","ES","Spain","U","Central counterparties/clearing houses","ES1C","BME_Clearing","V","Payment transactions","N","Number","N","Units","A","All users","3","Thousands","S","Summed through period","3","CCP2","NUMBER OF TRANSACTIONS (TOTAL NUMBER OF CONTRACTS AND TRANSACTIONS PER CCP OR CLEARING HOUSE)",134382,A,109413,A,112631,A,95654,A,208621.548,A,226984.608,A,203104.272,A
CPMI_CT2:A:ES:U:ES1C:V:V:A,"A","Annual","ES","Spain","U","Central counterparties/clearing houses","ES1C","BME_Clearing","V","Payment transactions","V","Value","A","In USD","A","All users","9","Billions","S","Summed through period","3","CCP3","VALUE OF TRANSACTIONS (TOTAL VALUE OF CONTRACTS AND TRANSACTIONS PER CCP OR CLEARING HOUSE), IN USD",4648.952,A,5047.1182,A,5253.878,A,3611.2456,A,3226.1923,A,3765.91,A,3322.7066,A
CPMI_CT2:A:ES:U:ES1C:V:V:H,"A","Annual","ES","Spain","U","Central counterparties/clearing houses","ES1C","BME_Clearing","V","Payment transactions","V","Value","H","Annual real growth","A","All users","0","Units","S","Summed through period","2","CCP3","INCREASE IN THE REAL VALUE OF TRANSACTIONS (PER CCP OR CLEARING HOUSE)",,,7.0567,A,4.2539,A,-30.9194,A,-10.4812,A,14.4897,A,-13.2224,A
CPMI_CT2:A:ES:U:ES1C:V:V:I,"A","Annual","ES","Spain","U","Central counterparties/clearing houses","ES1C","BME_Clearing","V","Payment transactions","V","Value","I","In % of GDP","A","All users","0","Units","S","Summed through period","3","CCP3","VALUE OF TRANSACTIONS AS A PERCENTAGE OF GDP (PER CCP OR CLEARING HOUSE)",348.2184,A,370.6432,A,381.6764,A,301.2462,A,260.6607,A,286.4147,A,233.0868,A
CPMI_CT2:A:ES:U:ES1C:V:V:S,"A","Annual","ES","Spain","U","Central counterparties/clearing houses","ES1C","BME_Clearing","V","Payment transactions","V","Value","S","Per transaction","A","All users","3","Thousands","S","Summed through period","3","CCP3","AVERAGE VALUE OF TRANSACTIONS (PER CCP OR CLEARING HOUSE), IN USD",34.5951,A,46.1291,A,46.6468,A,37.7532,A,15.4643,A,16.591,A,16.3596,A
CPMI_CT2:A:ES:U:ES1C:Z:N:N,"A","Annual","ES","Spain","U","Central counterparties/clearing houses","ES1C","BME_Clearing","Z","Clearing members","N","Number","N","Units","A","All users","0","Units","E","End of period","0","CCP4","NUMBER OF CLEARING MEMBERS IN CCPs AND CLEARING HOUSES",44,A,57,A,58,A,60,A,65,A,65,A,64,A
CPMI_CT2:A:ES:V:ES1S:O:N:N,"A","Annual","ES","Spain","V","Central securities depositories","ES1S","IBERCLEAR","O","Securities held","N","Number","N","Units","A","All users","3","Thousands","E","End of period","3","CSD5","TOTAL NUMBER OF SECURITIES HELD",,L,,L,10,A,11,A,11,A,9,A,9,A
CPMI_CT2:A:ES:V:ES1S:O:V:A,"A","Annual","ES","Spain","V","Central securities depositories","ES1S","IBERCLEAR","O","Securities held","V","Value","A","In USD","A","All users","6","Millions","S","Summed through period","3","CSD5","TOTAL VALUE OF SECURITIES HELD, IN USD",2774269.177,A,2917586.0357,A,2891045.8511,A,2470897.9749,A,2500136.0785,A,2671586.0295,A,2696628.1717,A
CPMI_CT2:A:ES:V:ES1S:W:N:G,"A","Annual","ES","Spain","V","Central securities depositories","ES1S","IBERCLEAR","W","Delivery instructions","N","Number","G","Annual growth","A","All users","0","Units","S","Summed through period","2","CSD2","INCREASE IN THE NUMBER OF DELIVERY INSTRUCTIONS (PER CSD)",,,9.2548,A,17.5248,A,-4.4954,A,-53.0777,A,-44.8031,A,11.938,A
CPMI_CT2:A:ES:V:ES1S:W:N:N,"A","Annual","ES","Spain","V","Central securities depositories","ES1S","IBERCLEAR","W","Delivery instructions","N","Number","N","Units","A","All users","3","Thousands","S","Summed through period","3","CSD2","NUMBER OF DELIVERY INSTRUCTIONS (TOTAL NUMBER OF DELIVERY INSTRUCTIONS PER CSD)",25900,A,28297,A,33256,A,31761,A,14903,A,8226,A,9208.02,A
CPMI_CT2:A:ES:V:ES1S:W:V:A,"A","Annual","ES","Spain","V","Central securities depositories","ES1S","IBERCLEAR","W","Delivery instructions","V","Value","A","In USD","A","All users","9","Billions","S","Summed through period","3","CSD3","VALUE OF DELIVERY INSTRUCTIONS (TOTAL VALUE OF DELIVERY INSTRUCTIONS PER CSD), IN USD",97758.7,A,88391.78,A,93933.3661,A,70642.5275,A,60258.4075,A,47702.0796,A,34484.9637,A
CPMI_CT2:A:ES:V:ES1S:W:V:H,"A","Annual","ES","Spain","V","Central securities depositories","ES1S","IBERCLEAR","W","Delivery instructions","V","Value","H","Annual real growth","A","All users","0","Units","S","Summed through period","2","CSD3","INCREASE IN THE REAL VALUE OF DELIVERY INSTRUCTIONS (PER CSD)",,,-10.8376,A,6.4299,A,-24.4168,A,-14.5263,A,-22.3562,A,-28.8986,A
CPMI_CT2:A:ES:V:ES1S:W:V:I,"A","Annual","ES","Spain","V","Central securities depositories","ES1S","IBERCLEAR","W","Delivery instructions","V","Value","I","In % of GDP","A","All users","0","Units","S","Summed through period","2","CSD3","VALUE OF DELIVERY INSTRUCTIONS AS A PERCENTAGE OF GDP (PER CSD)",7322.3764,A,6491.1912,A,6823.9402,A,5892.9223,A,4868.5866,A,3627.9616,A,2419.1089,A
CPMI_CT2:A:ES:V:ES1S:W:V:S,"A","Annual","ES","Spain","V","Central securities depositories","ES1S","IBERCLEAR","W","Delivery instructions","V","Value","S","Per transaction","A","All users","3","Thousands","S","Summed through period","3","CSD3","AVERAGE VALUE PER DELIVERY INSTRUCTIONS (PER CSD), IN USD",3774.4672,A,3123.7156,A,2824.5539,A,2224.1909,A,4043.3743,A,5798.9399,A,3745.1009,A
CPMI_CT2:A:ES:V:ES1S:X:N:N,"A","Annual","ES","Spain","V","Central securities depositories","ES1S","IBERCLEAR","X","All participants","N","Number","N","Units","A","All users","0","Units","E","End of period","0","CSD4","TOTAL NUMBER OF PARTICIPANTS (TOTAL NUMBER OF DIRECT PARTICIPANTS IN CSDs)",161,A,150,A,138,A,128,A,116,A,93,A,74,A
CPMI_CT2:A:FR:A:FR1P:P:N:F,"A","Annual","FR","France","A","Payment systems, large-value","FR1P","TARGET2-BdF","P","Concentration ratio in terms of volume","N","Number","F","Percent","A","All users","0","Units","S","Summed through period","2","PS4","CONCENTRATION RATIO IN TERMS OF VOLUME",53.7,A,54.2,A,55,A,55.5,A,61.2,A,62.7,A,62.4,A
CPMI_CT2:A:FR:A:FR1P:Q:N:F,"A","Annual","FR","France","A","Payment systems, large-value","FR1P","TARGET2-BdF","Q","Concentration ratio in terms of value","N","Number","F","Percent","A","All users","0","Units","S","Summed through period","2","PS4","CONCENTRATION RATIO IN TERMS OF VALUE",54.7,A,63.2,A,62.1,A,65.6,A,67.3,A,68.8,A,65,A
CPMI_CT2:A:FR:A:FR1P:V:N:G,"A","Annual","FR","France","A","Payment systems, large-value","FR1P","TARGET2-BdF","V","Payment transactions","N","Number","G","Annual growth","A","All users","0","Units","S","Summed through period","2","PS2","INCREASE IN THE NUMBER OF TRANSACTIONS (TOTAL GROSS VOLUME PER SYSTEM)",-1.2993,A,5.2771,A,2.9067,A,-4.7218,A,-11.0751,A,3.0192,A,3.871,A
CPMI_CT2:A:FR:A:FR1P:V:N:N,"A","Annual","FR","France","A","Payment systems, large-value","FR1P","TARGET2-BdF","V","Payment transactions","N","Number","N","Units","A","All users","6","Millions","S","Summed through period","3","PS2","NUMBER OF TRANSACTIONS (TOTAL GROSS VOLUME PER SYSTEM)",8.66,A,9.117,A,9.382,A,8.939,A,7.949,A,8.189,A,8.506,A
CPMI_CT2:A:FR:A:FR1P:V:V:A,"A","Annual","FR","France","A","Payment systems, large-value","FR1P","TARGET2-BdF","V","Payment transactions","V","Value","A","In USD","A","All users","9","Billions","S","Summed through period","3","PS3","VALUE OF TRANSACTIONS (TOTAL GROSS VALUE PER SYSTEM), IN USD",141546.3638,A,116252.2409,A,115098.4865,A,87808.4836,A,82460.2272,A,83751.872,A,85101.3066,A
CPMI_CT2:A:FR:A:FR1P:V:V:H,"A","Annual","FR","France","A","Payment systems, large-value","FR1P","TARGET2-BdF","V","Payment transactions","V","Value","H","Annual real growth","A","All users","0","Units","S","Summed through period","2","PS3","INCREASE IN THE REAL VALUE OF TRANSACTIONS (PER SYSTEM)",-2.396,A,-18.5731,A,-1.4926,A,-23.7387,A,-6.2627,A,0.52865,A,-0.23523,A
CPMI_CT2:A:FR:A:FR1P:V:V:I,"A","Annual","FR","France","A","Payment systems, large-value","FR1P","TARGET2-BdF","V","Payment transactions","V","Value","I","In % of GDP","A","All users","0","Units","S","Summed through period","3","PS3","VALUE OF TRANSACTIONS AS A PERCENTAGE OF GDP (PER SYSTEM)",5276.7993,A,4134.4271,A,4033.9436,A,3602.3788,A,3338.1049,A,3234.957,A,3063.5513,A
CPMI_CT2:A:FR:A:FR1P:V:V:S,"A","Annual","FR","France","A","Payment systems, large-value","FR1P","TARGET2-BdF","V","Payment transactions","V","Value","S","Per transaction","A","All users","3","Thousands","S","Summed through period","3","PS3","AVERAGE VALUE OF TRANSACTIONS (PER SYSTEM), IN USD",16344.8457,A,12751.1507,A,12268.0118,A,9823.0768,A,10373.6605,A,10227.3626,A,10004.8562,A
CPMI_CT2:A:FR:A:FR1P:X:N:N,"A","Annual","FR","France","A","Payment systems, large-value","FR1P","TARGET2-BdF","X","All participants","N","Number","N","Units","A","All users","0","Units","E","End of period","0","PS4","TOTAL NUMBER OF PARTICIPANTS",320,A,328,A,320,A,317,A,329,A,327,A,325,A
CPMI_CT2:A:FR:A:FR1P:Y:N:N,"A","Annual","FR","France","A","Payment systems, large-value","FR1P","TARGET2-BdF","Y","Directly connected participants","N","Number","N","Units","A","All users","0","Units","E","End of period","0","PS4","TOTAL NUMBER OF PARTICIPANTS OF WHICH DIRECTLY CONNECTED PARTICIPANTS",114,A,124,A,121,A,123,A,133,A,138,A,140,A
CPMI_CT2:A:FR:B:FR3P:V:N:G,"A","Annual","FR","France","B","Payment systems, retail","FR3P","CORE","V","Payment transactions","N","Number","G","Annual growth","A","All users","0","Units","S","Summed through period","2","PS2","INCREASE IN THE NUMBER OF TRANSACTIONS (TOTAL GROSS VOLUME PER SYSTEM)",1.9308,A,1.5142,A,2.1227,A,1.8334,A,1.7776,A,-13.145,A,3.1086,A
CPMI_CT2:A:FR:B:FR3P:V:N:N,"A","Annual","FR","France","B","Payment systems, retail","FR3P","CORE","V","Payment transactions","N","Number","N","Units","A","All users","6","Millions","S","Summed through period","3","PS2","NUMBER OF TRANSACTIONS (TOTAL GROSS VOLUME PER SYSTEM)",13432.049,A,13635.436,A,13924.869,A,14180.167,A,14432.23,A,12535.107,A,12924.777,A
CPMI_CT2:A:FR:B:FR3P:V:V:A,"A","Annual","FR","France","B","Payment systems, retail","FR3P","CORE","V","Payment transactions","V","Value","A","In USD","A","All users","9","Billions","S","Summed through period","3","PS3","VALUE OF TRANSACTIONS (TOTAL GROSS VALUE PER SYSTEM), IN USD",6940.5557,A,7138.094,A,7127.3102,A,6143.6997,A,6099.2422,A,5830.2646,A,5863.4739,A
CPMI_CT2:A:FR:B:FR3P:V:V:H,"A","Annual","FR","France","B","Payment systems, retail","FR3P","CORE","V","Payment transactions","V","Value","H","Annual real growth","A","All users","0","Units","S","Summed through period","2","PS3","INCREASE IN THE REAL VALUE OF TRANSACTIONS (PER SYSTEM)",-8.8797,A,1.9655,A,-0.6555,A,-13.8329,A,-0.9053,A,-5.3867,A,-1.2579,A
CPMI_CT2:A:FR:B:FR3P:V:V:I,"A","Annual","FR","France","B","Payment systems, retail","FR3P","CORE","V","Payment transactions","V","Value","I","In % of GDP","A","All users","0","Units","S","Summed through period","3","PS3","VALUE OF TRANSACTIONS AS A PERCENTAGE OF GDP (PER SYSTEM)",258.7415,A,253.8612,A,249.7962,A,252.0478,A,246.9058,A,225.1968,A,211.0785,A
CPMI_CT2:A:FR:B:FR3P:V:V:S,"A","Annual","FR","France","B","Payment systems, retail","FR3P","CORE","V","Payment transactions","V","Value","S","Per transaction","A","All users","3","Thousands","S","Summed through period","3","PS3","AVERAGE VALUE OF TRANSACTIONS (PER SYSTEM), IN USD",0.51672,A,0.5235,A,0.51184,A,0.43326,A,0.42261,A,0.46511,A,0.45366,A
CPMI_CT2:A:FR:B:FR3P:X:N:N,"A","Annual","FR","France","B","Payment systems, retail","FR3P","CORE","X","All participants","N","Number","N","Units","A","All users","0","Units","E","End of period","0","PS4","TOTAL NUMBER OF PARTICIPANTS",419,A,380,A,367,A,367,A,363,A,362,A,356,A
CPMI_CT2:A:FR:B:FR3P:Y:N:N,"A","Annual","FR","France","B","Payment systems, retail","FR3P","CORE","Y","Directly connected participants","N","Number","N","Units","A","All users","0","Units","E","End of period","0","PS4","TOTAL NUMBER OF PARTICIPANTS OF WHICH DIRECTLY CONNECTED PARTICIPANTS",10,A,10,A,10,A,10,A,10,A,10,A,10,A
CPMI_CT2:A:FR:B:FR4P:V:N:G,"A","Annual","FR","France","B","Payment systems, retail","FR4P","SEPA-eu","V","Payment transactions","N","Number","G","Annual growth","A","All users","0","Units","S","Summed through period","2","PS2","INCREASE IN THE NUMBER OF TRANSACTIONS (TOTAL GROSS VOLUME PER SYSTEM)",,L,,L,,L,,L,,L,1162.9652,A,5.5154,A
CPMI_CT2:A:FR:B:FR4P:V:N:N,"A","Annual","FR","France","B","Payment systems, retail","FR4P","SEPA-eu","V","Payment transactions","N","Number","N","Units","A","All users","6","Millions","S","Summed through period","3","PS2","NUMBER OF TRANSACTIONS (TOTAL GROSS VOLUME PER SYSTEM)",,L,,L,,L,,L,192.913,A,2436.424,A,2570.802,A
CPMI_CT2:A:FR:B:FR4P:V:V:A,"A","Annual","FR","France","B","Payment systems, retail","FR4P","SEPA-eu","V","Payment transactions","V","Value","A","In USD","A","All users","9","Billions","S","Summed through period","3","PS3","VALUE OF TRANSACTIONS (TOTAL GROSS VALUE PER SYSTEM), IN USD",,L,,L,,L,,L,133.2824,A,741.9899,A,1344.6599,A
CPMI_CT2:A:FR:B:FR4P:V:V:H,"A","Annual","FR","France","B","Payment systems, retail","FR4P","SEPA-eu","V","Payment transactions","V","Value","H","Annual real growth","A","All users","0","Units","S","Summed through period","2","PS3","INCREASE IN THE REAL VALUE OF TRANSACTIONS (PER SYSTEM)",,L,,L,,L,,L,,L,451.0169,A,77.9303,A
CPMI_CT2:A:FR:B:FR4P:V:V:I,"A","Annual","FR","France","B","Payment systems, retail","FR4P","SEPA-eu","V","Payment transactions","V","Value","I","In % of GDP","A","All users","0","Units","S","Summed through period","3","PS3","VALUE OF TRANSACTIONS AS A PERCENTAGE OF GDP (PER SYSTEM)",,L,,L,,L,,L,5.3955,A,28.6597,A,48.4062,A
CPMI_CT2:A:FR:B:FR4P:V:V:S,"A","Annual","FR","France","B","Payment systems, retail","FR4P","SEPA-eu","V","Payment transactions","V","Value","S","Per transaction","A","All users","3","Thousands","S","Summed through period","3","PS3","AVERAGE VALUE OF TRANSACTIONS (PER SYSTEM), IN USD",,L,,L,,L,,L,0.69089,A,0.30454,A,0.52305,A
CPMI_CT2:A:FR:B:FR4P:X:N:N,"A","Annual","FR","France","B","Payment systems, retail","FR4P","SEPA-eu","X","All participants","N","Number","N","Units","A","All users","0","Units","E","End of period","0","PS4","TOTAL NUMBER OF PARTICIPANTS",,L,,L,,L,,L,363,A,362,A,356,A
CPMI_CT2:A:FR:B:FR4P:Y:N:N,"A","Annual","FR","France","B","Payment systems, retail","FR4P","SEPA-eu","Y","Directly connected participants","N","Number","N","Units","A","All users","0","Units","E","End of period","0","PS4","TOTAL NUMBER OF PARTICIPANTS OF WHICH DIRECTLY CONNECTED PARTICIPANTS",,L,,L,,L,,L,10,A,10,A,10,A
CPMI_CT2:A:FR:U:FR1C:V:N:G,"A","Annual","FR","France","U","Central counterparties/clearing houses","FR1C","LCH.Clearnet SA (Total)","V","Payment transactions","N","Number","G","Annual growth","A","All users","0","Units","S","Summed through period","2","CCP2","INCREASE IN THE NUMBER OF TRANSACTIONS (PER CCP OR CLEARING HOUSE)",-18.8379,A,-8.845,A,4.5844,A,10.4655,A,-4.3579,A,6.2284,A,-0.61622,A
CPMI_CT2:A:FR:U:FR1C:V:N:N,"A","Annual","FR","France","U","Central counterparties/clearing houses","FR1C","LCH.Clearnet SA (Total)","V","Payment transactions","N","Number","N","Units","A","All users","3","Thousands","S","Summed through period","3","CCP2","NUMBER OF TRANSACTIONS (TOTAL NUMBER OF CONTRACTS AND TRANSACTIONS PER CCP OR CLEARING HOUSE)",722202.933,A,658324.431,A,688504.778,A,760560.457,A,727415.734,A,772722.345,A,767960.695,A
CPMI_CT2:A:FR:U:FR1C:V:V:A,"A","Annual","FR","France","U","Central counterparties/clearing houses","FR1C","LCH.Clearnet SA (Total)","V","Payment transactions","V","Value","A","In USD","A","All users","9","Billions","S","Summed through period","3","CCP3","VALUE OF TRANSACTIONS (TOTAL VALUE OF CONTRACTS AND TRANSACTIONS PER CCP OR CLEARING HOUSE), IN USD",85893.1861,A,104208.41,A,107450.5281,A,96043.5332,A,96281.5231,A,116765.0722,A,142596.156,A
CPMI_CT2:A:FR:U:FR1C:V:V:H,"A","Annual","FR","France","U","Central counterparties/clearing houses","FR1C","LCH.Clearnet SA (Total)","V","Payment transactions","V","Value","H","Annual real growth","A","All users","0","Units","S","Summed through period","2","CCP3","INCREASE IN THE REAL VALUE OF TRANSACTIONS (PER CCP OR CLEARING HOUSE)",-9.5778,A,20.2843,A,2.5903,A,-10.6496,A,0.064341,A,20.0355,A,19.9031,A
CPMI_CT2:A:FR:U:FR1C:V:V:I,"A","Annual","FR","France","U","Central counterparties/clearing houses","FR1C","LCH.Clearnet SA (Total)","V","Payment transactions","V","Value","I","In % of GDP","A","All users","0","Units","S","Summed through period","3","CCP3","VALUE OF TRANSACTIONS AS A PERCENTAGE OF GDP (PER CCP OR CLEARING HOUSE)",3202.0682,A,3706.097,A,3765.8998,A,3940.2251,A,3897.6102,A,4510.1081,A,5133.3012,A
CPMI_CT2:A:FR:U:FR1C:V:V:S,"A","Annual","FR","France","U","Central counterparties/clearing houses","FR1C","LCH.Clearnet SA (Total)","V","Payment transactions","V","Value","S","Per transaction","A","All users","3","Thousands","S","Summed through period","3","CCP3","AVERAGE VALUE OF TRANSACTIONS (PER CCP OR CLEARING HOUSE), IN USD",118.9322,A,158.2934,A,156.0636,A,126.2799,A,132.3611,A,151.1087,A,185.6816,A
CPMI_CT2:A:FR:U:FR1C:Z:N:N,"A","Annual","FR","France","U","Central counterparties/clearing houses","FR1C","LCH.Clearnet SA (Total)","Z","Clearing members","N","Number","N","Units","A","All users","0","Units","E","End of period","0","CCP4","NUMBER OF CLEARING MEMBERS IN CCPs AND CLEARING HOUSES",114,A,109,A,110,A,110,A,100,A,99,A,125,A
CPMI_CT2:A:FR:U:FR2C:V:N:G,"A","Annual","FR","France","U","Central counterparties/clearing houses","FR2C","LCH.Clearnet SA, of which, in France","V","Payment transactions","N","Number","G","Annual growth","A","All users","0","Units","S","Summed through period","2","CCP2","INCREASE IN THE NUMBER OF TRANSACTIONS (PER CCP OR CLEARING HOUSE)",-14.9416,A,-10.4281,A,5.1203,A,12.1099,A,-5.0271,A,0.88597,A,1.4952,A
CPMI_CT2:A:FR:U:FR2C:V:N:N,"A","Annual","FR","France","U","Central counterparties/clearing houses","FR2C","LCH.Clearnet SA, of which, in France","V","Payment transactions","N","Number","N","Units","A","All users","3","Thousands","S","Summed through period","3","CCP2","NUMBER OF TRANSACTIONS (TOTAL NUMBER OF CONTRACTS AND TRANSACTIONS PER CCP OR CLEARING HOUSE)",435116.326,A,389741.809,A,409697.621,A,459311.393,A,436221.157,A,440085.945,A,446666.002,A
CPMI_CT2:A:FR:U:FR2C:V:V:A,"A","Annual","FR","France","U","Central counterparties/clearing houses","FR2C","LCH.Clearnet SA, of which, in France","V","Payment transactions","V","Value","A","In USD","A","All users","9","Billions","S","Summed through period","3","CCP3","VALUE OF TRANSACTIONS (TOTAL VALUE OF CONTRACTS AND TRANSACTIONS PER CCP OR CLEARING HOUSE), IN USD",7289.8432,A,8221.5737,A,8699.8201,A,8476.0001,A,7794.4794,A,9027.141,A,9759.3099,A
CPMI_CT2:A:FR:U:FR2C:V:V:H,"A","Annual","FR","France","U","Central counterparties/clearing houses","FR2C","LCH.Clearnet SA, of which, in France","V","Payment transactions","V","Value","H","Annual real growth","A","All users","0","Units","S","Summed through period","2","CCP3","INCREASE IN THE REAL VALUE OF TRANSACTIONS (PER CCP OR CLEARING HOUSE)",-26.7073,A,11.8154,A,5.2824,A,-2.6092,A,-8.2089,A,14.6312,A,6.1462,A
CPMI_CT2:A:FR:U:FR2C:V:V:I,"A","Annual","FR","France","U","Central counterparties/clearing houses","FR2C","LCH.Clearnet SA, of which, in France","V","Payment transactions","V","Value","I","In % of GDP","A","All users","0","Units","S","Summed through period","3","CCP3","VALUE OF TRANSACTIONS AS A PERCENTAGE OF GDP (PER CCP OR CLEARING HOUSE)",271.7628,A,292.3943,A,304.9092,A,347.7314,A,315.5314,A,348.6777,A,351.3242,A
CPMI_CT2:A:FR:U:FR2C:V:V:S,"A","Annual","FR","France","U","Central counterparties/clearing houses","FR2C","LCH.Clearnet SA, of which, in France","V","Payment transactions","V","Value","S","Per transaction","A","All users","3","Thousands","S","Summed through period","3","CCP3","AVERAGE VALUE OF TRANSACTIONS (PER CCP OR CLEARING HOUSE), IN USD",16.7538,A,21.0949,A,21.2347,A,18.4537,A,17.8682,A,20.5122,A,21.8492,A
CPMI_CT2:A:FR:U:FR3C:V:N:G,"A","Annual","FR","France","U","Central counterparties/clearing houses","FR3C","LCH.Clearnet SA, of which, in Belgium","V","Payment transactions","N","Number","G","Annual growth","A","All users","0","Units","S","Summed through period","2","CCP2","INCREASE IN THE NUMBER OF TRANSACTIONS (PER CCP OR CLEARING HOUSE)",-7.5079,A,-4.1401,A,2.9927,A,29.9999,A,-2.1741,A,3.9311,A,3.3047,A
CPMI_CT2:A:FR:U:FR3C:V:N:N,"A","Annual","FR","France","U","Central counterparties/clearing houses","FR3C","LCH.Clearnet SA, of which, in Belgium","V","Payment transactions","N","Number","N","Units","A","All users","3","Thousands","S","Summed through period","3","CCP2","NUMBER OF TRANSACTIONS (TOTAL NUMBER OF CONTRACTS AND TRANSACTIONS PER CCP OR CLEARING HOUSE)",32216.135,A,30882.339,A,31806.543,A,41348.463,A,40449.516,A,42039.637,A,43428.903,A
CPMI_CT2:A:FR:U:FR3C:V:V:A,"A","Annual","FR","France","U","Central counterparties/clearing houses","FR3C","LCH.Clearnet SA, of which, in Belgium","V","Payment transactions","V","Value","A","In USD","A","All users","9","Billions","S","Summed through period","3","CCP3","VALUE OF TRANSACTIONS (TOTAL VALUE OF CONTRACTS AND TRANSACTIONS PER CCP OR CLEARING HOUSE), IN USD",1484.7619,A,2023.2003,A,2335.6557,A,1794.0066,A,1667.9499,A,1261.1284,A,1667.6184,A
CPMI_CT2:A:FR:U:FR3C:V:V:H,"A","Annual","FR","France","U","Central counterparties/clearing houses","FR3C","LCH.Clearnet SA, of which, in Belgium","V","Payment transactions","V","Value","H","Annual real growth","A","All users","0","Units","S","Summed through period","2","CCP3","INCREASE IN THE REAL VALUE OF TRANSACTIONS (PER CCP OR CLEARING HOUSE)",19.4043,A,35.0974,A,14.8604,A,-23.2193,A,-7.1967,A,-25.163,A,29.8293,A
CPMI_CT2:A:FR:U:FR3C:V:V:I,"A","Annual","FR","France","U","Central counterparties/clearing houses","FR3C","LCH.Clearnet SA, of which, in Belgium","V","Payment transactions","V","Value","I","In % of GDP","A","All users","0","Units","S","Summed through period","3","CCP3","VALUE OF TRANSACTIONS AS A PERCENTAGE OF GDP (PER CCP OR CLEARING HOUSE)",55.3514,A,71.9537,A,81.8595,A,73.5999,A,67.5209,A,48.7117,A,60.0324,A
CPMI_CT2:A:FR:U:FR3C:V:V:S,"A","Annual","FR","France","U","Central counterparties/clearing houses","FR3C","LCH.Clearnet SA, of which, in Belgium","V","Payment transactions","V","Value","S","Per transaction","A","All users","3","Thousands","S","Summed through period","3","CCP3","AVERAGE VALUE OF TRANSACTIONS (PER CCP OR CLEARING HOUSE), IN USD",46.0875,A,65.5132,A,73.4332,A,43.3875,A,41.2353,A,29.9986,A,38.3988,A
CPMI_CT2:A:FR:U:FR4C:V:N:G,"A","Annual","FR","France","U","Central counterparties/clearing houses","FR4C","LCH.Clearnet SA, of which, in Italy","V","Payment transactions","N","Number","G","Annual growth","A","All users","0","Units","S","Summed through period","2","CCP2","INCREASE IN THE NUMBER OF TRANSACTIONS (PER CCP OR CLEARING HOUSE)",7.2137,A,19.5528,A,13.7269,A,0.60831,A,-3.1388,A,5.7294,A,3.5282,A
CPMI_CT2:A:FR:U:FR4C:V:N:N,"A","Annual","FR","France","U","Central counterparties/clearing houses","FR4C","LCH.Clearnet SA, of which, in Italy","V","Payment transactions","N","Number","N","Units","A","All users","3","Thousands","S","Summed through period","3","CCP2","NUMBER OF TRANSACTIONS (TOTAL NUMBER OF CONTRACTS AND TRANSACTIONS PER CCP OR CLEARING HOUSE)",1535.534,A,1835.774,A,2087.768,A,2100.468,A,2034.538,A,2151.104,A,2227,A
CPMI_CT2:A:FR:U:FR4C:V:V:A,"A","Annual","FR","France","U","Central counterparties/clearing houses","FR4C","LCH.Clearnet SA, of which, in Italy","V","Payment transactions","V","Value","A","In USD","A","All users","9","Billions","S","Summed through period","3","CCP3","VALUE OF TRANSACTIONS (TOTAL VALUE OF CONTRACTS AND TRANSACTIONS PER CCP OR CLEARING HOUSE), IN USD",37196.4381,A,51478.2523,A,57149.0805,A,48163.2826,A,44961.4131,A,55713.7573,A,62053.7246,A
CPMI_CT2:A:FR:U:FR4C:V:V:H,"A","Annual","FR","France","U","Central counterparties/clearing houses","FR4C","LCH.Clearnet SA, of which, in Italy","V","Payment transactions","V","Value","H","Annual real growth","A","All users","0","Units","S","Summed through period","2","CCP3","INCREASE IN THE REAL VALUE OF TRANSACTIONS (PER CCP OR CLEARING HOUSE)",-11.8942,A,37.2105,A,10.4551,A,-15.755,A,-6.8188,A,22.6485,A,9.3556,A
CPMI_CT2:A:FR:U:FR4C:V:V:I,"A","Annual","FR","France","U","Central counterparties/clearing houses","FR4C","LCH.Clearnet SA, of which, in Italy","V","Payment transactions","V","Value","I","In % of GDP","A","All users","0","Units","S","Summed through period","3","CCP3","VALUE OF TRANSACTIONS AS A PERCENTAGE OF GDP (PER CCP OR CLEARING HOUSE)",1386.6703,A,1830.7869,A,2002.947,A,1975.9183,A,1820.1006,A,2151.9711,A,2233.8643,A
CPMI_CT2:A:FR:U:FR4C:V:V:S,"A","Annual","FR","France","U","Central counterparties/clearing houses","FR4C","LCH.Clearnet SA, of which, in Italy","V","Payment transactions","V","Value","S","Per transaction","A","All users","3","Thousands","S","Summed through period","3","CCP3","AVERAGE VALUE OF TRANSACTIONS (PER CCP OR CLEARING HOUSE), IN USD",24223.7802,A,28041.7156,A,27373.2907,A,22929.7864,A,22099.0776,A,25900.0761,A,27864.2679,A
CPMI_CT2:A:FR:U:FR5C:V:N:G,"A","Annual","FR","France","U","Central counterparties/clearing houses","FR5C","LCH.Clearnet SA, of which, in Netherlands","V","Payment transactions","N","Number","G","Annual growth","A","All users","0","Units","S","Summed through period","2","CCP2","INCREASE IN THE NUMBER OF TRANSACTIONS (PER CCP OR CLEARING HOUSE)",-26.1802,A,-8.2086,A,1.8337,A,6.6075,A,-2.6814,A,16.3779,A,3.2929,A
CPMI_CT2:A:FR:U:FR5C:V:N:N,"A","Annual","FR","France","U","Central counterparties/clearing houses","FR5C","LCH.Clearnet SA, of which, in Netherlands","V","Payment transactions","N","Number","N","Units","A","All users","3","Thousands","S","Summed through period","3","CCP2","NUMBER OF TRANSACTIONS (TOTAL NUMBER OF CONTRACTS AND TRANSACTIONS PER CCP OR CLEARING HOUSE)",243275.286,A,223305.785,A,227400.498,A,242426.01,A,235925.654,A,274565.401,A,283606.438,A
CPMI_CT2:A:FR:U:FR5C:V:V:A,"A","Annual","FR","France","U","Central counterparties/clearing houses","FR5C","LCH.Clearnet SA, of which, in Netherlands","V","Payment transactions","V","Value","A","In USD","A","All users","9","Billions","S","Summed through period","3","CCP3","VALUE OF TRANSACTIONS (TOTAL VALUE OF CONTRACTS AND TRANSACTIONS PER CCP OR CLEARING HOUSE), IN USD",4105.9396,A,4114.0603,A,4786.7329,A,4714.3439,A,4019.9899,A,4883.0762,A,5721.7127,A
CPMI_CT2:A:FR:U:FR5C:V:V:H,"A","Annual","FR","France","U","Central counterparties/clearing houses","FR5C","LCH.Clearnet SA, of which, in Netherlands","V","Payment transactions","V","Value","H","Annual real growth","A","All users","0","Units","S","Summed through period","2","CCP3","INCREASE IN THE REAL VALUE OF TRANSACTIONS (PER CCP OR CLEARING HOUSE)",-34.1645,A,-0.66023,A,15.7628,A,-1.5492,A,-14.8846,A,20.2288,A,15.0451,A
CPMI_CT2:A:FR:U:FR5C:V:V:I,"A","Annual","FR","France","U","Central counterparties/clearing houses","FR5C","LCH.Clearnet SA, of which, in Netherlands","V","Payment transactions","V","Value","I","In % of GDP","A","All users","0","Units","S","Summed through period","3","CCP3","VALUE OF TRANSACTIONS AS A PERCENTAGE OF GDP (PER CCP OR CLEARING HOUSE)",153.068,A,146.3136,A,167.7642,A,193.4079,A,162.7348,A,188.6112,A,205.9752,A
CPMI_CT2:A:FR:U:FR5C:V:V:S,"A","Annual","FR","France","U","Central counterparties/clearing houses","FR5C","LCH.Clearnet SA, of which, in Netherlands","V","Payment transactions","V","Value","S","Per transaction","A","All users","3","Thousands","S","Summed through period","3","CCP3","AVERAGE VALUE OF TRANSACTIONS (PER CCP OR CLEARING HOUSE), IN USD",16.8778,A,18.4234,A,21.0498,A,19.4465,A,17.0392,A,17.7847,A,20.1748,A
CPMI_CT2:A:FR:U:FR6C:V:N:G,"A","Annual","FR","France","U","Central counterparties/clearing houses","FR6C","LCH.Clearnet SA, of which, in the United Kingdom","V","Payment transactions","N","Number","G","Annual growth","A","All users","0","Units","S","Summed through period","2","CCP2","INCREASE IN THE NUMBER OF TRANSACTIONS (PER CCP OR CLEARING HOUSE)",19.3305,A,-4.335,A,-4.6245,A,-2.9058,A,1.9419,A,72.5015,A,-94.9977,A
CPMI_CT2:A:FR:U:FR6C:V:N:N,"A","Annual","FR","France","U","Central counterparties/clearing houses","FR6C","LCH.Clearnet SA, of which, in the United Kingdom","V","Payment transactions","N","Number","N","Units","A","All users","3","Thousands","S","Summed through period","3","CCP2","NUMBER OF TRANSACTIONS (TOTAL NUMBER OF CONTRACTS AND TRANSACTIONS PER CCP OR CLEARING HOUSE)",1164.787,A,1114.294,A,1062.764,A,1031.882,A,1051.92,A,1814.578,A,90.77,A
CPMI_CT2:A:FR:U:FR6C:V:V:A,"A","Annual","FR","France","U","Central counterparties/clearing houses","FR6C","LCH.Clearnet SA, of which, in the United Kingdom","V","Payment transactions","V","Value","A","In USD","A","All users","9","Billions","S","Summed through period","3","CCP3","VALUE OF TRANSACTIONS (TOTAL VALUE OF CONTRACTS AND TRANSACTIONS PER CCP OR CLEARING HOUSE), IN USD",30939.9794,A,33550.0797,A,27125.7781,A,22225.0315,A,24003.6311,A,31258.2637,A,63623.4247,A
CPMI_CT2:A:FR:U:FR6C:V:V:H,"A","Annual","FR","France","U","Central counterparties/clearing houses","FR6C","LCH.Clearnet SA, of which, in the United Kingdom","V","Payment transactions","V","Value","H","Annual real growth","A","All users","0","Units","S","Summed through period","2","CCP3","INCREASE IN THE REAL VALUE OF TRANSACTIONS (PER CCP OR CLEARING HOUSE)",,L,7.5075,A,-19.5569,A,-18.0975,A,7.805,A,28.8925,A,99.8424,A
CPMI_CT2:A:FR:U:FR6C:V:V:I,"A","Annual","FR","France","U","Central counterparties/clearing houses","FR6C","LCH.Clearnet SA, of which, in the United Kingdom","V","Payment transactions","V","Value","I","In % of GDP","A","All users","0","Units","S","Summed through period","3","CCP3","VALUE OF TRANSACTIONS AS A PERCENTAGE OF GDP (PER CCP OR CLEARING HOUSE)",1153.4317,A,1193.1844,A,950.6976,A,911.791,A,971.7004,A,1207.3657,A,2290.3717,A
CPMI_CT2:A:FR:U:FR6C:V:V:S,"A","Annual","FR","France","U","Central counterparties/clearing houses","FR6C","LCH.Clearnet SA, of which, in the United Kingdom","V","Payment transactions","V","Value","S","Per transaction","A","All users","3","Thousands","S","Summed through period","3","CCP3","AVERAGE VALUE OF TRANSACTIONS (PER CCP OR CLEARING HOUSE), IN USD",26562.7788,A,30108.822,A,25523.8021,A,21538.3459,A,22818.8751,A,17226.1891,A,700930.095,A
CPMI_CT2:A:FR:U:FR7C:V:N:G,"A","Annual","FR","France","U","Central counterparties/clearing houses","FR7C","LCH.Clearnet SA, of which, in Other","V","Payment transactions","N","Number","G","Annual growth","A","All users","0","Units","S","Summed through period","2","CCP2","INCREASE IN THE NUMBER OF TRANSACTIONS (PER CCP OR CLEARING HOUSE)",-22.5522,A,28.6633,A,43.7344,A,-12.8109,A,-18.1931,A,2.8359,A,-24.5509,A
CPMI_CT2:A:FR:U:FR7C:V:N:N,"A","Annual","FR","France","U","Central counterparties/clearing houses","FR7C","LCH.Clearnet SA, of which, in Other","V","Payment transactions","N","Number","N","Units","A","All users","3","Thousands","S","Summed through period","3","CCP2","NUMBER OF TRANSACTIONS (TOTAL NUMBER OF CONTRACTS AND TRANSACTIONS PER CCP OR CLEARING HOUSE)",8894.865,A,11444.43,A,16449.584,A,14342.241,A,11732.949,A,12065.68,A,9103.446,A
CPMI_CT2:A:FR:U:FR7C:V:V:A,"A","Annual","FR","France","U","Central counterparties/clearing houses","FR7C","LCH.Clearnet SA, of which, in Other","V","Payment transactions","V","Value","A","In USD","A","All users","9","Billions","S","Summed through period","3","CCP3","VALUE OF TRANSACTIONS (TOTAL VALUE OF CONTRACTS AND TRANSACTIONS PER CCP OR CLEARING HOUSE), IN USD",4876.2239,A,4820.8538,A,7353.5257,A,10670.875,A,13834.0606,A,14621.7053,A,59.9602,A
CPMI_CT2:A:FR:U:FR7C:V:V:H,"A","Annual","FR","France","U","Central counterparties/clearing houses","FR7C","LCH.Clearnet SA, of which, in Other","V","Payment transactions","V","Value","H","Annual real growth","A","All users","0","Units","S","Summed through period","2","CCP3","INCREASE IN THE REAL VALUE OF TRANSACTIONS (PER CCP OR CLEARING HOUSE)",132.8236,A,-1.9821,A,51.7652,A,45.0579,A,29.4059,A,4.6136,A,-99.5974,A
CPMI_CT2:A:FR:U:FR7C:V:V:I,"A","Annual","FR","France","U","Central counterparties/clearing houses","FR7C","LCH.Clearnet SA, of which, in Other","V","Payment transactions","V","Value","I","In % of GDP","A","All users","0","Units","S","Summed through period","3","CCP3","VALUE OF TRANSACTIONS AS A PERCENTAGE OF GDP (PER CCP OR CLEARING HOUSE)",181.7839,A,171.4502,A,257.7246,A,437.777,A,560.022,A,564.7705,A,2.1585,A
CPMI_CT2:A:FR:U:FR7C:V:V:S,"A","Annual","FR","France","U","Central counterparties/clearing houses","FR7C","LCH.Clearnet SA, of which, in Other","V","Payment transactions","V","Value","S","Per transaction","A","All users","3","Thousands","S","Summed through period","3","CCP3","AVERAGE VALUE OF TRANSACTIONS (PER CCP OR CLEARING HOUSE), IN USD",548.2066,A,421.2402,A,447.0341,A,744.0173,A,1179.0779,A,1211.8426,A,6.5865,A
CPMI_CT2:A:FR:V:FR1S:O:N:N,"A","Annual","FR","France","V","Central securities depositories","FR1S","Euroclear France","O","Securities held","N","Number","N","Units","A","All users","3","Thousands","E","End of period","3","CSD5","TOTAL NUMBER OF SECURITIES HELD",54.087,A,52.512,A,62.476,A,61.896,A,65.771,A,72.202,A,90.945,A
CPMI_CT2:A:FR:V:FR1S:O:V:A,"A","Annual","FR","France","V","Central securities depositories","FR1S","Euroclear France","O","Securities held","V","Value","A","In USD","A","All users","6","Millions","S","Summed through period","3","CSD5","TOTAL VALUE OF SECURITIES HELD, IN USD",6834766.2188,A,7474590.8974,A,7635609.4177,A,6734521.4969,A,6946032.1499,A,7546368.3108,A,7738209.4004,A
CPMI_CT2:A:FR:V:FR1S:W:N:G,"A","Annual","FR","France","V","Central securities depositories","FR1S","Euroclear France","W","Delivery instructions","N","Number","G","Annual growth","A","All users","0","Units","S","Summed through period","2","CSD2","INCREASE IN THE NUMBER OF DELIVERY INSTRUCTIONS (PER CSD)",-14.5472,A,3.2261,A,-0.35272,A,5.4165,A,-0.19522,A,2.3942,A,6.793,A
CPMI_CT2:A:FR:V:FR1S:W:N:N,"A","Annual","FR","France","V","Central securities depositories","FR1S","Euroclear France","W","Delivery instructions","N","Number","N","Units","A","All users","3","Thousands","S","Summed through period","3","CSD2","NUMBER OF DELIVERY INSTRUCTIONS (TOTAL NUMBER OF DELIVERY INSTRUCTIONS PER CSD)",23620,A,24382,A,24296,A,25612,A,25562,A,26174,A,27952,A
CPMI_CT2:A:FR:V:FR1S:W:V:A,"A","Annual","FR","France","V","Central securities depositories","FR1S","Euroclear France","W","Delivery instructions","V","Value","A","In USD","A","All users","9","Billions","S","Summed through period","3","CSD3","VALUE OF DELIVERY INSTRUCTIONS (TOTAL VALUE OF DELIVERY INSTRUCTIONS PER CSD), IN USD",157791.3919,A,174213.6109,A,145776.0886,A,102137.8729,A,114268.338,A,89877.1204,A,108980.3783,A
CPMI_CT2:A:FR:V:FR1S:W:V:H,"A","Annual","FR","France","V","Central securities depositories","FR1S","Euroclear France","W","Delivery instructions","V","Value","H","Annual real growth","A","All users","0","Units","S","Summed through period","2","CSD3","INCREASE IN THE REAL VALUE OF DELIVERY INSTRUCTIONS (PER CSD)",-24.0399,A,9.4621,A,-16.7461,A,-29.9614,A,11.6718,A,-22.1492,A,19.0514,A
CPMI_CT2:A:FR:V:FR1S:W:V:I,"A","Annual","FR","France","V","Central securities depositories","FR1S","Euroclear France","W","Delivery instructions","V","Value","I","In % of GDP","A","All users","0","Units","S","Summed through period","2","CSD3","VALUE OF DELIVERY INSTRUCTIONS AS A PERCENTAGE OF GDP (PER CSD)",5882.4083,A,6195.7814,A,5109.1247,A,4190.2479,A,4625.7415,A,3471.5478,A,3923.1711,A
CPMI_CT2:A:FR:V:FR1S:W:V:S,"A","Annual","FR","France","V","Central securities depositories","FR1S","Euroclear France","W","Delivery instructions","V","Value","S","Per transaction","A","All users","3","Thousands","S","Summed through period","3","CSD3","AVERAGE VALUE PER DELIVERY INSTRUCTIONS (PER CSD), IN USD",6680.4146,A,7145.1731,A,6000.0036,A,3987.8913,A,4470.2425,A,3433.8321,A,3898.8401,A
CPMI_CT2:A:FR:V:FR1S:X:N:N,"A","Annual","FR","France","V","Central securities depositories","FR1S","Euroclear France","X","All participants","N","Number","N","Units","A","All users","0","Units","E","End of period","0","CSD4","TOTAL NUMBER OF PARTICIPANTS (TOTAL NUMBER OF DIRECT PARTICIPANTS IN CSDs)",156,A,157,A,152,A,147,A,137,A,139,A,141,A
CPMI_CT2:A:GB:A:GB2P:P:N:F,"A","Annual","GB","United Kingdom","A","Payment systems, large-value","GB2P","CHAPS Sterling","P","Concentration ratio in terms of volume","N","Number","F","Percent","A","All users","0","Units","S","Summed through period","2","PS4","CONCENTRATION RATIO IN TERMS OF VOLUME",73,A,73,A,72,A,71,A,75.3,A,72.3,A,66.2,A
CPMI_CT2:A:GB:A:GB2P:Q:N:F,"A","Annual","GB","United Kingdom","A","Payment systems, large-value","GB2P","CHAPS Sterling","Q","Concentration ratio in terms of value","N","Number","F","Percent","A","All users","0","Units","S","Summed through period","2","PS4","CONCENTRATION RATIO IN TERMS OF VALUE",68,A,68,A,63,A,63,A,66.9,A,62.1,A,60.1,A
CPMI_CT2:A:GB:A:GB2P:V:N:G,"A","Annual","GB","United Kingdom","A","Payment systems, large-value","GB2P","CHAPS Sterling","V","Payment transactions","N","Number","G","Annual growth","A","All users","0","Units","S","Summed through period","2","PS2","INCREASE IN THE NUMBER OF TRANSACTIONS (TOTAL GROSS VOLUME PER SYSTEM)",,,3.0646,A,4.4173,A,2.8121,A,3.7712,A,6.8987,A,16.4938,A
CPMI_CT2:A:GB:A:GB2P:V:N:N,"A","Annual","GB","United Kingdom","A","Payment systems, large-value","GB2P","CHAPS Sterling","V","Payment transactions","N","Number","N","Units","A","All users","6","Millions","S","Summed through period","3","PS2","NUMBER OF TRANSACTIONS (TOTAL GROSS VOLUME PER SYSTEM)",33.936,A,34.976,A,36.521,A,37.548,A,38.964,A,41.652,A,48.522,A
CPMI_CT2:A:GB:A:GB2P:V:V:A,"A","Annual","GB","United Kingdom","A","Payment systems, large-value","GB2P","CHAPS Sterling","V","Payment transactions","V","Value","A","In USD","A","All users","9","Billions","S","Summed through period","3","PS3","VALUE OF TRANSACTIONS (TOTAL GROSS VALUE PER SYSTEM), IN USD",113606.7232,A,109636.9561,A,111893.6295,A,104552.7707,A,102001.5036,A,108219.2701,A,111359.7908,A
CPMI_CT2:A:GB:A:GB2P:V:V:H,"A","Annual","GB","United Kingdom","A","Payment systems, large-value","GB2P","CHAPS Sterling","V","Payment transactions","V","Value","H","Annual real growth","A","All users","0","Units","S","Summed through period","2","PS3","INCREASE IN THE REAL VALUE OF TRANSACTIONS (PER SYSTEM)",,,-5.9108,A,0.57785,A,-6.6073,A,-3.0621,A,3.3157,A,0.41648,A
CPMI_CT2:A:GB:A:GB2P:V:V:I,"A","Annual","GB","United Kingdom","A","Payment systems, large-value","GB2P","CHAPS Sterling","V","Payment transactions","V","Value","I","In % of GDP","A","All users","0","Units","S","Summed through period","3","PS3","VALUE OF TRANSACTIONS AS A PERCENTAGE OF GDP (PER SYSTEM)",4188.2859,A,3935.726,A,3649.8821,A,3568.8518,A,3787.2444,A,4059.0984,A,3920.9325,A
CPMI_CT2:A:GB:A:GB2P:V:V:S,"A","Annual","GB","United Kingdom","A","Payment systems, large-value","GB2P","CHAPS Sterling","V","Payment transactions","V","Value","S","Per transaction","A","All users","3","Thousands","S","Summed through period","3","PS3","AVERAGE VALUE OF TRANSACTIONS (PER SYSTEM), IN USD",3347.6757,A,3134.6339,A,3063.8161,A,2784.5097,A,2617.8396,A,2598.177,A,2295.0371,A
CPMI_CT2:A:GB:A:GB2P:X:N:N,"A","Annual","GB","United Kingdom","A","Payment systems, large-value","GB2P","CHAPS Sterling","X","All participants","N","Number","N","Units","A","All users","0","Units","E","End of period","0","PS4","TOTAL NUMBER OF PARTICIPANTS",19,A,20,A,21,A,22,A,24,A,31,A,34,A
CPMI_CT2:A:GB:A:GB2P:Y:N:N,"A","Annual","GB","United Kingdom","A","Payment systems, large-value","GB2P","CHAPS Sterling","Y","Directly connected participants","N","Number","N","Units","A","All users","0","Units","E","End of period","0","PS4","TOTAL NUMBER OF PARTICIPANTS OF WHICH DIRECTLY CONNECTED PARTICIPANTS",19,A,20,A,21,A,22,A,24,A,31,A,34,A
CPMI_CT2:A:GB:B:GB3P:V:N:G,"A","Annual","GB","United Kingdom","B","Payment systems, retail","GB3P","Cheque/credit","V","Payment transactions","N","Number","G","Annual growth","A","All users","0","Units","S","Summed through period","2","PS2","INCREASE IN THE NUMBER OF TRANSACTIONS (TOTAL GROSS VOLUME PER SYSTEM)",,,-12.0104,A,-11.7156,A,-14.2286,A,-15.0388,A,-17.8762,A,-11.1294,A
CPMI_CT2:A:GB:B:GB3P:V:N:N,"A","Annual","GB","United Kingdom","B","Payment systems, retail","GB3P","Cheque/credit","V","Payment transactions","N","Number","N","Units","A","All users","6","Millions","S","Summed through period","3","PS2","NUMBER OF TRANSACTIONS (TOTAL GROSS VOLUME PER SYSTEM)",667.422,A,587.262,A,518.461,A,444.691,A,377.815,A,310.276,A,275.744,A
CPMI_CT2:A:GB:B:GB3P:V:V:A,"A","Annual","GB","United Kingdom","B","Payment systems, retail","GB3P","Cheque/credit","V","Payment transactions","V","Value","A","In USD","A","All users","9","Billions","S","Summed through period","3","PS3","VALUE OF TRANSACTIONS (TOTAL GROSS VALUE PER SYSTEM), IN USD",1023.3282,A,900.528,A,884.6109,A,754.6223,A,587.9199,A,475.3245,A,467.157,A
CPMI_CT2:A:GB:B:GB3P:V:V:H,"A","Annual","GB","United Kingdom","B","Payment systems, retail","GB3P","Cheque/credit","V","Payment transactions","V","Value","H","Annual real growth","A","All users","0","Units","S","Summed through period","2","PS3","INCREASE IN THE REAL VALUE OF TRANSACTIONS (PER SYSTEM)",,,-14.2036,A,-3.1925,A,-14.7371,A,-22.5875,A,-21.27,A,-4.0922,A
CPMI_CT2:A:GB:B:GB3P:V:V:I,"A","Annual","GB","United Kingdom","B","Payment systems, retail","GB3P","Cheque/credit","V","Payment transactions","V","Value","I","In % of GDP","A","All users","0","Units","S","Summed through period","3","PS3","VALUE OF TRANSACTIONS AS A PERCENTAGE OF GDP (PER SYSTEM)",37.7266,A,32.327,A,28.8553,A,25.7586,A,21.8291,A,17.8285,A,16.4484,A
CPMI_CT2:A:GB:B:GB3P:V:V:S,"A","Annual","GB","United Kingdom","B","Payment systems, retail","GB3P","Cheque/credit","V","Payment transactions","V","Value","S","Per transaction","A","All users","3","Thousands","S","Summed through period","3","PS3","AVERAGE VALUE OF TRANSACTIONS (PER SYSTEM), IN USD",1.5333,A,1.5334,A,1.7062,A,1.697,A,1.5561,A,1.5319,A,1.6942,A
CPMI_CT2:A:GB:B:GB3P:X:N:N,"A","Annual","GB","United Kingdom","B","Payment systems, retail","GB3P","Cheque/credit","X","All participants","N","Number","N","Units","A","All users","0","Units","E","End of period","0","PS4","TOTAL NUMBER OF PARTICIPANTS",11,A,11,A,11,A,11,A,11,A,10,A,10,A
CPMI_CT2:A:GB:B:GB3P:Y:N:N,"A","Annual","GB","United Kingdom","B","Payment systems, retail","GB3P","Cheque/credit","Y","Directly connected participants","N","Number","N","Units","A","All users","0","Units","E","End of period","0","PS4","TOTAL NUMBER OF PARTICIPANTS OF WHICH DIRECTLY CONNECTED PARTICIPANTS",11,A,11,A,11,A,11,A,11,A,10,A,10,A
CPMI_CT2:A:GB:B:GB4P:V:N:G,"A","Annual","GB","United Kingdom","B","Payment systems, retail","GB4P","BACS","V","Payment transactions","N","Number","G","Annual growth","A","All users","0","Units","S","Summed through period","2","PS2","INCREASE IN THE NUMBER OF TRANSACTIONS (TOTAL GROSS VOLUME PER SYSTEM)",,,1.4001,A,2.5672,A,4.0884,A,2.2813,A,2.0653,A,1.5259,A
CPMI_CT2:A:GB:B:GB4P:V:N:N,"A","Annual","GB","United Kingdom","B","Payment systems, retail","GB4P","BACS","V","Payment transactions","N","Number","N","Units","A","All users","6","Millions","S","Summed through period","3","PS2","NUMBER OF TRANSACTIONS (TOTAL GROSS VOLUME PER SYSTEM)",5616.392,A,5695.028,A,5841.23,A,6080.043,A,6218.746,A,6347.18,A,6444.029,A
CPMI_CT2:A:GB:B:GB4P:V:V:A,"A","Annual","GB","United Kingdom","B","Payment systems, retail","GB4P","BACS","V","Payment transactions","V","Value","A","In USD","A","All users","9","Billions","S","Summed through period","3","PS3","VALUE OF TRANSACTIONS (TOTAL GROSS VALUE PER SYSTEM), IN USD",6514.1722,A,6594.3308,A,7278.3186,A,7015.2173,A,6446.8941,A,6337.5266,A,6612.0232,A
CPMI_CT2:A:GB:B:GB4P:V:V:H,"A","Annual","GB","United Kingdom","B","Payment systems, retail","GB4P","BACS","V","Payment transactions","V","Value","H","Annual real growth","A","All users","0","Units","S","Summed through period","2","PS3","INCREASE IN THE REAL VALUE OF TRANSACTIONS (PER SYSTEM)",,,-1.3043,A,8.7713,A,-3.6631,A,-8.6872,A,-4.2723,A,1.8113,A
CPMI_CT2:A:GB:B:GB4P:V:V:I,"A","Annual","GB","United Kingdom","B","Payment systems, retail","GB4P","BACS","V","Payment transactions","V","Value","I","In % of GDP","A","All users","0","Units","S","Summed through period","3","PS3","VALUE OF TRANSACTIONS AS A PERCENTAGE OF GDP (PER SYSTEM)",240.1549,A,236.722,A,237.413,A,239.4606,A,239.3687,A,237.7085,A,232.8066,A
CPMI_CT2:A:GB:B:GB4P:V:V:S,"A","Annual","GB","United Kingdom","B","Payment systems, retail","GB4P","BACS","V","Payment transactions","V","Value","S","Per transaction","A","All users","3","Thousands","S","Summed through period","3","PS3","AVERAGE VALUE OF TRANSACTIONS (PER SYSTEM), IN USD",1.1598,A,1.1579,A,1.246,A,1.1538,A,1.0367,A,0.99848,A,1.0261,A
CPMI_CT2:A:GB:B:GB4P:X:N:N,"A","Annual","GB","United Kingdom","B","Payment systems, retail","GB4P","BACS","X","All participants","N","Number","N","Units","A","All users","0","Units","E","End of period","0","PS4","TOTAL NUMBER OF PARTICIPANTS",16,A,16,A,16,A,16,A,16,A,22,A,24,A
CPMI_CT2:A:GB:B:GB4P:Y:N:N,"A","Annual","GB","United Kingdom","B","Payment systems, retail","GB4P","BACS","Y","Directly connected participants","N","Number","N","Units","A","All users","0","Units","E","End of period","0","PS4","TOTAL NUMBER OF PARTICIPANTS OF WHICH DIRECTLY CONNECTED PARTICIPANTS",16,A,16,A,16,A,16,A,16,A,22,A,24,A
CPMI_CT2:A:GB:B:GB6P:V:N:G,"A","Annual","GB","United Kingdom","B","Payment systems, retail","GB6P","LINK","V","Payment transactions","N","Number","G","Annual growth","A","All users","0","Units","S","Summed through period","2","PS2","INCREASE IN THE NUMBER OF TRANSACTIONS (TOTAL GROSS VOLUME PER SYSTEM)",,L,,L,,L,,L,,L,-2.0689,A,-6.0415,A
CPMI_CT2:A:GB:B:GB6P:V:N:N,"A","Annual","GB","United Kingdom","B","Payment systems, retail","GB6P","LINK","V","Payment transactions","N","Number","N","Units","A","All users","6","Millions","S","Summed through period","3","PS2","NUMBER OF TRANSACTIONS (TOTAL GROSS VOLUME PER SYSTEM)",,L,,L,,L,,L,3170.8,A,3105.2,A,2917.6,A
CPMI_CT2:A:GB:B:GB6P:V:V:A,"A","Annual","GB","United Kingdom","B","Payment systems, retail","GB6P","LINK","V","Payment transactions","V","Value","A","In USD","A","All users","9","Billions","S","Summed through period","3","PS3","VALUE OF TRANSACTIONS (TOTAL GROSS VALUE PER SYSTEM), IN USD",,L,,L,,L,,L,175.0085,A,166.9871,A,167.1745,A
CPMI_CT2:A:GB:B:GB6P:V:V:H,"A","Annual","GB","United Kingdom","B","Payment systems, retail","GB6P","LINK","V","Payment transactions","V","Value","H","Annual real growth","A","All users","0","Units","S","Summed through period","2","PS3","INCREASE IN THE REAL VALUE OF TRANSACTIONS (PER SYSTEM)",,L,,L,,L,,L,,L,-7.0836,A,-2.3059,A
CPMI_CT2:A:GB:B:GB6P:V:V:I,"A","Annual","GB","United Kingdom","B","Payment systems, retail","GB6P","LINK","V","Payment transactions","V","Value","I","In % of GDP","A","All users","0","Units","S","Summed through period","3","PS3","VALUE OF TRANSACTIONS AS A PERCENTAGE OF GDP (PER SYSTEM)",,L,,L,,L,,L,6.4979,A,6.2634,A,5.8861,A
CPMI_CT2:A:GB:B:GB6P:V:V:S,"A","Annual","GB","United Kingdom","B","Payment systems, retail","GB6P","LINK","V","Payment transactions","V","Value","S","Per transaction","A","All users","3","Thousands","S","Summed through period","3","PS3","AVERAGE VALUE OF TRANSACTIONS (PER SYSTEM), IN USD",,L,,L,,L,,L,0.055194,A,0.053777,A,0.057299,A
CPMI_CT2:A:GB:B:GB6P:X:N:N,"A","Annual","GB","United Kingdom","B","Payment systems, retail","GB6P","LINK","X","All participants","N","Number","N","Units","A","All users","0","Units","E","End of period","0","PS4","TOTAL NUMBER OF PARTICIPANTS",,L,,L,,L,,L,36,A,36,A,35,A
CPMI_CT2:A:GB:B:GB6P:Y:N:N,"A","Annual","GB","United Kingdom","B","Payment systems, retail","GB6P","LINK","Y","Directly connected participants","N","Number","N","Units","A","All users","0","Units","E","End of period","0","PS4","TOTAL NUMBER OF PARTICIPANTS OF WHICH DIRECTLY CONNECTED PARTICIPANTS",,L,,L,,L,,L,36,A,36,A,35,A
CPMI_CT2:A:GB:C:GB5P:V:N:G,"A","Annual","GB","United Kingdom","C","Payment systems, fast payments","GB5P","Faster Payments Service","V","Payment transactions","N","Number","G","Annual growth","A","All users","0","Units","S","Summed through period","2","PS2","INCREASE IN THE NUMBER OF TRANSACTIONS (TOTAL GROSS VOLUME PER SYSTEM)",,,19.2998,A,13.776,A,13.2715,A,14.3582,A,16.1079,A,23.3719,A
CPMI_CT2:A:GB:C:GB5P:V:N:N,"A","Annual","GB","United Kingdom","C","Payment systems, fast payments","GB5P","Faster Payments Service","V","Payment transactions","N","Number","N","Units","A","All users","6","Millions","S","Summed through period","3","PS2","NUMBER OF TRANSACTIONS (TOTAL GROSS VOLUME PER SYSTEM)",811.09,A,967.629,A,1100.93,A,1247.04,A,1426.093,A,1655.807,A,2042.8,A
CPMI_CT2:A:GB:C:GB5P:V:V:A,"A","Annual","GB","United Kingdom","C","Payment systems, fast payments","GB5P","Faster Payments Service","V","Payment transactions","V","Value","A","In USD","A","All users","9","Billions","S","Summed through period","3","PS3","VALUE OF TRANSACTIONS (TOTAL GROSS VALUE PER SYSTEM), IN USD",978.8332,A,1205.7452,A,1488.0746,A,1590.5273,A,1604.8006,A,1801.4876,A,2278.9317,A
CPMI_CT2:A:GB:C:GB5P:V:V:H,"A","Annual","GB","United Kingdom","C","Payment systems, fast payments","GB5P","Faster Payments Service","V","Payment transactions","V","Value","H","Annual real growth","A","All users","0","Units","S","Summed through period","2","PS3","INCREASE IN THE REAL VALUE OF TRANSACTIONS (PER SYSTEM)",,,20.0974,A,21.6251,A,6.8315,A,0.25415,A,9.3147,A,23.4472,A
CPMI_CT2:A:GB:C:GB5P:V:V:I,"A","Annual","GB","United Kingdom","C","Payment systems, fast payments","GB5P","Faster Payments Service","V","Payment transactions","V","Value","I","In % of GDP","A","All users","0","Units","S","Summed through period","3","PS3","VALUE OF TRANSACTIONS AS A PERCENTAGE OF GDP (PER SYSTEM)",36.0862,A,43.2836,A,48.5398,A,54.2918,A,59.5851,A,67.5704,A,80.2402,A
CPMI_CT2:A:GB:C:GB5P:V:V:S,"A","Annual","GB","United Kingdom","C","Payment systems, fast payments","GB5P","Faster Payments Service","V","Payment transactions","V","Value","S","Per transaction","A","All users","3","Thousands","S","Summed through period","3","PS3","AVERAGE VALUE OF TRANSACTIONS (PER SYSTEM), IN USD",1.2068,A,1.2461,A,1.3517,A,1.2754,A,1.1253,A,1.088,A,1.1156,A
CPMI_CT2:A:GB:C:GB5P:X:N:N,"A","Annual","GB","United Kingdom","C","Payment systems, fast payments","GB5P","Faster Payments Service","X","All participants","N","Number","N","Units","A","All users","0","Units","E","End of period","0","PS4","TOTAL NUMBER OF PARTICIPANTS",10,A,10,A,10,A,10,A,12,A,20,A,30,A
CPMI_CT2:A:GB:C:GB5P:Y:N:N,"A","Annual","GB","United Kingdom","C","Payment systems, fast payments","GB5P","Faster Payments Service","Y","Directly connected participants","N","Number","N","Units","A","All users","0","Units","E","End of period","0","PS4","TOTAL NUMBER OF PARTICIPANTS OF WHICH DIRECTLY CONNECTED PARTICIPANTS",10,A,10,A,10,A,10,A,12,A,20,A,30,A
CPMI_CT2:A:GB:U:GB1C:V:N:G,"A","Annual","GB","United Kingdom","U","Central counterparties/clearing houses","GB1C","ICE Clear Europe","V","Payment transactions","N","Number","G","Annual growth","A","All users","0","Units","S","Summed through period","2","CCP2","INCREASE IN THE NUMBER OF TRANSACTIONS (PER CCP OR CLEARING HOUSE)",,,,L,-0.22594,A,-14.2126,A,5.7244,A,14.9504,A,6.9031,A
CPMI_CT2:A:GB:U:GB1C:V:N:N,"A","Annual","GB","United Kingdom","U","Central counterparties/clearing houses","GB1C","ICE Clear Europe","V","Payment transactions","N","Number","N","Units","A","All users","3","Thousands","S","Summed through period","3","CCP2","NUMBER OF TRANSACTIONS (TOTAL NUMBER OF CONTRACTS AND TRANSACTIONS PER CCP OR CLEARING HOUSE)",,L,1328227,A,1325226,A,1136877,A,1201956,A,1381653,A,1477030,A
CPMI_CT2:A:GB:U:GB1C:V:V:A,"A","Annual","GB","United Kingdom","U","Central counterparties/clearing houses","GB1C","ICE Clear Europe","V","Payment transactions","V","Value","A","In USD","A","All users","9","Billions","S","Summed through period","3","CCP3","VALUE OF TRANSACTIONS (TOTAL VALUE OF CONTRACTS AND TRANSACTIONS PER CCP OR CLEARING HOUSE), IN USD",38636.7942,A,131872.007,A,130496.954,A,96033.832,A,102405.9524,A,128842.9438,A,149479.3525,A
CPMI_CT2:A:GB:U:GB1C:V:V:H,"A","Annual","GB","United Kingdom","U","Central counterparties/clearing houses","GB1C","ICE Clear Europe","V","Payment transactions","V","Value","H","Annual real growth","A","All users","0","Units","S","Summed through period","2","CCP3","INCREASE IN THE REAL VALUE OF TRANSACTIONS (PER CCP OR CLEARING HOUSE)",,,232.7655,A,-2.4782,A,-26.4459,A,5.9555,A,22.5191,A,13.2144,A
CPMI_CT2:A:GB:U:GB1C:V:V:I,"A","Annual","GB","United Kingdom","U","Central counterparties/clearing houses","GB1C","ICE Clear Europe","V","Payment transactions","V","Value","I","In % of GDP","A","All users","0","Units","S","Summed through period","3","CCP3","VALUE OF TRANSACTIONS AS A PERCENTAGE OF GDP (PER CCP OR CLEARING HOUSE)",1424.4046,A,4733.9155,A,4256.7079,A,3278.0625,A,3802.2613,A,4832.653,A,5263.1066,A
CPMI_CT2:A:GB:U:GB1C:V:V:S,"A","Annual","GB","United Kingdom","U","Central counterparties/clearing houses","GB1C","ICE Clear Europe","V","Payment transactions","V","Value","S","Per transaction","A","All users","3","Thousands","S","Summed through period","3","CCP3","AVERAGE VALUE OF TRANSACTIONS (PER CCP OR CLEARING HOUSE), IN USD",,L,99.2842,A,98.4715,A,84.4716,A,85.1994,A,93.2528,A,101.2027,A
CPMI_CT2:A:GB:U:GB1C:Z:N:N,"A","Annual","GB","United Kingdom","U","Central counterparties/clearing houses","GB1C","ICE Clear Europe","Z","Clearing members","N","Number","N","Units","A","All users","0","Units","E","End of period","0","CCP4","NUMBER OF CLEARING MEMBERS IN CCPs AND CLEARING HOUSES",69,A,81,A,80,A,79,A,81,A,80,A,81,A
CPMI_CT2:A:GB:U:GB2C:V:N:G,"A","Annual","GB","United Kingdom","U","Central counterparties/clearing houses","GB2C","LME Clear Limited","V","Payment transactions","N","Number","G","Annual growth","A","All users","0","Units","S","Summed through period","2","CCP2","INCREASE IN THE NUMBER OF TRANSACTIONS (PER CCP OR CLEARING HOUSE)",,,,L,,L,244.7094,A,-8.4795,A,1.5268,A,23.7177,A
CPMI_CT2:A:GB:U:GB2C:V:N:N,"A","Annual","GB","United Kingdom","U","Central counterparties/clearing houses","GB2C","LME Clear Limited","V","Payment transactions","N","Number","N","Units","A","All users","3","Thousands","S","Summed through period","3","CCP2","NUMBER OF TRANSACTIONS (TOTAL NUMBER OF CONTRACTS AND TRANSACTIONS PER CCP OR CLEARING HOUSE)",,L,,L,99.214,A,342,A,313,A,317.779,A,393.149,A
CPMI_CT2:A:GB:U:GB2C:V:V:A,"A","Annual","GB","United Kingdom","U","Central counterparties/clearing houses","GB2C","LME Clear Limited","V","Payment transactions","V","Value","A","In USD","A","All users","9","Billions","S","Summed through period","3","CCP3","VALUE OF TRANSACTIONS (TOTAL VALUE OF CONTRACTS AND TRANSACTIONS PER CCP OR CLEARING HOUSE), IN USD",,L,,L,10329.1732,A,27464.3815,A,24120.9113,A,22486.2452,A,36497.0058,A
CPMI_CT2:A:GB:U:GB2C:V:V:H,"A","Annual","GB","United Kingdom","U","Central counterparties/clearing houses","GB2C","LME Clear Limited","V","Payment transactions","V","Value","H","Annual real growth","A","All users","0","Units","S","Summed through period","2","CCP3","INCREASE IN THE REAL VALUE OF TRANSACTIONS (PER CCP OR CLEARING HOUSE)",,,,L,,L,165.7584,A,-12.7338,A,-9.2197,A,58.3877,A
CPMI_CT2:A:GB:U:GB2C:V:V:I,"A","Annual","GB","United Kingdom","U","Central counterparties/clearing houses","GB2C","LME Clear Limited","V","Payment transactions","V","Value","I","In % of GDP","A","All users","0","Units","S","Summed through period","3","CCP3","VALUE OF TRANSACTIONS AS A PERCENTAGE OF GDP (PER CCP OR CLEARING HOUSE)",,L,,L,336.9295,A,937.4817,A,895.5925,A,843.4162,A,1285.0446,A
CPMI_CT2:A:GB:U:GB2C:V:V:S,"A","Annual","GB","United Kingdom","U","Central counterparties/clearing houses","GB2C","LME Clear Limited","V","Payment transactions","V","Value","S","Per transaction","A","All users","3","Thousands","S","Summed through period","3","CCP3","AVERAGE VALUE OF TRANSACTIONS (PER CCP OR CLEARING HOUSE), IN USD",,L,,L,104110.0373,A,80305.2089,A,77063.6143,A,70760.6392,A,92832.5032,A
CPMI_CT2:A:GB:U:GB2C:Z:N:N,"A","Annual","GB","United Kingdom","U","Central counterparties/clearing houses","GB2C","LME Clear Limited","Z","Clearing members","N","Number","N","Units","A","All users","0","Units","E","End of period","0","CCP4","NUMBER OF CLEARING MEMBERS IN CCPs AND CLEARING HOUSES",,L,,L,42,A,42,A,44,A,46,A,46,A
CPMI_CT2:A:GB:U:GB4C:V:N:G,"A","Annual","GB","United Kingdom","U","Central counterparties/clearing houses","GB4C","LCH.Clearnet Ltd","V","Payment transactions","N","Number","G","Annual growth","A","All users","0","Units","S","Summed through period","2","CCP2","INCREASE IN THE NUMBER OF TRANSACTIONS (PER CCP OR CLEARING HOUSE)",,,1.8545,A,100.4896,A,-6.9474,A,49.6344,A,21.3572,A,0.16103,A
CPMI_CT2:A:GB:U:GB4C:V:N:N,"A","Annual","GB","United Kingdom","U","Central counterparties/clearing houses","GB4C","LCH.Clearnet Ltd","V","Payment transactions","N","Number","N","Units","A","All users","3","Thousands","S","Summed through period","3","CCP2","NUMBER OF TRANSACTIONS (TOTAL NUMBER OF CONTRACTS AND TRANSACTIONS PER CCP OR CLEARING HOUSE)",330062,A,336183,A,674012,A,627186,A,938486,A,1138920,A,1140754,A
CPMI_CT2:A:GB:U:GB4C:V:V:A,"A","Annual","GB","United Kingdom","U","Central counterparties/clearing houses","GB4C","LCH.Clearnet Ltd","V","Payment transactions","V","Value","A","In USD","A","All users","9","Billions","S","Summed through period","3","CCP3","VALUE OF TRANSACTIONS (TOTAL VALUE OF CONTRACTS AND TRANSACTIONS PER CCP OR CLEARING HOUSE), IN USD",,L,,L,932801.8994,A,634880.8018,A,788906.0071,A,1018823.867,A,1193050.1609,A
CPMI_CT2:A:GB:U:GB4C:V:V:H,"A","Annual","GB","United Kingdom","U","Central counterparties/clearing houses","GB4C","LCH.Clearnet Ltd","V","Payment transactions","V","Value","H","Annual real growth","A","All users","0","Units","S","Summed through period","2","CCP3","INCREASE IN THE REAL VALUE OF TRANSACTIONS (PER CCP OR CLEARING HOUSE)",,,,L,,L,-31.9723,A,23.4683,A,25.7599,A,14.2723,A
CPMI_CT2:A:GB:U:GB4C:V:V:I,"A","Annual","GB","United Kingdom","U","Central counterparties/clearing houses","GB4C","LCH.Clearnet Ltd","V","Payment transactions","V","Value","I","In % of GDP","A","All users","0","Units","S","Summed through period","3","CCP3","VALUE OF TRANSACTIONS AS A PERCENTAGE OF GDP (PER CCP OR CLEARING HOUSE)",,L,,L,30427.2637,A,21671.3101,A,29291.5273,A,38214.1395,A,42006.8062,A
CPMI_CT2:A:GB:U:GB4C:V:V:S,"A","Annual","GB","United Kingdom","U","Central counterparties/clearing houses","GB4C","LCH.Clearnet Ltd","V","Payment transactions","V","Value","S","Per transaction","A","All users","3","Thousands","S","Summed through period","3","CCP3","AVERAGE VALUE OF TRANSACTIONS (PER CCP OR CLEARING HOUSE), IN USD",,L,,L,1383.9544,A,1012.2688,A,840.6156,A,894.5526,A,1045.8435,A
CPMI_CT2:A:GB:U:GB4C:Z:N:N,"A","Annual","GB","United Kingdom","U","Central counterparties/clearing houses","GB4C","LCH.Clearnet Ltd","Z","Clearing members","N","Number","N","Units","A","All users","0","Units","E","End of period","0","CCP4","NUMBER OF CLEARING MEMBERS IN CCPs AND CLEARING HOUSES",171,A,165,A,161,A,154,A,158,A,157,A,161,A
CPMI_CT2:A:GB:V:GB1S:O:N:N,"A","Annual","GB","United Kingdom","V","Central securities depositories","GB1S","Euroclear UK & Ireland","O","Securities held","N","Number","N","Units","A","All users","3","Thousands","E","End of period","3","CSD5","TOTAL NUMBER OF SECURITIES HELD",11.288,A,12.042,A,14.173,A,15.373,A,12.856,A,14.784,A,15.227,A
CPMI_CT2:A:GB:V:GB1S:O:V:A,"A","Annual","GB","United Kingdom","V","Central securities depositories","GB1S","Euroclear UK & Ireland","O","Securities held","V","Value","A","In USD","A","All users","6","Millions","S","Summed through period","3","CSD5","TOTAL VALUE OF SECURITIES HELD, IN USD",5836872.4783,A,6637220.237,A,7298543.8572,A,9498827.7943,A,6715281.4051,A,6934112.7774,A,6280121.1286,A
CPMI_CT2:A:GB:V:GB1S:W:N:G,"A","Annual","GB","United Kingdom","V","Central securities depositories","GB1S","Euroclear UK & Ireland","W","Delivery instructions","N","Number","G","Annual growth","A","All users","0","Units","S","Summed through period","2","CSD2","INCREASE IN THE NUMBER OF DELIVERY INSTRUCTIONS (PER CSD)",-7.5639,A,18.7697,A,1.4408,A,3.8441,A,-0.095848,A,7.3916,A,0.98515,A
CPMI_CT2:A:GB:V:GB1S:W:N:N,"A","Annual","GB","United Kingdom","V","Central securities depositories","GB1S","Euroclear UK & Ireland","W","Delivery instructions","N","Number","N","Units","A","All users","3","Thousands","S","Summed through period","3","CSD2","NUMBER OF DELIVERY INSTRUCTIONS (TOTAL NUMBER OF DELIVERY INSTRUCTIONS PER CSD)",47866.008,A,56850.3,A,57669.42,A,59886.3,A,59828.9,A,64251.2,A,64884.17,A
CPMI_CT2:A:GB:V:GB1S:W:V:A,"A","Annual","GB","United Kingdom","V","Central securities depositories","GB1S","Euroclear UK & Ireland","W","Delivery instructions","V","Value","A","In USD","A","All users","9","Billions","S","Summed through period","3","CSD3","VALUE OF DELIVERY INSTRUCTIONS (TOTAL VALUE OF DELIVERY INSTRUCTIONS PER CSD), IN USD",183955.2776,A,437115.2744,A,377794.943,A,410743.1311,A,262242.8793,A,312323.1578,A,367641.5867,A
CPMI_CT2:A:GB:V:GB1S:W:V:H,"A","Annual","GB","United Kingdom","V","Central securities depositories","GB1S","Euroclear UK & Ireland","W","Delivery instructions","V","Value","H","Annual real growth","A","All users","0","Units","S","Summed through period","2","CSD3","INCREASE IN THE REAL VALUE OF DELIVERY INSTRUCTIONS (PER CSD)",-13.6103,A,131.6703,A,-14.8246,A,8.6668,A,-36.5611,A,15.9762,A,14.8687,A
CPMI_CT2:A:GB:V:GB1S:W:V:I,"A","Annual","GB","United Kingdom","V","Central securities depositories","GB1S","Euroclear UK & Ireland","W","Delivery instructions","V","Value","I","In % of GDP","A","All users","0","Units","S","Summed through period","2","CSD3","VALUE OF DELIVERY INSTRUCTIONS AS A PERCENTAGE OF GDP (PER CSD)",6781.7931,A,15691.4785,A,12323.3737,A,14020.4929,A,9736.8944,A,11714.6458,A,12944.5093,A
CPMI_CT2:A:GB:V:GB1S:W:V:S,"A","Annual","GB","United Kingdom","V","Central securities depositories","GB1S","Euroclear UK & Ireland","W","Delivery instructions","V","Value","S","Per transaction","A","All users","3","Thousands","S","Summed through period","3","CSD3","AVERAGE VALUE PER DELIVERY INSTRUCTIONS (PER CSD), IN USD",3843.1297,A,7688.8825,A,6551.0446,A,6858.7161,A,4383.2141,A,4860.97,A,5666.1214,A
CPMI_CT2:A:GB:V:GB1S:X:N:N,"A","Annual","GB","United Kingdom","V","Central securities depositories","GB1S","Euroclear UK & Ireland","X","All participants","N","Number","N","Units","A","All users","0","Units","E","End of period","0","CSD4","TOTAL NUMBER OF PARTICIPANTS (TOTAL NUMBER OF DIRECT PARTICIPANTS IN CSDs)",32388,A,26643,A,23648,A,22500,A,17050,A,15351,A,14660,A
CPMI_CT2:A:HK:A:HK1P:P:N:F,"A","Annual","HK","Hong Kong SAR","A","Payment systems, large-value","HK1P","HKD CHATS","P","Concentration ratio in terms of volume","N","Number","F","Percent","A","All users","0","Units","S","Summed through period","2","PS4","CONCENTRATION RATIO IN TERMS OF VOLUME",58,A,58,A,57,A,56,A,58,A,58,A,58,A
CPMI_CT2:A:HK:A:HK1P:Q:N:F,"A","Annual","HK","Hong Kong SAR","A","Payment systems, large-value","HK1P","HKD CHATS","Q","Concentration ratio in terms of value","N","Number","F","Percent","A","All users","0","Units","S","Summed through period","2","PS4","CONCENTRATION RATIO IN TERMS OF VALUE",49,A,50,A,51,A,50,A,49,A,49,A,47,A
CPMI_CT2:A:HK:A:HK1P:V:N:G,"A","Annual","HK","Hong Kong SAR","A","Payment systems, large-value","HK1P","HKD CHATS","V","Payment transactions","N","Number","G","Annual growth","A","All users","0","Units","S","Summed through period","2","PS2","INCREASE IN THE NUMBER OF TRANSACTIONS (TOTAL GROSS VOLUME PER SYSTEM)",,,7.2858,A,5.2925,A,7.1764,A,1.9212,A,11.3375,A,13.0711,A
CPMI_CT2:A:HK:A:HK1P:V:N:N,"A","Annual","HK","Hong Kong SAR","A","Payment systems, large-value","HK1P","HKD CHATS","V","Payment transactions","N","Number","N","Units","A","All users","6","Millions","S","Summed through period","3","PS2","NUMBER OF TRANSACTIONS (TOTAL GROSS VOLUME PER SYSTEM)",5.847,A,6.273,A,6.605,A,7.079,A,7.215,A,8.033,A,9.083,A
CPMI_CT2:A:HK:A:HK1P:V:V:A,"A","Annual","HK","Hong Kong SAR","A","Payment systems, large-value","HK1P","HKD CHATS","V","Payment transactions","V","Value","A","In USD","A","All users","9","Billions","S","Summed through period","3","PS3","VALUE OF TRANSACTIONS (TOTAL GROSS VALUE PER SYSTEM), IN USD",16243.7822,A,16325.1493,A,18111.0499,A,20299.2663,A,19249.9146,A,23620.7674,A,29658.5763,A
CPMI_CT2:A:HK:A:HK1P:V:V:H,"A","Annual","HK","Hong Kong SAR","A","Payment systems, large-value","HK1P","HKD CHATS","V","Payment transactions","V","Value","H","Annual real growth","A","All users","0","Units","S","Summed through period","2","PS3","INCREASE IN THE REAL VALUE OF TRANSACTIONS (PER SYSTEM)",,,-3.6642,A,6.2248,A,8.8226,A,-7.4021,A,20.9156,A,22.6094,A
CPMI_CT2:A:HK:A:HK1P:V:V:I,"A","Annual","HK","Hong Kong SAR","A","Payment systems, large-value","HK1P","HKD CHATS","V","Payment transactions","V","Value","I","In % of GDP","A","All users","0","Units","S","Summed through period","3","PS3","VALUE OF TRANSACTIONS AS A PERCENTAGE OF GDP (PER SYSTEM)",6185.6333,A,5921.84,A,6214.5959,A,6561.7217,A,5999.5343,A,6912.6765,A,8176.748,A
CPMI_CT2:A:HK:A:HK1P:V:V:S,"A","Annual","HK","Hong Kong SAR","A","Payment systems, large-value","HK1P","HKD CHATS","V","Payment transactions","V","Value","S","Per transaction","A","All users","3","Thousands","S","Summed through period","3","PS3","AVERAGE VALUE OF TRANSACTIONS (PER SYSTEM), IN USD",2778.1396,A,2602.4469,A,2742.0212,A,2867.533,A,2668.0408,A,2940.4665,A,3265.2842,A
CPMI_CT2:A:HK:A:HK1P:X:N:N,"A","Annual","HK","Hong Kong SAR","A","Payment systems, large-value","HK1P","HKD CHATS","X","All participants","N","Number","N","Units","A","All users","0","Units","E","End of period","0","PS4","TOTAL NUMBER OF PARTICIPANTS",152,A,154,A,159,A,156,A,153,A,153,A,153,A
CPMI_CT2:A:HK:A:HK1P:Y:N:N,"A","Annual","HK","Hong Kong SAR","A","Payment systems, large-value","HK1P","HKD CHATS","Y","Directly connected participants","N","Number","N","Units","A","All users","0","Units","E","End of period","0","PS4","TOTAL NUMBER OF PARTICIPANTS OF WHICH DIRECTLY CONNECTED PARTICIPANTS",152,A,154,A,159,A,156,A,153,A,153,A,153,A
CPMI_CT2:A:HK:A:HK2P:P:N:F,"A","Annual","HK","Hong Kong SAR","A","Payment systems, large-value","HK2P","USD CHATS","P","Concentration ratio in terms of volume","N","Number","F","Percent","A","All users","0","Units","S","Summed through period","2","PS4","CONCENTRATION RATIO IN TERMS OF VOLUME",59,A,62,A,61,A,59,A,57,A,56,A,58,A
CPMI_CT2:A:HK:A:HK2P:Q:N:F,"A","Annual","HK","Hong Kong SAR","A","Payment systems, large-value","HK2P","USD CHATS","Q","Concentration ratio in terms of value","N","Number","F","Percent","A","All users","0","Units","S","Summed through period","2","PS4","CONCENTRATION RATIO IN TERMS OF VALUE",64,A,58,A,60,A,59,A,65,A,66,A,67,A
CPMI_CT2:A:HK:A:HK2P:V:N:G,"A","Annual","HK","Hong Kong SAR","A","Payment systems, large-value","HK2P","USD CHATS","V","Payment transactions","N","Number","G","Annual growth","A","All users","0","Units","S","Summed through period","2","PS2","INCREASE IN THE NUMBER OF TRANSACTIONS (TOTAL GROSS VOLUME PER SYSTEM)",,,13.7347,A,7.6077,A,5.4514,A,11.773,A,6.9015,A,8.5516,A
CPMI_CT2:A:HK:A:HK2P:V:N:N,"A","Annual","HK","Hong Kong SAR","A","Payment systems, large-value","HK2P","USD CHATS","V","Payment transactions","N","Number","N","Units","A","All users","6","Millions","S","Summed through period","3","PS2","NUMBER OF TRANSACTIONS (TOTAL GROSS VOLUME PER SYSTEM)",3.837,A,4.364,A,4.696,A,4.952,A,5.535,A,5.917,A,6.423,A
CPMI_CT2:A:HK:A:HK2P:V:V:A,"A","Annual","HK","Hong Kong SAR","A","Payment systems, large-value","HK2P","USD CHATS","V","Payment transactions","V","Value","A","In USD","A","All users","9","Billions","S","Summed through period","3","PS3","VALUE OF TRANSACTIONS (TOTAL GROSS VALUE PER SYSTEM), IN USD",4065.6831,A,4274.1886,A,5266.5188,A,5901.6405,A,6518.0111,A,8543.0419,A,9988.305,A
CPMI_CT2:A:HK:A:HK2P:V:V:H,"A","Annual","HK","Hong Kong SAR","A","Payment systems, large-value","HK2P","USD CHATS","V","Payment transactions","V","Value","H","Annual real growth","A","All users","0","Units","S","Summed through period","2","PS3","INCREASE IN THE REAL VALUE OF TRANSACTIONS (PER SYSTEM)",,,0.7715,A,17.9803,A,8.8006,A,7.8438,A,29.156,A,14.1686,A
CPMI_CT2:A:HK:A:HK2P:V:V:I,"A","Annual","HK","Hong Kong SAR","A","Payment systems, large-value","HK2P","USD CHATS","V","Payment transactions","V","Value","I","In % of GDP","A","All users","0","Units","S","Summed through period","3","PS3","VALUE OF TRANSACTIONS AS A PERCENTAGE OF GDP (PER SYSTEM)",1548.2124,A,1550.4336,A,1807.1446,A,1907.7006,A,2031.4392,A,2500.1425,A,2753.7348,A
CPMI_CT2:A:HK:A:HK2P:V:V:S,"A","Annual","HK","Hong Kong SAR","A","Payment systems, large-value","HK2P","USD CHATS","V","Payment transactions","V","Value","S","Per transaction","A","All users","3","Thousands","S","Summed through period","3","PS3","AVERAGE VALUE OF TRANSACTIONS (PER SYSTEM), IN USD",1059.5995,A,979.4199,A,1121.4904,A,1191.7691,A,1177.5991,A,1443.8131,A,1555.0841,A
CPMI_CT2:A:HK:A:HK2P:X:N:N,"A","Annual","HK","Hong Kong SAR","A","Payment systems, large-value","HK2P","USD CHATS","X","All participants","N","Number","N","Units","A","All users","0","Units","E","End of period","0","PS4","TOTAL NUMBER OF PARTICIPANTS",222,A,223,A,222,A,219,A,217,A,210,A,210,A
CPMI_CT2:A:HK:A:HK2P:Y:N:N,"A","Annual","HK","Hong Kong SAR","A","Payment systems, large-value","HK2P","USD CHATS","Y","Directly connected participants","N","Number","N","Units","A","All users","0","Units","E","End of period","0","PS4","TOTAL NUMBER OF PARTICIPANTS OF WHICH DIRECTLY CONNECTED PARTICIPANTS",92,A,94,A,100,A,100,A,105,A,103,A,103,A
CPMI_CT2:A:HK:A:HK3P:P:N:F,"A","Annual","HK","Hong Kong SAR","A","Payment systems, large-value","HK3P","EUR CHATS","P","Concentration ratio in terms of volume","N","Number","F","Percent","A","All users","0","Units","S","Summed through period","2","PS4","CONCENTRATION RATIO IN TERMS OF VOLUME",72,A,74,A,74,A,73,A,71,A,71,A,71,A
CPMI_CT2:A:HK:A:HK3P:Q:N:F,"A","Annual","HK","Hong Kong SAR","A","Payment systems, large-value","HK3P","EUR CHATS","Q","Concentration ratio in terms of value","N","Number","F","Percent","A","All users","0","Units","S","Summed through period","2","PS4","CONCENTRATION RATIO IN TERMS OF VALUE",94,A,97,A,96,A,87,A,87,A,81,A,85,A
CPMI_CT2:A:HK:A:HK3P:V:N:G,"A","Annual","HK","Hong Kong SAR","A","Payment systems, large-value","HK3P","EUR CHATS","V","Payment transactions","N","Number","G","Annual growth","A","All users","0","Units","S","Summed through period","2","PS2","INCREASE IN THE NUMBER OF TRANSACTIONS (TOTAL GROSS VOLUME PER SYSTEM)",,,9.2593,A,11.0169,A,7.6336,A,3.5461,A,-6.1644,A,2.1898,A
CPMI_CT2:A:HK:A:HK3P:V:N:N,"A","Annual","HK","Hong Kong SAR","A","Payment systems, large-value","HK3P","EUR CHATS","V","Payment transactions","N","Number","N","Units","A","All users","6","Millions","S","Summed through period","3","PS2","NUMBER OF TRANSACTIONS (TOTAL GROSS VOLUME PER SYSTEM)",0.108,A,0.118,A,0.131,A,0.141,A,0.146,A,0.137,A,0.14,A
CPMI_CT2:A:HK:A:HK3P:V:V:A,"A","Annual","HK","Hong Kong SAR","A","Payment systems, large-value","HK3P","EUR CHATS","V","Payment transactions","V","Value","A","In USD","A","All users","9","Billions","S","Summed through period","3","PS3","VALUE OF TRANSACTIONS (TOTAL GROSS VALUE PER SYSTEM), IN USD",184.7335,A,182.9419,A,190.7908,A,100.0529,A,87.8714,A,70.8086,A,82.1457,A
CPMI_CT2:A:HK:A:HK3P:V:V:H,"A","Annual","HK","Hong Kong SAR","A","Payment systems, large-value","HK3P","EUR CHATS","V","Payment transactions","V","Value","H","Annual real growth","A","All users","0","Units","S","Summed through period","2","PS3","INCREASE IN THE REAL VALUE OF TRANSACTIONS (PER SYSTEM)",,,-5.074,A,-0.14184,A,-49.084,A,-14.2428,A,-20.5936,A,13.2834,A
CPMI_CT2:A:HK:A:HK3P:V:V:I,"A","Annual","HK","Hong Kong SAR","A","Payment systems, large-value","HK3P","EUR CHATS","V","Payment transactions","V","Value","I","In % of GDP","A","All users","0","Units","S","Summed through period","3","PS3","VALUE OF TRANSACTIONS AS A PERCENTAGE OF GDP (PER SYSTEM)",70.3465,A,66.361,A,65.4676,A,32.342,A,27.3865,A,20.7223,A,22.6472,A
CPMI_CT2:A:HK:A:HK3P:V:V:S,"A","Annual","HK","Hong Kong SAR","A","Payment systems, large-value","HK3P","EUR CHATS","V","Payment transactions","V","Value","S","Per transaction","A","All users","3","Thousands","S","Summed through period","3","PS3","AVERAGE VALUE OF TRANSACTIONS (PER SYSTEM), IN USD",1710.495,A,1550.3553,A,1456.4184,A,709.5948,A,601.8588,A,516.8511,A,586.7552,A
CPMI_CT2:A:HK:A:HK3P:X:N:N,"A","Annual","HK","Hong Kong SAR","A","Payment systems, large-value","HK3P","EUR CHATS","X","All participants","N","Number","N","Units","A","All users","0","Units","E","End of period","0","PS4","TOTAL NUMBER OF PARTICIPANTS",52,A,55,A,55,A,55,A,55,A,53,A,53,A
CPMI_CT2:A:HK:A:HK3P:Y:N:N,"A","Annual","HK","Hong Kong SAR","A","Payment systems, large-value","HK3P","EUR CHATS","Y","Directly connected participants","N","Number","N","Units","A","All users","0","Units","E","End of period","0","PS4","TOTAL NUMBER OF PARTICIPANTS OF WHICH DIRECTLY CONNECTED PARTICIPANTS",33,A,37,A,37,A,37,A,38,A,36,A,36,A
CPMI_CT2:A:HK:A:HK8P:P:N:F,"A","Annual","HK","Hong Kong SAR","A","Payment systems, large-value","HK8P","RMB CHATS","P","Concentration ratio in terms of volume","N","Number","F","Percent","A","All users","0","Units","S","Summed through period","2","PS4","CONCENTRATION RATIO IN TERMS OF VOLUME",48,A,44,A,51,A,48,A,49,A,51,A,54,A
CPMI_CT2:A:HK:A:HK8P:Q:N:F,"A","Annual","HK","Hong Kong SAR","A","Payment systems, large-value","HK8P","RMB CHATS","Q","Concentration ratio in terms of value","N","Number","F","Percent","A","All users","0","Units","S","Summed through period","2","PS4","CONCENTRATION RATIO IN TERMS OF VALUE",44,A,42,A,49,A,49,A,50,A,50,A,49,A
CPMI_CT2:A:HK:A:HK8P:V:N:G,"A","Annual","HK","Hong Kong SAR","A","Payment systems, large-value","HK8P","RMB CHATS","V","Payment transactions","N","Number","G","Annual growth","A","All users","0","Units","S","Summed through period","2","PS2","INCREASE IN THE NUMBER OF TRANSACTIONS (TOTAL GROSS VOLUME PER SYSTEM)",,,43.3911,A,89.8919,A,43.0198,A,-10.1826,A,2.111,A,17.2282,A
CPMI_CT2:A:HK:A:HK8P:V:N:N,"A","Annual","HK","Hong Kong SAR","A","Payment systems, large-value","HK8P","RMB CHATS","V","Payment transactions","N","Number","N","Units","A","All users","6","Millions","S","Summed through period","3","PS2","NUMBER OF TRANSACTIONS (TOTAL GROSS VOLUME PER SYSTEM)",1.097,A,1.573,A,2.987,A,4.272,A,3.837,A,3.918,A,4.593,A
CPMI_CT2:A:HK:A:HK8P:V:V:A,"A","Annual","HK","Hong Kong SAR","A","Payment systems, large-value","HK8P","RMB CHATS","V","Payment transactions","V","Value","A","In USD","A","All users","9","Billions","S","Summed through period","3","PS3","VALUE OF TRANSACTIONS (TOTAL GROSS VALUE PER SYSTEM), IN USD",7873.0075,A,14616.8647,A,27616.5868,A,35004.149,A,30207.7311,A,31394.8894,A,35186.2111,A
CPMI_CT2:A:HK:A:HK8P:V:V:H,"A","Annual","HK","Hong Kong SAR","A","Payment systems, large-value","HK8P","RMB CHATS","V","Payment transactions","V","Value","H","Annual real growth","A","All users","0","Units","S","Summed through period","2","PS3","INCREASE IN THE REAL VALUE OF TRANSACTIONS (PER SYSTEM)",,,77.9636,A,80.9069,A,23.0642,A,-15.7342,A,2.4137,A,9.4412,A
CPMI_CT2:A:HK:A:HK8P:V:V:I,"A","Annual","HK","Hong Kong SAR","A","Payment systems, large-value","HK8P","RMB CHATS","V","Payment transactions","V","Value","I","In % of GDP","A","All users","0","Units","S","Summed through period","3","PS3","VALUE OF TRANSACTIONS AS A PERCENTAGE OF GDP (PER SYSTEM)",2998.0418,A,5302.171,A,9476.3102,A,11315.0633,A,9414.7077,A,9187.7927,A,9700.6943,A
CPMI_CT2:A:HK:A:HK8P:V:V:S,"A","Annual","HK","Hong Kong SAR","A","Payment systems, large-value","HK8P","RMB CHATS","V","Payment transactions","V","Value","S","Per transaction","A","All users","3","Thousands","S","Summed through period","3","PS3","AVERAGE VALUE OF TRANSACTIONS (PER SYSTEM), IN USD",7176.8528,A,9292.3488,A,9245.5932,A,8193.8551,A,7872.7472,A,8012.9886,A,7660.8341,A
CPMI_CT2:A:HK:A:HK8P:X:N:N,"A","Annual","HK","Hong Kong SAR","A","Payment systems, large-value","HK8P","RMB CHATS","X","All participants","N","Number","N","Units","A","All users","0","Units","E","End of period","0","PS4","TOTAL NUMBER OF PARTICIPANTS",174,A,184,A,199,A,219,A,212,A,205,A,202,A
CPMI_CT2:A:HK:A:HK8P:Y:N:N,"A","Annual","HK","Hong Kong SAR","A","Payment systems, large-value","HK8P","RMB CHATS","Y","Directly connected participants","N","Number","N","Units","A","All users","0","Units","E","End of period","0","PS4","TOTAL NUMBER OF PARTICIPANTS OF WHICH DIRECTLY CONNECTED PARTICIPANTS",174,A,184,A,199,A,219,A,212,A,205,A,202,A
CPMI_CT2:A:HK:B:HK4P:V:N:G,"A","Annual","HK","Hong Kong SAR","B","Payment systems, retail","HK4P","HKD Cheques","V","Payment transactions","N","Number","G","Annual growth","A","All users","0","Units","S","Summed through period","2","PS2","INCREASE IN THE NUMBER OF TRANSACTIONS (TOTAL GROSS VOLUME PER SYSTEM)",,,-2.5714,A,-2.151,A,-2.3203,A,-5.3866,A,-1.9815,A,-2.5669,A
CPMI_CT2:A:HK:B:HK4P:V:N:N,"A","Annual","HK","Hong Kong SAR","B","Payment systems, retail","HK4P","HKD Cheques","V","Payment transactions","N","Number","N","Units","A","All users","6","Millions","S","Summed through period","3","PS2","NUMBER OF TRANSACTIONS (TOTAL GROSS VOLUME PER SYSTEM)",105.741,A,103.022,A,100.806,A,98.467,A,93.163,A,91.317,A,88.973,A
CPMI_CT2:A:HK:B:HK4P:V:V:A,"A","Annual","HK","Hong Kong SAR","B","Payment systems, retail","HK4P","HKD Cheques","V","Payment transactions","V","Value","A","In USD","A","All users","9","Billions","S","Summed through period","3","PS3","VALUE OF TRANSACTIONS (TOTAL GROSS VALUE PER SYSTEM), IN USD",887.7004,A,927.7308,A,982.599,A,1017.8756,A,933.8614,A,1066.6179,A,1114.0772,A
CPMI_CT2:A:HK:B:HK4P:V:V:H,"A","Annual","HK","Hong Kong SAR","B","Payment systems, retail","HK4P","HKD Cheques","V","Payment transactions","V","Value","H","Annual real growth","A","All users","0","Units","S","Summed through period","2","PS3","INCREASE IN THE REAL VALUE OF TRANSACTIONS (PER SYSTEM)",,,0.17819,A,1.413,A,0.57744,A,-10.4139,A,12.5495,A,1.9938,A
CPMI_CT2:A:HK:B:HK4P:V:V:I,"A","Annual","HK","Hong Kong SAR","B","Payment systems, retail","HK4P","HKD Cheques","V","Payment transactions","V","Value","I","In % of GDP","A","All users","0","Units","S","Summed through period","3","PS3","VALUE OF TRANSACTIONS AS A PERCENTAGE OF GDP (PER SYSTEM)",338.0364,A,336.5282,A,337.1674,A,329.0275,A,291.0524,A,312.1484,A,307.1465,A
CPMI_CT2:A:HK:B:HK4P:V:V:S,"A","Annual","HK","Hong Kong SAR","B","Payment systems, retail","HK4P","HKD Cheques","V","Payment transactions","V","Value","S","Per transaction","A","All users","3","Thousands","S","Summed through period","3","PS3","AVERAGE VALUE OF TRANSACTIONS (PER SYSTEM), IN USD",8.395,A,9.0052,A,9.7474,A,10.3372,A,10.024,A,11.6804,A,12.5215,A
CPMI_CT2:A:HK:B:HK4P:X:N:N,"A","Annual","HK","Hong Kong SAR","B","Payment systems, retail","HK4P","HKD Cheques","X","All participants","N","Number","N","Units","A","All users","0","Units","E","End of period","0","PS4","TOTAL NUMBER OF PARTICIPANTS",138,A,136,A,137,A,133,A,133,A,130,A,131,A
CPMI_CT2:A:HK:B:HK4P:Y:N:N,"A","Annual","HK","Hong Kong SAR","B","Payment systems, retail","HK4P","HKD Cheques","Y","Directly connected participants","N","Number","N","Units","A","All users","0","Units","E","End of period","0","PS4","TOTAL NUMBER OF PARTICIPANTS OF WHICH DIRECTLY CONNECTED PARTICIPANTS",138,A,136,A,137,A,133,A,133,A,130,A,131,A
CPMI_CT2:A:HK:B:HK5P:V:N:G,"A","Annual","HK","Hong Kong SAR","B","Payment systems, retail","HK5P","USD Cheques","V","Payment transactions","N","Number","G","Annual growth","A","All users","0","Units","S","Summed through period","2","PS2","INCREASE IN THE NUMBER OF TRANSACTIONS (TOTAL GROSS VOLUME PER SYSTEM)",,,0.28074,A,0.11198,A,-9.2282,A,-3.8817,A,-0.064103,A,-2.7582,A
CPMI_CT2:A:HK:B:HK5P:V:N:N,"A","Annual","HK","Hong Kong SAR","B","Payment systems, retail","HK5P","USD Cheques","V","Payment transactions","N","Number","N","Units","A","All users","6","Millions","S","Summed through period","3","PS2","NUMBER OF TRANSACTIONS (TOTAL GROSS VOLUME PER SYSTEM)",1.781,A,1.786,A,1.788,A,1.623,A,1.56,A,1.559,A,1.516,A
CPMI_CT2:A:HK:B:HK5P:V:V:A,"A","Annual","HK","Hong Kong SAR","B","Payment systems, retail","HK5P","USD Cheques","V","Payment transactions","V","Value","A","In USD","A","All users","9","Billions","S","Summed through period","3","PS3","VALUE OF TRANSACTIONS (TOTAL GROSS VALUE PER SYSTEM), IN USD",70.1291,A,72.8416,A,78.6595,A,76.6212,A,83.2217,A,92.5206,A,98.1371,A
CPMI_CT2:A:HK:B:HK5P:V:V:H,"A","Annual","HK","Hong Kong SAR","B","Payment systems, retail","HK5P","USD Cheques","V","Payment transactions","V","Value","H","Annual real growth","A","All users","0","Units","S","Summed through period","2","PS3","INCREASE IN THE REAL VALUE OF TRANSACTIONS (PER SYSTEM)",,,-0.43686,A,3.3978,A,-5.4242,A,6.0573,A,9.5516,A,3.5766,A
CPMI_CT2:A:HK:B:HK5P:V:V:I,"A","Annual","HK","Hong Kong SAR","B","Payment systems, retail","HK5P","USD Cheques","V","Payment transactions","V","Value","I","In % of GDP","A","All users","0","Units","S","Summed through period","3","PS3","VALUE OF TRANSACTIONS AS A PERCENTAGE OF GDP (PER SYSTEM)",26.7052,A,26.4228,A,26.9911,A,24.7678,A,25.9373,A,27.0764,A,27.056,A
CPMI_CT2:A:HK:B:HK5P:V:V:S,"A","Annual","HK","Hong Kong SAR","B","Payment systems, retail","HK5P","USD Cheques","V","Payment transactions","V","Value","S","Per transaction","A","All users","3","Thousands","S","Summed through period","3","PS3","AVERAGE VALUE OF TRANSACTIONS (PER SYSTEM), IN USD",39.3763,A,40.7848,A,43.993,A,47.2096,A,53.3473,A,59.3461,A,64.7342,A
CPMI_CT2:A:HK:B:HK5P:X:N:N,"A","Annual","HK","Hong Kong SAR","B","Payment systems, retail","HK5P","USD Cheques","X","All participants","N","Number","N","Units","A","All users","0","Units","E","End of period","0","PS4","TOTAL NUMBER OF PARTICIPANTS",103,A,105,A,110,A,109,A,114,A,110,A,109,A
CPMI_CT2:A:HK:B:HK5P:Y:N:N,"A","Annual","HK","Hong Kong SAR","B","Payment systems, retail","HK5P","USD Cheques","Y","Directly connected participants","N","Number","N","Units","A","All users","0","Units","E","End of period","0","PS4","TOTAL NUMBER OF PARTICIPANTS OF WHICH DIRECTLY CONNECTED PARTICIPANTS",83,A,84,A,88,A,87,A,93,A,89,A,88,A
CPMI_CT2:A:HK:B:HK6P:V:N:G,"A","Annual","HK","Hong Kong SAR","B","Payment systems, retail","HK6P","HKD Electronic Clearing (ECG)","V","Payment transactions","N","Number","G","Annual growth","A","All users","0","Units","S","Summed through period","2","PS2","INCREASE IN THE NUMBER OF TRANSACTIONS (TOTAL GROSS VOLUME PER SYSTEM)",,,4.627,A,4.4622,A,4.5289,A,0.93727,A,5.6186,A,7.1569,A
CPMI_CT2:A:HK:B:HK6P:V:N:N,"A","Annual","HK","Hong Kong SAR","B","Payment systems, retail","HK6P","HKD Electronic Clearing (ECG)","V","Payment transactions","N","Number","N","Units","A","All users","6","Millions","S","Summed through period","3","PS2","NUMBER OF TRANSACTIONS (TOTAL GROSS VOLUME PER SYSTEM)",86.385,A,90.382,A,94.415,A,98.691,A,99.616,A,105.213,A,112.743,A
CPMI_CT2:A:HK:B:HK6P:V:V:A,"A","Annual","HK","Hong Kong SAR","B","Payment systems, retail","HK6P","HKD Electronic Clearing (ECG)","V","Payment transactions","V","Value","A","In USD","A","All users","9","Billions","S","Summed through period","3","PS3","VALUE OF TRANSACTIONS (TOTAL GROSS VALUE PER SYSTEM), IN USD",1966.0642,A,2442.8355,A,2699.1813,A,3233.3125,A,2038.9328,A,2803.0802,A,3177.2071,A
CPMI_CT2:A:HK:B:HK6P:V:V:H,"A","Annual","HK","Hong Kong SAR","B","Payment systems, retail","HK6P","HKD Electronic Clearing (ECG)","V","Payment transactions","V","Value","H","Annual real growth","A","All users","0","Units","S","Summed through period","2","PS3","INCREASE IN THE REAL VALUE OF TRANSACTIONS (PER SYSTEM)",,,19.1006,A,5.7979,A,16.3049,A,-38.4245,A,35.472,A,10.6821,A
CPMI_CT2:A:HK:B:HK6P:V:V:I,"A","Annual","HK","Hong Kong SAR","B","Payment systems, retail","HK6P","HKD Electronic Clearing (ECG)","V","Payment transactions","V","Value","I","In % of GDP","A","All users","0","Units","S","Summed through period","3","PS3","VALUE OF TRANSACTIONS AS A PERCENTAGE OF GDP (PER SYSTEM)",748.6774,A,886.1224,A,926.1926,A,1045.1657,A,635.465,A,820.3284,A,875.943,A
CPMI_CT2:A:HK:B:HK6P:V:V:S,"A","Annual","HK","Hong Kong SAR","B","Payment systems, retail","HK6P","HKD Electronic Clearing (ECG)","V","Payment transactions","V","Value","S","Per transaction","A","All users","3","Thousands","S","Summed through period","3","PS3","AVERAGE VALUE OF TRANSACTIONS (PER SYSTEM), IN USD",22.7593,A,27.0279,A,28.5885,A,32.762,A,20.4679,A,26.642,A,28.181,A
CPMI_CT2:A:HK:B:HK6P:X:N:N,"A","Annual","HK","Hong Kong SAR","B","Payment systems, retail","HK6P","HKD Electronic Clearing (ECG)","X","All participants","N","Number","N","Units","A","All users","0","Units","E","End of period","0","PS4","TOTAL NUMBER OF PARTICIPANTS",107,A,106,A,106,A,134,A,134,A,132,A,133,A
CPMI_CT2:A:HK:B:HK6P:Y:N:N,"A","Annual","HK","Hong Kong SAR","B","Payment systems, retail","HK6P","HKD Electronic Clearing (ECG)","Y","Directly connected participants","N","Number","N","Units","A","All users","0","Units","E","End of period","0","PS4","TOTAL NUMBER OF PARTICIPANTS OF WHICH DIRECTLY CONNECTED PARTICIPANTS",107,A,106,A,106,A,134,A,134,A,132,A,133,A
CPMI_CT2:A:HK:B:HK7P:V:N:G,"A","Annual","HK","Hong Kong SAR","B","Payment systems, retail","HK7P","USD Electronic Clearing (ECG)","V","Payment transactions","N","Number","G","Annual growth","A","All users","0","Units","S","Summed through period","2","PS2","INCREASE IN THE NUMBER OF TRANSACTIONS (TOTAL GROSS VOLUME PER SYSTEM)",,,160,A,-15.3846,A,0,A,45.4545,A,56.25,A,44,A
CPMI_CT2:A:HK:B:HK7P:V:N:N,"A","Annual","HK","Hong Kong SAR","B","Payment systems, retail","HK7P","USD Electronic Clearing (ECG)","V","Payment transactions","N","Number","N","Units","A","All users","6","Millions","S","Summed through period","3","PS2","NUMBER OF TRANSACTIONS (TOTAL GROSS VOLUME PER SYSTEM)",0.005,A,0.013,A,0.011,A,0.011,A,0.016,A,0.025,A,0.036,A
CPMI_CT2:A:HK:B:HK7P:V:V:A,"A","Annual","HK","Hong Kong SAR","B","Payment systems, retail","HK7P","USD Electronic Clearing (ECG)","V","Payment transactions","V","Value","A","In USD","A","All users","9","Billions","S","Summed through period","3","PS3","VALUE OF TRANSACTIONS (TOTAL GROSS VALUE PER SYSTEM), IN USD",1.4181,A,3.352,A,2.7079,A,3.6118,A,4.5089,A,6.2878,A,12.2121,A
CPMI_CT2:A:HK:B:HK7P:V:V:H,"A","Annual","HK","Hong Kong SAR","B","Payment systems, retail","HK7P","USD Electronic Clearing (ECG)","V","Payment transactions","V","Value","H","Annual real growth","A","All users","0","Units","S","Summed through period","2","PS3","INCREASE IN THE REAL VALUE OF TRANSACTIONS (PER SYSTEM)",,,126.5842,A,-22.6472,A,29.4978,A,21.9002,A,37.4182,A,89.6525,A
CPMI_CT2:A:HK:B:HK7P:V:V:I,"A","Annual","HK","Hong Kong SAR","B","Payment systems, retail","HK7P","USD Electronic Clearing (ECG)","V","Payment transactions","V","Value","I","In % of GDP","A","All users","0","Units","S","Summed through period","3","PS3","VALUE OF TRANSACTIONS AS A PERCENTAGE OF GDP (PER SYSTEM)",0.53999,A,1.2159,A,0.9292,A,1.1675,A,1.4053,A,1.8401,A,3.3668,A
CPMI_CT2:A:HK:B:HK7P:V:V:S,"A","Annual","HK","Hong Kong SAR","B","Payment systems, retail","HK7P","USD Electronic Clearing (ECG)","V","Payment transactions","V","Value","S","Per transaction","A","All users","3","Thousands","S","Summed through period","3","PS3","AVERAGE VALUE OF TRANSACTIONS (PER SYSTEM), IN USD",283.6103,A,257.8463,A,246.1773,A,328.3432,A,281.8074,A,251.5124,A,339.2253,A
CPMI_CT2:A:HK:B:HK7P:X:N:N,"A","Annual","HK","Hong Kong SAR","B","Payment systems, retail","HK7P","USD Electronic Clearing (ECG)","X","All participants","N","Number","N","Units","A","All users","0","Units","E","End of period","0","PS4","TOTAL NUMBER OF PARTICIPANTS",32,A,32,A,33,A,110,A,115,A,111,A,110,A
CPMI_CT2:A:HK:B:HK7P:Y:N:N,"A","Annual","HK","Hong Kong SAR","B","Payment systems, retail","HK7P","USD Electronic Clearing (ECG)","Y","Directly connected participants","N","Number","N","Units","A","All users","0","Units","E","End of period","0","PS4","TOTAL NUMBER OF PARTICIPANTS OF WHICH DIRECTLY CONNECTED PARTICIPANTS",32,A,32,A,33,A,88,A,94,A,90,A,89,A
CPMI_CT2:A:HK:B:HK9P:V:N:G,"A","Annual","HK","Hong Kong SAR","B","Payment systems, retail","HK9P","RMB Cheques","V","Payment transactions","N","Number","G","Annual growth","A","All users","0","Units","S","Summed through period","2","PS2","INCREASE IN THE NUMBER OF TRANSACTIONS (TOTAL GROSS VOLUME PER SYSTEM)",,,72.242,A,35.5372,A,-8.8415,A,-34.9498,A,-22.8792,A,2,A
CPMI_CT2:A:HK:B:HK9P:V:N:N,"A","Annual","HK","Hong Kong SAR","B","Payment systems, retail","HK9P","RMB Cheques","V","Payment transactions","N","Number","N","Units","A","All users","6","Millions","S","Summed through period","3","PS2","NUMBER OF TRANSACTIONS (TOTAL GROSS VOLUME PER SYSTEM)",0.281,A,0.484,A,0.656,A,0.598,A,0.389,A,0.3,A,0.306,A
CPMI_CT2:A:HK:B:HK9P:V:V:A,"A","Annual","HK","Hong Kong SAR","B","Payment systems, retail","HK9P","RMB Cheques","V","Payment transactions","V","Value","A","In USD","A","All users","9","Billions","S","Summed through period","3","PS3","VALUE OF TRANSACTIONS (TOTAL GROSS VALUE PER SYSTEM), IN USD",12.527,A,20.8181,A,28.1994,A,29.1079,A,18.6428,A,12.3622,A,13.5102,A
CPMI_CT2:A:HK:B:HK9P:V:V:H,"A","Annual","HK","Hong Kong SAR","B","Payment systems, retail","HK9P","RMB Cheques","V","Payment transactions","V","Value","H","Annual real growth","A","All users","0","Units","S","Summed through period","2","PS3","INCREASE IN THE REAL VALUE OF TRANSACTIONS (PER SYSTEM)",,,59.2976,A,29.6995,A,0.21985,A,-37.4606,A,-34.6566,A,6.7166,A
CPMI_CT2:A:HK:B:HK9P:V:V:I,"A","Annual","HK","Hong Kong SAR","B","Payment systems, retail","HK9P","RMB Cheques","V","Payment transactions","V","Value","I","In % of GDP","A","All users","0","Units","S","Summed through period","3","PS3","VALUE OF TRANSACTIONS AS A PERCENTAGE OF GDP (PER SYSTEM)",4.7703,A,7.5516,A,9.6763,A,9.4091,A,5.8103,A,3.6178,A,3.7247,A
CPMI_CT2:A:HK:B:HK9P:V:V:S,"A","Annual","HK","Hong Kong SAR","B","Payment systems, retail","HK9P","RMB Cheques","V","Payment transactions","V","Value","S","Per transaction","A","All users","3","Thousands","S","Summed through period","3","PS3","AVERAGE VALUE OF TRANSACTIONS (PER SYSTEM), IN USD",44.5802,A,43.0125,A,42.9869,A,48.6754,A,47.925,A,41.2074,A,44.151,A
CPMI_CT2:A:HK:B:HK9P:X:N:N,"A","Annual","HK","Hong Kong SAR","B","Payment systems, retail","HK9P","RMB Cheques","X","All participants","N","Number","N","Units","A","All users","0","Units","E","End of period","0","PS4","TOTAL NUMBER OF PARTICIPANTS",77,A,82,A,82,A,82,A,84,A,80,A,81,A
CPMI_CT2:A:HK:B:HK9P:Y:N:N,"A","Annual","HK","Hong Kong SAR","B","Payment systems, retail","HK9P","RMB Cheques","Y","Directly connected participants","N","Number","N","Units","A","All users","0","Units","E","End of period","0","PS4","TOTAL NUMBER OF PARTICIPANTS OF WHICH DIRECTLY CONNECTED PARTICIPANTS",77,A,82,A,82,A,82,A,84,A,80,A,81,A
CPMI_CT2:A:HK:B:HKAP:V:N:G,"A","Annual","HK","Hong Kong SAR","B","Payment systems, retail","HKAP","RMB Electronic Clearing (ECG)","V","Payment transactions","N","Number","G","Annual growth","A","All users","0","Units","S","Summed through period","2","PS2","INCREASE IN THE NUMBER OF TRANSACTIONS (TOTAL GROSS VOLUME PER SYSTEM)",,,50,A,13.3333,A,179.4118,A,42.1053,A,83.7037,A,36.2903,A
CPMI_CT2:A:HK:B:HKAP:V:N:N,"A","Annual","HK","Hong Kong SAR","B","Payment systems, retail","HKAP","RMB Electronic Clearing (ECG)","V","Payment transactions","N","Number","N","Units","A","All users","6","Millions","S","Summed through period","3","PS2","NUMBER OF TRANSACTIONS (TOTAL GROSS VOLUME PER SYSTEM)",0.02,A,0.03,A,0.034,A,0.095,A,0.135,A,0.248,A,0.338,A
CPMI_CT2:A:HK:B:HKAP:V:V:A,"A","Annual","HK","Hong Kong SAR","B","Payment systems, retail","HKAP","RMB Electronic Clearing (ECG)","V","Payment transactions","V","Value","A","In USD","A","All users","9","Billions","S","Summed through period","3","PS3","VALUE OF TRANSACTIONS (TOTAL GROSS VALUE PER SYSTEM), IN USD",3.7587,A,5.3526,A,12.9971,A,43.3369,A,38.8028,A,68.0546,A,109.0927,A
CPMI_CT2:A:HK:B:HKAP:V:V:H,"A","Annual","HK","Hong Kong SAR","B","Payment systems, retail","HKAP","RMB Electronic Clearing (ECG)","V","Payment transactions","V","Value","H","Annual real growth","A","All users","0","Units","S","Summed through period","2","PS3","INCREASE IN THE REAL VALUE OF TRANSACTIONS (PER SYSTEM)",,,36.5015,A,132.5008,A,223.7377,A,-12.5705,A,72.827,A,56.5328,A
CPMI_CT2:A:HK:B:HKAP:V:V:I,"A","Annual","HK","Hong Kong SAR","B","Payment systems, retail","HKAP","RMB Electronic Clearing (ECG)","V","Payment transactions","V","Value","I","In % of GDP","A","All users","0","Units","S","Summed through period","3","PS3","VALUE OF TRANSACTIONS AS A PERCENTAGE OF GDP (PER SYSTEM)",1.4313,A,1.9416,A,4.4598,A,14.0086,A,12.0935,A,19.9163,A,30.0764,A
CPMI_CT2:A:HK:B:HKAP:V:V:S,"A","Annual","HK","Hong Kong SAR","B","Payment systems, retail","HKAP","RMB Electronic Clearing (ECG)","V","Payment transactions","V","Value","S","Per transaction","A","All users","3","Thousands","S","Summed through period","3","PS3","AVERAGE VALUE OF TRANSACTIONS (PER SYSTEM), IN USD",187.9369,A,178.4188,A,382.2681,A,456.178,A,287.4281,A,274.4137,A,322.7594,A
CPMI_CT2:A:HK:B:HKAP:X:N:N,"A","Annual","HK","Hong Kong SAR","B","Payment systems, retail","HKAP","RMB Electronic Clearing (ECG)","X","All participants","N","Number","N","Units","A","All users","0","Units","E","End of period","0","PS4","TOTAL NUMBER OF PARTICIPANTS",47,A,48,A,49,A,91,A,91,A,87,A,88,A
CPMI_CT2:A:HK:B:HKAP:Y:N:N,"A","Annual","HK","Hong Kong SAR","B","Payment systems, retail","HKAP","RMB Electronic Clearing (ECG)","Y","Directly connected participants","N","Number","N","Units","A","All users","0","Units","E","End of period","0","PS4","TOTAL NUMBER OF PARTICIPANTS OF WHICH DIRECTLY CONNECTED PARTICIPANTS",47,A,48,A,49,A,91,A,91,A,87,A,88,A
CPMI_CT2:A:HK:C:HKBP:V:N:N,"A","Annual","HK","Hong Kong SAR","C","Payment systems, fast payments","HKBP","HKD Faster Payment System","V","Payment transactions","N","Number","N","Units","A","All users","6","Millions","S","Summed through period","3","PS2","NUMBER OF TRANSACTIONS (TOTAL GROSS VOLUME PER SYSTEM)",,,,,,,,,,,,,5.371,A
CPMI_CT2:A:HK:C:HKBP:V:V:A,"A","Annual","HK","Hong Kong SAR","C","Payment systems, fast payments","HKBP","HKD Faster Payment System","V","Payment transactions","V","Value","A","In USD","A","All users","9","Billions","S","Summed through period","3","PS3","VALUE OF TRANSACTIONS (TOTAL GROSS VALUE PER SYSTEM), IN USD",,,,,,,,,,,,,16.3139,A
CPMI_CT2:A:HK:C:HKBP:V:V:I,"A","Annual","HK","Hong Kong SAR","C","Payment systems, fast payments","HKBP","HKD Faster Payment System","V","Payment transactions","V","Value","I","In % of GDP","A","All users","0","Units","S","Summed through period","3","PS3","VALUE OF TRANSACTIONS AS A PERCENTAGE OF GDP (PER SYSTEM)",,,,,,,,,,,,,4.4977,A
CPMI_CT2:A:HK:C:HKBP:V:V:S,"A","Annual","HK","Hong Kong SAR","C","Payment systems, fast payments","HKBP","HKD Faster Payment System","V","Payment transactions","V","Value","S","Per transaction","A","All users","3","Thousands","S","Summed through period","3","PS3","AVERAGE VALUE OF TRANSACTIONS (PER SYSTEM), IN USD",,,,,,,,,,,,,3.0374,A
CPMI_CT2:A:HK:C:HKBP:X:N:N,"A","Annual","HK","Hong Kong SAR","C","Payment systems, fast payments","HKBP","HKD Faster Payment System","X","All participants","N","Number","N","Units","A","All users","0","Units","E","End of period","0","PS4","TOTAL NUMBER OF PARTICIPANTS",,,,,,,,,,,,,153,A
CPMI_CT2:A:HK:C:HKBP:Y:N:N,"A","Annual","HK","Hong Kong SAR","C","Payment systems, fast payments","HKBP","HKD Faster Payment System","Y","Directly connected participants","N","Number","N","Units","A","All users","0","Units","E","End of period","0","PS4","TOTAL NUMBER OF PARTICIPANTS OF WHICH DIRECTLY CONNECTED PARTICIPANTS",,,,,,,,,,,,,143,A
CPMI_CT2:A:HK:C:HKCP:V:N:N,"A","Annual","HK","Hong Kong SAR","C","Payment systems, fast payments","HKCP","RMB Faster Payment System","V","Payment transactions","N","Number","N","Units","A","All users","6","Millions","S","Summed through period","3","PS2","NUMBER OF TRANSACTIONS (TOTAL GROSS VOLUME PER SYSTEM)",,,,,,,,,,,,,0.067,A
CPMI_CT2:A:HK:C:HKCP:V:V:A,"A","Annual","HK","Hong Kong SAR","C","Payment systems, fast payments","HKCP","RMB Faster Payment System","V","Payment transactions","V","Value","A","In USD","A","All users","9","Billions","S","Summed through period","3","PS3","VALUE OF TRANSACTIONS (TOTAL GROSS VALUE PER SYSTEM), IN USD",,,,,,,,,,,,,0.35406,A
CPMI_CT2:A:HK:C:HKCP:V:V:I,"A","Annual","HK","Hong Kong SAR","C","Payment systems, fast payments","HKCP","RMB Faster Payment System","V","Payment transactions","V","Value","I","In % of GDP","A","All users","0","Units","S","Summed through period","3","PS3","VALUE OF TRANSACTIONS AS A PERCENTAGE OF GDP (PER SYSTEM)",,,,,,,,,,,,,0.097612,A
CPMI_CT2:A:HK:C:HKCP:V:V:S,"A","Annual","HK","Hong Kong SAR","C","Payment systems, fast payments","HKCP","RMB Faster Payment System","V","Payment transactions","V","Value","S","Per transaction","A","All users","3","Thousands","S","Summed through period","3","PS3","AVERAGE VALUE OF TRANSACTIONS (PER SYSTEM), IN USD",,,,,,,,,,,,,5.2844,A
CPMI_CT2:A:HK:C:HKCP:X:N:N,"A","Annual","HK","Hong Kong SAR","C","Payment systems, fast payments","HKCP","RMB Faster Payment System","X","All participants","N","Number","N","Units","A","All users","0","Units","E","End of period","0","PS4","TOTAL NUMBER OF PARTICIPANTS",,,,,,,,,,,,,53,A
CPMI_CT2:A:HK:C:HKCP:Y:N:N,"A","Annual","HK","Hong Kong SAR","C","Payment systems, fast payments","HKCP","RMB Faster Payment System","Y","Directly connected participants","N","Number","N","Units","A","All users","0","Units","E","End of period","0","PS4","TOTAL NUMBER OF PARTICIPANTS OF WHICH DIRECTLY CONNECTED PARTICIPANTS",,,,,,,,,,,,,49,A
CPMI_CT2:A:HK:U:HK1C:V:N:G,"A","Annual","HK","Hong Kong SAR","U","Central counterparties/clearing houses","HK1C","CCASS (HKSCC)","V","Payment transactions","N","Number","G","Annual growth","A","All users","0","Units","S","Summed through period","2","CCP2","INCREASE IN THE NUMBER OF TRANSACTIONS (PER CCP OR CLEARING HOUSE)",,,18.3786,A,11.7922,A,16.6612,A,-20.8932,A,20.0525,A,6.2974,A
CPMI_CT2:A:HK:U:HK1C:V:N:N,"A","Annual","HK","Hong Kong SAR","U","Central counterparties/clearing houses","HK1C","CCASS (HKSCC)","V","Payment transactions","N","Number","N","Units","A","All users","3","Thousands","S","Summed through period","3","CCP2","NUMBER OF TRANSACTIONS (TOTAL NUMBER OF CONTRACTS AND TRANSACTIONS PER CCP OR CLEARING HOUSE)",14048.55,A,16630.48,A,18591.58,A,21689.16,A,17157.6,A,20598.13,A,21895.27,A
CPMI_CT2:A:HK:U:HK1C:V:V:A,"A","Annual","HK","Hong Kong SAR","U","Central counterparties/clearing houses","HK1C","CCASS (HKSCC)","V","Payment transactions","V","Value","A","In USD","A","All users","9","Billions","S","Summed through period","3","CCP3","VALUE OF TRANSACTIONS (TOTAL VALUE OF CONTRACTS AND TRANSACTIONS PER CCP OR CLEARING HOUSE), IN USD",3122.6398,A,3614.7266,A,4083.6628,A,6157.8623,A,3953.5797,A,5183.4875,A,6303.1456,A
CPMI_CT2:A:HK:U:HK1C:V:V:H,"A","Annual","HK","Hong Kong SAR","U","Central counterparties/clearing houses","HK1C","CCASS (HKSCC)","V","Payment transactions","V","Value","H","Annual real growth","A","All users","0","Units","S","Summed through period","2","CCP3","INCREASE IN THE REAL VALUE OF TRANSACTIONS (PER CCP OR CLEARING HOUSE)",,,10.9612,A,8.1717,A,46.4072,A,-37.3078,A,29.1959,A,18.7415,A
CPMI_CT2:A:HK:U:HK1C:V:V:I,"A","Annual","HK","Hong Kong SAR","U","Central counterparties/clearing houses","HK1C","CCASS (HKSCC)","V","Payment transactions","V","Value","I","In % of GDP","A","All users","0","Units","S","Summed through period","3","CCP3","VALUE OF TRANSACTIONS AS A PERCENTAGE OF GDP (PER CCP OR CLEARING HOUSE)",1189.1014,A,1311.2182,A,1401.2613,A,1990.5241,A,1232.1944,A,1516.9606,A,1737.7514,A
CPMI_CT2:A:HK:U:HK1C:V:V:S,"A","Annual","HK","Hong Kong SAR","U","Central counterparties/clearing houses","HK1C","CCASS (HKSCC)","V","Payment transactions","V","Value","S","Per transaction","A","All users","3","Thousands","S","Summed through period","3","CCP3","AVERAGE VALUE OF TRANSACTIONS (PER CCP OR CLEARING HOUSE), IN USD",222.2749,A,217.3555,A,219.6512,A,283.9143,A,230.4273,A,251.6485,A,287.877,A
CPMI_CT2:A:HK:U:HK1C:Z:N:N,"A","Annual","HK","Hong Kong SAR","U","Central counterparties/clearing houses","HK1C","CCASS (HKSCC)","Z","Clearing members","N","Number","N","Units","A","All users","0","Units","E","End of period","0","CCP4","NUMBER OF CLEARING MEMBERS IN CCPs AND CLEARING HOUSES",503,A,496,A,493,A,504,A,544,A,607,A,627,A
CPMI_CT2:A:HK:U:HK2C:V:N:G,"A","Annual","HK","Hong Kong SAR","U","Central counterparties/clearing houses","HK2C","DCASS (SEOCH)","V","Payment transactions","N","Number","G","Annual growth","A","All users","0","Units","S","Summed through period","2","CCP2","INCREASE IN THE NUMBER OF TRANSACTIONS (PER CCP OR CLEARING HOUSE)",,,8.4634,A,22.5486,A,24.039,A,-20.4204,A,43.8382,A,20.2571,A
CPMI_CT2:A:HK:U:HK2C:V:N:N,"A","Annual","HK","Hong Kong SAR","U","Central counterparties/clearing houses","HK2C","DCASS (SEOCH)","V","Payment transactions","N","Number","N","Units","A","All users","3","Thousands","S","Summed through period","3","CCP2","NUMBER OF TRANSACTIONS (TOTAL NUMBER OF CONTRACTS AND TRANSACTIONS PER CCP OR CLEARING HOUSE)",56081.55,A,60827.98,A,74543.86,A,92463.48,A,73582.11,A,105839.2,A,127279.1,A
CPMI_CT2:A:HK:U:HK2C:V:V:A,"A","Annual","HK","Hong Kong SAR","U","Central counterparties/clearing houses","HK2C","DCASS (SEOCH)","V","Payment transactions","V","Value","A","In USD","A","All users","9","Billions","S","Summed through period","3","CCP3","VALUE OF TRANSACTIONS (TOTAL VALUE OF CONTRACTS AND TRANSACTIONS PER CCP OR CLEARING HOUSE), IN USD",209.731,A,194.89,A,214.2989,A,241.0648,A,186.5194,A,372.4841,A,377.4414,A
CPMI_CT2:A:HK:U:HK2C:V:V:H,"A","Annual","HK","Hong Kong SAR","U","Central counterparties/clearing houses","HK2C","DCASS (SEOCH)","V","Payment transactions","V","Value","H","Annual real growth","A","All users","0","Units","S","Summed through period","2","CCP3","INCREASE IN THE REAL VALUE OF TRANSACTIONS (PER CCP OR CLEARING HOUSE)",,,-10.9273,A,5.2858,A,9.2185,A,-24.4485,A,96.789,A,-1.0515,A
CPMI_CT2:A:HK:U:HK2C:V:V:I,"A","Annual","HK","Hong Kong SAR","U","Central counterparties/clearing houses","HK2C","DCASS (SEOCH)","V","Payment transactions","V","Value","I","In % of GDP","A","All users","0","Units","S","Summed through period","3","CCP3","VALUE OF TRANSACTIONS AS A PERCENTAGE OF GDP (PER CCP OR CLEARING HOUSE)",79.8656,A,70.6951,A,73.5342,A,77.924,A,58.1317,A,109.0084,A,104.059,A
CPMI_CT2:A:HK:U:HK2C:V:V:S,"A","Annual","HK","Hong Kong SAR","U","Central counterparties/clearing houses","HK2C","DCASS (SEOCH)","V","Payment transactions","V","Value","S","Per transaction","A","All users","3","Thousands","S","Summed through period","3","CCP3","AVERAGE VALUE OF TRANSACTIONS (PER CCP OR CLEARING HOUSE), IN USD",3.7398,A,3.204,A,2.8748,A,2.6071,A,2.5348,A,3.5193,A,2.9655,A
CPMI_CT2:A:HK:U:HK2C:Z:N:N,"A","Annual","HK","Hong Kong SAR","U","Central counterparties/clearing houses","HK2C","DCASS (SEOCH)","Z","Clearing members","N","Number","N","Units","A","All users","0","Units","E","End of period","0","CCP4","NUMBER OF CLEARING MEMBERS IN CCPs AND CLEARING HOUSES",72,A,71,A,74,A,78,A,74,A,71,A,72,A
CPMI_CT2:A:HK:U:HK3C:V:N:G,"A","Annual","HK","Hong Kong SAR","U","Central counterparties/clearing houses","HK3C","DCASS (HKCC)","V","Payment transactions","N","Number","G","Annual growth","A","All users","0","Units","S","Summed through period","2","CCP2","INCREASE IN THE NUMBER OF TRANSACTIONS (PER CCP OR CLEARING HOUSE)",,,8.5997,A,-1.8868,A,43.4563,A,17.627,A,-4.8551,A,54.949,A
CPMI_CT2:A:HK:U:HK3C:V:N:N,"A","Annual","HK","Hong Kong SAR","U","Central counterparties/clearing houses","HK3C","DCASS (HKCC)","V","Payment transactions","N","Number","N","Units","A","All users","3","Thousands","S","Summed through period","3","CCP2","NUMBER OF TRANSACTIONS (TOTAL NUMBER OF CONTRACTS AND TRANSACTIONS PER CCP OR CLEARING HOUSE)",63721.09,A,69200.89,A,67895.18,A,97399.94,A,114568.6,A,109006.2,A,168904,A
CPMI_CT2:A:HK:U:HK3C:V:V:A,"A","Annual","HK","Hong Kong SAR","U","Central counterparties/clearing houses","HK3C","DCASS (HKCC)","V","Payment transactions","V","Value","A","In USD","A","All users","9","Billions","S","Summed through period","3","CCP3","VALUE OF TRANSACTIONS (TOTAL VALUE OF CONTRACTS AND TRANSACTIONS PER CCP OR CLEARING HOUSE), IN USD",5811.4914,A,6176.6629,A,6200.0453,A,7411.2068,A,9334.5315,A,12307.664,A,16761.0099,A
CPMI_CT2:A:HK:U:HK3C:V:V:H,"A","Annual","HK","Hong Kong SAR","U","Central counterparties/clearing houses","HK3C","DCASS (HKCC)","V","Payment transactions","V","Value","H","Annual real growth","A","All users","0","Units","S","Summed through period","2","CCP3","INCREASE IN THE REAL VALUE OF TRANSACTIONS (PER CCP OR CLEARING HOUSE)",,,1.8788,A,-3.8874,A,16.0583,A,22.9862,A,29.9272,A,32.9817,A
CPMI_CT2:A:HK:U:HK3C:V:V:I,"A","Annual","HK","Hong Kong SAR","U","Central counterparties/clearing houses","HK3C","DCASS (HKCC)","V","Payment transactions","V","Value","I","In % of GDP","A","All users","0","Units","S","Summed through period","3","CCP3","VALUE OF TRANSACTIONS AS A PERCENTAGE OF GDP (PER CCP OR CLEARING HOUSE)",2213.0163,A,2240.5436,A,2127.4733,A,2395.6667,A,2909.2514,A,3601.8686,A,4620.9418,A
CPMI_CT2:A:HK:U:HK3C:V:V:S,"A","Annual","HK","Hong Kong SAR","U","Central counterparties/clearing houses","HK3C","DCASS (HKCC)","V","Payment transactions","V","Value","S","Per transaction","A","All users","3","Thousands","S","Summed through period","3","CCP3","AVERAGE VALUE OF TRANSACTIONS (PER CCP OR CLEARING HOUSE), IN USD",91.202,A,89.257,A,91.3179,A,76.0905,A,81.4755,A,112.9079,A,99.2339,A
CPMI_CT2:A:HK:U:HK3C:Z:N:N,"A","Annual","HK","Hong Kong SAR","U","Central counterparties/clearing houses","HK3C","DCASS (HKCC)","Z","Clearing members","N","Number","N","Units","A","All users","0","Units","E","End of period","0","CCP4","NUMBER OF CLEARING MEMBERS IN CCPs AND CLEARING HOUSES",167,A,161,A,161,A,160,A,161,A,164,A,171,A
CPMI_CT2:A:HK:U:HK4C:V:N:G,"A","Annual","HK","Hong Kong SAR","U","Central counterparties/clearing houses","HK4C","OCASS (OTC Clear)","V","Payment transactions","N","Number","G","Annual growth","A","All users","0","Units","S","Summed through period","2","CCP2","INCREASE IN THE NUMBER OF TRANSACTIONS (PER CCP OR CLEARING HOUSE)",,,,L,133.3333,A,200,A,390.4762,A,711.6505,A,281.3397,A
CPMI_CT2:A:HK:U:HK4C:V:N:N,"A","Annual","HK","Hong Kong SAR","U","Central counterparties/clearing houses","HK4C","OCASS (OTC Clear)","V","Payment transactions","N","Number","N","Units","A","All users","3","Thousands","S","Summed through period","3","CCP2","NUMBER OF TRANSACTIONS (TOTAL NUMBER OF CONTRACTS AND TRANSACTIONS PER CCP OR CLEARING HOUSE)",0,A,0.006,A,0.014,A,0.042,A,0.206,A,1.672,A,6.376,A
CPMI_CT2:A:HK:U:HK4C:V:V:A,"A","Annual","HK","Hong Kong SAR","U","Central counterparties/clearing houses","HK4C","OCASS (OTC Clear)","V","Payment transactions","V","Value","A","In USD","A","All users","9","Billions","S","Summed through period","3","CCP3","VALUE OF TRANSACTIONS (TOTAL VALUE OF CONTRACTS AND TRANSACTIONS PER CCP OR CLEARING HOUSE), IN USD",0,A,0.078563,A,0.17901,A,1.6234,A,4.3172,A,38.945,A,119.8906,A
CPMI_CT2:A:HK:U:HK4C:V:V:H,"A","Annual","HK","Hong Kong SAR","U","Central counterparties/clearing houses","HK4C","OCASS (OTC Clear)","V","Payment transactions","V","Value","H","Annual real growth","A","All users","0","Units","S","Summed through period","2","CCP3","INCREASE IN THE REAL VALUE OF TRANSACTIONS (PER CCP OR CLEARING HOUSE)",,,,L,118.1728,A,780.4969,A,159.6751,A,788.9244,A,200.6084,A
CPMI_CT2:A:HK:U:HK4C:V:V:I,"A","Annual","HK","Hong Kong SAR","U","Central counterparties/clearing houses","HK4C","OCASS (OTC Clear)","V","Payment transactions","V","Value","I","In % of GDP","A","All users","0","Units","S","Summed through period","3","CCP3","VALUE OF TRANSACTIONS AS A PERCENTAGE OF GDP (PER CCP OR CLEARING HOUSE)",0,A,0.028498,A,0.061426,A,0.52476,A,1.3455,A,11.3973,A,33.0533,A
CPMI_CT2:A:HK:U:HK4C:V:V:S,"A","Annual","HK","Hong Kong SAR","U","Central counterparties/clearing houses","HK4C","OCASS (OTC Clear)","V","Payment transactions","V","Value","S","Per transaction","A","All users","3","Thousands","S","Summed through period","3","CCP3","AVERAGE VALUE OF TRANSACTIONS (PER CCP OR CLEARING HOUSE), IN USD",,L,13093.8629,A,12786.5158,A,38652.4109,A,20957.3395,A,23292.4352,A,18803.4132,A
CPMI_CT2:A:HK:U:HK4C:Z:N:N,"A","Annual","HK","Hong Kong SAR","U","Central counterparties/clearing houses","HK4C","OCASS (OTC Clear)","Z","Clearing members","N","Number","N","Units","A","All users","0","Units","E","End of period","0","CCP4","NUMBER OF CLEARING MEMBERS IN CCPs AND CLEARING HOUSES",0,A,4,A,4,A,10,A,13,A,20,A,22,A
CPMI_CT2:A:HK:V:HK1S:O:N:N,"A","Annual","HK","Hong Kong SAR","V","Central securities depositories","HK1S","CCASS","O","Securities held","N","Number","N","Units","A","All users","3","Thousands","E","End of period","3","CSD5","TOTAL NUMBER OF SECURITIES HELD",6725,A,8217,A,8529,A,8362,A,7807,A,11848,A,12175,A
CPMI_CT2:A:HK:V:HK1S:O:V:A,"A","Annual","HK","Hong Kong SAR","V","Central securities depositories","HK1S","CCASS","O","Securities held","V","Value","A","In USD","A","All users","6","Millions","S","Summed through period","3","CSD5","TOTAL VALUE OF SECURITIES HELD, IN USD",1589515.0289,A,1789313.046,A,1922889.3207,A,1944057.6047,A,1981545.8994,A,2793411.1704,A,2400586.8039,A
CPMI_CT2:A:HK:V:HK1S:W:N:G,"A","Annual","HK","Hong Kong SAR","V","Central securities depositories","HK1S","CCASS","W","Delivery instructions","N","Number","G","Annual growth","A","All users","0","Units","S","Summed through period","2","CSD2","INCREASE IN THE NUMBER OF DELIVERY INSTRUCTIONS (PER CSD)",-12.7025,A,12.0194,A,7.7466,A,13.777,A,-17.4027,A,11.1716,A,10.4516,A
CPMI_CT2:A:HK:V:HK1S:W:N:N,"A","Annual","HK","Hong Kong SAR","V","Central securities depositories","HK1S","CCASS","W","Delivery instructions","N","Number","N","Units","A","All users","3","Thousands","S","Summed through period","3","CSD2","NUMBER OF DELIVERY INSTRUCTIONS (TOTAL NUMBER OF DELIVERY INSTRUCTIONS PER CSD)",18029.55,A,20196.59,A,21761.14,A,24759.17,A,20450.4,A,22735.03,A,25111.2,A
CPMI_CT2:A:HK:V:HK1S:W:V:A,"A","Annual","HK","Hong Kong SAR","V","Central securities depositories","HK1S","CCASS","W","Delivery instructions","V","Value","A","In USD","A","All users","9","Billions","S","Summed through period","3","CSD3","VALUE OF DELIVERY INSTRUCTIONS (TOTAL VALUE OF DELIVERY INSTRUCTIONS PER CSD), IN USD",5646.0999,A,6768.129,A,6475.4879,A,8021.7469,A,5746.1462,A,6941.3432,A,8261.1871,A
CPMI_CT2:A:HK:V:HK1S:W:V:H,"A","Annual","HK","Hong Kong SAR","V","Central securities depositories","HK1S","CCASS","W","Delivery instructions","V","Value","H","Annual real growth","A","All users","0","Units","S","Summed through period","2","CSD3","INCREASE IN THE REAL VALUE OF DELIVERY INSTRUCTIONS (PER CSD)",-18.4712,A,14.9047,A,-8.3899,A,20.2759,A,-30.0544,A,19.0375,A,16.2161,A
CPMI_CT2:A:HK:V:HK1S:W:V:I,"A","Annual","HK","Hong Kong SAR","V","Central securities depositories","HK1S","CCASS","W","Delivery instructions","V","Value","I","In % of GDP","A","All users","0","Units","S","Summed through period","2","CSD3","VALUE OF DELIVERY INSTRUCTIONS AS A PERCENTAGE OF GDP (PER CSD)",2150.0352,A,2455.0941,A,2221.9883,A,2593.0233,A,1790.8756,A,2031.4014,A,2277.5754,A
CPMI_CT2:A:HK:V:HK1S:W:V:S,"A","Annual","HK","Hong Kong SAR","V","Central securities depositories","HK1S","CCASS","W","Delivery instructions","V","Value","S","Per transaction","A","All users","3","Thousands","S","Summed through period","3","CSD3","AVERAGE VALUE PER DELIVERY INSTRUCTIONS (PER CSD), IN USD",313.1581,A,335.1125,A,297.5712,A,323.9909,A,280.9796,A,305.3149,A,328.9842,A
CPMI_CT2:A:HK:V:HK1S:X:N:N,"A","Annual","HK","Hong Kong SAR","V","Central securities depositories","HK1S","CCASS","X","All participants","N","Number","N","Units","A","All users","0","Units","E","End of period","0","CSD4","TOTAL NUMBER OF PARTICIPANTS (TOTAL NUMBER OF DIRECT PARTICIPANTS IN CSDs)",548,A,537,A,533,A,545,A,584,A,649,A,669,A
CPMI_CT2:A:HK:V:HK2S:O:N:N,"A","Annual","HK","Hong Kong SAR","V","Central securities depositories","HK2S","CMU","O","Securities held","N","Number","N","Units","A","All users","3","Thousands","E","End of period","3","CSD5","TOTAL NUMBER OF SECURITIES HELD",2.025,A,2.211,A,2.24,A,2.069,A,1.942,A,1.824,A,1.518,A
CPMI_CT2:A:HK:V:HK2S:O:V:A,"A","Annual","HK","Hong Kong SAR","V","Central securities depositories","HK2S","CMU","O","Securities held","V","Value","A","In USD","A","All users","6","Millions","S","Summed through period","3","CSD5","TOTAL VALUE OF SECURITIES HELD, IN USD",198793.9599,A,230461.6995,A,235634.0678,A,241056.697,A,254427.4357,A,257399.0845,A,249625.9112,A
CPMI_CT2:A:HK:V:HK2S:W:N:G,"A","Annual","HK","Hong Kong SAR","V","Central securities depositories","HK2S","CMU","W","Delivery instructions","N","Number","G","Annual growth","A","All users","0","Units","S","Summed through period","2","CSD2","INCREASE IN THE NUMBER OF DELIVERY INSTRUCTIONS (PER CSD)",-22.2985,A,4.4205,A,5.8283,A,-11.9597,A,-14.8436,A,-19.7424,A,-28.6369,A
CPMI_CT2:A:HK:V:HK2S:W:N:N,"A","Annual","HK","Hong Kong SAR","V","Central securities depositories","HK2S","CMU","W","Delivery instructions","N","Number","N","Units","A","All users","3","Thousands","S","Summed through period","3","CSD2","NUMBER OF DELIVERY INSTRUCTIONS (TOTAL NUMBER OF DELIVERY INSTRUCTIONS PER CSD)",88.565,A,92.48,A,97.87,A,86.165,A,73.375,A,58.889,A,42.025,A
CPMI_CT2:A:HK:V:HK2S:W:V:A,"A","Annual","HK","Hong Kong SAR","V","Central securities depositories","HK2S","CMU","W","Delivery instructions","V","Value","A","In USD","A","All users","9","Billions","S","Summed through period","3","CSD3","VALUE OF DELIVERY INSTRUCTIONS (TOTAL VALUE OF DELIVERY INSTRUCTIONS PER CSD), IN USD",834.1629,A,744.833,A,694.379,A,497.5408,A,483.7599,A,516.3817,A,539.7578,A
CPMI_CT2:A:HK:V:HK2S:W:V:H,"A","Annual","HK","Hong Kong SAR","V","Central securities depositories","HK2S","CMU","W","Delivery instructions","V","Value","H","Annual real growth","A","All users","0","Units","S","Summed through period","2","CSD3","INCREASE IN THE REAL VALUE OF DELIVERY INSTRUCTIONS (PER CSD)",-95.2557,A,-14.4095,A,-10.7359,A,-30.4312,A,-5.059,A,5.186,A,2.0694,A
CPMI_CT2:A:HK:V:HK2S:W:V:I,"A","Annual","HK","Hong Kong SAR","V","Central securities depositories","HK2S","CMU","W","Delivery instructions","V","Value","I","In % of GDP","A","All users","0","Units","S","Summed through period","2","CSD3","VALUE OF DELIVERY INSTRUCTIONS AS A PERCENTAGE OF GDP (PER CSD)",317.6493,A,270.1833,A,238.2681,A,160.8297,A,150.7713,A,151.1204,A,148.809,A
CPMI_CT2:A:HK:V:HK2S:W:V:S,"A","Annual","HK","Hong Kong SAR","V","Central securities depositories","HK2S","CMU","W","Delivery instructions","V","Value","S","Per transaction","A","All users","3","Thousands","S","Summed through period","3","CSD3","AVERAGE VALUE PER DELIVERY INSTRUCTIONS (PER CSD), IN USD",9418.6513,A,8053.9903,A,7094.9113,A,5774.28,A,6592.98,A,8768.7288,A,12843.7305,A
CPMI_CT2:A:HK:V:HK2S:X:N:N,"A","Annual","HK","Hong Kong SAR","V","Central securities depositories","HK2S","CMU","X","All participants","N","Number","N","Units","A","All users","0","Units","E","End of period","0","CSD4","TOTAL NUMBER OF PARTICIPANTS (TOTAL NUMBER OF DIRECT PARTICIPANTS IN CSDs)",180,A,184,A,205,A,206,A,202,A,201,A,204,A
CPMI_CT2:A:ID:A:ID1P:P:N:F,"A","Annual","ID","Indonesia","A","Payment systems, large-value","ID1P","Bank Indonesia Real Time Gross Settlement (BI - RTGS)","P","Concentration ratio in terms of volume","N","Number","F","Percent","A","All users","0","Units","S","Summed through period","2","PS4","CONCENTRATION RATIO IN TERMS OF VOLUME",47.649,A,49.258,A,49.841,A,51.054,A,46.347,A,48.964,A,50.807,A
CPMI_CT2:A:ID:A:ID1P:Q:N:F,"A","Annual","ID","Indonesia","A","Payment systems, large-value","ID1P","Bank Indonesia Real Time Gross Settlement (BI - RTGS)","Q","Concentration ratio in terms of value","N","Number","F","Percent","A","All users","0","Units","S","Summed through period","2","PS4","CONCENTRATION RATIO IN TERMS OF VALUE",79.38,A,73.94,A,74.86,A,67.58,A,48.9,A,46.92,A,45.12,A
CPMI_CT2:A:ID:A:ID1P:V:N:G,"A","Annual","ID","Indonesia","A","Payment systems, large-value","ID1P","Bank Indonesia Real Time Gross Settlement (BI - RTGS)","V","Payment transactions","N","Number","G","Annual growth","A","All users","0","Units","S","Summed through period","2","PS2","INCREASE IN THE NUMBER OF TRANSACTIONS (TOTAL GROSS VOLUME PER SYSTEM)",,,0.77152,A,1.5142,A,-34.0726,A,-35.1072,A,33.6511,A,8.3244,A
CPMI_CT2:A:ID:A:ID1P:V:N:N,"A","Annual","ID","Indonesia","A","Payment systems, large-value","ID1P","Bank Indonesia Real Time Gross Settlement (BI - RTGS)","V","Payment transactions","N","Number","N","Units","A","All users","6","Millions","S","Summed through period","3","PS2","NUMBER OF TRANSACTIONS (TOTAL GROSS VOLUME PER SYSTEM)",17.498,A,17.633,A,17.9,A,11.801,A,7.658,A,10.235,A,11.087,A
CPMI_CT2:A:ID:A:ID1P:V:V:A,"A","Annual","ID","Indonesia","A","Payment systems, large-value","ID1P","Bank Indonesia Real Time Gross Settlement (BI - RTGS)","V","Payment transactions","V","Value","A","In USD","A","All users","9","Billions","S","Summed through period","3","PS3","VALUE OF TRANSACTIONS (TOTAL GROSS VALUE PER SYSTEM), IN USD",10598.9712,A,8727.4002,A,9422.7667,A,9398.874,A,8416.8007,A,8876.8863,A,8550.8713,A
CPMI_CT2:A:ID:A:ID1P:V:V:H,"A","Annual","ID","Indonesia","A","Payment systems, large-value","ID1P","Bank Indonesia Real Time Gross Settlement (BI - RTGS)","V","Payment transactions","V","Value","H","Annual real growth","A","All users","0","Units","S","Summed through period","2","PS3","INCREASE IN THE REAL VALUE OF TRANSACTIONS (PER SYSTEM)",,,-22.6207,A,1.4782,A,-6.2208,A,-13.4987,A,1.5967,A,-6.658,A
CPMI_CT2:A:ID:A:ID1P:V:V:I,"A","Annual","ID","Indonesia","A","Payment systems, large-value","ID1P","Bank Indonesia Real Time Gross Settlement (BI - RTGS)","V","Payment transactions","V","Value","I","In % of GDP","A","All users","0","Units","S","Summed through period","3","PS3","VALUE OF TRANSACTIONS AS A PERCENTAGE OF GDP (PER SYSTEM)",1153.6696,A,952.8457,A,1057.6998,A,1093.1144,A,902.7274,A,874.1935,A,820.7871,A
CPMI_CT2:A:ID:A:ID1P:V:V:S,"A","Annual","ID","Indonesia","A","Payment systems, large-value","ID1P","Bank Indonesia Real Time Gross Settlement (BI - RTGS)","V","Payment transactions","V","Value","S","Per transaction","A","All users","3","Thousands","S","Summed through period","3","PS3","AVERAGE VALUE OF TRANSACTIONS (PER SYSTEM), IN USD",605.7247,A,494.947,A,526.4115,A,796.4472,A,1099.086,A,867.3069,A,771.252,A
CPMI_CT2:A:ID:A:ID1P:X:N:N,"A","Annual","ID","Indonesia","A","Payment systems, large-value","ID1P","Bank Indonesia Real Time Gross Settlement (BI - RTGS)","X","All participants","N","Number","N","Units","A","All users","0","Units","E","End of period","0","PS4","TOTAL NUMBER OF PARTICIPANTS",,L,,L,,L,,L,142,A,141,A,143,A
CPMI_CT2:A:ID:A:ID1P:Y:N:N,"A","Annual","ID","Indonesia","A","Payment systems, large-value","ID1P","Bank Indonesia Real Time Gross Settlement (BI - RTGS)","Y","Directly connected participants","N","Number","N","Units","A","All users","0","Units","E","End of period","0","PS4","TOTAL NUMBER OF PARTICIPANTS OF WHICH DIRECTLY CONNECTED PARTICIPANTS",,L,,L,,L,,L,142,A,141,A,143,A
CPMI_CT2:A:ID:B:ID2P:V:N:G,"A","Annual","ID","Indonesia","B","Payment systems, retail","ID2P","Bank Indonesia National Clearing System","V","Payment transactions","N","Number","G","Annual growth","A","All users","0","Units","S","Summed through period","2","PS2","INCREASE IN THE NUMBER OF TRANSACTIONS (TOTAL GROSS VOLUME PER SYSTEM)",,,-1.755,A,3.211,A,48.0949,A,-13.7768,A,-5.2409,A,7.3334,A
CPMI_CT2:A:ID:B:ID2P:V:N:N,"A","Annual","ID","Indonesia","B","Payment systems, retail","ID2P","Bank Indonesia National Clearing System","V","Payment transactions","N","Number","N","Units","A","All users","6","Millions","S","Summed through period","3","PS2","NUMBER OF TRANSACTIONS (TOTAL GROSS VOLUME PER SYSTEM)",105.528,A,103.676,A,107.005,A,158.469,A,136.637,A,129.476,A,138.971,A
CPMI_CT2:A:ID:B:ID2P:V:V:A,"A","Annual","ID","Indonesia","B","Payment systems, retail","ID2P","Bank Indonesia National Clearing System","V","Payment transactions","V","Value","A","In USD","A","All users","9","Billions","S","Summed through period","3","PS3","VALUE OF TRANSACTIONS (TOTAL GROSS VALUE PER SYSTEM), IN USD",229.4238,A,241.7754,A,239.5446,A,361.4889,A,313.1401,A,258.3048,A,252.1144,A
CPMI_CT2:A:ID:B:ID2P:V:V:H,"A","Annual","ID","Indonesia","B","Payment systems, retail","ID2P","Bank Indonesia National Clearing System","V","Payment transactions","V","Value","H","Annual real growth","A","All users","0","Units","S","Summed through period","2","PS3","INCREASE IN THE REAL VALUE OF TRANSACTIONS (PER SYSTEM)",,,-0.96757,A,-6.8778,A,41.8788,A,-16.3251,A,-20.538,A,-5.4215,A
CPMI_CT2:A:ID:B:ID2P:V:V:I,"A","Annual","ID","Indonesia","B","Payment systems, retail","ID2P","Bank Indonesia National Clearing System","V","Payment transactions","V","Value","I","In % of GDP","A","All users","0","Units","S","Summed through period","3","PS3","VALUE OF TRANSACTIONS AS A PERCENTAGE OF GDP (PER SYSTEM)",24.9722,A,26.3967,A,26.8887,A,42.0421,A,33.5852,A,25.4378,A,24.2001,A
CPMI_CT2:A:ID:B:ID2P:V:V:S,"A","Annual","ID","Indonesia","B","Payment systems, retail","ID2P","Bank Indonesia National Clearing System","V","Payment transactions","V","Value","S","Per transaction","A","All users","3","Thousands","S","Summed through period","3","PS3","AVERAGE VALUE OF TRANSACTIONS (PER SYSTEM), IN USD",2.1741,A,2.332,A,2.2386,A,2.2811,A,2.2918,A,1.995,A,1.8142,A
CPMI_CT2:A:ID:B:ID2P:X:N:N,"A","Annual","ID","Indonesia","B","Payment systems, retail","ID2P","Bank Indonesia National Clearing System","X","All participants","N","Number","N","Units","A","All users","0","Units","E","End of period","0","PS4","TOTAL NUMBER OF PARTICIPANTS",,L,,L,,L,,L,137,A,134,A,134,A
CPMI_CT2:A:ID:B:ID2P:Y:N:N,"A","Annual","ID","Indonesia","B","Payment systems, retail","ID2P","Bank Indonesia National Clearing System","Y","Directly connected participants","N","Number","N","Units","A","All users","0","Units","E","End of period","0","PS4","TOTAL NUMBER OF PARTICIPANTS OF WHICH DIRECTLY CONNECTED PARTICIPANTS",,L,,L,,L,,L,137,A,134,A,134,A
CPMI_CT2:A:ID:U:ID1C:V:N:G,"A","Annual","ID","Indonesia","U","Central counterparties/clearing houses","ID1C","Indonesian Clearing and Guarantee Corporation (KPEI) / E-Clear & E-BOCS","V","Payment transactions","N","Number","G","Annual growth","A","All users","0","Units","S","Summed through period","2","CCP2","INCREASE IN THE NUMBER OF TRANSACTIONS (PER CCP OR CLEARING HOUSE)",,,21.4029,A,-16.4065,A,1.3152,A,20.2021,A,27.3354,A,-1.6283,A
CPMI_CT2:A:ID:U:ID1C:V:N:N,"A","Annual","ID","Indonesia","U","Central counterparties/clearing houses","ID1C","Indonesian Clearing and Guarantee Corporation (KPEI) / E-Clear & E-BOCS","V","Payment transactions","N","Number","N","Units","A","All users","3","Thousands","S","Summed through period","3","CCP2","NUMBER OF TRANSACTIONS (TOTAL NUMBER OF CONTRACTS AND TRANSACTIONS PER CCP OR CLEARING HOUSE)",451041963,A,547578245,A,457740087.7,A,463760267.9,A,557449530.996,A,709830568.462,A,698272165.806,A
CPMI_CT2:A:ID:U:ID1C:V:V:A,"A","Annual","ID","Indonesia","U","Central counterparties/clearing houses","ID1C","Indonesian Clearing and Guarantee Corporation (KPEI) / E-Clear & E-BOCS","V","Payment transactions","V","Value","A","In USD","A","All users","9","Billions","S","Summed through period","3","CCP3","VALUE OF TRANSACTIONS (TOTAL VALUE OF CONTRACTS AND TRANSACTIONS PER CCP OR CLEARING HOUSE), IN USD",41.3691,A,68.9613,A,54.7286,A,44.0131,A,51.4191,A,51.9522,A,55.2882,A
CPMI_CT2:A:ID:U:ID1C:V:V:H,"A","Annual","ID","Indonesia","U","Central counterparties/clearing houses","ID1C","Indonesian Clearing and Guarantee Corporation (KPEI) / E-Clear & E-BOCS","V","Payment transactions","V","Value","H","Annual real growth","A","All users","0","Units","S","Summed through period","2","CCP3","INCREASE IN THE REAL VALUE OF TRANSACTIONS (PER CCP OR CLEARING HOUSE)",,,56.6512,A,-25.4087,A,-24.3905,A,12.8481,A,-2.6703,A,3.1229,A
CPMI_CT2:A:ID:U:ID1C:V:V:I,"A","Annual","ID","Indonesia","U","Central counterparties/clearing houses","ID1C","Indonesian Clearing and Guarantee Corporation (KPEI) / E-Clear & E-BOCS","V","Payment transactions","V","Value","I","In % of GDP","A","All users","0","Units","S","Summed through period","3","CCP3","VALUE OF TRANSACTIONS AS A PERCENTAGE OF GDP (PER CCP OR CLEARING HOUSE)",4.5029,A,7.5291,A,6.1433,A,5.1188,A,5.5149,A,5.1162,A,5.307,A
CPMI_CT2:A:ID:U:ID1C:V:V:S,"A","Annual","ID","Indonesia","U","Central counterparties/clearing houses","ID1C","Indonesian Clearing and Guarantee Corporation (KPEI) / E-Clear & E-BOCS","V","Payment transactions","V","Value","S","Per transaction","A","All users","3","Thousands","S","Summed through period","3","CCP3","AVERAGE VALUE OF TRANSACTIONS (PER CCP OR CLEARING HOUSE), IN USD",9.1719e-05,A,0.00012594,A,0.00011956,A,9.4905e-05,A,9.224e-05,A,7.319e-05,A,7.9179e-05,A
CPMI_CT2:A:ID:U:ID1C:Z:N:N,"A","Annual","ID","Indonesia","U","Central counterparties/clearing houses","ID1C","Indonesian Clearing and Guarantee Corporation (KPEI) / E-Clear & E-BOCS","Z","Clearing members","N","Number","N","Units","A","All users","0","Units","E","End of period","0","CCP4","NUMBER OF CLEARING MEMBERS IN CCPs AND CLEARING HOUSES",117,A,116,A,115,A,115,A,112,A,108,A,109,A
CPMI_CT2:A:ID:V:ID1S:O:N:N,"A","Annual","ID","Indonesia","V","Central securities depositories","ID1S","Indonesia Central Securities Depository (KSEI) / C - Best","O","Securities held","N","Number","N","Units","A","All users","3","Thousands","E","End of period","3","CSD5","TOTAL NUMBER OF SECURITIES HELD",203986541346.27,A,234089831219.07,A,250160138626.09,A,282708270888.84,A,365633072037.15,A,475256495298.4,A,515229495959.03,A
CPMI_CT2:A:ID:V:ID1S:O:V:A,"A","Annual","ID","Indonesia","V","Central securities depositories","ID1S","Indonesia Central Securities Depository (KSEI) / C - Best","O","Securities held","V","Value","A","In USD","A","All users","6","Millions","S","Summed through period","3","CSD5","TOTAL VALUE OF SECURITIES HELD, IN USD",292386.2651,A,248856.9317,A,266084.9112,A,221322.5405,A,262197.0759,A,323656.779,A,288093.7059,A
CPMI_CT2:A:ID:V:ID1S:W:N:G,"A","Annual","ID","Indonesia","V","Central securities depositories","ID1S","Indonesia Central Securities Depository (KSEI) / C - Best","W","Delivery instructions","N","Number","G","Annual growth","A","All users","0","Units","S","Summed through period","2","CSD2","INCREASE IN THE NUMBER OF DELIVERY INSTRUCTIONS (PER CSD)",,,24.9766,A,19.9841,A,13.8415,A,10.517,A,3.3143,A,17.915,A
CPMI_CT2:A:ID:V:ID1S:W:N:N,"A","Annual","ID","Indonesia","V","Central securities depositories","ID1S","Indonesia Central Securities Depository (KSEI) / C - Best","W","Delivery instructions","N","Number","N","Units","A","All users","3","Thousands","S","Summed through period","3","CSD2","NUMBER OF DELIVERY INSTRUCTIONS (TOTAL NUMBER OF DELIVERY INSTRUCTIONS PER CSD)",1019.178,A,1273.734,A,1528.278,A,1739.814,A,1922.79,A,1986.517,A,2342.402,A
CPMI_CT2:A:ID:V:ID1S:W:V:A,"A","Annual","ID","Indonesia","V","Central securities depositories","ID1S","Indonesia Central Securities Depository (KSEI) / C - Best","W","Delivery instructions","V","Value","A","In USD","A","All users","9","Billions","S","Summed through period","3","CSD3","VALUE OF DELIVERY INSTRUCTIONS (TOTAL VALUE OF DELIVERY INSTRUCTIONS PER CSD), IN USD",178.4999,A,205.0747,A,178.2117,A,171.162,A,195.5632,A,193.9477,A,200.9919,A
CPMI_CT2:A:ID:V:ID1S:W:V:H,"A","Annual","ID","Indonesia","V","Central securities depositories","ID1S","Indonesia Central Securities Depository (KSEI) / C - Best","W","Delivery instructions","V","Value","H","Annual real growth","A","All users","0","Units","S","Summed through period","2","CSD3","INCREASE IN THE REAL VALUE OF DELIVERY INSTRUCTIONS (PER CSD)",,,7.9637,A,-18.3224,A,-9.7016,A,10.365,A,-4.4648,A,0.42019,A
CPMI_CT2:A:ID:V:ID1S:W:V:I,"A","Annual","ID","Indonesia","V","Central securities depositories","ID1S","Indonesia Central Securities Depository (KSEI) / C - Best","W","Delivery instructions","V","Value","I","In % of GDP","A","All users","0","Units","S","Summed through period","2","CSD3","VALUE OF DELIVERY INSTRUCTIONS AS A PERCENTAGE OF GDP (PER CSD)",19.4292,A,22.3898,A,20.0042,A,19.9066,A,20.9747,A,19.0999,A,19.2929,A
CPMI_CT2:A:ID:V:ID1S:W:V:S,"A","Annual","ID","Indonesia","V","Central securities depositories","ID1S","Indonesia Central Securities Depository (KSEI) / C - Best","W","Delivery instructions","V","Value","S","Per transaction","A","All users","3","Thousands","S","Summed through period","3","CSD3","AVERAGE VALUE PER DELIVERY INSTRUCTIONS (PER CSD), IN USD",175.1411,A,161.0028,A,116.6095,A,98.3795,A,101.708,A,97.632,A,85.8059,A
CPMI_CT2:A:ID:V:ID1S:X:N:N,"A","Annual","ID","Indonesia","V","Central securities depositories","ID1S","Indonesia Central Securities Depository (KSEI) / C - Best","X","All participants","N","Number","N","Units","A","All users","0","Units","E","End of period","0","CSD4","TOTAL NUMBER OF PARTICIPANTS (TOTAL NUMBER OF DIRECT PARTICIPANTS IN CSDs)",157,A,157,A,156,A,156,A,150,A,145,A,146,A
CPMI_CT2:A:ID:V:ID2S:O:N:N,"A","Annual","ID","Indonesia","V","Central securities depositories","ID2S","Bank Indonesia Scripless Securities Settlement System (BI-SSSS)","O","Securities held","N","Number","N","Units","A","All users","3","Thousands","E","End of period","3","CSD5","TOTAL NUMBER OF SECURITIES HELD",0.204,A,0.149,A,0.155,A,0.163,A,0.181,A,0.186,A,0.196,A
CPMI_CT2:A:ID:V:ID2S:O:V:A,"A","Annual","ID","Indonesia","V","Central securities depositories","ID2S","Bank Indonesia Scripless Securities Settlement System (BI-SSSS)","O","Securities held","V","Value","A","In USD","A","All users","6","Millions","S","Summed through period","3","CSD5","TOTAL VALUE OF SECURITIES HELD, IN USD",128.3643,A,122.5072,A,132.5492,A,129.9794,A,170.5004,A,195.8594,A,196.7894,A
CPMI_CT2:A:ID:V:ID2S:W:N:G,"A","Annual","ID","Indonesia","V","Central securities depositories","ID2S","Bank Indonesia Scripless Securities Settlement System (BI-SSSS)","W","Delivery instructions","N","Number","G","Annual growth","A","All users","0","Units","S","Summed through period","2","CSD2","INCREASE IN THE NUMBER OF DELIVERY INSTRUCTIONS (PER CSD)",,,-5.8175,A,36.8505,A,13.7728,A,33.6454,A,2.6508,A,11.054,A
CPMI_CT2:A:ID:V:ID2S:W:N:N,"A","Annual","ID","Indonesia","V","Central securities depositories","ID2S","Bank Indonesia Scripless Securities Settlement System (BI-SSSS)","W","Delivery instructions","N","Number","N","Units","A","All users","3","Thousands","S","Summed through period","3","CSD2","NUMBER OF DELIVERY INSTRUCTIONS (TOTAL NUMBER OF DELIVERY INSTRUCTIONS PER CSD)",95.918,A,90.338,A,123.628,A,140.655,A,187.979,A,192.962,A,214.292,A
CPMI_CT2:A:ID:V:ID2S:W:V:A,"A","Annual","ID","Indonesia","V","Central securities depositories","ID2S","Bank Indonesia Scripless Securities Settlement System (BI-SSSS)","W","Delivery instructions","V","Value","A","In USD","A","All users","9","Billions","S","Summed through period","3","CSD3","VALUE OF DELIVERY INSTRUCTIONS (TOTAL VALUE OF DELIVERY INSTRUCTIONS PER CSD), IN USD",274.2488,A,323.1214,A,422.4002,A,447.3032,A,595.1486,A,642.9031,A,677.9592,A
CPMI_CT2:A:ID:V:ID2S:W:V:H,"A","Annual","ID","Indonesia","V","Central securities depositories","ID2S","Bank Indonesia Scripless Securities Settlement System (BI-SSSS)","W","Delivery instructions","V","Value","H","Annual real growth","A","All users","0","Units","S","Summed through period","2","CSD3","INCREASE IN THE REAL VALUE OF DELIVERY INSTRUCTIONS (PER CSD)",,,10.7197,A,22.8676,A,-0.43955,A,28.5212,A,4.0605,A,2.1846,A
CPMI_CT2:A:ID:V:ID2S:W:V:I,"A","Annual","ID","Indonesia","V","Central securities depositories","ID2S","Bank Indonesia Scripless Securities Settlement System (BI-SSSS)","W","Delivery instructions","V","Value","I","In % of GDP","A","All users","0","Units","S","Summed through period","2","CSD3","VALUE OF DELIVERY INSTRUCTIONS AS A PERCENTAGE OF GDP (PER CSD)",29.8512,A,35.278,A,47.4142,A,52.0226,A,63.8315,A,63.3129,A,65.0764,A
CPMI_CT2:A:ID:V:ID2S:W:V:S,"A","Annual","ID","Indonesia","V","Central securities depositories","ID2S","Bank Indonesia Scripless Securities Settlement System (BI-SSSS)","W","Delivery instructions","V","Value","S","Per transaction","A","All users","3","Thousands","S","Summed through period","3","CSD3","AVERAGE VALUE PER DELIVERY INSTRUCTIONS (PER CSD), IN USD",2859.2005,A,3576.805,A,3416.7032,A,3180.1446,A,3166.0374,A,3331.7601,A,3163.7168,A
CPMI_CT2:A:ID:V:ID2S:X:N:N,"A","Annual","ID","Indonesia","V","Central securities depositories","ID2S","Bank Indonesia Scripless Securities Settlement System (BI-SSSS)","X","All participants","N","Number","N","Units","A","All users","0","Units","E","End of period","0","CSD4","TOTAL NUMBER OF PARTICIPANTS (TOTAL NUMBER OF DIRECT PARTICIPANTS IN CSDs)",,L,,L,,L,,L,151,A,151,A,152,A
CPMI_CT2:A:IN:A:IN1P:P:N:F,"A","Annual","IN","India","A","Payment systems, large-value","IN1P","RTGS","P","Concentration ratio in terms of volume","N","Number","F","Percent","A","All users","0","Units","S","Summed through period","2","PS4","CONCENTRATION RATIO IN TERMS OF VOLUME",,,40.81,A,40.76,A,40.45,A,40.71,A,49.17,A,50.025,A
CPMI_CT2:A:IN:A:IN1P:Q:N:F,"A","Annual","IN","India","A","Payment systems, large-value","IN1P","RTGS","Q","Concentration ratio in terms of value","N","Number","F","Percent","A","All users","0","Units","S","Summed through period","2","PS4","CONCENTRATION RATIO IN TERMS OF VALUE",,,41.03,A,45.84,A,48.5,A,51.98,A,54,A,51.515,A
CPMI_CT2:A:IN:A:IN1P:V:N:G,"A","Annual","IN","India","A","Payment systems, large-value","IN1P","RTGS","V","Payment transactions","N","Number","G","Annual growth","A","All users","0","Units","S","Summed through period","2","PS2","INCREASE IN THE NUMBER OF TRANSACTIONS (TOTAL GROSS VOLUME PER SYSTEM)",,,,,14.3896,A,5.9933,A,9.6695,A,15.3888,A,9.7804,A
CPMI_CT2:A:IN:A:IN1P:V:N:N,"A","Annual","IN","India","A","Payment systems, large-value","IN1P","RTGS","V","Payment transactions","N","Number","N","Units","A","All users","6","Millions","S","Summed through period","3","PS2","NUMBER OF TRANSACTIONS (TOTAL GROSS VOLUME PER SYSTEM)",,,81.1,A,92.77,A,98.33,A,107.838,A,124.433,A,136.603,A
CPMI_CT2:A:IN:A:IN1P:V:V:A,"A","Annual","IN","India","A","Payment systems, large-value","IN1P","RTGS","V","Payment transactions","V","Value","A","In USD","A","All users","9","Billions","S","Summed through period","3","PS3","VALUE OF TRANSACTIONS (TOTAL GROSS VALUE PER SYSTEM), IN USD",,,12521.6615,A,12356.6042,A,12848.2832,A,14612.1926,A,17920.2319,A,19823.4413,A
CPMI_CT2:A:IN:A:IN1P:V:V:H,"A","Annual","IN","India","A","Payment systems, large-value","IN1P","RTGS","V","Payment transactions","V","Value","H","Annual real growth","A","All users","0","Units","S","Summed through period","2","PS3","INCREASE IN THE REAL VALUE OF TRANSACTIONS (PER SYSTEM)",,,,,-7.2677,A,-0.88449,A,8.3665,A,18.6887,A,6.422,A
CPMI_CT2:A:IN:A:IN1P:V:V:I,"A","Annual","IN","India","A","Payment systems, large-value","IN1P","RTGS","V","Payment transactions","V","Value","I","In % of GDP","A","All users","0","Units","S","Summed through period","3","PS3","VALUE OF TRANSACTIONS AS A PERCENTAGE OF GDP (PER SYSTEM)",,,628.4105,A,591.8775,A,593.2338,A,635.0987,A,676.9033,A,709.0243,A
CPMI_CT2:A:IN:A:IN1P:V:V:S,"A","Annual","IN","India","A","Payment systems, large-value","IN1P","RTGS","V","Payment transactions","V","Value","S","Per transaction","A","All users","3","Thousands","S","Summed through period","3","PS3","AVERAGE VALUE OF TRANSACTIONS (PER SYSTEM), IN USD",,,154.3978,A,133.1961,A,130.6649,A,135.5013,A,144.0151,A,145.1172,A
CPMI_CT2:A:IN:A:IN1P:X:N:N,"A","Annual","IN","India","A","Payment systems, large-value","IN1P","RTGS","X","All participants","N","Number","N","Units","A","All users","0","Units","E","End of period","0","PS4","TOTAL NUMBER OF PARTICIPANTS",172,A,177,A,192,A,197,A,198,A,203,A,231,A
CPMI_CT2:A:IN:A:IN1P:Y:N:N,"A","Annual","IN","India","A","Payment systems, large-value","IN1P","RTGS","Y","Directly connected participants","N","Number","N","Units","A","All users","0","Units","E","End of period","0","PS4","TOTAL NUMBER OF PARTICIPANTS OF WHICH DIRECTLY CONNECTED PARTICIPANTS",172,A,177,A,192,A,197,A,198,A,203,A,231,A
CPMI_CT2:A:IN:B:IN2P:V:N:G,"A","Annual","IN","India","B","Payment systems, retail","IN2P","Cheque clearing","V","Payment transactions","N","Number","G","Annual growth","A","All users","0","Units","S","Summed through period","2","PS2","INCREASE IN THE NUMBER OF TRANSACTIONS (TOTAL GROSS VOLUME PER SYSTEM)",,,-4.2899,A,-4.8909,A,-8.3157,A,10.0624,A,-2.9317,A,-4.0599,A
CPMI_CT2:A:IN:B:IN2P:V:N:N,"A","Annual","IN","India","B","Payment systems, retail","IN2P","Cheque clearing","V","Payment transactions","N","Number","N","Units","A","All users","6","Millions","S","Summed through period","3","PS2","NUMBER OF TRANSACTIONS (TOTAL GROSS VOLUME PER SYSTEM)",1313.658,A,1257.304,A,1195.81,A,1096.37,A,1206.691,A,1171.315,A,1123.761,A
CPMI_CT2:A:IN:B:IN2P:V:V:A,"A","Annual","IN","India","B","Payment systems, retail","IN2P","Cheque clearing","V","Payment transactions","V","Value","A","In USD","A","All users","9","Billions","S","Summed through period","3","PS3","VALUE OF TRANSACTIONS (TOTAL GROSS VALUE PER SYSTEM), IN USD",1874.8602,A,1593.4589,A,1400.1256,A,1275.5259,A,1204.778,A,1258.0428,A,1204.7135,A
CPMI_CT2:A:IN:B:IN2P:V:V:H,"A","Annual","IN","India","B","Payment systems, retail","IN2P","Cheque clearing","V","Payment transactions","V","Value","H","Annual real growth","A","All users","0","Units","S","Summed through period","2","PS3","INCREASE IN THE REAL VALUE OF TRANSACTIONS (PER SYSTEM)",,,-20.0452,A,-17.4304,A,-13.1604,A,-10,A,1.0578,A,-7.8735,A
CPMI_CT2:A:IN:B:IN2P:V:V:I,"A","Annual","IN","India","B","Payment systems, retail","IN2P","Cheque clearing","V","Payment transactions","V","Value","I","In % of GDP","A","All users","0","Units","S","Summed through period","3","PS3","VALUE OF TRANSACTIONS AS A PERCENTAGE OF GDP (PER SYSTEM)",98.2799,A,79.9691,A,67.0656,A,58.8939,A,52.364,A,47.5202,A,43.0889,A
CPMI_CT2:A:IN:B:IN2P:V:V:S,"A","Annual","IN","India","B","Payment systems, retail","IN2P","Cheque clearing","V","Payment transactions","V","Value","S","Per transaction","A","All users","3","Thousands","S","Summed through period","3","PS3","AVERAGE VALUE OF TRANSACTIONS (PER SYSTEM), IN USD",1.4272,A,1.2674,A,1.1709,A,1.1634,A,0.99841,A,1.074,A,1.072,A
CPMI_CT2:A:IN:B:IN2P:X:N:N,"A","Annual","IN","India","B","Payment systems, retail","IN2P","Cheque clearing","X","All participants","N","Number","N","Units","A","All users","0","Units","E","End of period","0","PS4","TOTAL NUMBER OF PARTICIPANTS",200,A,535,A,701,A,1244,A,1356,A,1613,A,2005,A
CPMI_CT2:A:IN:B:IN2P:Y:N:N,"A","Annual","IN","India","B","Payment systems, retail","IN2P","Cheque clearing","Y","Directly connected participants","N","Number","N","Units","A","All users","0","Units","E","End of period","0","PS4","TOTAL NUMBER OF PARTICIPANTS OF WHICH DIRECTLY CONNECTED PARTICIPANTS",108,A,213,A,258,A,264,A,270,A,270,A,265,A
CPMI_CT2:A:IN:B:IN3P:V:N:G,"A","Annual","IN","India","B","Payment systems, retail","IN3P","ECS / NECS","V","Payment transactions","N","Number","G","Annual growth","A","All users","0","Units","S","Summed through period","2","PS2","INCREASE IN THE NUMBER OF TRANSACTIONS (TOTAL GROSS VOLUME PER SYSTEM)",,,15.6473,A,-1.184,A,-22.7355,A,-92.8489,A,-59.3288,A,-18.0811,A
CPMI_CT2:A:IN:B:IN3P:V:N:N,"A","Annual","IN","India","B","Payment systems, retail","IN3P","ECS / NECS","V","Payment transactions","N","Number","N","Units","A","All users","6","Millions","S","Summed through period","3","PS2","NUMBER OF TRANSACTIONS (TOTAL GROSS VOLUME PER SYSTEM)",298.71,A,345.45,A,341.36,A,263.75,A,18.861,A,7.671,A,6.284,A
CPMI_CT2:A:IN:B:IN3P:V:V:A,"A","Annual","IN","India","B","Payment systems, retail","IN3P","ECS / NECS","V","Payment transactions","V","Value","A","In USD","A","All users","9","Billions","S","Summed through period","3","PS3","VALUE OF TRANSACTIONS (TOTAL GROSS VALUE PER SYSTEM), IN USD",53.4186,A,64.1242,A,61.5988,A,42.2409,A,2.7266,A,1.9709,A,2.1177,A
CPMI_CT2:A:IN:B:IN3P:V:V:H,"A","Annual","IN","India","B","Payment systems, retail","IN3P","ECS / NECS","V","Payment transactions","V","Value","H","Annual real growth","A","All users","0","Units","S","Summed through period","2","PS3","INCREASE IN THE REAL VALUE OF TRANSACTIONS (PER SYSTEM)",,,12.928,A,-9.7299,A,-34.6332,A,-93.8495,A,-30.0448,A,3.3727,A
CPMI_CT2:A:IN:B:IN3P:V:V:I,"A","Annual","IN","India","B","Payment systems, retail","IN3P","ECS / NECS","V","Payment transactions","V","Value","I","In % of GDP","A","All users","0","Units","S","Summed through period","3","PS3","VALUE OF TRANSACTIONS AS A PERCENTAGE OF GDP (PER SYSTEM)",2.8002,A,3.2181,A,2.9506,A,1.9504,A,0.11851,A,0.074446,A,0.075744,A
CPMI_CT2:A:IN:B:IN3P:V:V:S,"A","Annual","IN","India","B","Payment systems, retail","IN3P","ECS / NECS","V","Payment transactions","V","Value","S","Per transaction","A","All users","3","Thousands","S","Summed through period","3","PS3","AVERAGE VALUE OF TRANSACTIONS (PER SYSTEM), IN USD",0.17883,A,0.18563,A,0.18045,A,0.16016,A,0.14456,A,0.25692,A,0.337,A
CPMI_CT2:A:IN:B:IN3P:X:N:N,"A","Annual","IN","India","B","Payment systems, retail","IN3P","ECS / NECS","X","All participants","N","Number","N","Units","A","All users","0","Units","E","End of period","0","PS4","TOTAL NUMBER OF PARTICIPANTS",117,A,117,A,123,A,123,A,123,A,80,A,33,A
CPMI_CT2:A:IN:B:IN3P:Y:N:N,"A","Annual","IN","India","B","Payment systems, retail","IN3P","ECS / NECS","Y","Directly connected participants","N","Number","N","Units","A","All users","0","Units","E","End of period","0","PS4","TOTAL NUMBER OF PARTICIPANTS OF WHICH DIRECTLY CONNECTED PARTICIPANTS",117,A,117,A,123,A,123,A,123,A,80,A,33,A
CPMI_CT2:A:IN:B:IN6P:V:N:G,"A","Annual","IN","India","B","Payment systems, retail","IN6P","Card based payments","V","Payment transactions","N","Number","G","Annual growth","A","All users","0","Units","S","Summed through period","2","PS2","INCREASE IN THE NUMBER OF TRANSACTIONS (TOTAL GROSS VOLUME PER SYSTEM)",,,35.6143,A,37.7294,A,55.8173,A,101.3316,A,50.6031,A,31.3635,A
CPMI_CT2:A:IN:B:IN6P:V:N:N,"A","Annual","IN","India","B","Payment systems, retail","IN6P","Card based payments","V","Payment transactions","N","Number","N","Units","A","All users","6","Millions","S","Summed through period","3","PS2","NUMBER OF TRANSACTIONS (TOTAL GROSS VOLUME PER SYSTEM)",930.035,A,1261.26,A,1737.126,A,2706.743,A,5449.529,A,8207.16,A,10781.209,A
CPMI_CT2:A:IN:B:IN6P:V:V:A,"A","Annual","IN","India","B","Payment systems, retail","IN6P","Card based payments","V","Payment transactions","V","Value","A","In USD","A","All users","9","Billions","S","Summed through period","3","PS3","VALUE OF TRANSACTIONS (TOTAL GROSS VALUE PER SYSTEM), IN USD",38.0362,A,43.517,A,54.0756,A,69.424,A,110.0162,A,162.8569,A,205.9508,A
CPMI_CT2:A:IN:B:IN6P:V:V:H,"A","Annual","IN","India","B","Payment systems, retail","IN6P","Card based payments","V","Payment transactions","V","Value","H","Annual real growth","A","All users","0","Units","S","Summed through period","2","PS3","INCREASE IN THE REAL VALUE OF TRANSACTIONS (PER SYSTEM)",,,7.6301,A,16.7714,A,22.3781,A,50.9982,A,43.262,A,21.6616,A
CPMI_CT2:A:IN:B:IN6P:V:V:I,"A","Annual","IN","India","B","Payment systems, retail","IN6P","Card based payments","V","Payment transactions","V","Value","I","In % of GDP","A","All users","0","Units","S","Summed through period","3","PS3","VALUE OF TRANSACTIONS AS A PERCENTAGE OF GDP (PER SYSTEM)",1.9939,A,2.1839,A,2.5902,A,3.2055,A,4.7817,A,6.1516,A,7.3662,A
CPMI_CT2:A:IN:B:IN6P:V:V:S,"A","Annual","IN","India","B","Payment systems, retail","IN6P","Card based payments","V","Payment transactions","V","Value","S","Per transaction","A","All users","3","Thousands","S","Summed through period","3","PS3","AVERAGE VALUE OF TRANSACTIONS (PER SYSTEM), IN USD",0.040898,A,0.034503,A,0.031129,A,0.025649,A,0.020188,A,0.019843,A,0.019103,A
CPMI_CT2:A:IN:B:IN6P:X:N:N,"A","Annual","IN","India","B","Payment systems, retail","IN6P","Card based payments","X","All participants","N","Number","N","Units","A","All users","0","Units","E","End of period","0","PS4","TOTAL NUMBER OF PARTICIPANTS",53,A,298,A,395,A,647,A,872,A,1146,A,1145,A
CPMI_CT2:A:IN:B:IN6P:Y:N:N,"A","Annual","IN","India","B","Payment systems, retail","IN6P","Card based payments","Y","Directly connected participants","N","Number","N","Units","A","All users","0","Units","E","End of period","0","PS4","TOTAL NUMBER OF PARTICIPANTS OF WHICH DIRECTLY CONNECTED PARTICIPANTS",53,A,91,A,105,A,127,A,142,A,150,A,148,A
CPMI_CT2:A:IN:B:IN8P:V:N:G,"A","Annual","IN","India","B","Payment systems, retail","IN8P","NACH","V","Payment transactions","N","Number","G","Annual growth","A","All users","0","Units","S","Summed through period","2","PS2","INCREASE IN THE NUMBER OF TRANSACTIONS (TOTAL GROSS VOLUME PER SYSTEM)",,,,,293.2601,A,318.9317,A,44.3616,A,21.6888,A,21.2394,A
CPMI_CT2:A:IN:B:IN8P:V:N:N,"A","Annual","IN","India","B","Payment systems, retail","IN8P","NACH","V","Payment transactions","N","Number","N","Units","A","All users","6","Millions","S","Summed through period","3","PS2","NUMBER OF TRANSACTIONS (TOTAL GROSS VOLUME PER SYSTEM)",,,86.5,A,340.17,A,1425.08,A,2057.268,A,2503.464,A,3035.184,A
CPMI_CT2:A:IN:B:IN8P:V:V:A,"A","Annual","IN","India","B","Payment systems, retail","IN8P","NACH","V","Payment transactions","V","Value","A","In USD","A","All users","9","Billions","S","Summed through period","3","PS3","VALUE OF TRANSACTIONS (TOTAL GROSS VALUE PER SYSTEM), IN USD",,,3.6526,A,20.0071,A,61.7452,A,117.8043,A,164.8442,A,215.8154,A
CPMI_CT2:A:IN:B:IN8P:V:V:H,"A","Annual","IN","India","B","Payment systems, retail","IN8P","NACH","V","Payment transactions","V","Value","H","Annual real growth","A","All users","0","Units","S","Summed through period","2","PS3","INCREASE IN THE REAL VALUE OF TRANSACTIONS (PER SYSTEM)",,,,,414.7302,A,194.1814,A,81.7953,A,35.4234,A,25.952,A
CPMI_CT2:A:IN:B:IN8P:V:V:I,"A","Annual","IN","India","B","Payment systems, retail","IN8P","NACH","V","Payment transactions","V","Value","I","In % of GDP","A","All users","0","Units","S","Summed through period","3","PS3","VALUE OF TRANSACTIONS AS A PERCENTAGE OF GDP (PER SYSTEM)",,,0.18331,A,0.95833,A,2.8509,A,5.1202,A,6.2267,A,7.7191,A
CPMI_CT2:A:IN:B:IN8P:V:V:S,"A","Annual","IN","India","B","Payment systems, retail","IN8P","NACH","V","Payment transactions","V","Value","S","Per transaction","A","All users","3","Thousands","S","Summed through period","3","PS3","AVERAGE VALUE OF TRANSACTIONS (PER SYSTEM), IN USD",,,0.042226,A,0.058815,A,0.043328,A,0.057263,A,0.065846,A,0.071105,A
CPMI_CT2:A:IN:B:IN8P:X:N:N,"A","Annual","IN","India","B","Payment systems, retail","IN8P","NACH","X","All participants","N","Number","N","Units","A","All users","0","Units","E","End of period","0","PS4","TOTAL NUMBER OF PARTICIPANTS",35,A,257,A,459,A,954,A,1243,A,1312,A,1332,A
CPMI_CT2:A:IN:B:IN8P:Y:N:N,"A","Annual","IN","India","B","Payment systems, retail","IN8P","NACH","Y","Directly connected participants","N","Number","N","Units","A","All users","0","Units","E","End of period","0","PS4","TOTAL NUMBER OF PARTICIPANTS OF WHICH DIRECTLY CONNECTED PARTICIPANTS",29,A,117,A,136,A,147,A,148,A,158,A,162,A
CPMI_CT2:A:IN:C:IN7P:V:N:G,"A","Annual","IN","India","C","Payment systems, fast payments","IN7P","IMPS","V","Payment transactions","N","Number","G","Annual growth","A","All users","0","Units","S","Summed through period","2","PS2","INCREASE IN THE NUMBER OF TRANSACTIONS (TOTAL GROSS VOLUME PER SYSTEM)",,,1147.0779,A,410.1211,A,181.7391,A,129.4842,A,99.2769,A,73.5901,A
CPMI_CT2:A:IN:C:IN7P:V:N:N,"A","Annual","IN","India","C","Payment systems, fast payments","IN7P","IMPS","V","Payment transactions","N","Number","N","Units","A","All users","6","Millions","S","Summed through period","3","PS2","NUMBER OF TRANSACTIONS (TOTAL GROSS VOLUME PER SYSTEM)",1.232,A,15.364,A,78.375,A,220.813,A,506.731,A,1009.798,A,1752.909,A
CPMI_CT2:A:IN:C:IN7P:V:V:A,"A","Annual","IN","India","C","Payment systems, fast payments","IN7P","IMPS","V","Payment transactions","V","Value","A","In USD","A","All users","9","Billions","S","Summed through period","3","PS3","VALUE OF TRANSACTIONS (TOTAL GROSS VALUE PER SYSTEM), IN USD",0.081079,A,1.6339,A,9.5354,A,25.2774,A,61.1787,A,137.0357,A,232.3295,A
CPMI_CT2:A:IN:C:IN7P:V:V:H,"A","Annual","IN","India","C","Payment systems, fast payments","IN7P","IMPS","V","Payment transactions","V","Value","H","Annual real growth","A","All users","0","Units","S","Summed through period","2","PS3","INCREASE IN THE REAL VALUE OF TRANSACTIONS (PER SYSTEM)",,,1795.8328,A,448.3984,A,152.6915,A,130.6175,A,116.7778,A,63.1048,A
CPMI_CT2:A:IN:C:IN7P:V:V:I,"A","Annual","IN","India","C","Payment systems, fast payments","IN7P","IMPS","V","Payment transactions","V","Value","I","In % of GDP","A","All users","0","Units","S","Summed through period","3","PS3","VALUE OF TRANSACTIONS AS A PERCENTAGE OF GDP (PER SYSTEM)",0.0042501,A,0.082001,A,0.45674,A,1.1671,A,2.659,A,5.1763,A,8.3097,A
CPMI_CT2:A:IN:C:IN7P:V:V:S,"A","Annual","IN","India","C","Payment systems, fast payments","IN7P","IMPS","V","Payment transactions","V","Value","S","Per transaction","A","All users","3","Thousands","S","Summed through period","3","PS3","AVERAGE VALUE OF TRANSACTIONS (PER SYSTEM), IN USD",0.065811,A,0.10635,A,0.12166,A,0.11447,A,0.12073,A,0.13571,A,0.13254,A
CPMI_CT2:A:IN:C:IN7P:X:N:N,"A","Annual","IN","India","C","Payment systems, fast payments","IN7P","IMPS","X","All participants","N","Number","N","Units","A","All users","0","Units","E","End of period","0","PS4","TOTAL NUMBER OF PARTICIPANTS",17,A,26,A,53,A,122,A,204,A,362,A,498,A
CPMI_CT2:A:IN:C:IN7P:Y:N:N,"A","Annual","IN","India","C","Payment systems, fast payments","IN7P","IMPS","Y","Directly connected participants","N","Number","N","Units","A","All users","0","Units","E","End of period","0","PS4","TOTAL NUMBER OF PARTICIPANTS OF WHICH DIRECTLY CONNECTED PARTICIPANTS",17,A,26,A,53,A,122,A,204,A,362,A,498,A
CPMI_CT2:A:IN:C:IN9P:V:N:G,"A","Annual","IN","India","C","Payment systems, fast payments","IN9P","UPI","V","Payment transactions","N","Number","G","Annual growth","A","All users","0","Units","S","Summed through period","2","PS2","INCREASE IN THE NUMBER OF TRANSACTIONS (TOTAL GROSS VOLUME PER SYSTEM)",,,,,,,,,,,5024.4961,A,484.9211,A
CPMI_CT2:A:IN:C:IN9P:V:N:N,"A","Annual","IN","India","C","Payment systems, fast payments","IN9P","UPI","V","Payment transactions","N","Number","N","Units","A","All users","6","Millions","S","Summed through period","3","PS2","NUMBER OF TRANSACTIONS (TOTAL GROSS VOLUME PER SYSTEM)",,,,,,,,,17.86,A,915.235,A,5353.403,A
CPMI_CT2:A:IN:C:IN9P:V:V:A,"A","Annual","IN","India","C","Payment systems, fast payments","IN9P","UPI","V","Payment transactions","V","Value","A","In USD","A","All users","9","Billions","S","Summed through period","3","PS3","VALUE OF TRANSACTIONS (TOTAL GROSS VALUE PER SYSTEM), IN USD",,,,,,,,,1.0338,A,16.8638,A,128.1213,A
CPMI_CT2:A:IN:C:IN9P:V:V:H,"A","Annual","IN","India","C","Payment systems, fast payments","IN9P","UPI","V","Payment transactions","V","Value","H","Annual real growth","A","All users","0","Units","S","Summed through period","2","PS3","INCREASE IN THE REAL VALUE OF TRANSACTIONS (PER SYSTEM)",,,,,,,,,,,1478.6738,A,630.9076,A
CPMI_CT2:A:IN:C:IN9P:V:V:I,"A","Annual","IN","India","C","Payment systems, fast payments","IN9P","UPI","V","Payment transactions","V","Value","I","In % of GDP","A","All users","0","Units","S","Summed through period","3","PS3","VALUE OF TRANSACTIONS AS A PERCENTAGE OF GDP (PER SYSTEM)",,,,,,,,,0.044933,A,0.637,A,4.5825,A
CPMI_CT2:A:IN:C:IN9P:V:V:S,"A","Annual","IN","India","C","Payment systems, fast payments","IN9P","UPI","V","Payment transactions","V","Value","S","Per transaction","A","All users","3","Thousands","S","Summed through period","3","PS3","AVERAGE VALUE OF TRANSACTIONS (PER SYSTEM), IN USD",,,,,,,,,0.057885,A,0.018426,A,0.023933,A
CPMI_CT2:A:IN:C:IN9P:X:N:N,"A","Annual","IN","India","C","Payment systems, fast payments","IN9P","UPI","X","All participants","N","Number","N","Units","A","All users","0","Units","E","End of period","0","PS4","TOTAL NUMBER OF PARTICIPANTS",,L,,L,,L,,L,45,A,109,A,143,A
CPMI_CT2:A:IN:C:IN9P:Y:N:N,"A","Annual","IN","India","C","Payment systems, fast payments","IN9P","UPI","Y","Directly connected participants","N","Number","N","Units","A","All users","0","Units","E","End of period","0","PS4","TOTAL NUMBER OF PARTICIPANTS OF WHICH DIRECTLY CONNECTED PARTICIPANTS",,L,,L,,L,,L,45,A,109,A,143,A
CPMI_CT2:A:IN:H:IN5P:P:N:F,"A","Annual","IN","India","H","Payment systems, large-value & retail","IN5P","NEFT","P","Concentration ratio in terms of volume","N","Number","F","Percent","A","All users","0","Units","S","Summed through period","2","PS4","CONCENTRATION RATIO IN TERMS OF VOLUME",13.42,A,18.23,A,20.07,A,17.99,A,14.91,A,12.35,A,9.515,A
CPMI_CT2:A:IN:H:IN5P:Q:N:F,"A","Annual","IN","India","H","Payment systems, large-value & retail","IN5P","NEFT","Q","Concentration ratio in terms of value","N","Number","F","Percent","A","All users","0","Units","S","Summed through period","2","PS4","CONCENTRATION RATIO IN TERMS OF VALUE",21.64,A,30.44,A,38.81,A,46.81,A,54.4,A,60.31,A,62.607,A
CPMI_CT2:A:IN:H:IN5P:V:N:G,"A","Annual","IN","India","H","Payment systems, large-value & retail","IN5P","NEFT","V","Payment transactions","N","Number","G","Annual growth","A","All users","0","Units","S","Summed through period","2","PS2","INCREASE IN THE NUMBER OF TRANSACTIONS (TOTAL GROSS VOLUME PER SYSTEM)",,,67.7137,A,40.3231,A,35.0741,A,29.4694,A,19.9902,A,19.1399,A
CPMI_CT2:A:IN:H:IN5P:V:N:N,"A","Annual","IN","India","H","Payment systems, large-value & retail","IN5P","NEFT","V","Payment transactions","N","Number","N","Units","A","All users","6","Millions","S","Summed through period","3","PS2","NUMBER OF TRANSACTIONS (TOTAL GROSS VOLUME PER SYSTEM)",394.13,A,661.01,A,927.55,A,1252.88,A,1622.096,A,1946.357,A,2318.8873,A
CPMI_CT2:A:IN:H:IN5P:V:V:A,"A","Annual","IN","India","H","Payment systems, large-value & retail","IN5P","NEFT","V","Payment transactions","V","Value","A","In USD","A","All users","9","Billions","S","Summed through period","3","PS3","VALUE OF TRANSACTIONS (TOTAL GROSS VALUE PER SYSTEM), IN USD",543.1426,A,746.7016,A,980.0272,A,1297.5321,A,1786.3695,A,2644.4259,A,3330.0449,A
CPMI_CT2:A:IN:H:IN5P:V:V:H,"A","Annual","IN","India","H","Payment systems, large-value & retail","IN5P","NEFT","V","Payment transactions","V","Value","H","Annual real growth","A","All users","0","Units","S","Summed through period","2","PS3","INCREASE IN THE REAL VALUE OF TRANSACTIONS (PER SYSTEM)",,,29.3319,A,23.3346,A,26.2047,A,31.1832,A,43.2654,A,21.1476,A
CPMI_CT2:A:IN:H:IN5P:V:V:I,"A","Annual","IN","India","H","Payment systems, large-value & retail","IN5P","NEFT","V","Payment transactions","V","Value","I","In % of GDP","A","All users","0","Units","S","Summed through period","3","PS3","VALUE OF TRANSACTIONS AS A PERCENTAGE OF GDP (PER SYSTEM)",28.4715,A,37.4739,A,46.943,A,59.9099,A,77.6421,A,99.8883,A,119.1056,A
CPMI_CT2:A:IN:H:IN5P:V:V:S,"A","Annual","IN","India","H","Payment systems, large-value & retail","IN5P","NEFT","V","Payment transactions","V","Value","S","Per transaction","A","All users","3","Thousands","S","Summed through period","3","PS3","AVERAGE VALUE OF TRANSACTIONS (PER SYSTEM), IN USD",1.3781,A,1.1296,A,1.0566,A,1.0356,A,1.1013,A,1.3587,A,1.4361,A
CPMI_CT2:A:IN:H:IN5P:X:N:N,"A","Annual","IN","India","H","Payment systems, large-value & retail","IN5P","NEFT","X","All participants","N","Number","N","Units","A","All users","0","Units","E","End of period","0","PS4","TOTAL NUMBER OF PARTICIPANTS",146,A,161,A,161,A,173,A,183,A,192,A,213,A
CPMI_CT2:A:IN:H:IN5P:Y:N:N,"A","Annual","IN","India","H","Payment systems, large-value & retail","IN5P","NEFT","Y","Directly connected participants","N","Number","N","Units","A","All users","0","Units","E","End of period","0","PS4","TOTAL NUMBER OF PARTICIPANTS OF WHICH DIRECTLY CONNECTED PARTICIPANTS",146,A,161,A,161,A,173,A,183,A,192,A,213,A
CPMI_CT2:A:IN:U:IN1C:V:N:G,"A","Annual","IN","India","U","Central counterparties/clearing houses","IN1C","CCIL","V","Payment transactions","N","Number","G","Annual growth","A","All users","0","Units","S","Summed through period","2","CCP2","INCREASE IN THE NUMBER OF TRANSACTIONS (PER CCP OR CLEARING HOUSE)",,,,,22.8114,A,-6.2814,A,44.6037,A,-23.5508,A,-4.8566,A
CPMI_CT2:A:IN:U:IN1C:V:N:N,"A","Annual","IN","India","U","Central counterparties/clearing houses","IN1C","CCIL","V","Payment transactions","N","Number","N","Units","A","All users","3","Thousands","S","Summed through period","3","CCP2","NUMBER OF TRANSACTIONS (TOTAL NUMBER OF CONTRACTS AND TRANSACTIONS PER CCP OR CLEARING HOUSE)",,,986.717,A,1211.801,A,1135.683,A,1642.24,A,1255.48,A,1194.506,A
CPMI_CT2:A:IN:U:IN1C:V:V:A,"A","Annual","IN","India","U","Central counterparties/clearing houses","IN1C","CCIL","V","Payment transactions","V","Value","A","In USD","A","All users","9","Billions","S","Summed through period","3","CCP3","VALUE OF TRANSACTIONS (TOTAL VALUE OF CONTRACTS AND TRANSACTIONS PER CCP OR CLEARING HOUSE), IN USD",,,4659.056,A,5533.6657,A,5547.9242,A,7452.3374,A,7339.8877,A,7517.6463,A
CPMI_CT2:A:IN:U:IN1C:V:V:H,"A","Annual","IN","India","U","Central counterparties/clearing houses","IN1C","CCIL","V","Payment transactions","V","Value","H","Annual real growth","A","All users","0","Units","S","Summed through period","2","CCP3","INCREASE IN THE REAL VALUE OF TRANSACTIONS (PER CCP OR CLEARING HOUSE)",,,,,11.6115,A,-4.4318,A,27.9932,A,-4.6813,A,-1.4654,A
CPMI_CT2:A:IN:U:IN1C:V:V:I,"A","Annual","IN","India","U","Central counterparties/clearing houses","IN1C","CCIL","V","Payment transactions","V","Value","I","In % of GDP","A","All users","0","Units","S","Summed through period","3","CCP3","VALUE OF TRANSACTIONS AS A PERCENTAGE OF GDP (PER CCP OR CLEARING HOUSE)",,,233.8188,A,265.0609,A,256.16,A,323.9055,A,277.2505,A,268.8834,A
CPMI_CT2:A:IN:U:IN1C:V:V:S,"A","Annual","IN","India","U","Central counterparties/clearing houses","IN1C","CCIL","V","Payment transactions","V","Value","S","Per transaction","A","All users","3","Thousands","S","Summed through period","3","CCP3","AVERAGE VALUE OF TRANSACTIONS (PER CCP OR CLEARING HOUSE), IN USD",,,4721.7754,A,4566.4806,A,4885.0993,A,4537.91,A,5846.2801,A,6293.5191,A
CPMI_CT2:A:IN:U:IN1C:Z:N:N,"A","Annual","IN","India","U","Central counterparties/clearing houses","IN1C","CCIL","Z","Clearing members","N","Number","N","Units","A","All users","0","Units","E","End of period","0","CCP4","NUMBER OF CLEARING MEMBERS IN CCPs AND CLEARING HOUSES",255,A,264,A,266,A,269,A,271,A,273,A,274,A
CPMI_CT2:A:IN:U:IN2C:V:N:G,"A","Annual","IN","India","U","Central counterparties/clearing houses","IN2C","NSCCL","V","Payment transactions","N","Number","G","Annual growth","A","All users","0","Units","S","Summed through period","2","CCP2","INCREASE IN THE NUMBER OF TRANSACTIONS (PER CCP OR CLEARING HOUSE)",,,,,23.0672,A,11.4815,A,-11.7633,A,26.2825,A,39.461,A
CPMI_CT2:A:IN:U:IN2C:V:N:N,"A","Annual","IN","India","U","Central counterparties/clearing houses","IN2C","NSCCL","V","Payment transactions","N","Number","N","Units","A","All users","3","Thousands","S","Summed through period","3","CCP2","NUMBER OF TRANSACTIONS (TOTAL NUMBER OF CONTRACTS AND TRANSACTIONS PER CCP OR CLEARING HOUSE)",,,3389295.551,A,4171110.628,A,4650016.606,A,4103023.083,A,5181399.065,A,7226030.246,A
CPMI_CT2:A:IN:U:IN2C:V:V:A,"A","Annual","IN","India","U","Central counterparties/clearing houses","IN2C","NSCCL","V","Payment transactions","V","Value","A","In USD","A","All users","9","Billions","S","Summed through period","3","CCP3","VALUE OF TRANSACTIONS (TOTAL VALUE OF CONTRACTS AND TRANSACTIONS PER CCP OR CLEARING HOUSE), IN USD",,,7346.2112,A,9886.2979,A,11079.6108,A,15033.2728,A,26466.4032,A,36280.4332,A
CPMI_CT2:A:IN:U:IN2C:V:V:H,"A","Annual","IN","India","U","Central counterparties/clearing houses","IN2C","NSCCL","V","Payment transactions","V","Value","H","Annual real growth","A","All users","0","Units","S","Summed through period","2","CCP3","INCREASE IN THE REAL VALUE OF TRANSACTIONS (PER CCP OR CLEARING HOUSE)",,,,,26.4632,A,6.8283,A,29.2867,A,70.3816,A,31.8784,A
CPMI_CT2:A:IN:U:IN2C:V:V:I,"A","Annual","IN","India","U","Central counterparties/clearing houses","IN2C","NSCCL","V","Payment transactions","V","Value","I","In % of GDP","A","All users","0","Units","S","Summed through period","3","CCP3","VALUE OF TRANSACTIONS AS A PERCENTAGE OF GDP (PER CCP OR CLEARING HOUSE)",,,368.676,A,473.5506,A,511.5703,A,653.4004,A,999.7189,A,1297.6409,A
CPMI_CT2:A:IN:U:IN2C:V:V:S,"A","Annual","IN","India","U","Central counterparties/clearing houses","IN2C","NSCCL","V","Payment transactions","V","Value","S","Per transaction","A","All users","3","Thousands","S","Summed through period","3","CCP3","AVERAGE VALUE OF TRANSACTIONS (PER CCP OR CLEARING HOUSE), IN USD",,,2.1675,A,2.3702,A,2.3827,A,3.664,A,5.108,A,5.0208,A
CPMI_CT2:A:IN:U:IN2C:Z:N:N,"A","Annual","IN","India","U","Central counterparties/clearing houses","IN2C","NSCCL","Z","Clearing members","N","Number","N","Units","A","All users","0","Units","E","End of period","0","CCP4","NUMBER OF CLEARING MEMBERS IN CCPs AND CLEARING HOUSES",,,1299,A,1369,A,1235,A,1226,A,1186,A,1178,A
CPMI_CT2:A:IN:U:IN4C:V:N:G,"A","Annual","IN","India","U","Central counterparties/clearing houses","IN4C","ICCL","V","Payment transactions","N","Number","G","Annual growth","A","All users","0","Units","S","Summed through period","2","CCP2","INCREASE IN THE NUMBER OF TRANSACTIONS (PER CCP OR CLEARING HOUSE)",,,,,116.8737,A,-38.2217,A,-7.9698,A,22.0608,A,29.5138,A
CPMI_CT2:A:IN:U:IN4C:V:N:N,"A","Annual","IN","India","U","Central counterparties/clearing houses","IN4C","ICCL","V","Payment transactions","N","Number","N","Units","A","All users","3","Thousands","S","Summed through period","3","CCP2","NUMBER OF TRANSACTIONS (TOTAL NUMBER OF CONTRACTS AND TRANSACTIONS PER CCP OR CLEARING HOUSE)",,,704450.026,A,1527767.04,A,943828.513,A,868606.798,A,1060228.603,A,1373142.348,A
CPMI_CT2:A:IN:U:IN4C:V:V:A,"A","Annual","IN","India","U","Central counterparties/clearing houses","IN4C","ICCL","V","Payment transactions","V","Value","A","In USD","A","All users","9","Billions","S","Summed through period","3","CCP3","VALUE OF TRANSACTIONS (TOTAL VALUE OF CONTRACTS AND TRANSACTIONS PER CCP OR CLEARING HOUSE), IN USD",,,1748.4198,A,3836.6882,A,1343.0582,A,716.7385,A,977.0225,A,1294.7557,A
CPMI_CT2:A:IN:U:IN4C:V:V:H,"A","Annual","IN","India","U","Central counterparties/clearing houses","IN4C","ICCL","V","Payment transactions","V","Value","H","Annual real growth","A","All users","0","Units","S","Summed through period","2","CCP3","INCREASE IN THE REAL VALUE OF TRANSACTIONS (PER CCP OR CLEARING HOUSE)",,,,,106.2076,A,-66.6317,A,-49.15,A,31.9244,A,27.491,A
CPMI_CT2:A:IN:U:IN4C:V:V:I,"A","Annual","IN","India","U","Central counterparties/clearing houses","IN4C","ICCL","V","Payment transactions","V","Value","I","In % of GDP","A","All users","0","Units","S","Summed through period","3","CCP3","VALUE OF TRANSACTIONS AS A PERCENTAGE OF GDP (PER CCP OR CLEARING HOUSE)",,,87.746,A,183.7762,A,62.012,A,31.152,A,36.9052,A,46.3095,A
CPMI_CT2:A:IN:U:IN4C:V:V:S,"A","Annual","IN","India","U","Central counterparties/clearing houses","IN4C","ICCL","V","Payment transactions","V","Value","S","Per transaction","A","All users","3","Thousands","S","Summed through period","3","CCP3","AVERAGE VALUE OF TRANSACTIONS (PER CCP OR CLEARING HOUSE), IN USD",,,2.482,A,2.5113,A,1.423,A,0.82516,A,0.92152,A,0.94291,A
CPMI_CT2:A:IN:U:IN4C:Z:N:N,"A","Annual","IN","India","U","Central counterparties/clearing houses","IN4C","ICCL","Z","Clearing members","N","Number","N","Units","A","All users","0","Units","E","End of period","0","CCP4","NUMBER OF CLEARING MEMBERS IN CCPs AND CLEARING HOUSES",,,1369,A,1382,A,1398,A,1402,A,1422,A,1394,A
CPMI_CT2:A:IN:U:IN5C:V:N:G,"A","Annual","IN","India","U","Central counterparties/clearing houses","IN5C","MCX-SXCCL","V","Payment transactions","N","Number","G","Annual growth","A","All users","0","Units","S","Summed through period","2","CCP2","INCREASE IN THE NUMBER OF TRANSACTIONS (PER CCP OR CLEARING HOUSE)",,,,,-74.0397,A,-51.7414,A,-11.6013,A,-59.5752,A,279.1455,A
CPMI_CT2:A:IN:U:IN5C:V:N:N,"A","Annual","IN","India","U","Central counterparties/clearing houses","IN5C","MCX-SXCCL","V","Payment transactions","N","Number","N","Units","A","All users","3","Thousands","S","Summed through period","3","CCP2","NUMBER OF TRANSACTIONS (TOTAL NUMBER OF CONTRACTS AND TRANSACTIONS PER CCP OR CLEARING HOUSE)",,,398943.143,A,103567,A,49979.942,A,44181.605,A,17860.337,A,67716.662,A
CPMI_CT2:A:IN:U:IN5C:V:V:A,"A","Annual","IN","India","U","Central counterparties/clearing houses","IN5C","MCX-SXCCL","V","Payment transactions","V","Value","A","In USD","A","All users","9","Billions","S","Summed through period","3","CCP3","VALUE OF TRANSACTIONS (TOTAL VALUE OF CONTRACTS AND TRANSACTIONS PER CCP OR CLEARING HOUSE), IN USD",,,0.4966,A,0.25791,A,0.19021,A,0.12621,A,0.063894,A,0.023922,A
CPMI_CT2:A:IN:U:IN5C:V:V:H,"A","Annual","IN","India","U","Central counterparties/clearing houses","IN5C","MCX-SXCCL","V","Payment transactions","V","Value","H","Annual real growth","A","All users","0","Units","S","Summed through period","2","CCP3","INCREASE IN THE REAL VALUE OF TRANSACTIONS (PER CCP OR CLEARING HOUSE)",,,,,-51.1963,A,-29.6973,A,-36.7786,A,-51.0044,A,-63.9809,A
CPMI_CT2:A:IN:U:IN5C:V:V:I,"A","Annual","IN","India","U","Central counterparties/clearing houses","IN5C","MCX-SXCCL","V","Payment transactions","V","Value","I","In % of GDP","A","All users","0","Units","S","Summed through period","3","CCP3","VALUE OF TRANSACTIONS AS A PERCENTAGE OF GDP (PER CCP OR CLEARING HOUSE)",,,0.024922,A,0.012354,A,0.0087826,A,0.0054854,A,0.0024135,A,0.00085561,A
CPMI_CT2:A:IN:U:IN5C:V:V:S,"A","Annual","IN","India","U","Central counterparties/clearing houses","IN5C","MCX-SXCCL","V","Payment transactions","V","Value","S","Per transaction","A","All users","3","Thousands","S","Summed through period","3","CCP3","AVERAGE VALUE OF TRANSACTIONS (PER CCP OR CLEARING HOUSE), IN USD",,,0.0012448,A,0.0024903,A,0.0038058,A,0.0028565,A,0.0035774,A,0.00035326,A
CPMI_CT2:A:IN:U:IN5C:Z:N:N,"A","Annual","IN","India","U","Central counterparties/clearing houses","IN5C","MCX-SXCCL","Z","Clearing members","N","Number","N","Units","A","All users","0","Units","E","End of period","0","CCP4","NUMBER OF CLEARING MEMBERS IN CCPs AND CLEARING HOUSES",,,582,A,579,A,573,A,498,A,467,A,414,A
CPMI_CT2:A:IN:V:IN1S:O:N:N,"A","Annual","IN","India","V","Central securities depositories","IN1S","NDS-SSS","O","Securities held","N","Number","N","Units","A","All users","3","Thousands","E","End of period","3","CSD5","TOTAL NUMBER OF SECURITIES HELD",1.835,A,1.967,A,2.162,A,2.406,A,2.929,A,3.232,A,3.856,A
CPMI_CT2:A:IN:V:IN1S:O:V:A,"A","Annual","IN","India","V","Central securities depositories","IN1S","NDS-SSS","O","Securities held","V","Value","A","In USD","A","All users","6","Millions","S","Summed through period","3","CSD5","TOTAL VALUE OF SECURITIES HELD, IN USD",833438.228,A,872825.5913,A,948319.2147,A,1023667.652,A,1092133.4736,A,1262409.3722,A,1338243.0848,A
CPMI_CT2:A:IN:V:IN1S:W:N:G,"A","Annual","IN","India","V","Central securities depositories","IN1S","NDS-SSS","W","Delivery instructions","N","Number","G","Annual growth","A","All users","0","Units","S","Summed through period","2","CSD2","INCREASE IN THE NUMBER OF DELIVERY INSTRUCTIONS (PER CSD)",22.47,A,13.616,A,16.1802,A,3.067,A,16.9537,A,-4.2496,A,3.1088,A
CPMI_CT2:A:IN:V:IN1S:W:N:N,"A","Annual","IN","India","V","Central securities depositories","IN1S","NDS-SSS","W","Delivery instructions","N","Number","N","Units","A","All users","3","Thousands","S","Summed through period","3","CSD2","NUMBER OF DELIVERY INSTRUCTIONS (TOTAL NUMBER OF DELIVERY INSTRUCTIONS PER CSD)",2306.33,A,2620.36,A,3044.34,A,3137.71,A,3669.669,A,3513.723,A,3622.959,A
CPMI_CT2:A:IN:V:IN1S:W:V:A,"A","Annual","IN","India","V","Central securities depositories","IN1S","NDS-SSS","W","Delivery instructions","V","Value","A","In USD","A","All users","9","Billions","S","Summed through period","3","CSD3","VALUE OF DELIVERY INSTRUCTIONS (TOTAL VALUE OF DELIVERY INSTRUCTIONS PER CSD), IN USD",22816.3793,A,23412.4828,A,23037.4053,A,23434.279,A,28759.435,A,30183.267,A,31493.0782,A
CPMI_CT2:A:IN:V:IN1S:W:V:H,"A","Annual","IN","India","V","Central securities depositories","IN1S","NDS-SSS","W","Delivery instructions","V","Value","H","Annual real growth","A","All users","0","Units","S","Summed through period","2","CSD3","INCREASE IN THE REAL VALUE OF DELIVERY INSTRUCTIONS (PER CSD)",0.85094,A,-3.4676,A,-7.5344,A,-3.0353,A,16.9375,A,1.5704,A,0.37949,A
CPMI_CT2:A:IN:V:IN1S:W:V:I,"A","Annual","IN","India","V","Central securities depositories","IN1S","NDS-SSS","W","Delivery instructions","V","Value","I","In % of GDP","A","All users","0","Units","S","Summed through period","2","CSD3","VALUE OF DELIVERY INSTRUCTIONS AS A PERCENTAGE OF GDP (PER CSD)",1196.0319,A,1174.9758,A,1103.4846,A,1082.0128,A,1249.989,A,1140.1165,A,1126.4117,A
CPMI_CT2:A:IN:V:IN1S:W:V:S,"A","Annual","IN","India","V","Central securities depositories","IN1S","NDS-SSS","W","Delivery instructions","V","Value","S","Per transaction","A","All users","3","Thousands","S","Summed through period","3","CSD3","AVERAGE VALUE PER DELIVERY INSTRUCTIONS (PER CSD), IN USD",9892.9378,A,8934.8344,A,7567.2905,A,7468.593,A,7837.0651,A,8590.11,A,8692.64,A
CPMI_CT2:A:IN:V:IN1S:X:N:N,"A","Annual","IN","India","V","Central securities depositories","IN1S","NDS-SSS","X","All participants","N","Number","N","Units","A","All users","0","Units","E","End of period","0","CSD4","TOTAL NUMBER OF PARTICIPANTS (TOTAL NUMBER OF DIRECT PARTICIPANTS IN CSDs)",184,A,191,A,203,A,260,A,361,A,393,A,413,A
CPMI_CT2:A:IN:V:IN2S:O:N:N,"A","Annual","IN","India","V","Central securities depositories","IN2S","NSDL","O","Securities held","N","Number","N","Units","A","All users","3","Thousands","E","End of period","3","CSD5","TOTAL NUMBER OF SECURITIES HELD",,L,795503434.908,A,927357038.763,A,1100208970.487,A,1317625361.918,A,1506339226.869,A,1867407557.811,A
CPMI_CT2:A:IN:V:IN2S:O:V:A,"A","Annual","IN","India","V","Central securities depositories","IN2S","NSDL","O","Securities held","V","Value","A","In USD","A","All users","6","Millions","S","Summed through period","3","CSD5","TOTAL VALUE OF SECURITIES HELD, IN USD",,L,1524572.5263,A,1925239.3283,A,1825493.7909,A,2179944.4861,A,2644014.0589,A,2729119.4225,A
CPMI_CT2:A:IN:V:IN2S:W:N:G,"A","Annual","IN","India","V","Central securities depositories","IN2S","NSDL","W","Delivery instructions","N","Number","G","Annual growth","A","All users","0","Units","S","Summed through period","2","CSD2","INCREASE IN THE NUMBER OF DELIVERY INSTRUCTIONS (PER CSD)",,L,,L,47.753,A,-10.3359,A,15.4867,A,39.3111,A,-11.3381,A
CPMI_CT2:A:IN:V:IN2S:W:N:N,"A","Annual","IN","India","V","Central securities depositories","IN2S","NSDL","W","Delivery instructions","N","Number","N","Units","A","All users","3","Thousands","S","Summed through period","3","CSD2","NUMBER OF DELIVERY INSTRUCTIONS (TOTAL NUMBER OF DELIVERY INSTRUCTIONS PER CSD)",,L,100268.889,A,148150.298,A,132837.639,A,153409.825,A,213716.923,A,189485.548,A
CPMI_CT2:A:IN:V:IN2S:W:V:A,"A","Annual","IN","India","V","Central securities depositories","IN2S","NSDL","W","Delivery instructions","V","Value","A","In USD","A","All users","9","Billions","S","Summed through period","3","CSD3","VALUE OF DELIVERY INSTRUCTIONS (TOTAL VALUE OF DELIVERY INSTRUCTIONS PER CSD), IN USD",,L,2800.0368,A,3185.7108,A,3027.9262,A,3418.0666,A,4097.4753,A,3804.7511,A
CPMI_CT2:A:IN:V:IN2S:W:V:H,"A","Annual","IN","India","V","Central securities depositories","IN2S","NSDL","W","Delivery instructions","V","Value","H","Annual real growth","A","All users","0","Units","S","Summed through period","2","CSD3","INCREASE IN THE REAL VALUE OF DELIVERY INSTRUCTIONS (PER CSD)",,L,,L,6.9145,A,-9.3987,A,7.5623,A,16.0158,A,-10.6682,A
CPMI_CT2:A:IN:V:IN2S:W:V:I,"A","Annual","IN","India","V","Central securities depositories","IN2S","NSDL","W","Delivery instructions","V","Value","I","In % of GDP","A","All users","0","Units","S","Summed through period","2","CSD3","VALUE OF DELIVERY INSTRUCTIONS AS A PERCENTAGE OF GDP (PER CSD)",,L,140.5223,A,152.5946,A,139.8061,A,148.5615,A,154.7745,A,136.0844,A
CPMI_CT2:A:IN:V:IN2S:W:V:S,"A","Annual","IN","India","V","Central securities depositories","IN2S","NSDL","W","Delivery instructions","V","Value","S","Per transaction","A","All users","3","Thousands","S","Summed through period","3","CSD3","AVERAGE VALUE PER DELIVERY INSTRUCTIONS (PER CSD), IN USD",,L,27.9253,A,21.5032,A,22.7942,A,22.2806,A,19.1724,A,20.0794,A
CPMI_CT2:A:IN:V:IN2S:X:N:N,"A","Annual","IN","India","V","Central securities depositories","IN2S","NSDL","X","All participants","N","Number","N","Units","A","All users","0","Units","E","End of period","0","CSD4","TOTAL NUMBER OF PARTICIPANTS (TOTAL NUMBER OF DIRECT PARTICIPANTS IN CSDs)",,L,278,A,273,A,270,A,264,A,276,A,277,A
CPMI_CT2:A:IN:V:IN3S:O:N:N,"A","Annual","IN","India","V","Central securities depositories","IN3S","CDSL","O","Securities held","N","Number","N","Units","A","All users","3","Thousands","E","End of period","3","CSD5","TOTAL NUMBER OF SECURITIES HELD",,L,177309939.823,A,206012379.248,A,226625760.322,A,255227444.818,A,283805118.046,A,361876117.563,A
CPMI_CT2:A:IN:V:IN3S:O:V:A,"A","Annual","IN","India","V","Central securities depositories","IN3S","CDSL","O","Securities held","V","Value","A","In USD","A","All users","6","Millions","S","Summed through period","3","CSD5","TOTAL VALUE OF SECURITIES HELD, IN USD",,L,185478.5344,A,228525.0215,A,206272.614,A,264226.1347,A,304623.8138,A,303833.9801,A
CPMI_CT2:A:IN:V:IN3S:W:N:G,"A","Annual","IN","India","V","Central securities depositories","IN3S","CDSL","W","Delivery instructions","N","Number","G","Annual growth","A","All users","0","Units","S","Summed through period","2","CSD2","INCREASE IN THE NUMBER OF DELIVERY INSTRUCTIONS (PER CSD)",,L,,L,51.2268,A,-9.0842,A,15.7183,A,35.2465,A,-14.9865,A
CPMI_CT2:A:IN:V:IN3S:W:N:N,"A","Annual","IN","India","V","Central securities depositories","IN3S","CDSL","W","Delivery instructions","N","Number","N","Units","A","All users","3","Thousands","S","Summed through period","3","CSD2","NUMBER OF DELIVERY INSTRUCTIONS (TOTAL NUMBER OF DELIVERY INSTRUCTIONS PER CSD)",,L,69213.749,A,104669.715,A,95161.307,A,110119.062,A,148932.203,A,126612.463,A
CPMI_CT2:A:IN:V:IN3S:W:V:A,"A","Annual","IN","India","V","Central securities depositories","IN3S","CDSL","W","Delivery instructions","V","Value","A","In USD","A","All users","9","Billions","S","Summed through period","3","CSD3","VALUE OF DELIVERY INSTRUCTIONS (TOTAL VALUE OF DELIVERY INSTRUCTIONS PER CSD), IN USD",,L,140.4317,A,215.171,A,179.1497,A,293.3236,A,451.9817,A,282.8997,A
CPMI_CT2:A:IN:V:IN3S:W:V:H,"A","Annual","IN","India","V","Central securities depositories","IN3S","CDSL","W","Delivery instructions","V","Value","H","Annual real growth","A","All users","0","Units","S","Summed through period","2","CSD3","INCREASE IN THE REAL VALUE OF DELIVERY INSTRUCTIONS (PER CSD)",,L,,L,43.9834,A,-20.6352,A,56.0112,A,49.1266,A,-39.7846,A
CPMI_CT2:A:IN:V:IN3S:W:V:I,"A","Annual","IN","India","V","Central securities depositories","IN3S","CDSL","W","Delivery instructions","V","Value","I","In % of GDP","A","All users","0","Units","S","Summed through period","2","CSD3","VALUE OF DELIVERY INSTRUCTIONS AS A PERCENTAGE OF GDP (PER CSD)",,L,7.0477,A,10.3066,A,8.2717,A,12.7489,A,17.0728,A,10.1185,A
CPMI_CT2:A:IN:V:IN3S:W:V:S,"A","Annual","IN","India","V","Central securities depositories","IN3S","CDSL","W","Delivery instructions","V","Value","S","Per transaction","A","All users","3","Thousands","S","Summed through period","3","CSD3","AVERAGE VALUE PER DELIVERY INSTRUCTIONS (PER CSD), IN USD",,L,2.029,A,2.0557,A,1.8826,A,2.6637,A,3.0348,A,2.2344,A
CPMI_CT2:A:IN:V:IN3S:X:N:N,"A","Annual","IN","India","V","Central securities depositories","IN3S","CDSL","X","All participants","N","Number","N","Units","A","All users","0","Units","E","End of period","0","CSD4","TOTAL NUMBER OF PARTICIPANTS (TOTAL NUMBER OF DIRECT PARTICIPANTS IN CSDs)",,L,579,A,575,A,583,A,589,A,594,A,597,A
CPMI_CT2:A:IT:A:IT1P:P:N:F,"A","Annual","IT","Italy","A","Payment systems, large-value","IT1P","TARGET2-BDI","P","Concentration ratio in terms of volume","N","Number","F","Percent","A","All users","0","Units","S","Summed through period","2","PS4","CONCENTRATION RATIO IN TERMS OF VOLUME",41.9,A,44.6,A,45.2,A,44.6,A,43.4,A,45.2,A,45.6,A
CPMI_CT2:A:IT:A:IT1P:Q:N:F,"A","Annual","IT","Italy","A","Payment systems, large-value","IT1P","TARGET2-BDI","Q","Concentration ratio in terms of value","N","Number","F","Percent","A","All users","0","Units","S","Summed through period","2","PS4","CONCENTRATION RATIO IN TERMS OF VALUE",52.3,A,50.5,A,50.7,A,44.9,A,42,A,46.6,A,48.1,A
CPMI_CT2:A:IT:A:IT1P:V:N:G,"A","Annual","IT","Italy","A","Payment systems, large-value","IT1P","TARGET2-BDI","V","Payment transactions","N","Number","G","Annual growth","A","All users","0","Units","S","Summed through period","2","PS2","INCREASE IN THE NUMBER OF TRANSACTIONS (TOTAL GROSS VOLUME PER SYSTEM)",,,16.405,A,10.5385,A,-10.658,A,-21.1861,A,5.8045,A,-2.3745,A
CPMI_CT2:A:IT:A:IT1P:V:N:N,"A","Annual","IT","Italy","A","Payment systems, large-value","IT1P","TARGET2-BDI","V","Payment transactions","N","Number","N","Units","A","All users","6","Millions","S","Summed through period","3","PS2","NUMBER OF TRANSACTIONS (TOTAL GROSS VOLUME PER SYSTEM)",8.918,A,10.381,A,11.475,A,10.252,A,8.08,A,8.549,A,8.346,A
CPMI_CT2:A:IT:A:IT1P:V:V:A,"A","Annual","IT","Italy","A","Payment systems, large-value","IT1P","TARGET2-BDI","V","Payment transactions","V","Value","A","In USD","A","All users","9","Billions","S","Summed through period","3","PS3","VALUE OF TRANSACTIONS (TOTAL GROSS VALUE PER SYSTEM), IN USD",41938.0046,A,49739.1594,A,54938.3745,A,35712.1342,A,20374.7613,A,20117.4492,A,21464.0389,A
CPMI_CT2:A:IT:A:IT1P:V:V:H,"A","Annual","IT","Italy","A","Payment systems, large-value","IT1P","TARGET2-BDI","V","Payment transactions","V","Value","H","Annual real growth","A","All users","0","Units","S","Summed through period","2","PS3","INCREASE IN THE REAL VALUE OF TRANSACTIONS (PER SYSTEM)",,,17.174,A,10.1858,A,-35.0209,A,-42.9001,A,-2.4487,A,5.4937,A
CPMI_CT2:A:IT:A:IT1P:V:V:I,"A","Annual","IT","Italy","A","Payment systems, large-value","IT1P","TARGET2-BDI","V","Payment transactions","V","Value","I","In % of GDP","A","All users","0","Units","S","Summed through period","3","PS3","VALUE OF TRANSACTIONS AS A PERCENTAGE OF GDP (PER SYSTEM)",2010.8446,A,2323.0643,A,2545.1733,A,1945.7236,A,1086.1436,A,1027.5794,A,1030.4913,A
CPMI_CT2:A:IT:A:IT1P:V:V:S,"A","Annual","IT","Italy","A","Payment systems, large-value","IT1P","TARGET2-BDI","V","Payment transactions","V","Value","S","Per transaction","A","All users","3","Thousands","S","Summed through period","3","PS3","AVERAGE VALUE OF TRANSACTIONS (PER SYSTEM), IN USD",4702.6244,A,4791.3649,A,4787.6579,A,3483.431,A,2521.6289,A,2353.1933,A,2571.7756,A
CPMI_CT2:A:IT:A:IT1P:X:N:N,"A","Annual","IT","Italy","A","Payment systems, large-value","IT1P","TARGET2-BDI","X","All participants","N","Number","N","Units","A","All users","0","Units","E","End of period","0","PS4","TOTAL NUMBER OF PARTICIPANTS",426,A,170,A,167,A,156,A,148,A,131,A,109,A
CPMI_CT2:A:IT:A:IT1P:Y:N:N,"A","Annual","IT","Italy","A","Payment systems, large-value","IT1P","TARGET2-BDI","Y","Directly connected participants","N","Number","N","Units","A","All users","0","Units","E","End of period","0","PS4","TOTAL NUMBER OF PARTICIPANTS OF WHICH DIRECTLY CONNECTED PARTICIPANTS",103,A,102,A,105,A,100,A,99,A,89,A,70,A
CPMI_CT2:A:IT:B:IT2P:V:N:G,"A","Annual","IT","Italy","B","Payment systems, retail","IT2P","BI-COMP","V","Payment transactions","N","Number","G","Annual growth","A","All users","0","Units","S","Summed through period","2","PS2","INCREASE IN THE NUMBER OF TRANSACTIONS (TOTAL GROSS VOLUME PER SYSTEM)",,,2.3658,A,-18.2016,A,2.3834,A,3.9871,A,3.3897,A,-1.3786,A
CPMI_CT2:A:IT:B:IT2P:V:N:N,"A","Annual","IT","Italy","B","Payment systems, retail","IT2P","BI-COMP","V","Payment transactions","N","Number","N","Units","A","All users","6","Millions","S","Summed through period","3","PS2","NUMBER OF TRANSACTIONS (TOTAL GROSS VOLUME PER SYSTEM)",2248.799,A,2302,A,1883,A,1927.88,A,2004.746,A,2072.7,A,2044.125,A
CPMI_CT2:A:IT:B:IT2P:V:V:A,"A","Annual","IT","Italy","B","Payment systems, retail","IT2P","BI-COMP","V","Payment transactions","V","Value","A","In USD","A","All users","9","Billions","S","Summed through period","3","PS3","VALUE OF TRANSACTIONS (TOTAL GROSS VALUE PER SYSTEM), IN USD",3584.8009,A,3393.4262,A,1960.2926,A,1652.6074,A,1682.6118,A,1816.0239,A,1861.5096,A
CPMI_CT2:A:IT:B:IT2P:V:V:H,"A","Annual","IT","Italy","B","Payment systems, retail","IT2P","BI-COMP","V","Payment transactions","V","Value","H","Annual real growth","A","All users","0","Units","S","Summed through period","2","PS3","INCREASE IN THE REAL VALUE OF TRANSACTIONS (PER SYSTEM)",,,-6.478,A,-42.3723,A,-15.7282,A,1.8997,A,6.6327,A,1.3518,A
CPMI_CT2:A:IT:B:IT2P:V:V:I,"A","Annual","IT","Italy","B","Payment systems, retail","IT2P","BI-COMP","V","Payment transactions","V","Value","I","In % of GDP","A","All users","0","Units","S","Summed through period","3","PS3","VALUE OF TRANSACTIONS AS A PERCENTAGE OF GDP (PER SYSTEM)",171.8841,A,158.4898,A,90.816,A,90.0399,A,89.6972,A,92.7607,A,89.3713,A
CPMI_CT2:A:IT:B:IT2P:V:V:S,"A","Annual","IT","Italy","B","Payment systems, retail","IT2P","BI-COMP","V","Payment transactions","V","Value","S","Per transaction","A","All users","3","Thousands","S","Summed through period","3","PS3","AVERAGE VALUE OF TRANSACTIONS (PER SYSTEM), IN USD",1.5941,A,1.4741,A,1.041,A,0.85721,A,0.83931,A,0.87616,A,0.91066,A
CPMI_CT2:A:IT:B:IT2P:X:N:N,"A","Annual","IT","Italy","B","Payment systems, retail","IT2P","BI-COMP","X","All participants","N","Number","N","Units","A","All users","0","Units","E","End of period","0","PS4","TOTAL NUMBER OF PARTICIPANTS",86,A,83,A,76,A,72,A,69,A,68,A,60,A
CPMI_CT2:A:IT:B:IT2P:Y:N:N,"A","Annual","IT","Italy","B","Payment systems, retail","IT2P","BI-COMP","Y","Directly connected participants","N","Number","N","Units","A","All users","0","Units","E","End of period","0","PS4","TOTAL NUMBER OF PARTICIPANTS OF WHICH DIRECTLY CONNECTED PARTICIPANTS",86,A,83,A,76,A,72,A,69,A,68,A,60,A
CPMI_CT2:A:IT:U:IT1C:V:N:G,"A","Annual","IT","Italy","U","Central counterparties/clearing houses","IT1C","CCG","V","Payment transactions","N","Number","G","Annual growth","A","All users","0","Units","S","Summed through period","2","CCP2","INCREASE IN THE NUMBER OF TRANSACTIONS (PER CCP OR CLEARING HOUSE)",,,-5.6334,A,15.6849,A,9.9495,A,6.7666,A,-16.3975,A,3.2726,A
CPMI_CT2:A:IT:U:IT1C:V:N:N,"A","Annual","IT","Italy","U","Central counterparties/clearing houses","IT1C","CCG","V","Payment transactions","N","Number","N","Units","A","All users","3","Thousands","S","Summed through period","3","CCP2","NUMBER OF TRANSACTIONS (TOTAL NUMBER OF CONTRACTS AND TRANSACTIONS PER CCP OR CLEARING HOUSE)",211082,A,199191,A,230434,A,253361,A,270505,A,226149,A,233550,A
CPMI_CT2:A:IT:U:IT1C:V:V:A,"A","Annual","IT","Italy","U","Central counterparties/clearing houses","IT1C","CCG","V","Payment transactions","V","Value","A","In USD","A","All users","9","Billions","S","Summed through period","3","CCP3","VALUE OF TRANSACTIONS (TOTAL VALUE OF CONTRACTS AND TRANSACTIONS PER CCP OR CLEARING HOUSE), IN USD",33206.3655,A,46205.8123,A,46496.8947,A,42856.7884,A,43073.8751,A,45555.8586,A,47714.978,A
CPMI_CT2:A:IT:U:IT1C:V:V:H,"A","Annual","IT","Italy","U","Central counterparties/clearing houses","IT1C","CCG","V","Payment transactions","V","Value","H","Annual real growth","A","All users","0","Units","S","Summed through period","2","CCP3","INCREASE IN THE REAL VALUE OF TRANSACTIONS (PER CCP OR CLEARING HOUSE)",,,37.4725,A,0.38661,A,-7.8641,A,0.58955,A,4.492,A,3.5615,A
CPMI_CT2:A:IT:U:IT1C:V:V:I,"A","Annual","IT","Italy","U","Central counterparties/clearing houses","IT1C","CCG","V","Payment transactions","V","Value","I","In % of GDP","A","All users","0","Units","S","Summed through period","3","CCP3","VALUE OF TRANSACTIONS AS A PERCENTAGE OF GDP (PER CCP OR CLEARING HOUSE)",1592.1797,A,2158.0395,A,2154.0982,A,2334.9897,A,2296.1944,A,2326.9481,A,2290.8022,A
CPMI_CT2:A:IT:U:IT1C:V:V:S,"A","Annual","IT","Italy","U","Central counterparties/clearing houses","IT1C","CCG","V","Payment transactions","V","Value","S","Per transaction","A","All users","3","Thousands","S","Summed through period","3","CCP3","AVERAGE VALUE OF TRANSACTIONS (PER CCP OR CLEARING HOUSE), IN USD",157.315,A,231.9674,A,201.7797,A,169.1531,A,159.235,A,201.4418,A,204.3031,A
CPMI_CT2:A:IT:U:IT1C:Z:N:N,"A","Annual","IT","Italy","U","Central counterparties/clearing houses","IT1C","CCG","Z","Clearing members","N","Number","N","Units","A","All users","0","Units","E","End of period","0","CCP4","NUMBER OF CLEARING MEMBERS IN CCPs AND CLEARING HOUSES",74,A,83,A,81,A,82,A,87,A,86,A,84,A
CPMI_CT2:A:IT:V:IT2S:O:N:N,"A","Annual","IT","Italy","V","Central securities depositories","IT2S","Monte Titoli","O","Securities held","N","Number","N","Units","A","All users","3","Thousands","E","End of period","3","CSD5","TOTAL NUMBER OF SECURITIES HELD",43.785,A,42.374,A,38.24,A,43.32,A,29.64,A,29.53,A,28.66,A
CPMI_CT2:A:IT:V:IT2S:O:V:A,"A","Annual","IT","Italy","V","Central securities depositories","IT2S","Monte Titoli","O","Securities held","V","Value","A","In USD","A","All users","6","Millions","S","Summed through period","3","CSD5","TOTAL VALUE OF SECURITIES HELD, IN USD",4119540.6549,A,4379774.4127,A,4442270.6817,A,3665267.3922,A,3512695.1288,A,3716488.2266,A,3899255.7652,A
CPMI_CT2:A:IT:V:IT2S:W:N:G,"A","Annual","IT","Italy","V","Central securities depositories","IT2S","Monte Titoli","W","Delivery instructions","N","Number","G","Annual growth","A","All users","0","Units","S","Summed through period","2","CSD2","INCREASE IN THE NUMBER OF DELIVERY INSTRUCTIONS (PER CSD)",-9.3559,A,-1.3903,A,17.4652,A,-3.8317,A,-6.2615,A,27.2479,A,-1.5295,A
CPMI_CT2:A:IT:V:IT2S:W:N:N,"A","Annual","IT","Italy","V","Central securities depositories","IT2S","Monte Titoli","W","Delivery instructions","N","Number","N","Units","A","All users","3","Thousands","S","Summed through period","3","CSD2","NUMBER OF DELIVERY INSTRUCTIONS (TOTAL NUMBER OF DELIVERY INSTRUCTIONS PER CSD)",21292.02,A,20996,A,24663,A,23718,A,22232.9,A,28290.9,A,27858.2,A
CPMI_CT2:A:IT:V:IT2S:W:V:A,"A","Annual","IT","Italy","V","Central securities depositories","IT2S","Monte Titoli","W","Delivery instructions","V","Value","A","In USD","A","All users","9","Billions","S","Summed through period","3","CSD3","VALUE OF DELIVERY INSTRUCTIONS (TOTAL VALUE OF DELIVERY INSTRUCTIONS PER CSD), IN USD",75054.7809,A,82775.4722,A,100731.1845,A,73632.7692,A,73772.3617,A,88784.935,A,102095.7028,A
CPMI_CT2:A:IT:V:IT2S:W:V:H,"A","Annual","IT","Italy","V","Central securities depositories","IT2S","Monte Titoli","W","Delivery instructions","V","Value","H","Annual real growth","A","All users","0","Units","S","Summed through period","2","CSD3","INCREASE IN THE REAL VALUE OF DELIVERY INSTRUCTIONS (PER CSD)",-27.4015,A,8.9592,A,21.3978,A,-26.9297,A,0.27233,A,18.9045,A,13.6988,A
CPMI_CT2:A:IT:V:IT2S:W:V:I,"A","Annual","IT","Italy","V","Central securities depositories","IT2S","Monte Titoli","W","Delivery instructions","V","Value","I","In % of GDP","A","All users","0","Units","S","Summed through period","2","CSD3","VALUE OF DELIVERY INSTRUCTIONS AS A PERCENTAGE OF GDP (PER CSD)",3598.7287,A,3866.0232,A,4666.6529,A,4011.7742,A,3932.6781,A,4535.0465,A,4901.6278,A
CPMI_CT2:A:IT:V:IT2S:W:V:S,"A","Annual","IT","Italy","V","Central securities depositories","IT2S","Monte Titoli","W","Delivery instructions","V","Value","S","Per transaction","A","All users","3","Thousands","S","Summed through period","3","CSD3","AVERAGE VALUE PER DELIVERY INSTRUCTIONS (PER CSD), IN USD",3525.0193,A,3942.4401,A,4084.3038,A,3104.51,A,3318.1619,A,3138.286,A,3664.8349,A
CPMI_CT2:A:IT:V:IT2S:X:N:N,"A","Annual","IT","Italy","V","Central securities depositories","IT2S","Monte Titoli","X","All participants","N","Number","N","Units","A","All users","0","Units","E","End of period","0","CSD4","TOTAL NUMBER OF PARTICIPANTS (TOTAL NUMBER OF DIRECT PARTICIPANTS IN CSDs)",248,A,239,A,232,A,183,A,184,A,184,A,186,A
CPMI_CT2:A:JP:A:JP1P:P:N:F,"A","Annual","JP","Japan","A","Payment systems, large-value","JP1P","BOJ-NET","P","Concentration ratio in terms of volume","N","Number","F","Percent","A","All users","0","Units","S","Summed through period","2","PS4","CONCENTRATION RATIO IN TERMS OF VOLUME",47.53,A,45.8,A,49.36,A,47.95,A,49.1,A,49.57,A,51.13,A
CPMI_CT2:A:JP:A:JP1P:Q:N:F,"A","Annual","JP","Japan","A","Payment systems, large-value","JP1P","BOJ-NET","Q","Concentration ratio in terms of value","N","Number","F","Percent","A","All users","0","Units","S","Summed through period","2","PS4","CONCENTRATION RATIO IN TERMS OF VALUE",37.78,A,37.44,A,42.99,A,41.49,A,44.33,A,45.2,A,43.3,A
CPMI_CT2:A:JP:A:JP1P:V:N:G,"A","Annual","JP","Japan","A","Payment systems, large-value","JP1P","BOJ-NET","V","Payment transactions","N","Number","G","Annual growth","A","All users","0","Units","S","Summed through period","2","PS2","INCREASE IN THE NUMBER OF TRANSACTIONS (TOTAL GROSS VOLUME PER SYSTEM)",18.2816,A,6.4139,A,2.519,A,1.3065,A,-2.4195,A,1.7824,A,1.1496,A
CPMI_CT2:A:JP:A:JP1P:V:N:N,"A","Annual","JP","Japan","A","Payment systems, large-value","JP1P","BOJ-NET","V","Payment transactions","N","Number","N","Units","A","All users","6","Millions","S","Summed through period","3","PS2","NUMBER OF TRANSACTIONS (TOTAL GROSS VOLUME PER SYSTEM)",15.295,A,16.276,A,16.686,A,16.904,A,16.495,A,16.789,A,16.982,A
CPMI_CT2:A:JP:A:JP1P:V:V:A,"A","Annual","JP","Japan","A","Payment systems, large-value","JP1P","BOJ-NET","V","Payment transactions","V","Value","A","In USD","A","All users","9","Billions","S","Summed through period","3","PS3","VALUE OF TRANSACTIONS (TOTAL GROSS VALUE PER SYSTEM), IN USD",341478.0447,A,292331.9931,A,288489.8255,A,273339.3485,A,309620.9334,A,313463.6187,A,325859.923,A
CPMI_CT2:A:JP:A:JP1P:V:V:H,"A","Annual","JP","Japan","A","Payment systems, large-value","JP1P","BOJ-NET","V","Payment transactions","V","Value","H","Annual real growth","A","All users","0","Units","S","Summed through period","2","PS3","INCREASE IN THE REAL VALUE OF TRANSACTIONS (PER SYSTEM)",9.6066,A,-14.7332,A,-3.9088,A,-6.0036,A,13.3868,A,0.73741,A,2.9459,A
CPMI_CT2:A:JP:A:JP1P:V:V:I,"A","Annual","JP","Japan","A","Payment systems, large-value","JP1P","BOJ-NET","V","Payment transactions","V","Value","I","In % of GDP","A","All users","0","Units","S","Summed through period","3","PS3","VALUE OF TRANSACTIONS AS A PERCENTAGE OF GDP (PER SYSTEM)",5502.2755,A,5671.3394,A,5940.6074,A,6228.9828,A,6276.6134,A,6451.7693,A,6558.2931,A
CPMI_CT2:A:JP:A:JP1P:V:V:S,"A","Annual","JP","Japan","A","Payment systems, large-value","JP1P","BOJ-NET","V","Payment transactions","V","Value","S","Per transaction","A","All users","3","Thousands","S","Summed through period","3","PS3","AVERAGE VALUE OF TRANSACTIONS (PER SYSTEM), IN USD",22326.1226,A,17960.9236,A,17289.3339,A,16170.0987,A,18770.5931,A,18670.7736,A,19188.5481,A
CPMI_CT2:A:JP:A:JP1P:X:N:N,"A","Annual","JP","Japan","A","Payment systems, large-value","JP1P","BOJ-NET","X","All participants","N","Number","N","Units","A","All users","0","Units","E","End of period","0","PS4","TOTAL NUMBER OF PARTICIPANTS",550,A,542,A,538,A,536,A,534,A,530,A,526,A
CPMI_CT2:A:JP:A:JP1P:Y:N:N,"A","Annual","JP","Japan","A","Payment systems, large-value","JP1P","BOJ-NET","Y","Directly connected participants","N","Number","N","Units","A","All users","0","Units","E","End of period","0","PS4","TOTAL NUMBER OF PARTICIPANTS OF WHICH DIRECTLY CONNECTED PARTICIPANTS",550,A,542,A,538,A,536,A,534,A,530,A,526,A
CPMI_CT2:A:JP:A:JP2P:P:N:F,"A","Annual","JP","Japan","A","Payment systems, large-value","JP2P","FXYCS","P","Concentration ratio in terms of volume","N","Number","F","Percent","A","All users","0","Units","S","Summed through period","2","PS4","CONCENTRATION RATIO IN TERMS OF VOLUME",79.38,A,80.67,A,80.41,A,76.32,A,76.82,A,77.29,A,77.33,A
CPMI_CT2:A:JP:A:JP2P:Q:N:F,"A","Annual","JP","Japan","A","Payment systems, large-value","JP2P","FXYCS","Q","Concentration ratio in terms of value","N","Number","F","Percent","A","All users","0","Units","S","Summed through period","2","PS4","CONCENTRATION RATIO IN TERMS OF VALUE",75.39,A,75.47,A,74.59,A,72.23,A,70.77,A,70.01,A,70.05,A
CPMI_CT2:A:JP:A:JP2P:V:N:G,"A","Annual","JP","Japan","A","Payment systems, large-value","JP2P","FXYCS","V","Payment transactions","N","Number","G","Annual growth","A","All users","0","Units","S","Summed through period","2","PS2","INCREASE IN THE NUMBER OF TRANSACTIONS (TOTAL GROSS VOLUME PER SYSTEM)",-0.71079,A,6.5383,A,-3.1059,A,4.2688,A,2.2613,A,2.139,A,1.4575,A
CPMI_CT2:A:JP:A:JP2P:V:N:N,"A","Annual","JP","Japan","A","Payment systems, large-value","JP2P","FXYCS","V","Payment transactions","N","Number","N","Units","A","All users","6","Millions","S","Summed through period","3","PS2","NUMBER OF TRANSACTIONS (TOTAL GROSS VOLUME PER SYSTEM)",6.286,A,6.697,A,6.489,A,6.766,A,6.919,A,7.067,A,7.17,A
CPMI_CT2:A:JP:A:JP2P:V:V:A,"A","Annual","JP","Japan","A","Payment systems, large-value","JP2P","FXYCS","V","Payment transactions","V","Value","A","In USD","A","All users","9","Billions","S","Summed through period","3","PS3","VALUE OF TRANSACTIONS (TOTAL GROSS VALUE PER SYSTEM), IN USD",30847.8541,A,29840.2985,A,28870.5287,A,31722.4531,A,36203.0084,A,34968.7331,A,38254.6866,A
CPMI_CT2:A:JP:A:JP2P:V:V:H,"A","Annual","JP","Japan","A","Payment systems, large-value","JP2P","FXYCS","V","Payment transactions","V","Value","H","Annual real growth","A","All users","0","Units","S","Summed through period","2","PS3","INCREASE IN THE REAL VALUE OF TRANSACTIONS (PER SYSTEM)",-12.8572,A,-3.6516,A,-5.7934,A,9.0063,A,14.2385,A,-3.8899,A,8.3353,A
CPMI_CT2:A:JP:A:JP2P:V:V:I,"A","Annual","JP","Japan","A","Payment systems, large-value","JP2P","FXYCS","V","Payment transactions","V","Value","I","In % of GDP","A","All users","0","Units","S","Summed through period","3","PS3","VALUE OF TRANSACTIONS AS A PERCENTAGE OF GDP (PER SYSTEM)",497.0551,A,578.9119,A,594.5044,A,722.9058,A,733.9048,A,719.7333,A,769.9181,A
CPMI_CT2:A:JP:A:JP2P:V:V:S,"A","Annual","JP","Japan","A","Payment systems, large-value","JP2P","FXYCS","V","Payment transactions","V","Value","S","Per transaction","A","All users","3","Thousands","S","Summed through period","3","PS3","AVERAGE VALUE OF TRANSACTIONS (PER SYSTEM), IN USD",4907.3901,A,4455.771,A,4449.1491,A,4688.5092,A,5232.4047,A,4948.1722,A,5335.3817,A
CPMI_CT2:A:JP:A:JP2P:X:N:N,"A","Annual","JP","Japan","A","Payment systems, large-value","JP2P","FXYCS","X","All participants","N","Number","N","Units","A","All users","0","Units","E","End of period","0","PS4","TOTAL NUMBER OF PARTICIPANTS",206,A,203,A,202,A,201,A,201,A,202,A,201,A
CPMI_CT2:A:JP:A:JP2P:Y:N:N,"A","Annual","JP","Japan","A","Payment systems, large-value","JP2P","FXYCS","Y","Directly connected participants","N","Number","N","Units","A","All users","0","Units","E","End of period","0","PS4","TOTAL NUMBER OF PARTICIPANTS OF WHICH DIRECTLY CONNECTED PARTICIPANTS",27,A,27,A,28,A,27,A,27,A,27,A,27,A
CPMI_CT2:A:JP:B:JP4P:V:N:G,"A","Annual","JP","Japan","B","Payment systems, retail","JP4P","Tokyo Clearing House","V","Payment transactions","N","Number","G","Annual growth","A","All users","0","Units","S","Summed through period","2","PS2","INCREASE IN THE NUMBER OF TRANSACTIONS (TOTAL GROSS VOLUME PER SYSTEM)",-6.2699,A,-5.9684,A,-6.1384,A,-6.549,A,-7.7218,A,-7.0154,A,-7.5787,A
CPMI_CT2:A:JP:B:JP4P:V:N:N,"A","Annual","JP","Japan","B","Payment systems, retail","JP4P","Tokyo Clearing House","V","Payment transactions","N","Number","N","Units","A","All users","6","Millions","S","Summed through period","3","PS2","NUMBER OF TRANSACTIONS (TOTAL GROSS VOLUME PER SYSTEM)",24.965,A,23.475,A,22.034,A,20.591,A,19.001,A,17.668,A,16.329,A
CPMI_CT2:A:JP:B:JP4P:V:V:A,"A","Annual","JP","Japan","B","Payment systems, retail","JP4P","Tokyo Clearing House","V","Payment transactions","V","Value","A","In USD","A","All users","9","Billions","S","Summed through period","3","PS3","VALUE OF TRANSACTIONS (TOTAL GROSS VALUE PER SYSTEM), IN USD",3415.6608,A,2763.4263,A,2252.9728,A,1732.5916,A,1496.2812,A,1214.6196,A,1127.8506,A
CPMI_CT2:A:JP:B:JP4P:V:V:H,"A","Annual","JP","Japan","B","Payment systems, retail","JP4P","Tokyo Clearing House","V","Payment transactions","V","Value","H","Annual real growth","A","All users","0","Units","S","Summed through period","2","PS3","INCREASE IN THE REAL VALUE OF TRANSACTIONS (PER SYSTEM)",-3.0245,A,-19.4177,A,-20.6152,A,-23.7079,A,-13.5527,A,-19.228,A,-8.0448,A
CPMI_CT2:A:JP:B:JP4P:V:V:I,"A","Annual","JP","Japan","B","Payment systems, retail","JP4P","Tokyo Clearing House","V","Payment transactions","V","Value","I","In % of GDP","A","All users","0","Units","S","Summed through period","3","PS3","VALUE OF TRANSACTIONS AS A PERCENTAGE OF GDP (PER SYSTEM)",55.0369,A,53.6114,A,46.3934,A,39.4831,A,30.3325,A,24.9995,A,22.6992,A
CPMI_CT2:A:JP:B:JP4P:V:V:S,"A","Annual","JP","Japan","B","Payment systems, retail","JP4P","Tokyo Clearing House","V","Payment transactions","V","Value","S","Per transaction","A","All users","3","Thousands","S","Summed through period","3","PS3","AVERAGE VALUE OF TRANSACTIONS (PER SYSTEM), IN USD",136.818,A,117.7178,A,102.2498,A,84.1432,A,78.7475,A,68.7469,A,69.0704,A
CPMI_CT2:A:JP:B:JP4P:X:N:N,"A","Annual","JP","Japan","B","Payment systems, retail","JP4P","Tokyo Clearing House","X","All participants","N","Number","N","Units","A","All users","0","Units","E","End of period","0","PS4","TOTAL NUMBER OF PARTICIPANTS",318,A,317,A,315,A,312,A,305,A,304,A,303,A
CPMI_CT2:A:JP:B:JP4P:Y:N:N,"A","Annual","JP","Japan","B","Payment systems, retail","JP4P","Tokyo Clearing House","Y","Directly connected participants","N","Number","N","Units","A","All users","0","Units","E","End of period","0","PS4","TOTAL NUMBER OF PARTICIPANTS OF WHICH DIRECTLY CONNECTED PARTICIPANTS",105,A,106,A,106,A,106,A,106,A,106,A,105,A
CPMI_CT2:A:JP:J:JP3P:V:N:G,"A","Annual","JP","Japan","J","Payment systems, retail & fast payments","JP3P","Zengin System","V","Payment transactions","N","Number","G","Annual growth","A","All users","0","Units","S","Summed through period","2","PS2","INCREASE IN THE NUMBER OF TRANSACTIONS (TOTAL GROSS VOLUME PER SYSTEM)",4.7419,A,1.3565,A,2.3064,A,2.21,A,1.787,A,1.1577,A,,L
CPMI_CT2:A:JP:J:JP3P:V:N:N,"A","Annual","JP","Japan","J","Payment systems, retail & fast payments","JP3P","Zengin System","V","Payment transactions","N","Number","N","Units","A","All users","6","Millions","S","Summed through period","3","PS2","NUMBER OF TRANSACTIONS (TOTAL GROSS VOLUME PER SYSTEM)",1460.891,A,1480.708,A,1514.859,A,1548.337,A,1576.006,A,1594.252,A,,L
CPMI_CT2:A:JP:J:JP3P:V:V:A,"A","Annual","JP","Japan","J","Payment systems, retail & fast payments","JP3P","Zengin System","V","Payment transactions","V","Value","A","In USD","A","All users","9","Billions","S","Summed through period","3","PS3","VALUE OF TRANSACTIONS (TOTAL GROSS VALUE PER SYSTEM), IN USD",33251.5592,A,29253.4653,A,27397.0681,A,24631.3262,A,26740.2201,A,25497.5275,A,,L
CPMI_CT2:A:JP:J:JP3P:V:V:H,"A","Annual","JP","Japan","J","Payment systems, retail & fast payments","JP3P","Zengin System","V","Payment transactions","V","Value","H","Annual real growth","A","All users","0","Units","S","Summed through period","2","PS3","INCREASE IN THE REAL VALUE OF TRANSACTIONS (PER SYSTEM)",3.252,A,-12.3743,A,-8.8081,A,-10.8086,A,8.6705,A,-5.1217,A,,L
CPMI_CT2:A:JP:J:JP3P:V:V:I,"A","Annual","JP","Japan","J","Payment systems, retail & fast payments","JP3P","Zengin System","V","Payment transactions","V","Value","I","In % of GDP","A","All users","0","Units","S","Summed through period","3","PS3","VALUE OF TRANSACTIONS AS A PERCENTAGE OF GDP (PER SYSTEM)",535.7862,A,567.5271,A,564.1628,A,561.31,A,542.0758,A,524.7951,A,,L
CPMI_CT2:A:JP:J:JP3P:V:V:S,"A","Annual","JP","Japan","J","Payment systems, retail & fast payments","JP3P","Zengin System","V","Payment transactions","V","Value","S","Per transaction","A","All users","3","Thousands","S","Summed through period","3","PS3","AVERAGE VALUE OF TRANSACTIONS (PER SYSTEM), IN USD",22.7612,A,19.7564,A,18.0856,A,15.9082,A,16.9671,A,15.9934,A,,L
CPMI_CT2:A:JP:J:JP3P:X:N:N,"A","Annual","JP","Japan","J","Payment systems, retail & fast payments","JP3P","Zengin System","X","All participants","N","Number","N","Units","A","All users","0","Units","E","End of period","0","PS4","TOTAL NUMBER OF PARTICIPANTS",1361,A,1352,A,1340,A,1322,A,1296,A,1287,A,,L
CPMI_CT2:A:JP:J:JP3P:Y:N:N,"A","Annual","JP","Japan","J","Payment systems, retail & fast payments","JP3P","Zengin System","Y","Directly connected participants","N","Number","N","Units","A","All users","0","Units","E","End of period","0","PS4","TOTAL NUMBER OF PARTICIPANTS OF WHICH DIRECTLY CONNECTED PARTICIPANTS",143,A,142,A,143,A,145,A,145,A,145,A,,L
CPMI_CT2:A:JP:U:JP1C:V:N:G,"A","Annual","JP","Japan","U","Central counterparties/clearing houses","JP1C","Japan Securities Clearing Corporation","V","Payment transactions","N","Number","G","Annual growth","A","All users","0","Units","S","Summed through period","2","CCP2","INCREASE IN THE NUMBER OF TRANSACTIONS (PER CCP OR CLEARING HOUSE)",-1.3097,A,63.6411,A,-21.4487,A,-0.92124,A,-5.1292,A,-10.5235,A,-20.1036,A
CPMI_CT2:A:JP:U:JP1C:V:N:N,"A","Annual","JP","Japan","U","Central counterparties/clearing houses","JP1C","Japan Securities Clearing Corporation","V","Payment transactions","N","Number","N","Units","A","All users","3","Thousands","S","Summed through period","3","CCP2","NUMBER OF TRANSACTIONS (TOTAL NUMBER OF CONTRACTS AND TRANSACTIONS PER CCP OR CLEARING HOUSE)",1271062724.608,A,2079980901.536,A,1633852438.594,A,1618800700.98,A,1535769900.708,A,1374153260,A,1097899634,A
CPMI_CT2:A:JP:U:JP1C:V:V:A,"A","Annual","JP","Japan","U","Central counterparties/clearing houses","JP1C","Japan Securities Clearing Corporation","V","Payment transactions","V","Value","A","In USD","A","All users","9","Billions","S","Summed through period","3","CCP3","VALUE OF TRANSACTIONS (TOTAL VALUE OF CONTRACTS AND TRANSACTIONS PER CCP OR CLEARING HOUSE), IN USD",320076.303,A,274732.5521,A,294617.1658,A,297309.798,A,346250.6658,A,360242.609,A,354757.8726,A
CPMI_CT2:A:JP:U:JP1C:V:V:H,"A","Annual","JP","Japan","U","Central counterparties/clearing houses","JP1C","Japan Securities Clearing Corporation","V","Payment transactions","V","Value","H","Annual real growth","A","All users","0","Units","S","Summed through period","2","CCP3","INCREASE IN THE REAL VALUE OF TRANSACTIONS (PER CCP OR CLEARING HOUSE)",27.175,A,-14.5085,A,4.4185,A,0.11304,A,16.5778,A,3.5234,A,-2.4781,A
CPMI_CT2:A:JP:U:JP1C:V:V:I,"A","Annual","JP","Japan","U","Central counterparties/clearing houses","JP1C","Japan Securities Clearing Corporation","V","Payment transactions","V","Value","I","In % of GDP","A","All users","0","Units","S","Summed through period","3","CCP3","VALUE OF TRANSACTIONS AS A PERCENTAGE OF GDP (PER CCP OR CLEARING HOUSE)",5157.4267,A,5329.9043,A,6066.7821,A,6775.2324,A,7019.1687,A,7414.5836,A,7139.8965,A
CPMI_CT2:A:JP:U:JP1C:V:V:S,"A","Annual","JP","Japan","U","Central counterparties/clearing houses","JP1C","Japan Securities Clearing Corporation","V","Payment transactions","V","Value","S","Per transaction","A","All users","3","Thousands","S","Summed through period","3","CCP3","AVERAGE VALUE OF TRANSACTIONS (PER CCP OR CLEARING HOUSE), IN USD",0.25182,A,0.13208,A,0.18032,A,0.18366,A,0.22546,A,0.26216,A,0.32312,A
CPMI_CT2:A:JP:U:JP1C:Z:N:N,"A","Annual","JP","Japan","U","Central counterparties/clearing houses","JP1C","Japan Securities Clearing Corporation","Z","Clearing members","N","Number","N","Units","A","All users","0","Units","E","End of period","0","CCP4","NUMBER OF CLEARING MEMBERS IN CCPs AND CLEARING HOUSES",139,A,139,A,138,A,136,A,132,A,133,A,131,A
CPMI_CT2:A:JP:U:JP2C:Z:N:N,"A","Annual","JP","Japan","U","Central counterparties/clearing houses","JP2C","Japan Government Bond Clearing Corporation","Z","Clearing members","N","Number","N","Units","A","All users","0","Units","E","End of period","0","CCP4","NUMBER OF CLEARING MEMBERS IN CCPs AND CLEARING HOUSES",34,A,,L,,L,,L,,L,,L,,L
CPMI_CT2:A:JP:U:JP3C:V:N:G,"A","Annual","JP","Japan","U","Central counterparties/clearing houses","JP3C","JASDEC DVP Clearing Corporation","V","Payment transactions","N","Number","G","Annual growth","A","All users","0","Units","S","Summed through period","2","CCP2","INCREASE IN THE NUMBER OF TRANSACTIONS (PER CCP OR CLEARING HOUSE)",,,22.9994,A,16.5481,A,7.463,A,-0.70339,A,6.4119,A,7.9586,A
CPMI_CT2:A:JP:U:JP3C:V:N:N,"A","Annual","JP","Japan","U","Central counterparties/clearing houses","JP3C","JASDEC DVP Clearing Corporation","V","Payment transactions","N","Number","N","Units","A","All users","3","Thousands","S","Summed through period","3","CCP2","NUMBER OF TRANSACTIONS (TOTAL NUMBER OF CONTRACTS AND TRANSACTIONS PER CCP OR CLEARING HOUSE)",39314,A,48356,A,56358,A,60564,A,60138,A,63994,A,69087,A
CPMI_CT2:A:JP:U:JP3C:V:V:A,"A","Annual","JP","Japan","U","Central counterparties/clearing houses","JP3C","JASDEC DVP Clearing Corporation","V","Payment transactions","V","Value","A","In USD","A","All users","9","Billions","S","Summed through period","3","CCP3","VALUE OF TRANSACTIONS (TOTAL VALUE OF CONTRACTS AND TRANSACTIONS PER CCP OR CLEARING HOUSE), IN USD",5383.3574,A,7521.8887,A,7845.6653,A,8116.7976,A,8767.5749,A,10155.6014,A,10834.5511,A
CPMI_CT2:A:JP:U:JP3C:V:V:H,"A","Annual","JP","Japan","U","Central counterparties/clearing houses","JP3C","JASDEC DVP Clearing Corporation","V","Payment transactions","V","Value","H","Annual real growth","A","All users","0","Units","S","Summed through period","2","CCP3","INCREASE IN THE REAL VALUE OF TRANSACTIONS (PER CCP OR CLEARING HOUSE)",,,39.1682,A,1.5623,A,2.6347,A,8.1258,A,15.2551,A,5.6502,A
CPMI_CT2:A:JP:U:JP3C:V:V:I,"A","Annual","JP","Japan","U","Central counterparties/clearing houses","JP3C","JASDEC DVP Clearing Corporation","V","Payment transactions","V","Value","I","In % of GDP","A","All users","0","Units","S","Summed through period","3","CCP3","VALUE OF TRANSACTIONS AS A PERCENTAGE OF GDP (PER CCP OR CLEARING HOUSE)",86.7427,A,145.9272,A,161.5586,A,184.9693,A,177.7357,A,209.0246,A,218.0574,A
CPMI_CT2:A:JP:U:JP3C:V:V:S,"A","Annual","JP","Japan","U","Central counterparties/clearing houses","JP3C","JASDEC DVP Clearing Corporation","V","Payment transactions","V","Value","S","Per transaction","A","All users","3","Thousands","S","Summed through period","3","CCP3","AVERAGE VALUE OF TRANSACTIONS (PER CCP OR CLEARING HOUSE), IN USD",136.9323,A,155.5523,A,139.2112,A,134.0202,A,145.7909,A,158.6962,A,156.8247,A
CPMI_CT2:A:JP:U:JP3C:Z:N:N,"A","Annual","JP","Japan","U","Central counterparties/clearing houses","JP3C","JASDEC DVP Clearing Corporation","Z","Clearing members","N","Number","N","Units","A","All users","0","Units","E","End of period","0","CCP4","NUMBER OF CLEARING MEMBERS IN CCPs AND CLEARING HOUSES",53,A,52,A,54,A,53,A,52,A,53,A,51,A
CPMI_CT2:A:JP:U:JP4C:Z:N:N,"A","Annual","JP","Japan","U","Central counterparties/clearing houses","JP4C","Osaka Securities Exchange","Z","Clearing members","N","Number","N","Units","A","All users","0","Units","E","End of period","0","CCP4","NUMBER OF CLEARING MEMBERS IN CCPs AND CLEARING HOUSES",83,A,,L,,L,,L,,L,,L,,L
CPMI_CT2:A:JP:U:JP5C:V:N:G,"A","Annual","JP","Japan","U","Central counterparties/clearing houses","JP5C","Tokyo Financial Exchange","V","Payment transactions","N","Number","G","Annual growth","A","All users","0","Units","S","Summed through period","2","CCP2","INCREASE IN THE NUMBER OF TRANSACTIONS (PER CCP OR CLEARING HOUSE)",-53.8128,A,-2.0894,A,-37.5829,A,19.7697,A,6.3284,A,-26.1249,A,0.92104,A
CPMI_CT2:A:JP:U:JP5C:V:N:N,"A","Annual","JP","Japan","U","Central counterparties/clearing houses","JP5C","Tokyo Financial Exchange","V","Payment transactions","N","Number","N","Units","A","All users","3","Thousands","S","Summed through period","3","CCP2","NUMBER OF TRANSACTIONS (TOTAL NUMBER OF CONTRACTS AND TRANSACTIONS PER CCP OR CLEARING HOUSE)",133852.276,A,131055.58,A,81801.046,A,97972.884,A,104172.994,A,76957.89,A,77666.7,A
CPMI_CT2:A:JP:U:JP5C:V:V:A,"A","Annual","JP","Japan","U","Central counterparties/clearing houses","JP5C","Tokyo Financial Exchange","V","Payment transactions","V","Value","A","In USD","A","All users","9","Billions","S","Summed through period","3","CCP3","VALUE OF TRANSACTIONS (TOTAL VALUE OF CONTRACTS AND TRANSACTIONS PER CCP OR CLEARING HOUSE), IN USD",13445.1682,A,11757.6061,A,5965.153,A,4263.4028,A,5635.0089,A,3564.7137,A,3337.2641,A
CPMI_CT2:A:JP:U:JP5C:V:V:H,"A","Annual","JP","Japan","U","Central counterparties/clearing houses","JP5C","Tokyo Financial Exchange","V","Payment transactions","V","Value","H","Annual real growth","A","All users","0","Units","S","Summed through period","2","CCP3","INCREASE IN THE REAL VALUE OF TRANSACTIONS (PER CCP OR CLEARING HOUSE)",-35.4564,A,-12.8998,A,-50.5994,A,-29.0954,A,32.3039,A,-37.0546,A,-7.2891,A
CPMI_CT2:A:JP:U:JP5C:V:V:I,"A","Annual","JP","Japan","U","Central counterparties/clearing houses","JP5C","Tokyo Financial Exchange","V","Payment transactions","V","Value","I","In % of GDP","A","All users","0","Units","S","Summed through period","3","CCP3","VALUE OF TRANSACTIONS AS A PERCENTAGE OF GDP (PER CCP OR CLEARING HOUSE)",216.6436,A,228.1015,A,122.8349,A,97.1564,A,114.2325,A,73.3696,A,67.1661,A
CPMI_CT2:A:JP:U:JP5C:V:V:S,"A","Annual","JP","Japan","U","Central counterparties/clearing houses","JP5C","Tokyo Financial Exchange","V","Payment transactions","V","Value","S","Per transaction","A","All users","3","Thousands","S","Summed through period","3","CCP3","AVERAGE VALUE OF TRANSACTIONS (PER CCP OR CLEARING HOUSE), IN USD",100.4478,A,89.7147,A,72.9227,A,43.5162,A,54.0928,A,46.3203,A,42.969,A
CPMI_CT2:A:JP:U:JP5C:Z:N:N,"A","Annual","JP","Japan","U","Central counterparties/clearing houses","JP5C","Tokyo Financial Exchange","Z","Clearing members","N","Number","N","Units","A","All users","0","Units","E","End of period","0","CCP4","NUMBER OF CLEARING MEMBERS IN CCPs AND CLEARING HOUSES",65,A,49,A,47,A,50,A,50,A,50,A,51,A
CPMI_CT2:A:JP:V:JP1S:O:V:A,"A","Annual","JP","Japan","V","Central securities depositories","JP1S","BOJ-NET JGB Services","O","Securities held","V","Value","A","In USD","A","All users","6","Millions","S","Summed through period","3","CSD5","TOTAL VALUE OF SECURITIES HELD, IN USD",11733193.673,A,9799210.2155,A,9124578.8444,A,8108909.8916,A,9237395.0436,A,9090409.7219,A,,L
CPMI_CT2:A:JP:V:JP1S:W:N:G,"A","Annual","JP","Japan","V","Central securities depositories","JP1S","BOJ-NET JGB Services","W","Delivery instructions","N","Number","G","Annual growth","A","All users","0","Units","S","Summed through period","2","CSD2","INCREASE IN THE NUMBER OF DELIVERY INSTRUCTIONS (PER CSD)",7.2116,A,3.4507,A,6.8495,A,-4.2693,A,-1.0337,A,0.32515,A,,L
CPMI_CT2:A:JP:V:JP1S:W:N:N,"A","Annual","JP","Japan","V","Central securities depositories","JP1S","BOJ-NET JGB Services","W","Delivery instructions","N","Number","N","Units","A","All users","3","Thousands","S","Summed through period","3","CSD2","NUMBER OF DELIVERY INSTRUCTIONS (TOTAL NUMBER OF DELIVERY INSTRUCTIONS PER CSD)",4210.772,A,4356.073,A,4654.442,A,4455.731,A,4409.673,A,4424.011,A,,L
CPMI_CT2:A:JP:V:JP1S:W:V:A,"A","Annual","JP","Japan","V","Central securities depositories","JP1S","BOJ-NET JGB Services","W","Delivery instructions","V","Value","A","In USD","A","All users","9","Billions","S","Summed through period","3","CSD3","VALUE OF DELIVERY INSTRUCTIONS (TOTAL VALUE OF DELIVERY INSTRUCTIONS PER CSD), IN USD",258515.1224,A,226659.0277,A,233539.8665,A,204829.3496,A,196048.8376,A,187855.2421,A,,L
CPMI_CT2:A:JP:V:JP1S:W:V:H,"A","Annual","JP","Japan","V","Central securities depositories","JP1S","BOJ-NET JGB Services","W","Delivery instructions","V","Value","H","Annual real growth","A","All users","0","Units","S","Summed through period","2","CSD3","INCREASE IN THE REAL VALUE OF DELIVERY INSTRUCTIONS (PER CSD)",11.1796,A,-12.672,A,0.32694,A,-12.9897,A,-4.1909,A,-4.6561,A,,L
CPMI_CT2:A:JP:V:JP1S:W:V:I,"A","Annual","JP","Japan","V","Central securities depositories","JP1S","BOJ-NET JGB Services","W","Delivery instructions","V","Value","I","In % of GDP","A","All users","0","Units","S","Summed through period","2","CSD3","VALUE OF DELIVERY INSTRUCTIONS AS A PERCENTAGE OF GDP (PER CSD)",4165.4843,A,4397.2617,A,4809.0731,A,4667.7454,A,3974.288,A,3866.4732,A,,L
CPMI_CT2:A:JP:V:JP1S:W:V:S,"A","Annual","JP","Japan","V","Central securities depositories","JP1S","BOJ-NET JGB Services","W","Delivery instructions","V","Value","S","Per transaction","A","All users","3","Thousands","S","Summed through period","3","CSD3","AVERAGE VALUE PER DELIVERY INSTRUCTIONS (PER CSD), IN USD",61393.7592,A,52032.8809,A,50175.6959,A,45969.8643,A,44458.8153,A,42462.6526,A,,L
CPMI_CT2:A:JP:V:JP1S:X:N:N,"A","Annual","JP","Japan","V","Central securities depositories","JP1S","BOJ-NET JGB Services","X","All participants","N","Number","N","Units","A","All users","0","Units","E","End of period","0","CSD4","TOTAL NUMBER OF PARTICIPANTS (TOTAL NUMBER OF DIRECT PARTICIPANTS IN CSDs)",291,A,283,A,280,A,279,A,279,A,276,A,274,A
CPMI_CT2:A:JP:V:JP2S:O:N:N,"A","Annual","JP","Japan","V","Central securities depositories","JP2S","JASDEC","O","Securities held","N","Number","N","Units","A","All users","3","Thousands","E","End of period","3","CSD5","TOTAL NUMBER OF SECURITIES HELD",73.277,A,70.882,A,70.851,A,71.256,A,76.484,A,82.231,A,88.634,A
CPMI_CT2:A:JP:V:JP2S:O:V:A,"A","Annual","JP","Japan","V","Central securities depositories","JP2S","JASDEC","O","Securities held","V","Value","A","In USD","A","All users","6","Millions","S","Summed through period","3","CSD5","TOTAL VALUE OF SECURITIES HELD, IN USD",4788429.7813,A,8715642.4038,A,9484008.3978,A,8105145.558,A,9848009.0784,A,10431766.9562,A,10288341.1003,A
CPMI_CT2:A:JP:V:JP2S:W:N:G,"A","Annual","JP","Japan","V","Central securities depositories","JP2S","JASDEC","W","Delivery instructions","N","Number","G","Annual growth","A","All users","0","Units","S","Summed through period","2","CSD2","INCREASE IN THE NUMBER OF DELIVERY INSTRUCTIONS (PER CSD)",3.4666,A,21.3896,A,3.5341,A,6.4078,A,0.05241,A,9.147,A,-0.27717,A
CPMI_CT2:A:JP:V:JP2S:W:N:N,"A","Annual","JP","Japan","V","Central securities depositories","JP2S","JASDEC","W","Delivery instructions","N","Number","N","Units","A","All users","3","Thousands","S","Summed through period","3","CSD2","NUMBER OF DELIVERY INSTRUCTIONS (TOTAL NUMBER OF DELIVERY INSTRUCTIONS PER CSD)",89457.32,A,108591.9,A,112429.6,A,119633.9,A,119696.6,A,130645.3,A,130283.194,A
CPMI_CT2:A:JP:V:JP2S:W:V:A,"A","Annual","JP","Japan","V","Central securities depositories","JP2S","JASDEC","W","Delivery instructions","V","Value","A","In USD","A","All users","9","Billions","S","Summed through period","3","CSD3","VALUE OF DELIVERY INSTRUCTIONS (TOTAL VALUE OF DELIVERY INSTRUCTIONS PER CSD), IN USD",16937.7785,A,14299.9088,A,42016.5967,A,39422.8464,A,32502.3217,A,35293.4466,A,49938.2051,A
CPMI_CT2:A:JP:V:JP2S:W:V:H,"A","Annual","JP","Japan","V","Central securities depositories","JP2S","JASDEC","W","Delivery instructions","V","Value","H","Annual real growth","A","All users","0","Units","S","Summed through period","2","CSD3","INCREASE IN THE REAL VALUE OF DELIVERY INSTRUCTIONS (PER CSD)",1.687,A,-15.9102,A,186.0995,A,-6.9178,A,-17.4721,A,8.0472,A,40.1212,A
CPMI_CT2:A:JP:V:JP2S:W:V:I,"A","Annual","JP","Japan","V","Central securities depositories","JP2S","JASDEC","W","Delivery instructions","V","Value","I","In % of GDP","A","All users","0","Units","S","Summed through period","2","CSD3","VALUE OF DELIVERY INSTRUCTIONS AS A PERCENTAGE OF GDP (PER CSD)",272.9204,A,277.4231,A,865.2094,A,898.386,A,658.8847,A,726.4166,A,1005.0619,A
CPMI_CT2:A:JP:V:JP2S:W:V:S,"A","Annual","JP","Japan","V","Central securities depositories","JP2S","JASDEC","W","Delivery instructions","V","Value","S","Per transaction","A","All users","3","Thousands","S","Summed through period","3","CSD3","AVERAGE VALUE PER DELIVERY INSTRUCTIONS (PER CSD), IN USD",189.3392,A,131.6849,A,373.7147,A,329.5291,A,271.5392,A,270.1471,A,383.305,A
CPMI_CT2:A:JP:V:JP2S:X:N:N,"A","Annual","JP","Japan","V","Central securities depositories","JP2S","JASDEC","X","All participants","N","Number","N","Units","A","All users","0","Units","E","End of period","0","CSD4","TOTAL NUMBER OF PARTICIPANTS (TOTAL NUMBER OF DIRECT PARTICIPANTS IN CSDs)",279,A,266,A,263,A,261,A,260,A,260,A,260,A
CPMI_CT2:A:KR:A:KR1P:P:N:F,"A","Annual","KR","Korea","A","Payment systems, large-value","KR1P","BOK-Wire+","P","Concentration ratio in terms of volume","N","Number","F","Percent","A","All users","0","Units","S","Summed through period","2","PS4","CONCENTRATION RATIO IN TERMS OF VOLUME",27.98,A,26.63,A,28.09,A,27.8,A,32.99,A,37.84,A,38.97,A
CPMI_CT2:A:KR:A:KR1P:Q:N:F,"A","Annual","KR","Korea","A","Payment systems, large-value","KR1P","BOK-Wire+","Q","Concentration ratio in terms of value","N","Number","F","Percent","A","All users","0","Units","S","Summed through period","2","PS4","CONCENTRATION RATIO IN TERMS OF VALUE",35.23,A,32.7,A,33.78,A,34.3,A,39.18,A,43.38,A,43.98,A
CPMI_CT2:A:KR:A:KR1P:V:N:G,"A","Annual","KR","Korea","A","Payment systems, large-value","KR1P","BOK-Wire+","V","Payment transactions","N","Number","G","Annual growth","A","All users","0","Units","S","Summed through period","2","PS2","INCREASE IN THE NUMBER OF TRANSACTIONS (TOTAL GROSS VOLUME PER SYSTEM)",,,3.8147,A,2.508,A,1.2233,A,5.9303,A,6.9514,A,9.1789,A
CPMI_CT2:A:KR:A:KR1P:V:N:N,"A","Annual","KR","Korea","A","Payment systems, large-value","KR1P","BOK-Wire+","V","Payment transactions","N","Number","N","Units","A","All users","6","Millions","S","Summed through period","3","PS2","NUMBER OF TRANSACTIONS (TOTAL GROSS VOLUME PER SYSTEM)",3.303,A,3.429,A,3.515,A,3.558,A,3.769,A,4.031,A,4.401,A
CPMI_CT2:A:KR:A:KR1P:V:V:A,"A","Annual","KR","Korea","A","Payment systems, large-value","KR1P","BOK-Wire+","V","Payment transactions","V","Value","A","In USD","A","All users","9","Billions","S","Summed through period","3","PS3","VALUE OF TRANSACTIONS (TOTAL GROSS VALUE PER SYSTEM), IN USD",49957.9128,A,52701.1249,A,56980.4949,A,59849.492,A,63623.8571,A,69704.9887,A,75836.7078,A
CPMI_CT2:A:KR:A:KR1P:V:V:H,"A","Annual","KR","Korea","A","Payment systems, large-value","KR1P","BOK-Wire+","V","Payment transactions","V","Value","H","Annual real growth","A","All users","0","Units","S","Summed through period","2","PS3","INCREASE IN THE REAL VALUE OF TRANSACTIONS (PER SYSTEM)",,,4.1358,A,6.7592,A,4.2985,A,5.2834,A,7.4683,A,7.1998,A
CPMI_CT2:A:KR:A:KR1P:V:V:I,"A","Annual","KR","Korea","A","Payment systems, large-value","KR1P","BOK-Wire+","V","Payment transactions","V","Value","I","In % of GDP","A","All users","0","Units","S","Summed through period","3","PS3","VALUE OF TRANSACTIONS AS A PERCENTAGE OF GDP (PER SYSTEM)",3909.9094,A,3845.482,A,3839.1473,A,4088.7768,A,4241.5053,A,4293.9344,A,4408.5342,A
CPMI_CT2:A:KR:A:KR1P:V:V:S,"A","Annual","KR","Korea","A","Payment systems, large-value","KR1P","BOK-Wire+","V","Payment transactions","V","Value","S","Per transaction","A","All users","3","Thousands","S","Summed through period","3","PS3","AVERAGE VALUE OF TRANSACTIONS (PER SYSTEM), IN USD",15125.0115,A,15369.2403,A,16210.6671,A,16821.1051,A,16880.8323,A,17292.2324,A,17231.6991,A
CPMI_CT2:A:KR:A:KR1P:X:N:N,"A","Annual","KR","Korea","A","Payment systems, large-value","KR1P","BOK-Wire+","X","All participants","N","Number","N","Units","A","All users","0","Units","E","End of period","0","PS4","TOTAL NUMBER OF PARTICIPANTS",133,A,134,A,133,A,130,A,135,A,130,A,124,A
CPMI_CT2:A:KR:A:KR1P:Y:N:N,"A","Annual","KR","Korea","A","Payment systems, large-value","KR1P","BOK-Wire+","Y","Directly connected participants","N","Number","N","Units","A","All users","0","Units","E","End of period","0","PS4","TOTAL NUMBER OF PARTICIPANTS OF WHICH DIRECTLY CONNECTED PARTICIPANTS",133,A,134,A,133,A,130,A,135,A,130,A,124,A
CPMI_CT2:A:KR:B:KR2P:V:N:G,"A","Annual","KR","Korea","B","Payment systems, retail","KR2P","Check Clearing System","V","Payment transactions","N","Number","G","Annual growth","A","All users","0","Units","S","Summed through period","2","PS2","INCREASE IN THE NUMBER OF TRANSACTIONS (TOTAL GROSS VOLUME PER SYSTEM)",,,-21.8778,A,-15.5339,A,-19.0502,A,-21.5175,A,-20.6653,A,-21.4628,A
CPMI_CT2:A:KR:B:KR2P:V:N:N,"A","Annual","KR","Korea","B","Payment systems, retail","KR2P","Check Clearing System","V","Payment transactions","N","Number","N","Units","A","All users","6","Millions","S","Summed through period","3","PS2","NUMBER OF TRANSACTIONS (TOTAL GROSS VOLUME PER SYSTEM)",308.609,A,241.092,A,203.641,A,164.847,A,129.376,A,102.64,A,80.6106,A
CPMI_CT2:A:KR:B:KR2P:V:V:A,"A","Annual","KR","Korea","B","Payment systems, retail","KR2P","Check Clearing System","V","Payment transactions","V","Value","A","In USD","A","All users","9","Billions","S","Summed through period","3","PS3","VALUE OF TRANSACTIONS (TOTAL GROSS VALUE PER SYSTEM), IN USD",3798.031,A,3388.9232,A,2934.4278,A,2234.6969,A,1931.5158,A,1773.6069,A,1781.1429,A
CPMI_CT2:A:KR:B:KR2P:V:V:H,"A","Annual","KR","Korea","B","Payment systems, retail","KR2P","Check Clearing System","V","Payment transactions","V","Value","H","Annual real growth","A","All users","0","Units","S","Summed through period","2","PS3","INCREASE IN THE REAL VALUE OF TRANSACTIONS (PER SYSTEM)",,,-11.9179,A,-14.5011,A,-24.3796,A,-14.3988,A,-9.9268,A,-1.0491,A
CPMI_CT2:A:KR:B:KR2P:V:V:I,"A","Annual","KR","Korea","B","Payment systems, retail","KR2P","Check Clearing System","V","Payment transactions","V","Value","I","In % of GDP","A","All users","0","Units","S","Summed through period","3","PS3","VALUE OF TRANSACTIONS AS A PERCENTAGE OF GDP (PER SYSTEM)",297.2494,A,247.2821,A,197.7115,A,152.6692,A,128.7651,A,109.2569,A,103.5413,A
CPMI_CT2:A:KR:B:KR2P:V:V:S,"A","Annual","KR","Korea","B","Payment systems, retail","KR2P","Check Clearing System","V","Payment transactions","V","Value","S","Per transaction","A","All users","3","Thousands","S","Summed through period","3","PS3","AVERAGE VALUE OF TRANSACTIONS (PER SYSTEM), IN USD",12.3069,A,14.0566,A,14.4098,A,13.5562,A,14.9295,A,17.2799,A,22.0956,A
CPMI_CT2:A:KR:B:KR2P:X:N:N,"A","Annual","KR","Korea","B","Payment systems, retail","KR2P","Check Clearing System","X","All participants","N","Number","N","Units","A","All users","0","Units","E","End of period","0","PS4","TOTAL NUMBER OF PARTICIPANTS",27,A,27,A,27,A,25,A,25,A,25,A,26,A
CPMI_CT2:A:KR:B:KR2P:Y:N:N,"A","Annual","KR","Korea","B","Payment systems, retail","KR2P","Check Clearing System","Y","Directly connected participants","N","Number","N","Units","A","All users","0","Units","E","End of period","0","PS4","TOTAL NUMBER OF PARTICIPANTS OF WHICH DIRECTLY CONNECTED PARTICIPANTS",27,A,27,A,27,A,25,A,25,A,25,A,26,A
CPMI_CT2:A:KR:B:KR3P:V:N:G,"A","Annual","KR","Korea","B","Payment systems, retail","KR3P","Interbank Shared Networks","V","Payment transactions","N","Number","G","Annual growth","A","All users","0","Units","S","Summed through period","2","PS2","INCREASE IN THE NUMBER OF TRANSACTIONS (TOTAL GROSS VOLUME PER SYSTEM)",,,8.153,A,7.023,A,8.3666,A,7.3878,A,7.4574,A,12.3209,A
CPMI_CT2:A:KR:B:KR3P:V:N:N,"A","Annual","KR","Korea","B","Payment systems, retail","KR3P","Interbank Shared Networks","V","Payment transactions","N","Number","N","Units","A","All users","6","Millions","S","Summed through period","3","PS2","NUMBER OF TRANSACTIONS (TOTAL GROSS VOLUME PER SYSTEM)",3750.085,A,4055.828,A,4340.668,A,4703.833,A,5051.344,A,5428.045,A,6096.83,A
CPMI_CT2:A:KR:B:KR3P:V:V:A,"A","Annual","KR","Korea","B","Payment systems, retail","KR3P","Interbank Shared Networks","V","Payment transactions","V","Value","A","In USD","A","All users","9","Billions","S","Summed through period","3","PS3","VALUE OF TRANSACTIONS (TOTAL GROSS VALUE PER SYSTEM), IN USD",11673.9885,A,12672.5447,A,14515.5873,A,15586.9609,A,15797.4899,A,16588.5903,A,18636.9057,A
CPMI_CT2:A:KR:B:KR3P:V:V:H,"A","Annual","KR","Korea","B","Payment systems, retail","KR3P","Interbank Shared Networks","V","Payment transactions","V","Value","H","Annual real growth","A","All users","0","Units","S","Summed through period","2","PS3","INCREASE IN THE REAL VALUE OF TRANSACTIONS (PER SYSTEM)",,,7.1591,A,13.1019,A,6.6278,A,0.37535,A,3.0049,A,10.6987,A
CPMI_CT2:A:KR:B:KR3P:V:V:I,"A","Annual","KR","Korea","B","Payment systems, retail","KR3P","Interbank Shared Networks","V","Payment transactions","V","Value","I","In % of GDP","A","All users","0","Units","S","Summed through period","3","PS3","VALUE OF TRANSACTIONS AS A PERCENTAGE OF GDP (PER SYSTEM)",913.6538,A,924.687,A,978.0097,A,1064.8646,A,1053.1448,A,1021.8826,A,1083.3993,A
CPMI_CT2:A:KR:B:KR3P:V:V:S,"A","Annual","KR","Korea","B","Payment systems, retail","KR3P","Interbank Shared Networks","V","Payment transactions","V","Value","S","Per transaction","A","All users","3","Thousands","S","Summed through period","3","PS3","AVERAGE VALUE OF TRANSACTIONS (PER SYSTEM), IN USD",3.113,A,3.1245,A,3.3441,A,3.3137,A,3.1274,A,3.0561,A,3.0568,A
CPMI_CT2:A:KR:B:KR3P:X:N:N,"A","Annual","KR","Korea","B","Payment systems, retail","KR3P","Interbank Shared Networks","X","All participants","N","Number","N","Units","A","All users","0","Units","E","End of period","0","PS4","TOTAL NUMBER OF PARTICIPANTS",57,A,57,A,58,A,58,A,56,A,58,A,59,A
CPMI_CT2:A:KR:B:KR3P:Y:N:N,"A","Annual","KR","Korea","B","Payment systems, retail","KR3P","Interbank Shared Networks","Y","Directly connected participants","N","Number","N","Units","A","All users","0","Units","E","End of period","0","PS4","TOTAL NUMBER OF PARTICIPANTS OF WHICH DIRECTLY CONNECTED PARTICIPANTS",57,A,57,A,58,A,58,A,56,A,58,A,59,A
CPMI_CT2:A:KR:U:KR1C:V:V:A,"A","Annual","KR","Korea","U","Central counterparties/clearing houses","KR1C","Korea Exchange(KRX)","V","Payment transactions","V","Value","A","In USD","A","All users","9","Billions","S","Summed through period","3","CCP3","VALUE OF TRANSACTIONS (TOTAL VALUE OF CONTRACTS AND TRANSACTIONS PER CCP OR CLEARING HOUSE), IN USD",399.9504,A,423.3533,A,467.3675,A,459.8045,A,407.6876,A,454.5735,A,521.1377,A
CPMI_CT2:A:KR:U:KR1C:V:V:H,"A","Annual","KR","Korea","U","Central counterparties/clearing houses","KR1C","Korea Exchange(KRX)","V","Payment transactions","V","Value","H","Annual real growth","A","All users","0","Units","S","Summed through period","2","CCP3","INCREASE IN THE REAL VALUE OF TRANSACTIONS (PER CCP OR CLEARING HOUSE)",,,4.4916,A,9.0071,A,-2.3081,A,-12.1878,A,9.3737,A,12.9605,A
CPMI_CT2:A:KR:U:KR1C:V:V:I,"A","Annual","KR","Korea","U","Central counterparties/clearing houses","KR1C","Korea Exchange(KRX)","V","Payment transactions","V","Value","I","In % of GDP","A","All users","0","Units","S","Summed through period","3","CCP3","VALUE OF TRANSACTIONS AS A PERCENTAGE OF GDP (PER CCP OR CLEARING HOUSE)",31.3017,A,30.8911,A,31.4896,A,31.4128,A,27.1786,A,28.0024,A,30.2947,A
CPMI_CT2:A:KR:U:KR1C:Z:N:N,"A","Annual","KR","Korea","U","Central counterparties/clearing houses","KR1C","Korea Exchange(KRX)","Z","Clearing members","N","Number","N","Units","A","All users","0","Units","E","End of period","0","CCP4","NUMBER OF CLEARING MEMBERS IN CCPs AND CLEARING HOUSES",91,A,91,A,92,A,97,A,92,A,92,A,92,A
CPMI_CT2:A:KR:U:KR2C:V:N:G,"A","Annual","KR","Korea","U","Central counterparties/clearing houses","KR2C","Korea Securities Depository (KSD)","V","Payment transactions","N","Number","G","Annual growth","A","All users","0","Units","S","Summed through period","2","CCP2","INCREASE IN THE NUMBER OF TRANSACTIONS (PER CCP OR CLEARING HOUSE)",,,-7.5039,A,4.9631,A,10.3169,A,-2.7304,A,26.4463,A,2.1777,A
CPMI_CT2:A:KR:U:KR2C:V:N:N,"A","Annual","KR","Korea","U","Central counterparties/clearing houses","KR2C","Korea Securities Depository (KSD)","V","Payment transactions","N","Number","N","Units","A","All users","3","Thousands","S","Summed through period","3","CCP2","NUMBER OF TRANSACTIONS (TOTAL NUMBER OF CONTRACTS AND TRANSACTIONS PER CCP OR CLEARING HOUSE)",26946,A,24924,A,26161,A,28860,A,28072,A,35496,A,36269,A
CPMI_CT2:A:KR:U:KR2C:V:V:A,"A","Annual","KR","Korea","U","Central counterparties/clearing houses","KR2C","Korea Securities Depository (KSD)","V","Payment transactions","V","Value","A","In USD","A","All users","9","Billions","S","Summed through period","3","CCP3","VALUE OF TRANSACTIONS (TOTAL VALUE OF CONTRACTS AND TRANSACTIONS PER CCP OR CLEARING HOUSE), IN USD",172.2134,A,155.3811,A,156.4128,A,150.9022,A,135.9332,A,157.9741,A,181.3711,A
CPMI_CT2:A:KR:U:KR2C:V:V:H,"A","Annual","KR","Korea","U","Central counterparties/clearing houses","KR2C","Korea Securities Depository (KSD)","V","Payment transactions","V","Value","H","Annual real growth","A","All users","0","Units","S","Summed through period","2","CCP3","INCREASE IN THE REAL VALUE OF TRANSACTIONS (PER CCP OR CLEARING HOUSE)",,,-10.9332,A,-0.60308,A,-4.1997,A,-10.7865,A,13.9979,A,13.1255,A
CPMI_CT2:A:KR:U:KR2C:V:V:I,"A","Annual","KR","Korea","U","Central counterparties/clearing houses","KR2C","Korea Securities Depository (KSD)","V","Payment transactions","V","Value","I","In % of GDP","A","All users","0","Units","S","Summed through period","3","CCP3","VALUE OF TRANSACTIONS AS A PERCENTAGE OF GDP (PER CCP OR CLEARING HOUSE)",13.4781,A,11.3378,A,10.5385,A,10.3093,A,9.062,A,9.7314,A,10.5435,A
CPMI_CT2:A:KR:U:KR2C:V:V:S,"A","Annual","KR","Korea","U","Central counterparties/clearing houses","KR2C","Korea Securities Depository (KSD)","V","Payment transactions","V","Value","S","Per transaction","A","All users","3","Thousands","S","Summed through period","3","CCP3","AVERAGE VALUE OF TRANSACTIONS (PER CCP OR CLEARING HOUSE), IN USD",6.3911,A,6.2342,A,5.9789,A,5.2288,A,4.8423,A,4.4505,A,5.0007,A
CPMI_CT2:A:KR:U:KR2C:Z:N:N,"A","Annual","KR","Korea","U","Central counterparties/clearing houses","KR2C","Korea Securities Depository (KSD)","Z","Clearing members","N","Number","N","Units","A","All users","0","Units","E","End of period","0","CCP4","NUMBER OF CLEARING MEMBERS IN CCPs AND CLEARING HOUSES",91,A,91,A,90,A,85,A,84,A,81,A,82,A
CPMI_CT2:A:KR:V:KR1S:O:N:N,"A","Annual","KR","Korea","V","Central securities depositories","KR1S","Korea Securities Depository (KSD)","O","Securities held","N","Number","N","Units","A","All users","3","Thousands","E","End of period","3","CSD5","TOTAL NUMBER OF SECURITIES HELD",44.39,A,48.72,A,51.38,A,51.36,A,57.19,A,61.71,A,65.63,A
CPMI_CT2:A:KR:V:KR1S:O:V:A,"A","Annual","KR","Korea","V","Central securities depositories","KR1S","Korea Securities Depository (KSD)","O","Securities held","V","Value","A","In USD","A","All users","6","Millions","S","Summed through period","3","CSD5","TOTAL VALUE OF SECURITIES HELD, IN USD",1439432.8479,A,1601632.6442,A,1752894.1088,A,1731600.874,A,1742556.0063,A,1873395.5855,A,2020747.4984,A
CPMI_CT2:A:KR:V:KR1S:W:N:G,"A","Annual","KR","Korea","V","Central securities depositories","KR1S","Korea Securities Depository (KSD)","W","Delivery instructions","N","Number","G","Annual growth","A","All users","0","Units","S","Summed through period","2","CSD2","INCREASE IN THE NUMBER OF DELIVERY INSTRUCTIONS (PER CSD)",-18.5975,A,-0.087545,A,1.3713,A,10.2204,A,3.7627,A,-1.3156,A,6.5268,A
CPMI_CT2:A:KR:V:KR1S:W:N:N,"A","Annual","KR","Korea","V","Central securities depositories","KR1S","Korea Securities Depository (KSD)","W","Delivery instructions","N","Number","N","Units","A","All users","3","Thousands","S","Summed through period","3","CSD2","NUMBER OF DELIVERY INSTRUCTIONS (TOTAL NUMBER OF DELIVERY INSTRUCTIONS PER CSD)",7715.995,A,7709.24,A,7814.96,A,8613.68,A,8937.79,A,8820.2,A,9395.88,A
CPMI_CT2:A:KR:V:KR1S:W:V:A,"A","Annual","KR","Korea","V","Central securities depositories","KR1S","Korea Securities Depository (KSD)","W","Delivery instructions","V","Value","A","In USD","A","All users","9","Billions","S","Summed through period","3","CSD3","VALUE OF DELIVERY INSTRUCTIONS (TOTAL VALUE OF DELIVERY INSTRUCTIONS PER CSD), IN USD",5528.7079,A,5740.6911,A,7184.0094,A,6914.6707,A,6631.5328,A,6646.9653,A,6963.2294,A
CPMI_CT2:A:KR:V:KR1S:W:V:H,"A","Annual","KR","Korea","V","Central securities depositories","KR1S","Korea Securities Depository (KSD)","W","Delivery instructions","V","Value","H","Annual real growth","A","All users","0","Units","S","Summed through period","2","CSD3","INCREASE IN THE REAL VALUE OF DELIVERY INSTRUCTIONS (PER CSD)",-16.8784,A,2.5003,A,23.5668,A,-4.4241,A,-5.0177,A,-1.6791,A,3.2204,A
CPMI_CT2:A:KR:V:KR1S:W:V:I,"A","Annual","KR","Korea","V","Central securities depositories","KR1S","Korea Securities Depository (KSD)","W","Delivery instructions","V","Value","I","In % of GDP","A","All users","0","Units","S","Summed through period","2","CSD3","VALUE OF DELIVERY INSTRUCTIONS AS A PERCENTAGE OF GDP (PER CSD)",432.6992,A,418.8853,A,484.0335,A,472.3941,A,442.0933,A,409.4633,A,404.786,A
CPMI_CT2:A:KR:V:KR1S:W:V:S,"A","Annual","KR","Korea","V","Central securities depositories","KR1S","Korea Securities Depository (KSD)","W","Delivery instructions","V","Value","S","Per transaction","A","All users","3","Thousands","S","Summed through period","3","CSD3","AVERAGE VALUE PER DELIVERY INSTRUCTIONS (PER CSD), IN USD",716.5256,A,744.6507,A,919.2637,A,802.7545,A,741.9656,A,753.6071,A,741.0939,A
CPMI_CT2:A:KR:V:KR1S:X:N:N,"A","Annual","KR","Korea","V","Central securities depositories","KR1S","Korea Securities Depository (KSD)","X","All participants","N","Number","N","Units","A","All users","0","Units","E","End of period","0","CSD4","TOTAL NUMBER OF PARTICIPANTS (TOTAL NUMBER OF DIRECT PARTICIPANTS IN CSDs)",300,A,295,A,299,A,298,A,352,A,376,A,404,A
CPMI_CT2:A:MX:A:MX3P:V:V:A,"A","Annual","MX","Mexico","A","Payment systems, large-value","MX3P","SPID","V","Payment transactions","V","Value","A","In USD","A","All users","9","Billions","S","Summed through period","3","PS3","VALUE OF TRANSACTIONS (TOTAL GROSS VALUE PER SYSTEM), IN USD",,L,,L,,L,,L,,L,115.1782,A,,
CPMI_CT2:A:MX:A:MX3P:V:V:I,"A","Annual","MX","Mexico","A","Payment systems, large-value","MX3P","SPID","V","Payment transactions","V","Value","I","In % of GDP","A","All users","0","Units","S","Summed through period","3","PS3","VALUE OF TRANSACTIONS AS A PERCENTAGE OF GDP (PER SYSTEM)",,L,,L,,L,,L,,L,9.5224,A,,
CPMI_CT2:A:MX:A:MX3P:V:V:S,"A","Annual","MX","Mexico","A","Payment systems, large-value","MX3P","SPID","V","Payment transactions","V","Value","S","Per transaction","A","All users","3","Thousands","S","Summed through period","3","PS3","AVERAGE VALUE OF TRANSACTIONS (PER SYSTEM), IN USD",,L,,L,,L,,L,,L,108.967,A,,
CPMI_CT2:A:MX:B:MX2P:V:N:G,"A","Annual","MX","Mexico","B","Payment systems, retail","MX2P","CECOBAN","V","Payment transactions","N","Number","G","Annual growth","A","All users","0","Units","S","Summed through period","2","PS2","INCREASE IN THE NUMBER OF TRANSACTIONS (TOTAL GROSS VOLUME PER SYSTEM)",,,-4.7365,A,-3.6676,A,-4.6953,A,-1.9019,A,0.31924,A,-0.12419,A
CPMI_CT2:A:MX:B:MX2P:V:N:N,"A","Annual","MX","Mexico","B","Payment systems, retail","MX2P","CECOBAN","V","Payment transactions","N","Number","N","Units","A","All users","6","Millions","S","Summed through period","3","PS2","NUMBER OF TRANSACTIONS (TOTAL GROSS VOLUME PER SYSTEM)",149.69,A,142.6,A,137.37,A,130.92,A,128.43,A,128.84,A,128.68,A
CPMI_CT2:A:MX:B:MX2P:V:V:A,"A","Annual","MX","Mexico","B","Payment systems, retail","MX2P","CECOBAN","V","Payment transactions","V","Value","A","In USD","A","All users","9","Billions","S","Summed through period","3","PS3","VALUE OF TRANSACTIONS (TOTAL GROSS VALUE PER SYSTEM), IN USD",290.1174,A,280.4273,A,252.963,A,206.8323,A,177.1977,A,172.8008,A,172.095,A
CPMI_CT2:A:MX:B:MX2P:V:V:H,"A","Annual","MX","Mexico","B","Payment systems, retail","MX2P","CECOBAN","V","Payment transactions","V","Value","H","Annual real growth","A","All users","0","Units","S","Summed through period","2","PS3","INCREASE IN THE REAL VALUE OF TRANSACTIONS (PER SYSTEM)",,,-6.8844,A,-13.2787,A,-20.4017,A,-16.6789,A,-8.0373,A,-5.0599,A
CPMI_CT2:A:MX:B:MX2P:V:V:I,"A","Annual","MX","Mexico","B","Payment systems, retail","MX2P","CECOBAN","V","Payment transactions","V","Value","I","In % of GDP","A","All users","0","Units","S","Summed through period","3","PS3","VALUE OF TRANSACTIONS AS A PERCENTAGE OF GDP (PER SYSTEM)",23.3174,A,21.1444,A,18.4036,A,17.01,A,15.5009,A,14.3037,A,13.5318,A
CPMI_CT2:A:MX:B:MX2P:V:V:S,"A","Annual","MX","Mexico","B","Payment systems, retail","MX2P","CECOBAN","V","Payment transactions","V","Value","S","Per transaction","A","All users","3","Thousands","S","Summed through period","3","PS3","AVERAGE VALUE OF TRANSACTIONS (PER SYSTEM), IN USD",1.9381,A,1.9665,A,1.8415,A,1.5798,A,1.3797,A,1.3412,A,1.3374,A
CPMI_CT2:A:MX:B:MX2P:X:N:N,"A","Annual","MX","Mexico","B","Payment systems, retail","MX2P","CECOBAN","X","All participants","N","Number","N","Units","A","All users","0","Units","E","End of period","0","PS4","TOTAL NUMBER OF PARTICIPANTS",28,A,29,A,29,A,29,A,35,A,36,A,38,A
CPMI_CT2:A:MX:B:MX2P:Y:N:N,"A","Annual","MX","Mexico","B","Payment systems, retail","MX2P","CECOBAN","Y","Directly connected participants","N","Number","N","Units","A","All users","0","Units","E","End of period","0","PS4","TOTAL NUMBER OF PARTICIPANTS OF WHICH DIRECTLY CONNECTED PARTICIPANTS",28,A,29,A,29,A,29,A,35,A,36,A,38,A
CPMI_CT2:A:MX:B:MX3P:V:N:G,"A","Annual","MX","Mexico","B","Payment systems, retail","MX3P","SPID","V","Payment transactions","N","Number","G","Annual growth","A","All users","0","Units","S","Summed through period","2","PS2","INCREASE IN THE NUMBER OF TRANSACTIONS (TOTAL GROSS VOLUME PER SYSTEM)",,,,L,,L,,L,,L,,L,96.2111,A
CPMI_CT2:A:MX:B:MX3P:V:N:N,"A","Annual","MX","Mexico","B","Payment systems, retail","MX3P","SPID","V","Payment transactions","N","Number","N","Units","A","All users","6","Millions","S","Summed through period","3","PS2","NUMBER OF TRANSACTIONS (TOTAL GROSS VOLUME PER SYSTEM)",,L,,L,,L,,L,,L,1.057,A,2.074,A
CPMI_CT2:A:MX:B:MX3P:V:V:A,"A","Annual","MX","Mexico","B","Payment systems, retail","MX3P","SPID","V","Payment transactions","V","Value","A","In USD","A","All users","9","Billions","S","Summed through period","3","PS3","VALUE OF TRANSACTIONS (TOTAL GROSS VALUE PER SYSTEM), IN USD",,L,,L,,L,,L,,L,115.1781,A,227.9346,A
CPMI_CT2:A:MX:B:MX3P:V:V:H,"A","Annual","MX","Mexico","B","Payment systems, retail","MX3P","SPID","V","Payment transactions","V","Value","H","Annual real growth","A","All users","0","Units","S","Summed through period","2","PS3","INCREASE IN THE REAL VALUE OF TRANSACTIONS (PER SYSTEM)",,,,L,,L,,L,,L,,L,88.6546,A
CPMI_CT2:A:MX:B:MX3P:V:V:I,"A","Annual","MX","Mexico","B","Payment systems, retail","MX3P","SPID","V","Payment transactions","V","Value","I","In % of GDP","A","All users","0","Units","S","Summed through period","3","PS3","VALUE OF TRANSACTIONS AS A PERCENTAGE OF GDP (PER SYSTEM)",,L,,L,,L,,L,,L,9.534,A,17.9225,A
CPMI_CT2:A:MX:B:MX3P:V:V:S,"A","Annual","MX","Mexico","B","Payment systems, retail","MX3P","SPID","V","Payment transactions","V","Value","S","Per transaction","A","All users","3","Thousands","S","Summed through period","3","PS3","AVERAGE VALUE OF TRANSACTIONS (PER SYSTEM), IN USD",,L,,L,,L,,L,,L,108.967,A,109.9036,A
CPMI_CT2:A:MX:B:MX3P:X:N:N,"A","Annual","MX","Mexico","B","Payment systems, retail","MX3P","SPID","X","All participants","N","Number","N","Units","A","All users","0","Units","E","End of period","0","PS4","TOTAL NUMBER OF PARTICIPANTS",,L,,L,,L,,L,,L,27,A,27,A
CPMI_CT2:A:MX:B:MX3P:Y:N:N,"A","Annual","MX","Mexico","B","Payment systems, retail","MX3P","SPID","Y","Directly connected participants","N","Number","N","Units","A","All users","0","Units","E","End of period","0","PS4","TOTAL NUMBER OF PARTICIPANTS OF WHICH DIRECTLY CONNECTED PARTICIPANTS",,L,,L,,L,,L,,L,27,A,27,A
CPMI_CT2:A:MX:I:MX1P:P:N:F,"A","Annual","MX","Mexico","I","Payment systems, large-value & fast payments","MX1P","SPEI","P","Concentration ratio in terms of volume","N","Number","F","Percent","A","All users","0","Units","S","Summed through period","2","PS4","CONCENTRATION RATIO IN TERMS OF VOLUME",81.19,A,81.38,A,82.16,A,82.6,A,81.83,A,80.54,A,80.0296,A
CPMI_CT2:A:MX:I:MX1P:Q:N:F,"A","Annual","MX","Mexico","I","Payment systems, large-value & fast payments","MX1P","SPEI","Q","Concentration ratio in terms of value","N","Number","F","Percent","A","All users","0","Units","S","Summed through period","2","PS4","CONCENTRATION RATIO IN TERMS OF VALUE",61.31,A,59.3,A,58.75,A,58.94,A,58.75,A,65.31,A,66.0924,A
CPMI_CT2:A:MX:I:MX1P:V:N:G,"A","Annual","MX","Mexico","I","Payment systems, large-value & fast payments","MX1P","SPEI","V","Payment transactions","N","Number","G","Annual growth","A","All users","0","Units","S","Summed through period","2","PS2","INCREASE IN THE NUMBER OF TRANSACTIONS (TOTAL GROSS VOLUME PER SYSTEM)",,,26.6915,A,20.8291,A,27.3868,A,17.9427,A,21.5246,A,25.2964,A
CPMI_CT2:A:MX:I:MX1P:V:N:N,"A","Annual","MX","Mexico","I","Payment systems, large-value & fast payments","MX1P","SPEI","V","Payment transactions","N","Number","N","Units","A","All users","6","Millions","S","Summed through period","3","PS2","NUMBER OF TRANSACTIONS (TOTAL GROSS VOLUME PER SYSTEM)",171.74,A,217.58,A,262.9,A,334.9,A,394.99,A,480.01,A,601.4354,A
CPMI_CT2:A:MX:I:MX1P:V:V:A,"A","Annual","MX","Mexico","I","Payment systems, large-value & fast payments","MX1P","SPEI","V","Payment transactions","V","Value","A","In USD","A","All users","9","Billions","S","Summed through period","3","PS3","VALUE OF TRANSACTIONS (TOTAL GROSS VALUE PER SYSTEM), IN USD",15133.0085,A,16257.173,A,16792.0819,A,15429.1334,A,14020.2427,A,14302.8593,A,13869.255,A
CPMI_CT2:A:MX:I:MX1P:V:V:H,"A","Annual","MX","Mexico","I","Payment systems, large-value & fast payments","MX1P","SPEI","V","Payment transactions","V","Value","H","Annual real growth","A","All users","0","Units","S","Summed through period","2","PS3","INCREASE IN THE REAL VALUE OF TRANSACTIONS (PER SYSTEM)",,,3.4893,A,-0.70022,A,-10.5502,A,-11.625,A,-3.7963,A,-7.5605,A
CPMI_CT2:A:MX:I:MX1P:V:V:I,"A","Annual","MX","Mexico","I","Payment systems, large-value & fast payments","MX1P","SPEI","V","Payment transactions","V","Value","I","In % of GDP","A","All users","0","Units","S","Summed through period","3","PS3","VALUE OF TRANSACTIONS AS A PERCENTAGE OF GDP (PER SYSTEM)",1216.2758,A,1225.8015,A,1221.66,A,1268.8983,A,1226.4667,A,1183.9303,A,1090.5408,A
CPMI_CT2:A:MX:I:MX1P:V:V:S,"A","Annual","MX","Mexico","I","Payment systems, large-value & fast payments","MX1P","SPEI","V","Payment transactions","V","Value","S","Per transaction","A","All users","3","Thousands","S","Summed through period","3","PS3","AVERAGE VALUE OF TRANSACTIONS (PER SYSTEM), IN USD",88.1158,A,74.7181,A,63.8725,A,46.0709,A,35.4952,A,29.797,A,23.0603,A
CPMI_CT2:A:MX:I:MX1P:X:N:N,"A","Annual","MX","Mexico","I","Payment systems, large-value & fast payments","MX1P","SPEI","X","All participants","N","Number","N","Units","A","All users","0","Units","E","End of period","0","PS4","TOTAL NUMBER OF PARTICIPANTS",93,A,95,A,107,A,107,A,109,A,108,A,98,A
CPMI_CT2:A:MX:I:MX1P:Y:N:N,"A","Annual","MX","Mexico","I","Payment systems, large-value & fast payments","MX1P","SPEI","Y","Directly connected participants","N","Number","N","Units","A","All users","0","Units","E","End of period","0","PS4","TOTAL NUMBER OF PARTICIPANTS OF WHICH DIRECTLY CONNECTED PARTICIPANTS",93,A,95,A,107,A,107,A,109,A,108,A,98,A
CPMI_CT2:A:MX:O:MX1P:V:V:A,"A","Annual","MX","Mexico","O","Payment systems, large-value & retail & fast payments","MX1P","SPEI","V","Payment transactions","V","Value","A","In USD","A","All users","9","Billions","S","Summed through period","3","PS3","VALUE OF TRANSACTIONS (TOTAL GROSS VALUE PER SYSTEM), IN USD",15133.0085,A,16257.173,A,16792.0819,A,15429.1334,A,14020.2427,A,14302.8593,A,,
CPMI_CT2:A:MX:O:MX1P:V:V:H,"A","Annual","MX","Mexico","O","Payment systems, large-value & retail & fast payments","MX1P","SPEI","V","Payment transactions","V","Value","H","Annual real growth","A","All users","0","Units","S","Summed through period","2","PS3","INCREASE IN THE REAL VALUE OF TRANSACTIONS (PER SYSTEM)",,,3.4893,A,-0.70022,A,-10.5502,A,-11.625,A,-3.7963,A,,
CPMI_CT2:A:MX:O:MX1P:V:V:I,"A","Annual","MX","Mexico","O","Payment systems, large-value & retail & fast payments","MX1P","SPEI","V","Payment transactions","V","Value","I","In % of GDP","A","All users","0","Units","S","Summed through period","3","PS3","VALUE OF TRANSACTIONS AS A PERCENTAGE OF GDP (PER SYSTEM)",1216.2741,A,1225.8079,A,1221.6386,A,1268.9724,A,1226.323,A,1182.4943,A,,
CPMI_CT2:A:MX:O:MX1P:V:V:S,"A","Annual","MX","Mexico","O","Payment systems, large-value & retail & fast payments","MX1P","SPEI","V","Payment transactions","V","Value","S","Per transaction","A","All users","3","Thousands","S","Summed through period","3","PS3","AVERAGE VALUE OF TRANSACTIONS (PER SYSTEM), IN USD",88.1158,A,74.7181,A,63.8725,A,46.0709,A,35.4952,A,29.797,A,,
CPMI_CT2:A:MX:U:MX1C:V:N:G,"A","Annual","MX","Mexico","U","Central counterparties/clearing houses","MX1C","CCV","V","Payment transactions","N","Number","G","Annual growth","A","All users","0","Units","S","Summed through period","2","CCP2","INCREASE IN THE NUMBER OF TRANSACTIONS (PER CCP OR CLEARING HOUSE)",,,71.3496,A,11.8857,A,25.9095,A,46.6882,A,-5.6729,A,37.3269,A
CPMI_CT2:A:MX:U:MX1C:V:N:N,"A","Annual","MX","Mexico","U","Central counterparties/clearing houses","MX1C","CCV","V","Payment transactions","N","Number","N","Units","A","All users","3","Thousands","S","Summed through period","3","CCP2","NUMBER OF TRANSACTIONS (TOTAL NUMBER OF CONTRACTS AND TRANSACTIONS PER CCP OR CLEARING HOUSE)",20867.18,A,35755.83,A,40005.66,A,50370.91,A,73888.2,A,69696.59,A,95712.18,A
CPMI_CT2:A:MX:U:MX1C:V:V:A,"A","Annual","MX","Mexico","U","Central counterparties/clearing houses","MX1C","CCV","V","Payment transactions","V","Value","A","In USD","A","All users","9","Billions","S","Summed through period","3","CCP3","VALUE OF TRANSACTIONS (TOTAL VALUE OF CONTRACTS AND TRANSACTIONS PER CCP OR CLEARING HOUSE), IN USD",253.0869,A,313.6033,A,240.9647,A,210.1143,A,202.5629,A,199.3796,A,215.3653,A
CPMI_CT2:A:MX:U:MX1C:V:V:H,"A","Annual","MX","Mexico","U","Central counterparties/clearing houses","MX1C","CCV","V","Payment transactions","V","Value","H","Annual real growth","A","All users","0","Units","S","Summed through period","2","CCP3","INCREASE IN THE REAL VALUE OF TRANSACTIONS (PER CCP OR CLEARING HOUSE)",,,19.3677,A,-26.1311,A,-15.1123,A,-6.2396,A,-7.1793,A,2.9727,A
CPMI_CT2:A:MX:U:MX1C:V:V:I,"A","Annual","MX","Mexico","U","Central counterparties/clearing houses","MX1C","CCV","V","Payment transactions","V","Value","I","In % of GDP","A","All users","0","Units","S","Summed through period","3","CCP3","VALUE OF TRANSACTIONS AS A PERCENTAGE OF GDP (PER CCP OR CLEARING HOUSE)",20.3412,A,23.6459,A,17.5307,A,17.2799,A,17.7199,A,16.5038,A,16.9342,A
CPMI_CT2:A:MX:U:MX1C:V:V:S,"A","Annual","MX","Mexico","U","Central counterparties/clearing houses","MX1C","CCV","V","Payment transactions","V","Value","S","Per transaction","A","All users","3","Thousands","S","Summed through period","3","CCP3","AVERAGE VALUE OF TRANSACTIONS (PER CCP OR CLEARING HOUSE), IN USD",12.1285,A,8.7707,A,6.0233,A,4.1713,A,2.7415,A,2.8607,A,2.2501,A
CPMI_CT2:A:MX:U:MX1C:Z:N:N,"A","Annual","MX","Mexico","U","Central counterparties/clearing houses","MX1C","CCV","Z","Clearing members","N","Number","N","Units","A","All users","0","Units","E","End of period","0","CCP4","NUMBER OF CLEARING MEMBERS IN CCPs AND CLEARING HOUSES",27,A,27,A,30,A,31,A,31,A,31,A,30,A
CPMI_CT2:A:MX:U:MX2C:V:N:G,"A","Annual","MX","Mexico","U","Central counterparties/clearing houses","MX2C","Asigna","V","Payment transactions","N","Number","G","Annual growth","A","All users","0","Units","S","Summed through period","2","CCP2","INCREASE IN THE NUMBER OF TRANSACTIONS (PER CCP OR CLEARING HOUSE)",,,-35.825,A,9.3418,A,-43.0074,A,19.6247,A,6.9336,A,-15.793,A
CPMI_CT2:A:MX:U:MX2C:V:N:N,"A","Annual","MX","Mexico","U","Central counterparties/clearing houses","MX2C","Asigna","V","Payment transactions","N","Number","N","Units","A","All users","3","Thousands","S","Summed through period","3","CCP2","NUMBER OF TRANSACTIONS (TOTAL NUMBER OF CONTRACTS AND TRANSACTIONS PER CCP OR CLEARING HOUSE)",42630.66,A,27358.23,A,29913.97,A,17048.75,A,20394.51,A,21808.59,A,18364.37,A
CPMI_CT2:A:MX:U:MX2C:V:V:A,"A","Annual","MX","Mexico","U","Central counterparties/clearing houses","MX2C","Asigna","V","Payment transactions","V","Value","A","In USD","A","All users","9","Billions","S","Summed through period","3","CCP3","VALUE OF TRANSACTIONS (TOTAL VALUE OF CONTRACTS AND TRANSACTIONS PER CCP OR CLEARING HOUSE), IN USD",368.8581,A,262.5597,A,294.781,A,160.1783,A,168.9915,A,171.8604,A,141.9817,A
CPMI_CT2:A:MX:U:MX2C:V:V:H,"A","Annual","MX","Mexico","U","Central counterparties/clearing houses","MX2C","Asigna","V","Payment transactions","V","Value","H","Annual real growth","A","All users","0","Units","S","Summed through period","2","CCP3","INCREASE IN THE REAL VALUE OF TRANSACTIONS (PER CCP OR CLEARING HOUSE)",,,-31.4283,A,7.9344,A,-47.1011,A,2.6068,A,-4.0963,A,-21.244,A
CPMI_CT2:A:MX:U:MX2C:V:V:I,"A","Annual","MX","Mexico","U","Central counterparties/clearing houses","MX2C","Asigna","V","Payment transactions","V","Value","I","In % of GDP","A","All users","0","Units","S","Summed through period","3","CCP3","VALUE OF TRANSACTIONS AS A PERCENTAGE OF GDP (PER CCP OR CLEARING HOUSE)",29.646,A,19.7972,A,21.4459,A,13.1731,A,14.7831,A,14.2259,A,11.164,A
CPMI_CT2:A:MX:U:MX2C:V:V:S,"A","Annual","MX","Mexico","U","Central counterparties/clearing houses","MX2C","Asigna","V","Payment transactions","V","Value","S","Per transaction","A","All users","3","Thousands","S","Summed through period","3","CCP3","AVERAGE VALUE OF TRANSACTIONS (PER CCP OR CLEARING HOUSE), IN USD",8.6524,A,9.5971,A,9.8543,A,9.3953,A,8.2861,A,7.8804,A,7.7314,A
CPMI_CT2:A:MX:U:MX2C:Z:N:N,"A","Annual","MX","Mexico","U","Central counterparties/clearing houses","MX2C","Asigna","Z","Clearing members","N","Number","N","Units","A","All users","0","Units","E","End of period","0","CCP4","NUMBER OF CLEARING MEMBERS IN CCPs AND CLEARING HOUSES",6,A,6,A,7,A,7,A,7,A,7,A,6,A
CPMI_CT2:A:MX:V:MX1S:O:N:N,"A","Annual","MX","Mexico","V","Central securities depositories","MX1S","Indeval","O","Securities held","N","Number","N","Units","A","All users","3","Thousands","E","End of period","3","CSD5","TOTAL NUMBER OF SECURITIES HELD",8.75,A,9.15,A,9.67,A,10.34,A,10.9,A,11.87,A,12.9,A
CPMI_CT2:A:MX:V:MX1S:O:V:A,"A","Annual","MX","Mexico","V","Central securities depositories","MX1S","Indeval","O","Securities held","V","Value","A","In USD","A","All users","6","Millions","S","Summed through period","3","CSD5","TOTAL VALUE OF SECURITIES HELD, IN USD",1337312.0264,A,1544507.145,A,1617024.4231,A,1404331.3018,A,1228071.6911,A,1344271.6677,A,1249327.4781,A
CPMI_CT2:A:MX:V:MX1S:W:N:G,"A","Annual","MX","Mexico","V","Central securities depositories","MX1S","Indeval","W","Delivery instructions","N","Number","G","Annual growth","A","All users","0","Units","S","Summed through period","2","CSD2","INCREASE IN THE NUMBER OF DELIVERY INSTRUCTIONS (PER CSD)",5.6863,A,12.0271,A,-2.4624,A,5.8049,A,5.0989,A,-2.3294,A,3.6426,A
CPMI_CT2:A:MX:V:MX1S:W:N:N,"A","Annual","MX","Mexico","V","Central securities depositories","MX1S","Indeval","W","Delivery instructions","N","Number","N","Units","A","All users","3","Thousands","S","Summed through period","3","CSD2","NUMBER OF DELIVERY INSTRUCTIONS (TOTAL NUMBER OF DELIVERY INSTRUCTIONS PER CSD)",4774.63,A,5348.88,A,5217.17,A,5520.02,A,5801.48,A,5666.34,A,5872.74,A
CPMI_CT2:A:MX:V:MX1S:W:V:A,"A","Annual","MX","Mexico","V","Central securities depositories","MX1S","Indeval","W","Delivery instructions","V","Value","A","In USD","A","All users","9","Billions","S","Summed through period","3","CSD3","VALUE OF DELIVERY INSTRUCTIONS (TOTAL VALUE OF DELIVERY INSTRUCTIONS PER CSD), IN USD",92402.7795,A,96704.288,A,97496.7943,A,81467.1737,A,73151.4209,A,73104.1467,A,87266.9348,A
CPMI_CT2:A:MX:V:MX1S:W:V:H,"A","Annual","MX","Mexico","V","Central securities depositories","MX1S","Indeval","W","Delivery instructions","V","Value","H","Annual real growth","A","All users","0","Units","S","Summed through period","2","CSD3","INCREASE IN THE REAL VALUE OF DELIVERY INSTRUCTIONS (PER CSD)",-1.3072,A,0.81765,A,-3.0755,A,-18.6543,A,-12.6716,A,-5.7582,A,13.7981,A
CPMI_CT2:A:MX:V:MX1S:W:V:I,"A","Annual","MX","Mexico","V","Central securities depositories","MX1S","Indeval","W","Delivery instructions","V","Value","I","In % of GDP","A","All users","0","Units","S","Summed through period","2","CSD3","VALUE OF DELIVERY INSTRUCTIONS AS A PERCENTAGE OF GDP (PER CSD)",7426.6306,A,7291.5668,A,7093.1009,A,6699.8939,A,6399.1603,A,6051.2524,A,6861.8072,A
CPMI_CT2:A:MX:V:MX1S:W:V:S,"A","Annual","MX","Mexico","V","Central securities depositories","MX1S","Indeval","W","Delivery instructions","V","Value","S","Per transaction","A","All users","3","Thousands","S","Summed through period","3","CSD3","AVERAGE VALUE PER DELIVERY INSTRUCTIONS (PER CSD), IN USD",19352.867,A,18079.3527,A,18687.6783,A,14758.4925,A,12609.0965,A,12901.4755,A,14859.6626,A
CPMI_CT2:A:MX:V:MX1S:X:N:N,"A","Annual","MX","Mexico","V","Central securities depositories","MX1S","Indeval","X","All participants","N","Number","N","Units","A","All users","0","Units","E","End of period","0","CSD4","TOTAL NUMBER OF PARTICIPANTS (TOTAL NUMBER OF DIRECT PARTICIPANTS IN CSDs)",113,A,107,A,111,A,113,A,116,A,117,A,116,A
CPMI_CT2:A:NL:A:NL1P:P:N:F,"A","Annual","NL","Netherlands","A","Payment systems, large-value","NL1P","TARGET2-NL","P","Concentration ratio in terms of volume","N","Number","F","Percent","A","All users","0","Units","S","Summed through period","2","PS4","CONCENTRATION RATIO IN TERMS OF VOLUME",67.5,A,68.1,A,75.1,A,80,A,81.2,A,82.9,A,88.9,A
CPMI_CT2:A:NL:A:NL1P:Q:N:F,"A","Annual","NL","Netherlands","A","Payment systems, large-value","NL1P","TARGET2-NL","Q","Concentration ratio in terms of value","N","Number","F","Percent","A","All users","0","Units","S","Summed through period","2","PS4","CONCENTRATION RATIO IN TERMS OF VALUE",76.2,A,65.5,A,74.9,A,70.9,A,79.6,A,84.6,A,88.9,A
CPMI_CT2:A:NL:A:NL1P:V:N:G,"A","Annual","NL","Netherlands","A","Payment systems, large-value","NL1P","TARGET2-NL","V","Payment transactions","N","Number","G","Annual growth","A","All users","0","Units","S","Summed through period","2","PS2","INCREASE IN THE NUMBER OF TRANSACTIONS (TOTAL GROSS VOLUME PER SYSTEM)",,,-6.3173,A,-19.8676,A,-10.0826,A,-2.357,A,-0.26624,A,9.7882,A
CPMI_CT2:A:NL:A:NL1P:V:N:N,"A","Annual","NL","Netherlands","A","Payment systems, large-value","NL1P","TARGET2-NL","V","Payment transactions","N","Number","N","Units","A","All users","6","Millions","S","Summed through period","3","PS2","NUMBER OF TRANSACTIONS (TOTAL GROSS VOLUME PER SYSTEM)",8.548,A,8.008,A,6.417,A,5.77,A,5.634,A,5.619,A,6.169,A
CPMI_CT2:A:NL:A:NL1P:V:V:A,"A","Annual","NL","Netherlands","A","Payment systems, large-value","NL1P","TARGET2-NL","V","Payment transactions","V","Value","A","In USD","A","All users","9","Billions","S","Summed through period","3","PS3","VALUE OF TRANSACTIONS (TOTAL GROSS VALUE PER SYSTEM), IN USD",144167.759,A,107873.0878,A,88365.6972,A,77546.5115,A,98674.3966,A,99867.8543,A,122165.6091,A
CPMI_CT2:A:NL:A:NL1P:V:V:H,"A","Annual","NL","Netherlands","A","Payment systems, large-value","NL1P","TARGET2-NL","V","Payment transactions","V","Value","H","Annual real growth","A","All users","0","Units","S","Summed through period","2","PS3","INCREASE IN THE REAL VALUE OF TRANSACTIONS (PER SYSTEM)",,,-27.0052,A,-18.8755,A,-12.7673,A,26.8438,A,-0.16962,A,20.2783,A
CPMI_CT2:A:NL:A:NL1P:V:V:I,"A","Annual","NL","Netherlands","A","Payment systems, large-value","NL1P","TARGET2-NL","V","Payment transactions","V","Value","I","In % of GDP","A","All users","0","Units","S","Summed through period","3","PS3","VALUE OF TRANSACTIONS AS A PERCENTAGE OF GDP (PER SYSTEM)",17196.1129,A,12302.5328,A,9920.5614,A,10135.9533,A,12591.5772,A,12001.2412,A,13377.2809,A
CPMI_CT2:A:NL:A:NL1P:V:V:S,"A","Annual","NL","Netherlands","A","Payment systems, large-value","NL1P","TARGET2-NL","V","Payment transactions","V","Value","S","Per transaction","A","All users","3","Thousands","S","Summed through period","3","PS3","AVERAGE VALUE OF TRANSACTIONS (PER SYSTEM), IN USD",16865.6714,A,13470.6653,A,13770.5621,A,13439.6034,A,17514.0924,A,17773.2433,A,19803.1462,A
CPMI_CT2:A:NL:A:NL1P:X:N:N,"A","Annual","NL","Netherlands","A","Payment systems, large-value","NL1P","TARGET2-NL","X","All participants","N","Number","N","Units","A","All users","0","Units","E","End of period","0","PS4","TOTAL NUMBER OF PARTICIPANTS",107,A,112,A,111,A,105,A,105,A,100,A,97,A
CPMI_CT2:A:NL:A:NL1P:Y:N:N,"A","Annual","NL","Netherlands","A","Payment systems, large-value","NL1P","TARGET2-NL","Y","Directly connected participants","N","Number","N","Units","A","All users","0","Units","E","End of period","0","PS4","TOTAL NUMBER OF PARTICIPANTS OF WHICH DIRECTLY CONNECTED PARTICIPANTS",61,A,66,A,66,A,63,A,66,A,60,A,60,A
CPMI_CT2:A:NL:B:NL2P:V:N:G,"A","Annual","NL","Netherlands","B","Payment systems, retail","NL2P","equensWorldline","V","Payment transactions","N","Number","G","Annual growth","A","All users","0","Units","S","Summed through period","2","PS2","INCREASE IN THE NUMBER OF TRANSACTIONS (TOTAL GROSS VOLUME PER SYSTEM)",,,-6.5532,A,-23.9859,A,-15.1253,A,5.891,A,47.6417,A,7.7719,A
CPMI_CT2:A:NL:B:NL2P:V:N:N,"A","Annual","NL","Netherlands","B","Payment systems, retail","NL2P","equensWorldline","V","Payment transactions","N","Number","N","Units","A","All users","6","Millions","S","Summed through period","3","PS2","NUMBER OF TRANSACTIONS (TOTAL GROSS VOLUME PER SYSTEM)",2755.432,A,2574.863,A,1957.258,A,1661.217,A,1759.08,A,2597.135,A,2798.982,A
CPMI_CT2:A:NL:B:NL2P:V:V:A,"A","Annual","NL","Netherlands","B","Payment systems, retail","NL2P","equensWorldline","V","Payment transactions","V","Value","A","In USD","A","All users","9","Billions","S","Summed through period","3","PS3","VALUE OF TRANSACTIONS (TOTAL GROSS VALUE PER SYSTEM), IN USD",2820.6214,A,2779.6399,A,2239.872,A,1807.7075,A,1952.6647,A,2342.6279,A,2613.0407,A
CPMI_CT2:A:NL:B:NL2P:V:V:H,"A","Annual","NL","Netherlands","B","Payment systems, retail","NL2P","equensWorldline","V","Payment transactions","V","Value","H","Annual real growth","A","All users","0","Units","S","Summed through period","2","PS3","INCREASE IN THE REAL VALUE OF TRANSACTIONS (PER SYSTEM)",,,-3.863,A,-20.1975,A,-19.7757,A,7.6778,A,18.3361,A,9.6748,A
CPMI_CT2:A:NL:B:NL2P:V:V:I,"A","Annual","NL","Netherlands","B","Payment systems, retail","NL2P","equensWorldline","V","Payment transactions","V","Value","I","In % of GDP","A","All users","0","Units","S","Summed through period","3","PS3","VALUE OF TRANSACTIONS AS A PERCENTAGE OF GDP (PER SYSTEM)",336.4395,A,317.0078,A,251.464,A,236.2819,A,249.1743,A,281.5164,A,286.1311,A
CPMI_CT2:A:NL:B:NL2P:V:V:S,"A","Annual","NL","Netherlands","B","Payment systems, retail","NL2P","equensWorldline","V","Payment transactions","V","Value","S","Per transaction","A","All users","3","Thousands","S","Summed through period","3","PS3","AVERAGE VALUE OF TRANSACTIONS (PER SYSTEM), IN USD",1.0237,A,1.0795,A,1.1444,A,1.0882,A,1.11,A,0.902,A,0.93357,A
CPMI_CT2:A:NL:B:NL2P:X:N:N,"A","Annual","NL","Netherlands","B","Payment systems, retail","NL2P","equensWorldline","X","All participants","N","Number","N","Units","A","All users","0","Units","E","End of period","0","PS4","TOTAL NUMBER OF PARTICIPANTS",64,A,123,A,161,A,27,A,28,A,25,A,25,A
CPMI_CT2:A:NL:B:NL2P:Y:N:N,"A","Annual","NL","Netherlands","B","Payment systems, retail","NL2P","equensWorldline","Y","Directly connected participants","N","Number","N","Units","A","All users","0","Units","E","End of period","0","PS4","TOTAL NUMBER OF PARTICIPANTS OF WHICH DIRECTLY CONNECTED PARTICIPANTS",61,A,99,A,66,A,27,A,28,A,25,A,25,A
CPMI_CT2:A:NL:U:NL1C:V:N:G,"A","Annual","NL","Netherlands","U","Central counterparties/clearing houses","NL1C","EuroCCP (Total)","V","Payment transactions","N","Number","G","Annual growth","A","All users","0","Units","S","Summed through period","2","CCP2","INCREASE IN THE NUMBER OF TRANSACTIONS (PER CCP OR CLEARING HOUSE)",,,-17.5239,A,89.2202,A,38.0427,A,11.4388,A,-17.6558,A,-1.2372,A
CPMI_CT2:A:NL:U:NL1C:V:N:N,"A","Annual","NL","Netherlands","U","Central counterparties/clearing houses","NL1C","EuroCCP (Total)","V","Payment transactions","N","Number","N","Units","A","All users","3","Thousands","S","Summed through period","3","CCP2","NUMBER OF TRANSACTIONS (TOTAL NUMBER OF CONTRACTS AND TRANSACTIONS PER CCP OR CLEARING HOUSE)",816418,A,673350,A,1274114,A,1758822,A,1960011,A,1613956,A,1593988,A
CPMI_CT2:A:NL:U:NL1C:V:V:A,"A","Annual","NL","Netherlands","U","Central counterparties/clearing houses","NL1C","EuroCCP (Total)","V","Payment transactions","V","Value","A","In USD","A","All users","9","Billions","S","Summed through period","3","CCP3","VALUE OF TRANSACTIONS (TOTAL VALUE OF CONTRACTS AND TRANSACTIONS PER CCP OR CLEARING HOUSE), IN USD",5017.332,A,4953.15,A,9432.5577,A,12326.7871,A,11819.6882,A,10800.5432,A,11312.9432,A
CPMI_CT2:A:NL:U:NL1C:V:V:H,"A","Annual","NL","Netherlands","U","Central counterparties/clearing houses","NL1C","EuroCCP (Total)","V","Payment transactions","V","Value","H","Annual real growth","A","All users","0","Units","S","Summed through period","2","CCP3","INCREASE IN THE REAL VALUE OF TRANSACTIONS (PER CCP OR CLEARING HOUSE)",,,-3.6935,A,88.5948,A,29.9036,A,-4.4165,A,-9.8676,A,2.9898,A
CPMI_CT2:A:NL:U:NL1C:V:V:I,"A","Annual","NL","Netherlands","U","Central counterparties/clearing houses","NL1C","EuroCCP (Total)","V","Payment transactions","V","Value","I","In % of GDP","A","All users","0","Units","S","Summed through period","3","CCP3","VALUE OF TRANSACTIONS AS A PERCENTAGE OF GDP (PER CCP OR CLEARING HOUSE)",598.4598,A,564.8887,A,1058.966,A,1611.2103,A,1508.279,A,1297.9144,A,1238.7809,A
CPMI_CT2:A:NL:U:NL1C:V:V:S,"A","Annual","NL","Netherlands","U","Central counterparties/clearing houses","NL1C","EuroCCP (Total)","V","Payment transactions","V","Value","S","Per transaction","A","All users","3","Thousands","S","Summed through period","3","CCP3","AVERAGE VALUE OF TRANSACTIONS (PER CCP OR CLEARING HOUSE), IN USD",6.1455,A,7.356,A,7.4032,A,7.0085,A,6.0304,A,6.692,A,7.0973,A
CPMI_CT2:A:NL:U:NL1C:Z:N:N,"A","Annual","NL","Netherlands","U","Central counterparties/clearing houses","NL1C","EuroCCP (Total)","Z","Clearing members","N","Number","N","Units","A","All users","0","Units","E","End of period","0","CCP4","NUMBER OF CLEARING MEMBERS IN CCPs AND CLEARING HOUSES",51,A,49,A,48,A,45,A,43,A,44,A,42,A
CPMI_CT2:A:NL:U:NL4C:V:N:G,"A","Annual","NL","Netherlands","U","Central counterparties/clearing houses","NL4C","EuroCCP N.V. of which, in Germany","V","Payment transactions","N","Number","G","Annual growth","A","All users","0","Units","S","Summed through period","2","CCP2","INCREASE IN THE NUMBER OF TRANSACTIONS (PER CCP OR CLEARING HOUSE)",,,16060,A,-77.9703,A,34.6067,A,192.4875,A,-51.9692,A,-53.7136,A
CPMI_CT2:A:NL:U:NL4C:V:N:N,"A","Annual","NL","Netherlands","U","Central counterparties/clearing houses","NL4C","EuroCCP N.V. of which, in Germany","V","Payment transactions","N","Number","N","Units","A","All users","3","Thousands","S","Summed through period","3","CCP2","NUMBER OF TRANSACTIONS (TOTAL NUMBER OF CONTRACTS AND TRANSACTIONS PER CCP OR CLEARING HOUSE)",25,A,4040,A,890,A,1198,A,3504,A,1683,A,779,A
CPMI_CT2:A:NL:U:NL4C:V:V:A,"A","Annual","NL","Netherlands","U","Central counterparties/clearing houses","NL4C","EuroCCP N.V. of which, in Germany","V","Payment transactions","V","Value","A","In USD","A","All users","9","Billions","S","Summed through period","3","CCP3","VALUE OF TRANSACTIONS (TOTAL VALUE OF CONTRACTS AND TRANSACTIONS PER CCP OR CLEARING HOUSE), IN USD",0.025679,A,26.3384,A,5.9103,A,10.2129,A,18.2976,A,10.0311,A,6.5339,A
CPMI_CT2:A:NL:U:NL4C:V:V:H,"A","Annual","NL","Netherlands","U","Central counterparties/clearing houses","NL4C","EuroCCP N.V. of which, in Germany","V","Payment transactions","V","Value","H","Annual real growth","A","All users","0","Units","S","Summed through period","2","CCP3","INCREASE IN THE REAL VALUE OF TRANSACTIONS (PER CCP OR CLEARING HOUSE)",,,99959.7839,A,-77.7772,A,71.7685,A,78.5954,A,-45.9249,A,-35.9549,A
CPMI_CT2:A:NL:U:NL4C:V:V:I,"A","Annual","NL","Netherlands","U","Central counterparties/clearing houses","NL4C","EuroCCP N.V. of which, in Germany","V","Payment transactions","V","Value","I","In % of GDP","A","All users","0","Units","S","Summed through period","3","CCP3","VALUE OF TRANSACTIONS AS A PERCENTAGE OF GDP (PER CCP OR CLEARING HOUSE)",0.0030629,A,3.0038,A,0.66353,A,1.3349,A,2.3349,A,1.2055,A,0.71547,A
CPMI_CT2:A:NL:U:NL4C:V:V:S,"A","Annual","NL","Netherlands","U","Central counterparties/clearing houses","NL4C","EuroCCP N.V. of which, in Germany","V","Payment transactions","V","Value","S","Per transaction","A","All users","3","Thousands","S","Summed through period","3","CCP3","AVERAGE VALUE OF TRANSACTIONS (PER CCP OR CLEARING HOUSE), IN USD",1.0272,A,6.5194,A,6.6408,A,8.525,A,5.2219,A,5.9603,A,8.3875,A
CPMI_CT2:A:NL:U:NL6C:V:N:G,"A","Annual","NL","Netherlands","U","Central counterparties/clearing houses","NL6C","EuroCCP N.V. of which, in Netherlands","V","Payment transactions","N","Number","G","Annual growth","A","All users","0","Units","S","Summed through period","2","CCP2","INCREASE IN THE NUMBER OF TRANSACTIONS (PER CCP OR CLEARING HOUSE)",,,1.6129,A,-4.195,A,-95.1479,A,,L,,L,,L
CPMI_CT2:A:NL:U:NL6C:V:N:N,"A","Annual","NL","Netherlands","U","Central counterparties/clearing houses","NL6C","EuroCCP N.V. of which, in Netherlands","V","Payment transactions","N","Number","N","Units","A","All users","3","Thousands","S","Summed through period","3","CCP2","NUMBER OF TRANSACTIONS (TOTAL NUMBER OF CONTRACTS AND TRANSACTIONS PER CCP OR CLEARING HOUSE)",868,A,882,A,845,A,41,A,,L,,L,,L
CPMI_CT2:A:NL:U:NL6C:V:V:A,"A","Annual","NL","Netherlands","U","Central counterparties/clearing houses","NL6C","EuroCCP N.V. of which, in Netherlands","V","Payment transactions","V","Value","A","In USD","A","All users","9","Billions","S","Summed through period","3","CCP3","VALUE OF TRANSACTIONS (TOTAL VALUE OF CONTRACTS AND TRANSACTIONS PER CCP OR CLEARING HOUSE), IN USD",6.9718,A,6.2836,A,8.697,A,0.47012,A,,L,,L,,L
CPMI_CT2:A:NL:U:NL6C:V:V:H,"A","Annual","NL","Netherlands","U","Central counterparties/clearing houses","NL6C","EuroCCP N.V. of which, in Netherlands","V","Payment transactions","V","Value","H","Annual real growth","A","All users","0","Units","S","Summed through period","2","CCP3","INCREASE IN THE REAL VALUE OF TRANSACTIONS (PER CCP OR CLEARING HOUSE)",,,-12.0762,A,37.0702,A,-94.6267,A,,L,,L,,L
CPMI_CT2:A:NL:U:NL6C:V:V:I,"A","Annual","NL","Netherlands","U","Central counterparties/clearing houses","NL6C","EuroCCP N.V. of which, in Netherlands","V","Payment transactions","V","Value","I","In % of GDP","A","All users","0","Units","S","Summed through period","3","CCP3","VALUE OF TRANSACTIONS AS A PERCENTAGE OF GDP (PER CCP OR CLEARING HOUSE)",0.83159,A,0.71662,A,0.97638,A,0.061449,A,,L,,L,,L
CPMI_CT2:A:NL:U:NL6C:V:V:S,"A","Annual","NL","Netherlands","U","Central counterparties/clearing houses","NL6C","EuroCCP N.V. of which, in Netherlands","V","Payment transactions","V","Value","S","Per transaction","A","All users","3","Thousands","S","Summed through period","3","CCP3","AVERAGE VALUE OF TRANSACTIONS (PER CCP OR CLEARING HOUSE), IN USD",8.0321,A,7.1242,A,10.2923,A,11.4664,A,,L,,L,,L
CPMI_CT2:A:NL:U:NL7C:V:N:G,"A","Annual","NL","Netherlands","U","Central counterparties/clearing houses","NL7C","EuroCCP N.V. of which, in Sweden","V","Payment transactions","N","Number","G","Annual growth","A","All users","0","Units","S","Summed through period","2","CCP2","INCREASE IN THE NUMBER OF TRANSACTIONS (PER CCP OR CLEARING HOUSE)",,,-12.9688,A,10.7409,A,28.732,A,7.3907,A,8.6501,A,-84.211,A
CPMI_CT2:A:NL:U:NL7C:V:N:N,"A","Annual","NL","Netherlands","U","Central counterparties/clearing houses","NL7C","EuroCCP N.V. of which, in Sweden","V","Payment transactions","N","Number","N","Units","A","All users","3","Thousands","S","Summed through period","3","CCP2","NUMBER OF TRANSACTIONS (TOTAL NUMBER OF CONTRACTS AND TRANSACTIONS PER CCP OR CLEARING HOUSE)",161009,A,140128,A,155179,A,199765,A,214529,A,233086,A,36802,A
CPMI_CT2:A:NL:U:NL7C:V:V:A,"A","Annual","NL","Netherlands","U","Central counterparties/clearing houses","NL7C","EuroCCP N.V. of which, in Sweden","V","Payment transactions","V","Value","A","In USD","A","All users","9","Billions","S","Summed through period","3","CCP3","VALUE OF TRANSACTIONS (TOTAL VALUE OF CONTRACTS AND TRANSACTIONS PER CCP OR CLEARING HOUSE), IN USD",1346.5618,A,1342.9983,A,1522.9667,A,1589.3562,A,1463.8352,A,1510.5164,A,192.5123,A
CPMI_CT2:A:NL:U:NL7C:V:V:H,"A","Annual","NL","Netherlands","U","Central counterparties/clearing houses","NL7C","EuroCCP N.V. of which, in Sweden","V","Payment transactions","V","Value","H","Annual real growth","A","All users","0","Units","S","Summed through period","2","CCP3","INCREASE IN THE REAL VALUE OF TRANSACTIONS (PER CCP OR CLEARING HOUSE)",,,-2.7037,A,12.3044,A,3.7365,A,-8.1883,A,1.7829,A,-87.4687,A
CPMI_CT2:A:NL:U:NL7C:V:V:I,"A","Annual","NL","Netherlands","U","Central counterparties/clearing houses","NL7C","EuroCCP N.V. of which, in Sweden","V","Payment transactions","V","Value","I","In % of GDP","A","All users","0","Units","S","Summed through period","3","CCP3","VALUE OF TRANSACTIONS AS A PERCENTAGE OF GDP (PER CCP OR CLEARING HOUSE)",160.6159,A,153.1641,A,170.9791,A,207.7416,A,186.7961,A,181.5206,A,21.0803,A
CPMI_CT2:A:NL:U:NL7C:V:V:S,"A","Annual","NL","Netherlands","U","Central counterparties/clearing houses","NL7C","EuroCCP N.V. of which, in Sweden","V","Payment transactions","V","Value","S","Per transaction","A","All users","3","Thousands","S","Summed through period","3","CCP3","AVERAGE VALUE OF TRANSACTIONS (PER CCP OR CLEARING HOUSE), IN USD",8.3633,A,9.5841,A,9.8143,A,7.9561,A,6.8235,A,6.4805,A,5.231,A
CPMI_CT2:A:NL:U:NL9C:V:N:G,"A","Annual","NL","Netherlands","U","Central counterparties/clearing houses","NL9C","EuroCCP N.V. of which, in United Kingdom","V","Payment transactions","N","Number","G","Annual growth","A","All users","0","Units","S","Summed through period","2","CCP2","INCREASE IN THE NUMBER OF TRANSACTIONS (PER CCP OR CLEARING HOUSE)",,,-18.8555,A,110.3262,A,38.4505,A,12.1006,A,-20.0641,A,12.9386,A
CPMI_CT2:A:NL:U:NL9C:V:N:N,"A","Annual","NL","Netherlands","U","Central counterparties/clearing houses","NL9C","EuroCCP N.V. of which, in United Kingdom","V","Payment transactions","N","Number","N","Units","A","All users","3","Thousands","S","Summed through period","3","CCP2","NUMBER OF TRANSACTIONS (TOTAL NUMBER OF CONTRACTS AND TRANSACTIONS PER CCP OR CLEARING HOUSE)",650721,A,528024,A,1110573,A,1537594,A,1723652,A,1377817,A,1556087,A
CPMI_CT2:A:NL:U:NL9C:V:V:A,"A","Annual","NL","Netherlands","U","Central counterparties/clearing houses","NL9C","EuroCCP N.V. of which, in United Kingdom","V","Payment transactions","V","Value","A","In USD","A","All users","9","Billions","S","Summed through period","3","CCP3","VALUE OF TRANSACTIONS (TOTAL VALUE OF CONTRACTS AND TRANSACTIONS PER CCP OR CLEARING HOUSE), IN USD",3649.9343,A,3575.8383,A,7798.1924,A,10458.8057,A,10097.44,A,9203.3879,A,11108.0898,A
CPMI_CT2:A:NL:U:NL9C:V:V:H,"A","Annual","NL","Netherlands","U","Central counterparties/clearing houses","NL9C","EuroCCP N.V. of which, in United Kingdom","V","Payment transactions","V","Value","H","Annual real growth","A","All users","0","Units","S","Summed through period","2","CCP3","INCREASE IN THE REAL VALUE OF TRANSACTIONS (PER CCP OR CLEARING HOUSE)",,,-4.426,A,115.9722,A,33.3181,A,-3.7599,A,-10.0962,A,18.674,A
CPMI_CT2:A:NL:U:NL9C:V:V:I,"A","Annual","NL","Netherlands","U","Central counterparties/clearing houses","NL9C","EuroCCP N.V. of which, in United Kingdom","V","Payment transactions","V","Value","I","In % of GDP","A","All users","0","Units","S","Summed through period","3","CCP3","VALUE OF TRANSACTIONS AS A PERCENTAGE OF GDP (PER CCP OR CLEARING HOUSE)",435.3587,A,407.8113,A,875.4805,A,1367.0501,A,1288.5074,A,1105.9823,A,1216.3492,A
CPMI_CT2:A:NL:U:NL9C:V:V:S,"A","Annual","NL","Netherlands","U","Central counterparties/clearing houses","NL9C","EuroCCP N.V. of which, in United Kingdom","V","Payment transactions","V","Value","S","Per transaction","A","All users","3","Thousands","S","Summed through period","3","CCP3","AVERAGE VALUE OF TRANSACTIONS (PER CCP OR CLEARING HOUSE), IN USD",5.6091,A,6.7721,A,7.0218,A,6.8021,A,5.8582,A,6.6797,A,7.1385,A
CPMI_CT2:A:NL:U:NLAC:V:N:G,"A","Annual","NL","Netherlands","U","Central counterparties/clearing houses","NLAC","EuroCCP N.V. of which, in United States","V","Payment transactions","N","Number","G","Annual growth","A","All users","0","Units","S","Summed through period","2","CCP2","INCREASE IN THE NUMBER OF TRANSACTIONS (PER CCP OR CLEARING HOUSE)",,,,L,,L,201.8395,A,-16.5097,A,-93.7081,A,-86.4813,A
CPMI_CT2:A:NL:U:NLAC:V:N:N,"A","Annual","NL","Netherlands","U","Central counterparties/clearing houses","NLAC","EuroCCP N.V. of which, in United States","V","Payment transactions","N","Number","N","Units","A","All users","3","Thousands","S","Summed through period","3","CCP2","NUMBER OF TRANSACTIONS (TOTAL NUMBER OF CONTRACTS AND TRANSACTIONS PER CCP OR CLEARING HOUSE)",,L,,L,6578,A,19855,A,16577,A,1043,A,141,A
CPMI_CT2:A:NL:U:NLAC:V:V:A,"A","Annual","NL","Netherlands","U","Central counterparties/clearing houses","NLAC","EuroCCP N.V. of which, in United States","V","Payment transactions","V","Value","A","In USD","A","All users","9","Billions","S","Summed through period","3","CCP3","VALUE OF TRANSACTIONS (TOTAL VALUE OF CONTRACTS AND TRANSACTIONS PER CCP OR CLEARING HOUSE), IN USD",,L,,L,96.6972,A,267.1328,A,235.6183,A,75.8963,A,5.0898,A
CPMI_CT2:A:NL:U:NLAC:V:V:H,"A","Annual","NL","Netherlands","U","Central counterparties/clearing houses","NLAC","EuroCCP N.V. of which, in United States","V","Payment transactions","V","Value","H","Annual real growth","A","All users","0","Units","S","Summed through period","2","CCP3","INCREASE IN THE REAL VALUE OF TRANSACTIONS (PER CCP OR CLEARING HOUSE)",,,,L,,L,174.6086,A,-12.0758,A,-68.2274,A,-93.4061,A
CPMI_CT2:A:NL:U:NLAC:V:V:I,"A","Annual","NL","Netherlands","U","Central counterparties/clearing houses","NLAC","EuroCCP N.V. of which, in United States","V","Payment transactions","V","Value","I","In % of GDP","A","All users","0","Units","S","Summed through period","3","CCP3","VALUE OF TRANSACTIONS AS A PERCENTAGE OF GDP (PER CCP OR CLEARING HOUSE)",,L,,L,10.8559,A,34.9164,A,30.0666,A,9.1206,A,0.55734,A
CPMI_CT2:A:NL:U:NLAC:V:V:S,"A","Annual","NL","Netherlands","U","Central counterparties/clearing houses","NLAC","EuroCCP N.V. of which, in United States","V","Payment transactions","V","Value","S","Per transaction","A","All users","3","Thousands","S","Summed through period","3","CCP3","AVERAGE VALUE OF TRANSACTIONS (PER CCP OR CLEARING HOUSE), IN USD",,L,,L,14.7001,A,13.4542,A,14.2136,A,72.7673,A,36.0977,A
CPMI_CT2:A:NL:U:NLBC:V:N:G,"A","Annual","NL","Netherlands","U","Central counterparties/clearing houses","NLBC","EuroCCP N.V. of which, in Other","V","Payment transactions","N","Number","G","Annual growth","A","All users","0","Units","S","Summed through period","2","CCP2","INCREASE IN THE NUMBER OF TRANSACTIONS (PER CCP OR CLEARING HOUSE)",,,-92.7273,A,-82.2464,A,653.0612,A,373.9837,A,-81.3036,A,-45.2599,A
CPMI_CT2:A:NL:U:NLBC:V:N:N,"A","Annual","NL","Netherlands","U","Central counterparties/clearing houses","NLBC","EuroCCP N.V. of which, in Other","V","Payment transactions","N","Number","N","Units","A","All users","3","Thousands","S","Summed through period","3","CCP2","NUMBER OF TRANSACTIONS (TOTAL NUMBER OF CONTRACTS AND TRANSACTIONS PER CCP OR CLEARING HOUSE)",3795,A,276,A,49,A,369,A,1749,A,327,A,179,A
CPMI_CT2:A:NL:U:NLBC:V:V:A,"A","Annual","NL","Netherlands","U","Central counterparties/clearing houses","NLBC","EuroCCP N.V. of which, in Other","V","Payment transactions","V","Value","A","In USD","A","All users","9","Billions","S","Summed through period","3","CCP3","VALUE OF TRANSACTIONS (TOTAL VALUE OF CONTRACTS AND TRANSACTIONS PER CCP OR CLEARING HOUSE), IN USD",13.8384,A,1.6914,A,0.094172,A,0.80941,A,4.4972,A,0.71136,A,0.71733,A
CPMI_CT2:A:NL:U:NLBC:V:V:H,"A","Annual","NL","Netherlands","U","Central counterparties/clearing houses","NLBC","EuroCCP N.V. of which, in Other","V","Payment transactions","V","Value","H","Annual real growth","A","All users","0","Units","S","Summed through period","2","CCP3","INCREASE IN THE REAL VALUE OF TRANSACTIONS (PER CCP OR CLEARING HOUSE)",,,-88.0766,A,-94.486,A,754.3707,A,453.8669,A,-84.3979,A,-0.84851,A
CPMI_CT2:A:NL:U:NLBC:V:V:I,"A","Annual","NL","Netherlands","U","Central counterparties/clearing houses","NLBC","EuroCCP N.V. of which, in Other","V","Payment transactions","V","Value","I","In % of GDP","A","All users","0","Units","S","Summed through period","3","CCP3","VALUE OF TRANSACTIONS AS A PERCENTAGE OF GDP (PER CCP OR CLEARING HOUSE)",1.6506,A,0.19289,A,0.010572,A,0.1058,A,0.57388,A,0.085484,A,0.078549,A
CPMI_CT2:A:NL:U:NLBC:V:V:S,"A","Annual","NL","Netherlands","U","Central counterparties/clearing houses","NLBC","EuroCCP N.V. of which, in Other","V","Payment transactions","V","Value","S","Per transaction","A","All users","3","Thousands","S","Summed through period","3","CCP3","AVERAGE VALUE OF TRANSACTIONS (PER CCP OR CLEARING HOUSE), IN USD",3.6465,A,6.1282,A,1.9219,A,2.1935,A,2.5713,A,2.1754,A,4.0075,A
CPMI_CT2:A:NL:V:NL1S:O:N:N,"A","Annual","NL","Netherlands","V","Central securities depositories","NL1S","Euroclear Netherlands","O","Securities held","N","Number","N","Units","A","All users","3","Thousands","E","End of period","3","CSD5","TOTAL NUMBER OF SECURITIES HELD",10,A,12,A,14,A,17,A,18,A,23,A,23,A
CPMI_CT2:A:NL:V:NL1S:O:V:A,"A","Annual","NL","Netherlands","V","Central securities depositories","NL1S","Euroclear Netherlands","O","Securities held","V","Value","A","In USD","A","All users","6","Millions","S","Summed through period","3","CSD5","TOTAL VALUE OF SECURITIES HELD, IN USD",1121136.6018,A,1273578.994,A,1363523.1404,A,1101464.0269,A,1113533.7264,A,1203923.3901,A,1137361.3408,A
CPMI_CT2:A:NL:V:NL1S:W:N:G,"A","Annual","NL","Netherlands","V","Central securities depositories","NL1S","Euroclear Netherlands","W","Delivery instructions","N","Number","G","Annual growth","A","All users","0","Units","S","Summed through period","2","CSD2","INCREASE IN THE NUMBER OF DELIVERY INSTRUCTIONS (PER CSD)",-4.1427,A,7.0028,A,6.7128,A,9.3745,A,-5.5751,A,3.2236,A,3.3531,A
CPMI_CT2:A:NL:V:NL1S:W:N:N,"A","Annual","NL","Netherlands","V","Central securities depositories","NL1S","Euroclear Netherlands","W","Delivery instructions","N","Number","N","Units","A","All users","3","Thousands","S","Summed through period","3","CSD2","NUMBER OF DELIVERY INSTRUCTIONS (TOTAL NUMBER OF DELIVERY INSTRUCTIONS PER CSD)",4998,A,5348,A,5707,A,6242,A,5894,A,6084,A,6288,A
CPMI_CT2:A:NL:V:NL1S:W:V:A,"A","Annual","NL","Netherlands","V","Central securities depositories","NL1S","Euroclear Netherlands","W","Delivery instructions","V","Value","A","In USD","A","All users","9","Billions","S","Summed through period","3","CSD3","VALUE OF DELIVERY INSTRUCTIONS (TOTAL VALUE OF DELIVERY INSTRUCTIONS PER CSD), IN USD",5763.3736,A,5843.8666,A,5790.6361,A,5421.0064,A,5194.2913,A,5750.2838,A,6268.4259,A
CPMI_CT2:A:NL:V:NL1S:W:V:H,"A","Annual","NL","Netherlands","V","Central securities depositories","NL1S","Euroclear Netherlands","W","Delivery instructions","V","Value","H","Annual real growth","A","All users","0","Units","S","Summed through period","2","CSD3","INCREASE IN THE REAL VALUE OF DELIVERY INSTRUCTIONS (PER CSD)",-14.6507,A,-1.0831,A,-1.8687,A,-6.9418,A,-4.4846,A,9.1954,A,7.1848,A
CPMI_CT2:A:NL:V:NL1S:W:V:I,"A","Annual","NL","Netherlands","V","Central securities depositories","NL1S","Euroclear Netherlands","W","Delivery instructions","V","Value","I","In % of GDP","A","All users","0","Units","S","Summed through period","2","CSD3","VALUE OF DELIVERY INSTRUCTIONS AS A PERCENTAGE OF GDP (PER CSD)",687.4465,A,666.4717,A,650.098,A,708.5692,A,662.8297,A,691.0186,A,686.4002,A
CPMI_CT2:A:NL:V:NL1S:W:V:S,"A","Annual","NL","Netherlands","V","Central securities depositories","NL1S","Euroclear Netherlands","W","Delivery instructions","V","Value","S","Per transaction","A","All users","3","Thousands","S","Summed through period","3","CSD3","AVERAGE VALUE PER DELIVERY INSTRUCTIONS (PER CSD), IN USD",1153.136,A,1092.72,A,1014.655,A,868.4727,A,881.2846,A,945.1486,A,996.8871,A
CPMI_CT2:A:NL:V:NL1S:X:N:N,"A","Annual","NL","Netherlands","V","Central securities depositories","NL1S","Euroclear Netherlands","X","All participants","N","Number","N","Units","A","All users","0","Units","E","End of period","0","CSD4","TOTAL NUMBER OF PARTICIPANTS (TOTAL NUMBER OF DIRECT PARTICIPANTS IN CSDs)",67,A,69,A,71,A,69,A,69,A,69,A,75,A
CPMI_CT2:A:RU:A:RU1P:P:N:F,"A","Annual","RU","Russia","A","Payment systems, large-value","RU1P","BESP System (discontinued)","P","Concentration ratio in terms of volume","N","Number","F","Percent","A","All users","0","Units","S","Summed through period","2","PS4","CONCENTRATION RATIO IN TERMS OF VOLUME",18.1,A,12.9,A,21.8,A,22.29,A,26.08,A,42.53,A,,L
CPMI_CT2:A:RU:A:RU1P:Q:N:F,"A","Annual","RU","Russia","A","Payment systems, large-value","RU1P","BESP System (discontinued)","Q","Concentration ratio in terms of value","N","Number","F","Percent","A","All users","0","Units","S","Summed through period","2","PS4","CONCENTRATION RATIO IN TERMS OF VALUE",47.4,A,51.6,A,41.41,A,61.97,A,62.02,A,51.45,A,,L
CPMI_CT2:A:RU:A:RU1P:V:N:G,"A","Annual","RU","Russia","A","Payment systems, large-value","RU1P","BESP System (discontinued)","V","Payment transactions","N","Number","G","Annual growth","A","All users","0","Units","S","Summed through period","2","PS2","INCREASE IN THE NUMBER OF TRANSACTIONS (TOTAL GROSS VOLUME PER SYSTEM)",,,77.0395,A,39.0024,A,11.2098,A,3.5956,A,35.3308,A,,L
CPMI_CT2:A:RU:A:RU1P:V:N:N,"A","Annual","RU","Russia","A","Payment systems, large-value","RU1P","BESP System (discontinued)","V","Payment transactions","N","Number","N","Units","A","All users","6","Millions","S","Summed through period","3","PS2","NUMBER OF TRANSACTIONS (TOTAL GROSS VOLUME PER SYSTEM)",1.189,A,2.105,A,2.926,A,3.254,A,3.371,A,4.562,A,,L
CPMI_CT2:A:RU:A:RU1P:V:V:A,"A","Annual","RU","Russia","A","Payment systems, large-value","RU1P","BESP System (discontinued)","V","Payment transactions","V","Value","A","In USD","A","All users","9","Billions","S","Summed through period","3","PS3","VALUE OF TRANSACTIONS (TOTAL GROSS VALUE PER SYSTEM), IN USD",14380.5696,A,15816.5431,A,12330.8758,A,8732.8624,A,8362.2231,A,19812.193,A,,L
CPMI_CT2:A:RU:A:RU1P:V:V:H,"A","Annual","RU","Russia","A","Payment systems, large-value","RU1P","BESP System (discontinued)","V","Payment transactions","V","Value","H","Annual real growth","A","All users","0","Units","S","Summed through period","2","PS3","INCREASE IN THE REAL VALUE OF TRANSACTIONS (PER SYSTEM)",,,3.0188,A,-27.6966,A,-38.696,A,-10.5509,A,128.5045,A,,L
CPMI_CT2:A:RU:A:RU1P:V:V:I,"A","Annual","RU","Russia","A","Payment systems, large-value","RU1P","BESP System (discontinued)","V","Payment transactions","V","Value","I","In % of GDP","A","All users","0","Units","S","Summed through period","3","PS3","VALUE OF TRANSACTIONS AS A PERCENTAGE OF GDP (PER SYSTEM)",656.1513,A,689.3013,A,601.5177,A,644.6494,A,651.1999,A,1255.4528,A,,L
CPMI_CT2:A:RU:A:RU1P:V:V:S,"A","Annual","RU","Russia","A","Payment systems, large-value","RU1P","BESP System (discontinued)","V","Payment transactions","V","Value","S","Per transaction","A","All users","3","Thousands","S","Summed through period","3","PS3","AVERAGE VALUE OF TRANSACTIONS (PER SYSTEM), IN USD",12094.6759,A,7513.7972,A,4214.2433,A,2683.7315,A,2480.6358,A,4342.8744,A,,L
CPMI_CT2:A:RU:A:RU1P:X:N:N,"A","Annual","RU","Russia","A","Payment systems, large-value","RU1P","BESP System (discontinued)","X","All participants","N","Number","N","Units","A","All users","0","Units","E","End of period","0","PS4","TOTAL NUMBER OF PARTICIPANTS",2894,A,2776,A,2495,A,2113,A,1741,A,1503,A,,L
CPMI_CT2:A:RU:A:RU1P:Y:N:N,"A","Annual","RU","Russia","A","Payment systems, large-value","RU1P","BESP System (discontinued)","Y","Directly connected participants","N","Number","N","Units","A","All users","0","Units","E","End of period","0","PS4","TOTAL NUMBER OF PARTICIPANTS OF WHICH DIRECTLY CONNECTED PARTICIPANTS",2894,A,2776,A,2495,A,2113,A,1741,A,1503,A,,L
CPMI_CT2:A:RU:H:RU2P:V:N:G,"A","Annual","RU","Russia","H","Payment systems, large-value & retail","RU2P","VER (discontinued)","V","Payment transactions","N","Number","G","Annual growth","A","All users","0","Units","S","Summed through period","2","PS2","INCREASE IN THE NUMBER OF TRANSACTIONS (TOTAL GROSS VOLUME PER SYSTEM)",,,1.2184,A,-1.5977,A,-2.7014,A,-6.1341,A,0.94697,A,,L
CPMI_CT2:A:RU:H:RU2P:V:N:N,"A","Annual","RU","Russia","H","Payment systems, large-value & retail","RU2P","VER (discontinued)","V","Payment transactions","N","Number","N","Units","A","All users","6","Millions","S","Summed through period","3","PS2","NUMBER OF TRANSACTIONS (TOTAL GROSS VOLUME PER SYSTEM)",923.355,A,934.605,A,919.673,A,894.829,A,839.939,A,847.893,A,,L
CPMI_CT2:A:RU:H:RU2P:V:V:A,"A","Annual","RU","Russia","H","Payment systems, large-value & retail","RU2P","VER (discontinued)","V","Payment transactions","V","Value","A","In USD","A","All users","9","Billions","S","Summed through period","3","PS3","VALUE OF TRANSACTIONS (TOTAL GROSS VALUE PER SYSTEM), IN USD",19266.8036,A,18961.4633,A,15757.8396,A,11298.4298,A,9632.0731,A,3168.7295,A,,L
CPMI_CT2:A:RU:H:RU2P:V:V:H,"A","Annual","RU","Russia","H","Payment systems, large-value & retail","RU2P","VER (discontinued)","V","Payment transactions","V","Value","H","Annual real growth","A","All users","0","Units","S","Summed through period","2","PS3","INCREASE IN THE REAL VALUE OF TRANSACTIONS (PER SYSTEM)",,,-7.8186,A,-22.9272,A,-37.9349,A,-20.3635,A,-68.2715,A,,L
CPMI_CT2:A:RU:H:RU2P:V:V:I,"A","Annual","RU","Russia","H","Payment systems, large-value & retail","RU2P","VER (discontinued)","V","Payment transactions","V","Value","I","In % of GDP","A","All users","0","Units","S","Summed through period","3","PS3","VALUE OF TRANSACTIONS AS A PERCENTAGE OF GDP (PER SYSTEM)",879.0985,A,826.3601,A,768.6899,A,834.0365,A,750.0882,A,200.795,A,,L
CPMI_CT2:A:RU:H:RU2P:V:V:S,"A","Annual","RU","Russia","H","Payment systems, large-value & retail","RU2P","VER (discontinued)","V","Payment transactions","V","Value","S","Per transaction","A","All users","3","Thousands","S","Summed through period","3","PS3","AVERAGE VALUE OF TRANSACTIONS (PER SYSTEM), IN USD",20.8661,A,20.2882,A,17.1342,A,12.6264,A,11.4676,A,3.7372,A,,L
CPMI_CT2:A:RU:H:RU2P:X:N:N,"A","Annual","RU","Russia","H","Payment systems, large-value & retail","RU2P","VER (discontinued)","X","All participants","N","Number","N","Units","A","All users","0","Units","E","End of period","0","PS4","TOTAL NUMBER OF PARTICIPANTS",2991,A,2773,A,2426,A,2038,A,1658,A,1417,A,,L
CPMI_CT2:A:RU:H:RU2P:Y:N:N,"A","Annual","RU","Russia","H","Payment systems, large-value & retail","RU2P","VER (discontinued)","Y","Directly connected participants","N","Number","N","Units","A","All users","0","Units","E","End of period","0","PS4","TOTAL NUMBER OF PARTICIPANTS OF WHICH DIRECTLY CONNECTED PARTICIPANTS",2991,A,2773,A,2426,A,2038,A,1658,A,1417,A,,L
CPMI_CT2:A:RU:H:RU3P:V:N:G,"A","Annual","RU","Russia","H","Payment systems, large-value & retail","RU3P","MER (discontinued)","V","Payment transactions","N","Number","G","Annual growth","A","All users","0","Units","S","Summed through period","2","PS2","INCREASE IN THE NUMBER OF TRANSACTIONS (TOTAL GROSS VOLUME PER SYSTEM)",,,21.0873,A,10.781,A,11.72,A,18.4333,A,14.1799,A,,L
CPMI_CT2:A:RU:H:RU3P:V:N:N,"A","Annual","RU","Russia","H","Payment systems, large-value & retail","RU3P","MER (discontinued)","V","Payment transactions","N","Number","N","Units","A","All users","6","Millions","S","Summed through period","3","PS2","NUMBER OF TRANSACTIONS (TOTAL GROSS VOLUME PER SYSTEM)",333.941,A,404.36,A,447.954,A,500.454,A,592.704,A,676.749,A,,L
CPMI_CT2:A:RU:H:RU3P:V:V:A,"A","Annual","RU","Russia","H","Payment systems, large-value & retail","RU3P","MER (discontinued)","V","Payment transactions","V","Value","A","In USD","A","All users","9","Billions","S","Summed through period","3","PS3","VALUE OF TRANSACTIONS (TOTAL GROSS VALUE PER SYSTEM), IN USD",3328.9306,A,3650.0069,A,3161.0842,A,2084.0999,A,2011.726,A,1707.5182,A,,L
CPMI_CT2:A:RU:H:RU3P:V:V:H,"A","Annual","RU","Russia","H","Payment systems, large-value & retail","RU3P","MER (discontinued)","V","Payment transactions","V","Value","H","Annual real growth","A","All users","0","Units","S","Summed through period","2","PS3","INCREASE IN THE REAL VALUE OF TRANSACTIONS (PER SYSTEM)",,,2.6999,A,-19.6809,A,-42.9299,A,-9.8302,A,-18.1384,A,,L
CPMI_CT2:A:RU:H:RU3P:V:V:I,"A","Annual","RU","Russia","H","Payment systems, large-value & retail","RU3P","MER (discontinued)","V","Payment transactions","V","Value","I","In % of GDP","A","All users","0","Units","S","Summed through period","3","PS3","VALUE OF TRANSACTIONS AS A PERCENTAGE OF GDP (PER SYSTEM)",151.8912,A,159.0711,A,154.2022,A,153.8458,A,156.6612,A,108.2015,A,,L
CPMI_CT2:A:RU:H:RU3P:V:V:S,"A","Annual","RU","Russia","H","Payment systems, large-value & retail","RU3P","MER (discontinued)","V","Payment transactions","V","Value","S","Per transaction","A","All users","3","Thousands","S","Summed through period","3","PS3","AVERAGE VALUE OF TRANSACTIONS (PER SYSTEM), IN USD",9.9686,A,9.0266,A,7.0567,A,4.1644,A,3.3941,A,2.5231,A,,L
CPMI_CT2:A:RU:H:RU3P:X:N:N,"A","Annual","RU","Russia","H","Payment systems, large-value & retail","RU3P","MER (discontinued)","X","All participants","N","Number","N","Units","A","All users","0","Units","E","End of period","0","PS4","TOTAL NUMBER OF PARTICIPANTS",2996,A,2773,A,2426,A,2038,A,1658,A,1417,A,,L
CPMI_CT2:A:RU:H:RU3P:Y:N:N,"A","Annual","RU","Russia","H","Payment systems, large-value & retail","RU3P","MER (discontinued)","Y","Directly connected participants","N","Number","N","Units","A","All users","0","Units","E","End of period","0","PS4","TOTAL NUMBER OF PARTICIPANTS OF WHICH DIRECTLY CONNECTED PARTICIPANTS",2996,A,2773,A,2426,A,2038,A,1658,A,1417,A,,L
CPMI_CT2:A:RU:H:RU4P:V:N:G,"A","Annual","RU","Russia","H","Payment systems, large-value & retail","RU4P","Payments using letters of advice (discontinued)","V","Payment transactions","N","Number","G","Annual growth","A","All users","0","Units","S","Summed through period","2","PS2","INCREASE IN THE NUMBER OF TRANSACTIONS (TOTAL GROSS VOLUME PER SYSTEM)",,,-74.6562,A,-95.3488,A,-33.3333,A,-50,A,-100,A,,L
CPMI_CT2:A:RU:H:RU4P:V:N:N,"A","Annual","RU","Russia","H","Payment systems, large-value & retail","RU4P","Payments using letters of advice (discontinued)","V","Payment transactions","N","Number","N","Units","A","All users","6","Millions","S","Summed through period","3","PS2","NUMBER OF TRANSACTIONS (TOTAL GROSS VOLUME PER SYSTEM)",0.509,A,0.129,A,0.006,A,0.004,A,0.002,A,0,A,,L
CPMI_CT2:A:RU:H:RU4P:V:V:A,"A","Annual","RU","Russia","H","Payment systems, large-value & retail","RU4P","Payments using letters of advice (discontinued)","V","Payment transactions","V","Value","A","In USD","A","All users","9","Billions","S","Summed through period","3","PS3","VALUE OF TRANSACTIONS (TOTAL GROSS VALUE PER SYSTEM), IN USD",15.3143,A,3.0228,A,0.058777,A,0.039571,A,0.044041,A,8.5672e-08,A,,L
CPMI_CT2:A:RU:H:RU4P:V:V:H,"A","Annual","RU","Russia","H","Payment systems, large-value & retail","RU4P","Payments using letters of advice (discontinued)","V","Payment transactions","V","Value","H","Annual real growth","A","All users","0","Units","S","Summed through period","2","PS3","INCREASE IN THE REAL VALUE OF TRANSACTIONS (PER SYSTEM)",,,-81.5117,A,-98.1967,A,-41.7235,A,3.966,A,-99.9998,A,,L
CPMI_CT2:A:RU:H:RU4P:V:V:I,"A","Annual","RU","Russia","H","Payment systems, large-value & retail","RU4P","Payments using letters of advice (discontinued)","V","Payment transactions","V","Value","I","In % of GDP","A","All users","0","Units","S","Summed through period","3","PS3","VALUE OF TRANSACTIONS AS A PERCENTAGE OF GDP (PER SYSTEM)",0.69875,A,0.13174,A,0.0028672,A,0.0029211,A,0.0034296,A,5.4288e-09,A,,L
CPMI_CT2:A:RU:H:RU4P:V:V:S,"A","Annual","RU","Russia","H","Payment systems, large-value & retail","RU4P","Payments using letters of advice (discontinued)","V","Payment transactions","V","Value","S","Per transaction","A","All users","3","Thousands","S","Summed through period","3","PS3","AVERAGE VALUE OF TRANSACTIONS (PER SYSTEM), IN USD",30.087,A,23.4327,A,9.7962,A,9.8927,A,22.0205,A,,L,,L
CPMI_CT2:A:RU:H:RU4P:X:N:N,"A","Annual","RU","Russia","H","Payment systems, large-value & retail","RU4P","Payments using letters of advice (discontinued)","X","All participants","N","Number","N","Units","A","All users","0","Units","E","End of period","0","PS4","TOTAL NUMBER OF PARTICIPANTS",86,A,85,A,86,A,82,A,81,A,81,A,,L
CPMI_CT2:A:RU:H:RU4P:Y:N:N,"A","Annual","RU","Russia","H","Payment systems, large-value & retail","RU4P","Payments using letters of advice (discontinued)","Y","Directly connected participants","N","Number","N","Units","A","All users","0","Units","E","End of period","0","PS4","TOTAL NUMBER OF PARTICIPANTS OF WHICH DIRECTLY CONNECTED PARTICIPANTS",86,A,85,A,86,A,82,A,81,A,81,A,,L
CPMI_CT2:A:RU:H:RU5P:P:N:F,"A","Annual","RU","Russia","H","Payment systems, large-value & retail","RU5P","NSD Payment System","P","Concentration ratio in terms of volume","N","Number","F","Percent","A","All users","0","Units","S","Summed through period","2","PS4","CONCENTRATION RATIO IN TERMS OF VOLUME",,L,,L,,L,51.72,A,51.55,A,51.98,A,54.37,A
CPMI_CT2:A:RU:H:RU5P:Q:N:F,"A","Annual","RU","Russia","H","Payment systems, large-value & retail","RU5P","NSD Payment System","Q","Concentration ratio in terms of value","N","Number","F","Percent","A","All users","0","Units","S","Summed through period","2","PS4","CONCENTRATION RATIO IN TERMS OF VALUE",,L,,L,,L,70.2,A,71.35,A,67.49,A,59.99,A
CPMI_CT2:A:RU:H:RU5P:V:N:G,"A","Annual","RU","Russia","H","Payment systems, large-value & retail","RU5P","NSD Payment System","V","Payment transactions","N","Number","G","Annual growth","A","All users","0","Units","S","Summed through period","2","PS2","INCREASE IN THE NUMBER OF TRANSACTIONS (TOTAL GROSS VOLUME PER SYSTEM)",,,,L,,L,,L,-4.3307,A,-7.1331,A,-16.3959,A
CPMI_CT2:A:RU:H:RU5P:V:N:N,"A","Annual","RU","Russia","H","Payment systems, large-value & retail","RU5P","NSD Payment System","V","Payment transactions","N","Number","N","Units","A","All users","6","Millions","S","Summed through period","3","PS2","NUMBER OF TRANSACTIONS (TOTAL GROSS VOLUME PER SYSTEM)",,L,,L,,L,0.762,A,0.729,A,0.677,A,0.566,A
CPMI_CT2:A:RU:H:RU5P:V:V:A,"A","Annual","RU","Russia","H","Payment systems, large-value & retail","RU5P","NSD Payment System","V","Payment transactions","V","Value","A","In USD","A","All users","9","Billions","S","Summed through period","3","PS3","VALUE OF TRANSACTIONS (TOTAL GROSS VALUE PER SYSTEM), IN USD",,L,,L,,L,2533.2741,A,2396.6502,A,3232.8276,A,2087.5813,A
CPMI_CT2:A:RU:H:RU5P:V:V:H,"A","Annual","RU","Russia","H","Payment systems, large-value & retail","RU5P","NSD Payment System","V","Payment transactions","V","Value","H","Annual real growth","A","All users","0","Units","S","Summed through period","2","PS3","INCREASE IN THE REAL VALUE OF TRANSACTIONS (PER SYSTEM)",,,,L,,L,,L,-11.6243,A,30.0954,A,-37.2251,A
CPMI_CT2:A:RU:H:RU5P:V:V:I,"A","Annual","RU","Russia","H","Payment systems, large-value & retail","RU5P","NSD Payment System","V","Payment transactions","V","Value","I","In % of GDP","A","All users","0","Units","S","Summed through period","3","PS3","VALUE OF TRANSACTIONS AS A PERCENTAGE OF GDP (PER SYSTEM)",,L,,L,,L,187.0032,A,186.6368,A,204.8568,A,126.2211,A
CPMI_CT2:A:RU:H:RU5P:V:V:S,"A","Annual","RU","Russia","H","Payment systems, large-value & retail","RU5P","NSD Payment System","V","Payment transactions","V","Value","S","Per transaction","A","All users","3","Thousands","S","Summed through period","3","PS3","AVERAGE VALUE OF TRANSACTIONS (PER SYSTEM), IN USD",,L,,L,,L,3324.5066,A,3287.586,A,4775.2253,A,3688.3062,A
CPMI_CT2:A:RU:H:RU5P:X:N:N,"A","Annual","RU","Russia","H","Payment systems, large-value & retail","RU5P","NSD Payment System","X","All participants","N","Number","N","Units","A","All users","0","Units","E","End of period","0","PS4","TOTAL NUMBER OF PARTICIPANTS",,L,,L,,L,730,A,656,A,526,A,454,A
CPMI_CT2:A:RU:H:RU5P:Y:N:N,"A","Annual","RU","Russia","H","Payment systems, large-value & retail","RU5P","NSD Payment System","Y","Directly connected participants","N","Number","N","Units","A","All users","0","Units","E","End of period","0","PS4","TOTAL NUMBER OF PARTICIPANTS OF WHICH DIRECTLY CONNECTED PARTICIPANTS",,L,,L,,L,730,A,656,A,526,A,454,A
CPMI_CT2:A:RU:I:RU6P:P:N:F,"A","Annual","RU","Russia","I","Payment systems, large-value & fast payments","RU6P","Bank of Russia Payment System","P","Concentration ratio in terms of volume","N","Number","F","Percent","A","All users","0","Units","S","Summed through period","2","PS4","CONCENTRATION RATIO IN TERMS OF VOLUME",,,,,,,,,,,,,53.47,A
CPMI_CT2:A:RU:I:RU6P:Q:N:F,"A","Annual","RU","Russia","I","Payment systems, large-value & fast payments","RU6P","Bank of Russia Payment System","Q","Concentration ratio in terms of value","N","Number","F","Percent","A","All users","0","Units","S","Summed through period","2","PS4","CONCENTRATION RATIO IN TERMS OF VALUE",,,,,,,,,,,,,50.26,A
CPMI_CT2:A:RU:I:RU6P:V:N:N,"A","Annual","RU","Russia","I","Payment systems, large-value & fast payments","RU6P","Bank of Russia Payment System","V","Payment transactions","N","Number","N","Units","A","All users","6","Millions","S","Summed through period","3","PS2","NUMBER OF TRANSACTIONS (TOTAL GROSS VOLUME PER SYSTEM)",,,,,,,,,,,,,1591.269,A
CPMI_CT2:A:RU:I:RU6P:V:V:A,"A","Annual","RU","Russia","I","Payment systems, large-value & fast payments","RU6P","Bank of Russia Payment System","V","Payment transactions","V","Value","A","In USD","A","All users","9","Billions","S","Summed through period","3","PS3","VALUE OF TRANSACTIONS (TOTAL GROSS VALUE PER SYSTEM), IN USD",,,,,,,,,,,,,27308.3207,A
CPMI_CT2:A:RU:I:RU6P:V:V:I,"A","Annual","RU","Russia","I","Payment systems, large-value & fast payments","RU6P","Bank of Russia Payment System","V","Payment transactions","V","Value","I","In % of GDP","A","All users","0","Units","S","Summed through period","3","PS3","VALUE OF TRANSACTIONS AS A PERCENTAGE OF GDP (PER SYSTEM)",,,,,,,,,,,,,1651.1382,A
CPMI_CT2:A:RU:I:RU6P:V:V:S,"A","Annual","RU","Russia","I","Payment systems, large-value & fast payments","RU6P","Bank of Russia Payment System","V","Payment transactions","V","Value","S","Per transaction","A","All users","3","Thousands","S","Summed through period","3","PS3","AVERAGE VALUE OF TRANSACTIONS (PER SYSTEM), IN USD",,,,,,,,,,,,,17.1613,A
CPMI_CT2:A:RU:I:RU6P:X:N:N,"A","Annual","RU","Russia","I","Payment systems, large-value & fast payments","RU6P","Bank of Russia Payment System","X","All participants","N","Number","N","Units","A","All users","0","Units","E","End of period","0","PS4","TOTAL NUMBER OF PARTICIPANTS",,,,,,,,,,,,,1979,A
CPMI_CT2:A:RU:I:RU6P:Y:N:N,"A","Annual","RU","Russia","I","Payment systems, large-value & fast payments","RU6P","Bank of Russia Payment System","Y","Directly connected participants","N","Number","N","Units","A","All users","0","Units","E","End of period","0","PS4","TOTAL NUMBER OF PARTICIPANTS OF WHICH DIRECTLY CONNECTED PARTICIPANTS",,,,,,,,,,,,,1979,A
CPMI_CT2:A:RU:U:RU2C:V:N:N,"A","Annual","RU","Russia","U","Central counterparties/clearing houses","RU2C","RTS CC","V","Payment transactions","N","Number","N","Units","A","All users","3","Thousands","S","Summed through period","3","CCP2","NUMBER OF TRANSACTIONS (TOTAL NUMBER OF CONTRACTS AND TRANSACTIONS PER CCP OR CLEARING HOUSE)",990547.957,A,,L,,L,,L,,L,,L,,L
CPMI_CT2:A:RU:U:RU2C:V:V:A,"A","Annual","RU","Russia","U","Central counterparties/clearing houses","RU2C","RTS CC","V","Payment transactions","V","Value","A","In USD","A","All users","9","Billions","S","Summed through period","3","CCP3","VALUE OF TRANSACTIONS (TOTAL VALUE OF CONTRACTS AND TRANSACTIONS PER CCP OR CLEARING HOUSE), IN USD",1557.6896,A,,L,,L,,L,,L,,L,,L
CPMI_CT2:A:RU:U:RU2C:V:V:I,"A","Annual","RU","Russia","U","Central counterparties/clearing houses","RU2C","RTS CC","V","Payment transactions","V","Value","I","In % of GDP","A","All users","0","Units","S","Summed through period","3","CCP3","VALUE OF TRANSACTIONS AS A PERCENTAGE OF GDP (PER CCP OR CLEARING HOUSE)",71.0737,A,,L,,L,,L,,L,,L,,L
CPMI_CT2:A:RU:U:RU2C:V:V:S,"A","Annual","RU","Russia","U","Central counterparties/clearing houses","RU2C","RTS CC","V","Payment transactions","V","Value","S","Per transaction","A","All users","3","Thousands","S","Summed through period","3","CCP3","AVERAGE VALUE OF TRANSACTIONS (PER CCP OR CLEARING HOUSE), IN USD",1.5726,A,,L,,L,,L,,L,,L,,L
CPMI_CT2:A:RU:U:RU3C:V:N:G,"A","Annual","RU","Russia","U","Central counterparties/clearing houses","RU3C","National Settlement Depository (NSD)","V","Payment transactions","N","Number","G","Annual growth","A","All users","0","Units","S","Summed through period","2","CCP2","INCREASE IN THE NUMBER OF TRANSACTIONS (PER CCP OR CLEARING HOUSE)",,,,L,41.9876,A,-12.4631,A,10.8015,A,53.2357,A,16.0639,A
CPMI_CT2:A:RU:U:RU3C:V:N:N,"A","Annual","RU","Russia","U","Central counterparties/clearing houses","RU3C","National Settlement Depository (NSD)","V","Payment transactions","N","Number","N","Units","A","All users","3","Thousands","S","Summed through period","3","CCP2","NUMBER OF TRANSACTIONS (TOTAL NUMBER OF CONTRACTS AND TRANSACTIONS PER CCP OR CLEARING HOUSE)",,L,87.059,A,123.613,A,108.207,A,119.895,A,183.722,A,213.235,A
CPMI_CT2:A:RU:U:RU3C:V:V:A,"A","Annual","RU","Russia","U","Central counterparties/clearing houses","RU3C","National Settlement Depository (NSD)","V","Payment transactions","V","Value","A","In USD","A","All users","9","Billions","S","Summed through period","3","CCP3","VALUE OF TRANSACTIONS (TOTAL VALUE OF CONTRACTS AND TRANSACTIONS PER CCP OR CLEARING HOUSE), IN USD",,L,897.2828,A,3025.5129,A,1568.2878,A,1482.4909,A,1585.9164,A,685.5007,A
CPMI_CT2:A:RU:U:RU3C:V:V:H,"A","Annual","RU","Russia","U","Central counterparties/clearing houses","RU3C","National Settlement Depository (NSD)","V","Payment transactions","V","Value","H","Annual real growth","A","All users","0","Units","S","Summed through period","2","CCP3","INCREASE IN THE REAL VALUE OF TRANSACTIONS (PER CCP OR CLEARING HOUSE)",,,,L,212.7131,A,-55.1303,A,-11.6967,A,3.1745,A,-57.9803,A
CPMI_CT2:A:RU:U:RU3C:V:V:I,"A","Annual","RU","Russia","U","Central counterparties/clearing houses","RU3C","National Settlement Depository (NSD)","V","Payment transactions","V","Value","I","In % of GDP","A","All users","0","Units","S","Summed through period","3","CCP3","VALUE OF TRANSACTIONS AS A PERCENTAGE OF GDP (PER CCP OR CLEARING HOUSE)",,L,39.1045,A,147.5888,A,115.7691,A,115.4475,A,100.4959,A,41.4473,A
CPMI_CT2:A:RU:U:RU3C:V:V:S,"A","Annual","RU","Russia","U","Central counterparties/clearing houses","RU3C","National Settlement Depository (NSD)","V","Payment transactions","V","Value","S","Per transaction","A","All users","3","Thousands","S","Summed through period","3","CCP3","AVERAGE VALUE OF TRANSACTIONS (PER CCP OR CLEARING HOUSE), IN USD",,L,10306.6061,A,24475.6853,A,14493.4041,A,12364.91,A,8632.1531,A,3214.7664,A
CPMI_CT2:A:RU:U:RU3C:Z:N:N,"A","Annual","RU","Russia","U","Central counterparties/clearing houses","RU3C","National Settlement Depository (NSD)","Z","Clearing members","N","Number","N","Units","A","All users","0","Units","E","End of period","0","CCP4","NUMBER OF CLEARING MEMBERS IN CCPs AND CLEARING HOUSES",,L,289,A,333,A,358,A,350,A,333,A,312,A
CPMI_CT2:A:RU:U:RU4C:V:N:G,"A","Annual","RU","Russia","U","Central counterparties/clearing houses","RU4C","Central Counterparty National Clearing Centre (CCP NCC)","V","Payment transactions","N","Number","G","Annual growth","A","All users","0","Units","S","Summed through period","2","CCP2","INCREASE IN THE NUMBER OF TRANSACTIONS (PER CCP OR CLEARING HOUSE)",,,33.6181,A,24.3466,A,49.0175,A,5.9332,A,-17.1771,A,2.8763,A
CPMI_CT2:A:RU:U:RU4C:V:N:N,"A","Annual","RU","Russia","U","Central counterparties/clearing houses","RU4C","Central Counterparty National Clearing Centre (CCP NCC)","V","Payment transactions","N","Number","N","Units","A","All users","3","Thousands","S","Summed through period","3","CCP2","NUMBER OF TRANSACTIONS (TOTAL NUMBER OF CONTRACTS AND TRANSACTIONS PER CCP OR CLEARING HOUSE)",174153.509,A,232700.597,A,289355.304,A,431189.904,A,456773.313,A,378312.923,A,389194.419,A
CPMI_CT2:A:RU:U:RU4C:V:V:A,"A","Annual","RU","Russia","U","Central counterparties/clearing houses","RU4C","Central Counterparty National Clearing Centre (CCP NCC)","V","Payment transactions","V","Value","A","In USD","A","All users","9","Billions","S","Summed through period","3","CCP3","VALUE OF TRANSACTIONS (TOTAL VALUE OF CONTRACTS AND TRANSACTIONS PER CCP OR CLEARING HOUSE), IN USD",5957.3829,A,11894.4543,A,10790.4,A,8196.4765,A,9826.3036,A,12487.8061,A,11183.7977,A
CPMI_CT2:A:RU:U:RU4C:V:V:H,"A","Annual","RU","Russia","U","Central counterparties/clearing houses","RU4C","Central Counterparty National Clearing Centre (CCP NCC)","V","Payment transactions","V","Value","H","Annual real growth","A","All users","0","Units","S","Summed through period","2","CCP3","INCREASE IN THE REAL VALUE OF TRANSACTIONS (PER CCP OR CLEARING HOUSE)",,,87.0123,A,-15.8664,A,-34.247,A,11.9885,A,22.5688,A,-12.9381,A
CPMI_CT2:A:RU:U:RU4C:V:V:I,"A","Annual","RU","Russia","U","Central counterparties/clearing houses","RU4C","Central Counterparty National Clearing Centre (CCP NCC)","V","Payment transactions","V","Value","I","In % of GDP","A","All users","0","Units","S","Summed through period","3","CCP3","VALUE OF TRANSACTIONS AS A PERCENTAGE OF GDP (PER CCP OR CLEARING HOUSE)",271.8212,A,518.3726,A,526.3711,A,605.0541,A,765.2137,A,791.3233,A,676.204,A
CPMI_CT2:A:RU:U:RU4C:V:V:S,"A","Annual","RU","Russia","U","Central counterparties/clearing houses","RU4C","Central Counterparty National Clearing Centre (CCP NCC)","V","Payment transactions","V","Value","S","Per transaction","A","All users","3","Thousands","S","Summed through period","3","CCP3","AVERAGE VALUE OF TRANSACTIONS (PER CCP OR CLEARING HOUSE), IN USD",34.2077,A,51.1148,A,37.2912,A,19.009,A,21.5124,A,33.0092,A,28.7358,A
CPMI_CT2:A:RU:U:RU4C:Z:N:N,"A","Annual","RU","Russia","U","Central counterparties/clearing houses","RU4C","Central Counterparty National Clearing Centre (CCP NCC)","Z","Clearing members","N","Number","N","Units","A","All users","0","Units","E","End of period","0","CCP4","NUMBER OF CLEARING MEMBERS IN CCPs AND CLEARING HOUSES",727,A,825,A,794,A,713,A,655,A,560,A,552,A
CPMI_CT2:A:RU:V:RU2S:O:N:N,"A","Annual","RU","Russia","V","Central securities depositories","RU2S","DCC","O","Securities held","N","Number","N","Units","A","All users","3","Thousands","E","End of period","3","CSD5","TOTAL NUMBER OF SECURITIES HELD",1.11,A,0.51,A,,L,,L,,L,,L,,L
CPMI_CT2:A:RU:V:RU2S:O:V:A,"A","Annual","RU","Russia","V","Central securities depositories","RU2S","DCC","O","Securities held","V","Value","A","In USD","A","All users","6","Millions","S","Summed through period","3","CSD5","TOTAL VALUE OF SECURITIES HELD, IN USD",28040.0636,A,130.7167,A,,L,,L,,L,,L,,L
CPMI_CT2:A:RU:V:RU2S:W:N:G,"A","Annual","RU","Russia","V","Central securities depositories","RU2S","DCC","W","Delivery instructions","N","Number","G","Annual growth","A","All users","0","Units","S","Summed through period","2","CSD2","INCREASE IN THE NUMBER OF DELIVERY INSTRUCTIONS (PER CSD)",-12.2047,A,-99.6664,A,,L,,L,,L,,L,,L
CPMI_CT2:A:RU:V:RU2S:W:N:N,"A","Annual","RU","Russia","V","Central securities depositories","RU2S","DCC","W","Delivery instructions","N","Number","N","Units","A","All users","3","Thousands","S","Summed through period","3","CSD2","NUMBER OF DELIVERY INSTRUCTIONS (TOTAL NUMBER OF DELIVERY INSTRUCTIONS PER CSD)",113.91,A,0.38,A,,L,,L,,L,,L,,L
CPMI_CT2:A:RU:V:RU2S:W:V:A,"A","Annual","RU","Russia","V","Central securities depositories","RU2S","DCC","W","Delivery instructions","V","Value","A","In USD","A","All users","9","Billions","S","Summed through period","3","CSD3","VALUE OF DELIVERY INSTRUCTIONS (TOTAL VALUE OF DELIVERY INSTRUCTIONS PER CSD), IN USD",107.2704,A,2.1649,A,,L,,L,,L,,L,,L
CPMI_CT2:A:RU:V:RU2S:W:V:H,"A","Annual","RU","Russia","V","Central securities depositories","RU2S","DCC","W","Delivery instructions","V","Value","H","Annual real growth","A","All users","0","Units","S","Summed through period","2","CSD3","INCREASE IN THE REAL VALUE OF DELIVERY INSTRUCTIONS (PER CSD)",-39.3173,A,-98.1097,A,,L,,L,,L,,L,,L
CPMI_CT2:A:RU:V:RU2S:W:V:I,"A","Annual","RU","Russia","V","Central securities depositories","RU2S","DCC","W","Delivery instructions","V","Value","I","In % of GDP","A","All users","0","Units","S","Summed through period","2","CSD3","VALUE OF DELIVERY INSTRUCTIONS AS A PERCENTAGE OF GDP (PER CSD)",4.8945,A,0.094347,A,,L,,L,,L,,L,,L
CPMI_CT2:A:RU:V:RU2S:W:V:S,"A","Annual","RU","Russia","V","Central securities depositories","RU2S","DCC","W","Delivery instructions","V","Value","S","Per transaction","A","All users","3","Thousands","S","Summed through period","3","CSD3","AVERAGE VALUE PER DELIVERY INSTRUCTIONS (PER CSD), IN USD",941.7122,A,5697.0257,A,,L,,L,,L,,L,,L
CPMI_CT2:A:RU:V:RU2S:X:N:N,"A","Annual","RU","Russia","V","Central securities depositories","RU2S","DCC","X","All participants","N","Number","N","Units","A","All users","0","Units","E","End of period","0","CSD4","TOTAL NUMBER OF PARTICIPANTS (TOTAL NUMBER OF DIRECT PARTICIPANTS IN CSDs)",199,A,115,A,,L,,L,,L,,L,,L
CPMI_CT2:A:RU:V:RU3S:O:N:N,"A","Annual","RU","Russia","V","Central securities depositories","RU3S","National Settlement Depository (NSD)","O","Securities held","N","Number","N","Units","A","All users","3","Thousands","E","End of period","3","CSD5","TOTAL NUMBER OF SECURITIES HELD",6.62,A,6.85,A,7.811,A,9.2,A,11.894,A,15.407,A,20.056,A
CPMI_CT2:A:RU:V:RU3S:O:V:A,"A","Annual","RU","Russia","V","Central securities depositories","RU3S","National Settlement Depository (NSD)","O","Securities held","V","Value","A","In USD","A","All users","6","Millions","S","Summed through period","3","CSD5","TOTAL VALUE OF SECURITIES HELD, IN USD",434929.8856,A,747231.4099,A,725791.808,A,579263.5368,A,599519.5906,A,761971.9962,A,793637.0828,A
CPMI_CT2:A:RU:V:RU3S:W:N:G,"A","Annual","RU","Russia","V","Central securities depositories","RU3S","National Settlement Depository (NSD)","W","Delivery instructions","N","Number","G","Annual growth","A","All users","0","Units","S","Summed through period","2","CSD2","INCREASE IN THE NUMBER OF DELIVERY INSTRUCTIONS (PER CSD)",-9.7499,A,11.3758,A,-4.3839,A,-1.7923,A,8.707,A,14.8257,A,12.4902,A
CPMI_CT2:A:RU:V:RU3S:W:N:N,"A","Annual","RU","Russia","V","Central securities depositories","RU3S","National Settlement Depository (NSD)","W","Delivery instructions","N","Number","N","Units","A","All users","3","Thousands","S","Summed through period","3","CSD2","NUMBER OF DELIVERY INSTRUCTIONS (TOTAL NUMBER OF DELIVERY INSTRUCTIONS PER CSD)",2341.963,A,2608.379,A,2494.029,A,2449.329,A,2662.593,A,3057.341,A,3439.208,A
CPMI_CT2:A:RU:V:RU3S:W:V:A,"A","Annual","RU","Russia","V","Central securities depositories","RU3S","National Settlement Depository (NSD)","W","Delivery instructions","V","Value","A","In USD","A","All users","9","Billions","S","Summed through period","3","CSD3","VALUE OF DELIVERY INSTRUCTIONS (TOTAL VALUE OF DELIVERY INSTRUCTIONS PER CSD), IN USD",4324.9518,A,5361.953,A,5267.8544,A,4147.998,A,4856.9193,A,7146.5449,A,7863.2829,A
CPMI_CT2:A:RU:V:RU3S:W:V:H,"A","Annual","RU","Russia","V","Central securities depositories","RU3S","National Settlement Depository (NSD)","W","Delivery instructions","V","Value","H","Annual real growth","A","All users","0","Units","S","Summed through period","2","CSD3","INCREASE IN THE REAL VALUE OF DELIVERY INSTRUCTIONS (PER CSD)",44.8271,A,16.1242,A,-8.8856,A,-31.8398,A,9.3788,A,41.912,A,6.9628,A
CPMI_CT2:A:RU:V:RU3S:W:V:I,"A","Annual","RU","Russia","V","Central securities depositories","RU3S","National Settlement Depository (NSD)","W","Delivery instructions","V","Value","I","In % of GDP","A","All users","0","Units","S","Summed through period","2","CSD3","VALUE OF DELIVERY INSTRUCTIONS AS A PERCENTAGE OF GDP (PER CSD)",197.3373,A,233.6794,A,256.9734,A,306.2002,A,378.2278,A,452.86,A,475.4363,A
CPMI_CT2:A:RU:V:RU3S:W:V:S,"A","Annual","RU","Russia","V","Central securities depositories","RU3S","National Settlement Depository (NSD)","W","Delivery instructions","V","Value","S","Per transaction","A","All users","3","Thousands","S","Summed through period","3","CSD3","AVERAGE VALUE PER DELIVERY INSTRUCTIONS (PER CSD), IN USD",1846.7208,A,2055.6648,A,2112.1865,A,1693.5242,A,1824.1313,A,2337.5034,A,2286.3645,A
CPMI_CT2:A:RU:V:RU3S:X:N:N,"A","Annual","RU","Russia","V","Central securities depositories","RU3S","National Settlement Depository (NSD)","X","All participants","N","Number","N","Units","A","All users","0","Units","E","End of period","0","CSD4","TOTAL NUMBER OF PARTICIPANTS (TOTAL NUMBER OF DIRECT PARTICIPANTS IN CSDs)",909,A,908,A,896,A,895,A,846,A,806,A,744,A
CPMI_CT2:A:SA:H:SA1P:P:N:F,"A","Annual","SA","Saudi Arabia","H","Payment systems, large-value & retail","SA1P","SARIE","P","Concentration ratio in terms of volume","N","Number","F","Percent","A","All users","0","Units","S","Summed through period","2","PS4","CONCENTRATION RATIO IN TERMS OF VOLUME",79,A,83,A,78,A,75,A,79,A,76,A,77,A
CPMI_CT2:A:SA:H:SA1P:Q:N:F,"A","Annual","SA","Saudi Arabia","H","Payment systems, large-value & retail","SA1P","SARIE","Q","Concentration ratio in terms of value","N","Number","F","Percent","A","All users","0","Units","S","Summed through period","2","PS4","CONCENTRATION RATIO IN TERMS OF VALUE",76,A,78,A,72,A,74,A,69,A,71,A,68,A
CPMI_CT2:A:SA:H:SA1P:V:N:G,"A","Annual","SA","Saudi Arabia","H","Payment systems, large-value & retail","SA1P","SARIE","V","Payment transactions","N","Number","G","Annual growth","A","All users","0","Units","S","Summed through period","2","PS2","INCREASE IN THE NUMBER OF TRANSACTIONS (TOTAL GROSS VOLUME PER SYSTEM)",25.3589,A,5.2467,A,11.3946,A,25.8106,A,12.7085,A,15.9135,A,31.218,A
CPMI_CT2:A:SA:H:SA1P:V:N:N,"A","Annual","SA","Saudi Arabia","H","Payment systems, large-value & retail","SA1P","SARIE","V","Payment transactions","N","Number","N","Units","A","All users","6","Millions","S","Summed through period","3","PS2","NUMBER OF TRANSACTIONS (TOTAL GROSS VOLUME PER SYSTEM)",53.6945,A,56.5117,A,62.951,A,79.199,A,89.264,A,103.469,A,135.77,A
CPMI_CT2:A:SA:H:SA1P:V:V:A,"A","Annual","SA","Saudi Arabia","H","Payment systems, large-value & retail","SA1P","SARIE","V","Payment transactions","V","Value","A","In USD","A","All users","9","Billions","S","Summed through period","3","PS3","VALUE OF TRANSACTIONS (TOTAL GROSS VALUE PER SYSTEM), IN USD",17438.0881,A,14567.3504,A,14510.0033,A,13020.3854,A,10589.1955,A,16583.2782,A,13329.0429,A
CPMI_CT2:A:SA:H:SA1P:V:V:H,"A","Annual","SA","Saudi Arabia","H","Payment systems, large-value & retail","SA1P","SARIE","V","Payment transactions","V","Value","H","Annual real growth","A","All users","0","Units","S","Summed through period","2","PS3","INCREASE IN THE REAL VALUE OF TRANSACTIONS (PER SYSTEM)",16.8762,A,-19.296,A,-2.5777,A,-11.3501,A,-20.3086,A,57.9266,A,-21.5647,A
CPMI_CT2:A:SA:H:SA1P:V:V:I,"A","Annual","SA","Saudi Arabia","H","Payment systems, large-value & retail","SA1P","SARIE","V","Payment transactions","V","Value","I","In % of GDP","A","All users","0","Units","S","Summed through period","3","PS3","VALUE OF TRANSACTIONS AS A PERCENTAGE OF GDP (PER SYSTEM)",2369.5589,A,1951.2061,A,1918.8927,A,1990.7123,A,1642.2103,A,2408.3871,A,1703.428,A
CPMI_CT2:A:SA:H:SA1P:V:V:S,"A","Annual","SA","Saudi Arabia","H","Payment systems, large-value & retail","SA1P","SARIE","V","Payment transactions","V","Value","S","Per transaction","A","All users","3","Thousands","S","Summed through period","3","PS3","AVERAGE VALUE OF TRANSACTIONS (PER SYSTEM), IN USD",324.7649,A,257.7758,A,230.4968,A,164.4009,A,118.6278,A,160.2729,A,98.1737,A
CPMI_CT2:A:SA:H:SA1P:X:N:N,"A","Annual","SA","Saudi Arabia","H","Payment systems, large-value & retail","SA1P","SARIE","X","All participants","N","Number","N","Units","A","All users","0","Units","E","End of period","0","PS4","TOTAL NUMBER OF PARTICIPANTS",23,A,23,A,23,A,23,A,25,A,26,A,27,A
CPMI_CT2:A:SA:H:SA1P:Y:N:N,"A","Annual","SA","Saudi Arabia","H","Payment systems, large-value & retail","SA1P","SARIE","Y","Directly connected participants","N","Number","N","Units","A","All users","0","Units","E","End of period","0","PS4","TOTAL NUMBER OF PARTICIPANTS OF WHICH DIRECTLY CONNECTED PARTICIPANTS",23,A,23,A,23,A,23,A,25,A,26,A,27,A
CPMI_CT2:A:SA:V:SA1S:O:N:N,"A","Annual","SA","Saudi Arabia","V","Central securities depositories","SA1S","Tadawul","O","Securities held","N","Number","N","Units","A","All users","3","Thousands","E","End of period","3","CSD5","TOTAL NUMBER OF SECURITIES HELD",104146569.1,A,135754999.78,A,151914144.83,A,161537492,A,167131577.28,A,281223968.99,A,332199321.72,A
CPMI_CT2:A:SA:V:SA1S:O:V:A,"A","Annual","SA","Saudi Arabia","V","Central securities depositories","SA1S","Tadawul","O","Securities held","V","Value","A","In USD","A","All users","6","Millions","S","Summed through period","3","CSD5","TOTAL VALUE OF SECURITIES HELD, IN USD",418.6629,A,507.7423,A,565.7816,A,459.6901,A,488.7076,A,521.6896,A,579.7067,A
CPMI_CT2:A:SA:V:SA1S:W:N:G,"A","Annual","SA","Saudi Arabia","V","Central securities depositories","SA1S","Tadawul","W","Delivery instructions","N","Number","G","Annual growth","A","All users","0","Units","S","Summed through period","2","CSD2","INCREASE IN THE NUMBER OF DELIVERY INSTRUCTIONS (PER CSD)",64.8061,A,2.7223,A,12.8394,A,-37.6154,A,-10.4191,A,-19.4305,A,13.8278,A
CPMI_CT2:A:SA:V:SA1S:W:N:N,"A","Annual","SA","Saudi Arabia","V","Central securities depositories","SA1S","Tadawul","W","Delivery instructions","N","Number","N","Units","A","All users","3","Thousands","S","Summed through period","3","CSD2","NUMBER OF DELIVERY INSTRUCTIONS (TOTAL NUMBER OF DELIVERY INSTRUCTIONS PER CSD)",42106.73,A,43253.02,A,48806.44,A,30447.72,A,27275.35,A,21975.62,A,25014.36,A
CPMI_CT2:A:SA:V:SA1S:W:V:A,"A","Annual","SA","Saudi Arabia","V","Central securities depositories","SA1S","Tadawul","W","Delivery instructions","V","Value","A","In USD","A","All users","9","Billions","S","Summed through period","3","CSD3","VALUE OF DELIVERY INSTRUCTIONS (TOTAL VALUE OF DELIVERY INSTRUCTIONS PER CSD), IN USD",514.6349,A,365.2915,A,572.3472,A,443.3045,A,308.8608,A,223.3149,A,232.7068,A
CPMI_CT2:A:SA:V:SA1S:W:V:H,"A","Annual","SA","Saudi Arabia","V","Central securities depositories","SA1S","Tadawul","W","Delivery instructions","V","Value","H","Annual real growth","A","All users","0","Units","S","Summed through period","2","CSD3","INCREASE IN THE REAL VALUE OF DELIVERY INSTRUCTIONS (PER CSD)",70.4109,A,-31.4269,A,53.2468,A,-23.4818,A,-31.7295,A,-27.0874,A,1.6891,A
CPMI_CT2:A:SA:V:SA1S:W:V:I,"A","Annual","SA","Saudi Arabia","V","Central securities depositories","SA1S","Tadawul","W","Delivery instructions","V","Value","I","In % of GDP","A","All users","0","Units","S","Summed through period","2","CSD3","VALUE OF DELIVERY INSTRUCTIONS AS A PERCENTAGE OF GDP (PER CSD)",69.9307,A,48.9285,A,75.6907,A,67.7777,A,47.8992,A,32.432,A,29.7395,A
CPMI_CT2:A:SA:V:SA1S:W:V:S,"A","Annual","SA","Saudi Arabia","V","Central securities depositories","SA1S","Tadawul","W","Delivery instructions","V","Value","S","Per transaction","A","All users","3","Thousands","S","Summed through period","3","CSD3","AVERAGE VALUE PER DELIVERY INSTRUCTIONS (PER CSD), IN USD",12.2222,A,8.4455,A,11.7269,A,14.5595,A,11.3238,A,10.1619,A,9.3029,A
CPMI_CT2:A:SA:V:SA1S:X:N:N,"A","Annual","SA","Saudi Arabia","V","Central securities depositories","SA1S","Tadawul","X","All participants","N","Number","N","Units","A","All users","0","Units","E","End of period","0","CSD4","TOTAL NUMBER OF PARTICIPANTS (TOTAL NUMBER OF DIRECT PARTICIPANTS IN CSDs)",55,A,55,A,55,A,55,A,55,A,56,A,58,A
CPMI_CT2:A:SE:A:SE1P:P:N:F,"A","Annual","SE","Sweden","A","Payment systems, large-value","SE1P","RIX","P","Concentration ratio in terms of volume","N","Number","F","Percent","A","All users","0","Units","S","Summed through period","2","PS4","CONCENTRATION RATIO IN TERMS OF VOLUME",89,A,86.49,A,88.5,A,88.52,A,88.2,A,89.5,A,89.38,A
CPMI_CT2:A:SE:A:SE1P:Q:N:F,"A","Annual","SE","Sweden","A","Payment systems, large-value","SE1P","RIX","Q","Concentration ratio in terms of value","N","Number","F","Percent","A","All users","0","Units","S","Summed through period","2","PS4","CONCENTRATION RATIO IN TERMS OF VALUE",79.6,A,74,A,74.2,A,71.68,A,73.05,A,69.59,A,69.64,A
CPMI_CT2:A:SE:A:SE1P:V:N:G,"A","Annual","SE","Sweden","A","Payment systems, large-value","SE1P","RIX","V","Payment transactions","N","Number","G","Annual growth","A","All users","0","Units","S","Summed through period","2","PS2","INCREASE IN THE NUMBER OF TRANSACTIONS (TOTAL GROSS VOLUME PER SYSTEM)",,,5.2486,A,6.5617,A,7.3399,A,4.2221,A,12.5055,A,5.1272,A
CPMI_CT2:A:SE:A:SE1P:V:N:N,"A","Annual","SE","Sweden","A","Payment systems, large-value","SE1P","RIX","V","Payment transactions","N","Number","N","Units","A","All users","6","Millions","S","Summed through period","3","PS2","NUMBER OF TRANSACTIONS (TOTAL GROSS VOLUME PER SYSTEM)",3.62,A,3.81,A,4.06,A,4.358,A,4.542,A,5.11,A,5.372,A
CPMI_CT2:A:SE:A:SE1P:V:V:A,"A","Annual","SE","Sweden","A","Payment systems, large-value","SE1P","RIX","V","Payment transactions","V","Value","A","In USD","A","All users","9","Billions","S","Summed through period","3","PS3","VALUE OF TRANSACTIONS (TOTAL GROSS VALUE PER SYSTEM), IN USD",18363.5633,A,17189.1887,A,17124.6593,A,15832.6799,A,18532.9508,A,18422.4432,A,17647.5175,A
CPMI_CT2:A:SE:A:SE1P:V:V:H,"A","Annual","SE","Sweden","A","Payment systems, large-value","SE1P","RIX","V","Payment transactions","V","Value","H","Annual real growth","A","All users","0","Units","S","Summed through period","2","PS3","INCREASE IN THE REAL VALUE OF TRANSACTIONS (PER SYSTEM)",,,-6.3537,A,-0.19612,A,-7.5013,A,15.9141,A,-2.3486,A,-6.0419,A
CPMI_CT2:A:SE:A:SE1P:V:V:I,"A","Annual","SE","Sweden","A","Payment systems, large-value","SE1P","RIX","V","Payment transactions","V","Value","I","In % of GDP","A","All users","0","Units","S","Summed through period","3","PS3","VALUE OF TRANSACTIONS AS A PERCENTAGE OF GDP (PER SYSTEM)",3334.2987,A,2940.5664,A,2952.4743,A,3143.5391,A,3593.0501,A,3406.2854,A,3175.4697,A
CPMI_CT2:A:SE:A:SE1P:V:V:S,"A","Annual","SE","Sweden","A","Payment systems, large-value","SE1P","RIX","V","Payment transactions","V","Value","S","Per transaction","A","All users","3","Thousands","S","Summed through period","3","PS3","AVERAGE VALUE OF TRANSACTIONS (PER SYSTEM), IN USD",5072.8075,A,4511.5981,A,4217.8964,A,3633.0151,A,4080.3503,A,3605.1748,A,3285.0926,A
CPMI_CT2:A:SE:A:SE1P:X:N:N,"A","Annual","SE","Sweden","A","Payment systems, large-value","SE1P","RIX","X","All participants","N","Number","N","Units","A","All users","0","Units","E","End of period","0","PS4","TOTAL NUMBER OF PARTICIPANTS",25,A,26,A,28,A,27,A,29,A,31,A,34,A
CPMI_CT2:A:SE:A:SE1P:Y:N:N,"A","Annual","SE","Sweden","A","Payment systems, large-value","SE1P","RIX","Y","Directly connected participants","N","Number","N","Units","A","All users","0","Units","E","End of period","0","PS4","TOTAL NUMBER OF PARTICIPANTS OF WHICH DIRECTLY CONNECTED PARTICIPANTS",25,A,26,A,28,A,27,A,29,A,31,A,34,A
CPMI_CT2:A:SE:B:SE3P:V:N:G,"A","Annual","SE","Sweden","B","Payment systems, retail","SE3P","Bankgirot","V","Payment transactions","N","Number","G","Annual growth","A","All users","0","Units","S","Summed through period","2","PS2","INCREASE IN THE NUMBER OF TRANSACTIONS (TOTAL GROSS VOLUME PER SYSTEM)",,,5.198,A,6.2353,A,29.9303,A,11.1363,A,13.16,A,11.2802,A
CPMI_CT2:A:SE:B:SE3P:V:N:N,"A","Annual","SE","Sweden","B","Payment systems, retail","SE3P","Bankgirot","V","Payment transactions","N","Number","N","Units","A","All users","6","Millions","S","Summed through period","3","PS2","NUMBER OF TRANSACTIONS (TOTAL GROSS VOLUME PER SYSTEM)",808,A,850,A,903,A,1173.271,A,1303.93,A,1475.527,A,1641.97,A
CPMI_CT2:A:SE:B:SE3P:V:V:A,"A","Annual","SE","Sweden","B","Payment systems, retail","SE3P","Bankgirot","V","Payment transactions","V","Value","A","In USD","A","All users","9","Billions","S","Summed through period","3","PS3","VALUE OF TRANSACTIONS (TOTAL GROSS VALUE PER SYSTEM), IN USD",1278.842,A,1388.2005,A,1368.6673,A,1574.5898,A,1641.0628,A,1808.7522,A,1903.3807,A
CPMI_CT2:A:SE:B:SE3P:V:V:H,"A","Annual","SE","Sweden","B","Payment systems, retail","SE3P","Bankgirot","V","Payment transactions","V","Value","H","Annual real growth","A","All users","0","Units","S","Summed through period","2","PS3","INCREASE IN THE REAL VALUE OF TRANSACTIONS (PER SYSTEM)",,,8.5995,A,-1.2297,A,15.0993,A,3.2058,A,8.2753,A,3.2154,A
CPMI_CT2:A:SE:B:SE3P:V:V:I,"A","Annual","SE","Sweden","B","Payment systems, retail","SE3P","Bankgirot","V","Payment transactions","V","Value","I","In % of GDP","A","All users","0","Units","S","Summed through period","3","PS3","VALUE OF TRANSACTIONS AS A PERCENTAGE OF GDP (PER SYSTEM)",232.2012,A,237.4804,A,235.9729,A,312.6309,A,318.1588,A,334.4359,A,342.4917,A
CPMI_CT2:A:SE:B:SE3P:V:V:S,"A","Annual","SE","Sweden","B","Payment systems, retail","SE3P","Bankgirot","V","Payment transactions","V","Value","S","Per transaction","A","All users","3","Thousands","S","Summed through period","3","PS3","AVERAGE VALUE OF TRANSACTIONS (PER SYSTEM), IN USD",1.5827,A,1.6332,A,1.5157,A,1.3421,A,1.2586,A,1.2258,A,1.1592,A
CPMI_CT2:A:SE:B:SE3P:X:N:N,"A","Annual","SE","Sweden","B","Payment systems, retail","SE3P","Bankgirot","X","All participants","N","Number","N","Units","A","All users","0","Units","E","End of period","0","PS4","TOTAL NUMBER OF PARTICIPANTS",22,A,22,A,22,A,23,A,23,A,23,A,25,A
CPMI_CT2:A:SE:B:SE3P:Y:N:N,"A","Annual","SE","Sweden","B","Payment systems, retail","SE3P","Bankgirot","Y","Directly connected participants","N","Number","N","Units","A","All users","0","Units","E","End of period","0","PS4","TOTAL NUMBER OF PARTICIPANTS OF WHICH DIRECTLY CONNECTED PARTICIPANTS",22,A,22,A,22,A,23,A,23,A,23,A,25,A
CPMI_CT2:A:SE:B:SE4P:V:N:G,"A","Annual","SE","Sweden","B","Payment systems, retail","SE4P","Dataclearing","V","Payment transactions","N","Number","G","Annual growth","A","All users","0","Units","S","Summed through period","2","PS2","INCREASE IN THE NUMBER OF TRANSACTIONS (TOTAL GROSS VOLUME PER SYSTEM)",,,4.2222,A,2.8429,A,0.61645,A,-0.92175,A,9.1161,A,5.1031,A
CPMI_CT2:A:SE:B:SE4P:V:N:N,"A","Annual","SE","Sweden","B","Payment systems, retail","SE4P","Dataclearing","V","Payment transactions","N","Number","N","Units","A","All users","6","Millions","S","Summed through period","3","PS2","NUMBER OF TRANSACTIONS (TOTAL GROSS VOLUME PER SYSTEM)",135,A,140.7,A,144.7,A,145.592,A,144.25,A,157.4,A,165.4323,A
CPMI_CT2:A:SE:B:SE4P:V:V:A,"A","Annual","SE","Sweden","B","Payment systems, retail","SE4P","Dataclearing","V","Payment transactions","V","Value","A","In USD","A","All users","9","Billions","S","Summed through period","3","PS3","VALUE OF TRANSACTIONS (TOTAL GROSS VALUE PER SYSTEM), IN USD",397.5078,A,417.5039,A,428.0546,A,383.4461,A,385.7497,A,449.0387,A,462.9841,A
CPMI_CT2:A:SE:B:SE4P:V:V:H,"A","Annual","SE","Sweden","B","Payment systems, retail","SE4P","Dataclearing","V","Payment transactions","V","Value","H","Annual real growth","A","All users","0","Units","S","Summed through period","2","PS3","INCREASE IN THE REAL VALUE OF TRANSACTIONS (PER SYSTEM)",,,5.0769,A,2.7116,A,-10.3793,A,-0.37977,A,14.3546,A,1.13,A
CPMI_CT2:A:SE:B:SE4P:V:V:I,"A","Annual","SE","Sweden","B","Payment systems, retail","SE4P","Dataclearing","V","Payment transactions","V","Value","I","In % of GDP","A","All users","0","Units","S","Summed through period","3","PS3","VALUE OF TRANSACTIONS AS A PERCENTAGE OF GDP (PER SYSTEM)",72.1761,A,71.4227,A,73.8012,A,76.1323,A,74.7867,A,83.0267,A,83.3087,A
CPMI_CT2:A:SE:B:SE4P:V:V:S,"A","Annual","SE","Sweden","B","Payment systems, retail","SE4P","Dataclearing","V","Payment transactions","V","Value","S","Per transaction","A","All users","3","Thousands","S","Summed through period","3","PS3","AVERAGE VALUE OF TRANSACTIONS (PER SYSTEM), IN USD",2.9445,A,2.9673,A,2.9582,A,2.6337,A,2.6742,A,2.8529,A,2.7986,A
CPMI_CT2:A:SE:B:SE4P:X:N:N,"A","Annual","SE","Sweden","B","Payment systems, retail","SE4P","Dataclearing","X","All participants","N","Number","N","Units","A","All users","0","Units","E","End of period","0","PS4","TOTAL NUMBER OF PARTICIPANTS",21,A,26,A,28,A,29,A,31,A,31,A,32,A
CPMI_CT2:A:SE:B:SE4P:Y:N:N,"A","Annual","SE","Sweden","B","Payment systems, retail","SE4P","Dataclearing","Y","Directly connected participants","N","Number","N","Units","A","All users","0","Units","E","End of period","0","PS4","TOTAL NUMBER OF PARTICIPANTS OF WHICH DIRECTLY CONNECTED PARTICIPANTS",21,A,26,A,28,A,29,A,31,A,31,A,32,A
CPMI_CT2:A:SE:C:SE5P:V:N:G,"A","Annual","SE","Sweden","C","Payment systems, fast payments","SE5P","BIR","V","Payment transactions","N","Number","G","Annual growth","A","All users","0","Units","S","Summed through period","2","PS2","INCREASE IN THE NUMBER OF TRANSACTIONS (TOTAL GROSS VOLUME PER SYSTEM)",,,6674.4681,A,543.75,A,288.9496,A,110.5603,A,63.9002,A,43.194,A
CPMI_CT2:A:SE:C:SE5P:V:N:N,"A","Annual","SE","Sweden","C","Payment systems, fast payments","SE5P","BIR","V","Payment transactions","N","Number","N","Units","A","All users","6","Millions","S","Summed through period","3","PS2","NUMBER OF TRANSACTIONS (TOTAL GROSS VOLUME PER SYSTEM)",0.047,A,3.184,A,20.497,A,79.723,A,167.865,A,275.131,A,393.971,A
CPMI_CT2:A:SE:C:SE5P:V:V:A,"A","Annual","SE","Sweden","C","Payment systems, fast payments","SE5P","BIR","V","Payment transactions","V","Value","A","In USD","A","All users","9","Billions","S","Summed through period","3","PS3","VALUE OF TRANSACTIONS (TOTAL GROSS VALUE PER SYSTEM), IN USD",0.0027044,A,0.28867,A,1.6003,A,5.0269,A,10.7056,A,17.5775,A,23.7337,A
CPMI_CT2:A:SE:C:SE5P:V:V:H,"A","Annual","SE","Sweden","C","Payment systems, fast payments","SE5P","BIR","V","Payment transactions","V","Value","H","Annual real growth","A","All users","0","Units","S","Summed through period","2","PS3","INCREASE IN THE REAL VALUE OF TRANSACTIONS (PER SYSTEM)",,,10578.8325,A,455.3891,A,214.2617,A,110.8915,A,61.295,A,32.4361,A
CPMI_CT2:A:SE:C:SE5P:V:V:I,"A","Annual","SE","Sweden","C","Payment systems, fast payments","SE5P","BIR","V","Payment transactions","V","Value","I","In % of GDP","A","All users","0","Units","S","Summed through period","3","PS3","VALUE OF TRANSACTIONS AS A PERCENTAGE OF GDP (PER SYSTEM)",0.00049103,A,0.049382,A,0.27591,A,0.99808,A,2.0755,A,3.2501,A,4.2706,A
CPMI_CT2:A:SE:C:SE5P:V:V:S,"A","Annual","SE","Sweden","C","Payment systems, fast payments","SE5P","BIR","V","Payment transactions","V","Value","S","Per transaction","A","All users","3","Thousands","S","Summed through period","3","PS3","AVERAGE VALUE OF TRANSACTIONS (PER SYSTEM), IN USD",0.057539,A,0.090661,A,0.078077,A,0.063054,A,0.063775,A,0.063888,A,0.060242,A
CPMI_CT2:A:SE:C:SE5P:X:N:N,"A","Annual","SE","Sweden","C","Payment systems, fast payments","SE5P","BIR","X","All participants","N","Number","N","Units","A","All users","0","Units","E","End of period","0","PS4","TOTAL NUMBER OF PARTICIPANTS",6,A,7,A,10,A,10,A,9,A,10,A,13,A
CPMI_CT2:A:SE:C:SE5P:Y:N:N,"A","Annual","SE","Sweden","C","Payment systems, fast payments","SE5P","BIR","Y","Directly connected participants","N","Number","N","Units","A","All users","0","Units","E","End of period","0","PS4","TOTAL NUMBER OF PARTICIPANTS OF WHICH DIRECTLY CONNECTED PARTICIPANTS",6,A,7,A,10,A,10,A,9,A,10,A,13,A
CPMI_CT2:A:SE:U:SE2C:V:N:G,"A","Annual","SE","Sweden","U","Central counterparties/clearing houses","SE2C","SE Nasdaq OMXDM","V","Payment transactions","N","Number","G","Annual growth","A","All users","0","Units","S","Summed through period","2","CCP2","INCREASE IN THE NUMBER OF TRANSACTIONS (PER CCP OR CLEARING HOUSE)",,,-5.0693,A,-6.1593,A,11.4781,A,-9.2491,A,-2.5785,A,5.6791,A
CPMI_CT2:A:SE:U:SE2C:V:N:N,"A","Annual","SE","Sweden","U","Central counterparties/clearing houses","SE2C","SE Nasdaq OMXDM","V","Payment transactions","N","Number","N","Units","A","All users","3","Thousands","S","Summed through period","3","CCP2","NUMBER OF TRANSACTIONS (TOTAL NUMBER OF CONTRACTS AND TRANSACTIONS PER CCP OR CLEARING HOUSE)",108516,A,103014.96,A,96670,A,107765.9,A,97798.51,A,95276.74,A,100687.57,A
CPMI_CT2:A:SE:U:SE2C:V:V:A,"A","Annual","SE","Sweden","U","Central counterparties/clearing houses","SE2C","SE Nasdaq OMXDM","V","Payment transactions","V","Value","A","In USD","A","All users","9","Billions","S","Summed through period","3","CCP3","VALUE OF TRANSACTIONS (TOTAL VALUE OF CONTRACTS AND TRANSACTIONS PER CCP OR CLEARING HOUSE), IN USD",5944.8636,A,5650.1633,A,3933.5794,A,3674.5803,A,3014.3431,A,3539.493,A,3809.8437,A
CPMI_CT2:A:SE:U:SE2C:V:V:H,"A","Annual","SE","Sweden","U","Central counterparties/clearing houses","SE2C","SE Nasdaq OMXDM","V","Payment transactions","V","Value","H","Annual real growth","A","All users","0","Units","S","Summed through period","2","CCP3","INCREASE IN THE REAL VALUE OF TRANSACTIONS (PER CCP OR CLEARING HOUSE)",,,-4.9151,A,-30.2559,A,-6.5406,A,-18.7672,A,15.3517,A,5.5757,A
CPMI_CT2:A:SE:U:SE2C:V:V:I,"A","Annual","SE","Sweden","U","Central counterparties/clearing houses","SE2C","SE Nasdaq OMXDM","V","Payment transactions","V","Value","I","In % of GDP","A","All users","0","Units","S","Summed through period","3","CCP3","VALUE OF TRANSACTIONS AS A PERCENTAGE OF GDP (PER CCP OR CLEARING HOUSE)",1079.4175,A,966.5773,A,678.1911,A,729.5788,A,584.4016,A,654.4476,A,685.538,A
CPMI_CT2:A:SE:U:SE2C:V:V:S,"A","Annual","SE","Sweden","U","Central counterparties/clearing houses","SE2C","SE Nasdaq OMXDM","V","Payment transactions","V","Value","S","Per transaction","A","All users","3","Thousands","S","Summed through period","3","CCP3","AVERAGE VALUE OF TRANSACTIONS (PER CCP OR CLEARING HOUSE), IN USD",54.7833,A,54.848,A,40.6908,A,34.0978,A,30.822,A,37.1496,A,37.8383,A
CPMI_CT2:A:SE:U:SE2C:Z:N:N,"A","Annual","SE","Sweden","U","Central counterparties/clearing houses","SE2C","SE Nasdaq OMXDM","Z","Clearing members","N","Number","N","Units","A","All users","0","Units","E","End of period","0","CCP4","NUMBER OF CLEARING MEMBERS IN CCPs AND CLEARING HOUSES",47,A,46,A,48,A,47,A,47,A,40,A,48,A
CPMI_CT2:A:SE:V:SE2S:O:N:N,"A","Annual","SE","Sweden","V","Central securities depositories","SE2S","Euroclear Sweden","O","Securities held","N","Number","N","Units","A","All users","3","Thousands","E","End of period","3","CSD5","TOTAL NUMBER OF SECURITIES HELD",17850,A,22717,A,20250,A,23862,A,25561,A,24694,A,29140,A
CPMI_CT2:A:SE:V:SE2S:O:V:A,"A","Annual","SE","Sweden","V","Central securities depositories","SE2S","Euroclear Sweden","O","Securities held","V","Value","A","In USD","A","All users","6","Millions","S","Summed through period","3","CSD5","TOTAL VALUE OF SECURITIES HELD, IN USD",1526050.4115,A,1747837.1532,A,1615272.1942,A,1408795.857,A,1553018.6709,A,1604236.2041,A,1242513.0857,A
CPMI_CT2:A:SE:V:SE2S:W:N:G,"A","Annual","SE","Sweden","V","Central securities depositories","SE2S","Euroclear Sweden","W","Delivery instructions","N","Number","G","Annual growth","A","All users","0","Units","S","Summed through period","2","CSD2","INCREASE IN THE NUMBER OF DELIVERY INSTRUCTIONS (PER CSD)",-17.8762,A,10.4357,A,12.2415,A,-5.8748,A,4.427,A,13.8861,A,-5.0899,A
CPMI_CT2:A:SE:V:SE2S:W:N:N,"A","Annual","SE","Sweden","V","Central securities depositories","SE2S","Euroclear Sweden","W","Delivery instructions","N","Number","N","Units","A","All users","3","Thousands","S","Summed through period","3","CSD2","NUMBER OF DELIVERY INSTRUCTIONS (TOTAL NUMBER OF DELIVERY INSTRUCTIONS PER CSD)",11384,A,12572,A,14111,A,13282,A,13870,A,15796,A,14992,A
CPMI_CT2:A:SE:V:SE2S:W:V:A,"A","Annual","SE","Sweden","V","Central securities depositories","SE2S","Euroclear Sweden","W","Delivery instructions","V","Value","A","In USD","A","All users","9","Billions","S","Summed through period","3","CSD3","VALUE OF DELIVERY INSTRUCTIONS (TOTAL VALUE OF DELIVERY INSTRUCTIONS PER CSD), IN USD",13808.0709,A,14266.6613,A,12428.589,A,11023.7197,A,11250.9314,A,12244.2535,A,12464.2364,A
CPMI_CT2:A:SE:V:SE2S:W:V:H,"A","Annual","SE","Sweden","V","Central securities depositories","SE2S","Euroclear Sweden","W","Delivery instructions","V","Value","H","Annual real growth","A","All users","0","Units","S","Summed through period","2","CSD3","INCREASE IN THE REAL VALUE OF DELIVERY INSTRUCTIONS (PER CSD)",-6.455,A,3.367,A,-12.7269,A,-11.262,A,1.0664,A,6.9103,A,-0.15391,A
CPMI_CT2:A:SE:V:SE2S:W:V:I,"A","Annual","SE","Sweden","V","Central securities depositories","SE2S","Euroclear Sweden","W","Delivery instructions","V","Value","I","In % of GDP","A","All users","0","Units","S","Summed through period","2","CSD3","VALUE OF DELIVERY INSTRUCTIONS AS A PERCENTAGE OF GDP (PER CSD)",2507.1514,A,2440.6076,A,2142.8216,A,2188.7321,A,2181.2587,A,2263.9463,A,2242.7973,A
CPMI_CT2:A:SE:V:SE2S:W:V:S,"A","Annual","SE","Sweden","V","Central securities depositories","SE2S","Euroclear Sweden","W","Delivery instructions","V","Value","S","Per transaction","A","All users","3","Thousands","S","Summed through period","3","CSD3","AVERAGE VALUE PER DELIVERY INSTRUCTIONS (PER CSD), IN USD",1212.9367,A,1134.7965,A,880.7731,A,829.9744,A,811.1703,A,775.149,A,831.3925,A
CPMI_CT2:A:SE:V:SE2S:X:N:N,"A","Annual","SE","Sweden","V","Central securities depositories","SE2S","Euroclear Sweden","X","All participants","N","Number","N","Units","A","All users","0","Units","E","End of period","0","CSD4","TOTAL NUMBER OF PARTICIPANTS (TOTAL NUMBER OF DIRECT PARTICIPANTS IN CSDs)",53,A,53,A,52,A,49,A,46,A,45,A,44,A
CPMI_CT2:A:SG:A:SG1P:P:N:F,"A","Annual","SG","Singapore","A","Payment systems, large-value","SG1P","MEPS+(IFT)","P","Concentration ratio in terms of volume","N","Number","F","Percent","A","All users","0","Units","S","Summed through period","2","PS4","CONCENTRATION RATIO IN TERMS OF VOLUME",,L,,L,,L,,L,58.5,A,57,A,57.1,A
CPMI_CT2:A:SG:A:SG1P:Q:N:F,"A","Annual","SG","Singapore","A","Payment systems, large-value","SG1P","MEPS+(IFT)","Q","Concentration ratio in terms of value","N","Number","F","Percent","A","All users","0","Units","S","Summed through period","2","PS4","CONCENTRATION RATIO IN TERMS OF VALUE",,L,,L,,L,,L,59.5,A,58.9,A,59.5,A
CPMI_CT2:A:SG:A:SG1P:V:N:G,"A","Annual","SG","Singapore","A","Payment systems, large-value","SG1P","MEPS+(IFT)","V","Payment transactions","N","Number","G","Annual growth","A","All users","0","Units","S","Summed through period","2","PS2","INCREASE IN THE NUMBER OF TRANSACTIONS (TOTAL GROSS VOLUME PER SYSTEM)",,,7.315,A,2.6399,A,2.1305,A,2.2364,A,2.5735,A,1.6846,A
CPMI_CT2:A:SG:A:SG1P:V:N:N,"A","Annual","SG","Singapore","A","Payment systems, large-value","SG1P","MEPS+(IFT)","V","Payment transactions","N","Number","N","Units","A","All users","6","Millions","S","Summed through period","3","PS2","NUMBER OF TRANSACTIONS (TOTAL GROSS VOLUME PER SYSTEM)",4.73,A,5.076,A,5.21,A,5.321,A,5.44,A,5.58,A,5.674,A
CPMI_CT2:A:SG:A:SG1P:V:V:A,"A","Annual","SG","Singapore","A","Payment systems, large-value","SG1P","MEPS+(IFT)","V","Payment transactions","V","Value","A","In USD","A","All users","9","Billions","S","Summed through period","3","PS3","VALUE OF TRANSACTIONS (TOTAL GROSS VALUE PER SYSTEM), IN USD",14149.9281,A,13292.8603,A,12028.9074,A,11671.4009,A,12463.9452,A,13118.2905,A,16070.5511,A
CPMI_CT2:A:SG:A:SG1P:V:V:H,"A","Annual","SG","Singapore","A","Payment systems, large-value","SG1P","MEPS+(IFT)","V","Payment transactions","V","Value","H","Annual real growth","A","All users","0","Units","S","Summed through period","2","PS3","INCREASE IN THE REAL VALUE OF TRANSACTIONS (PER SYSTEM)",,,-8.2217,A,-10.4266,A,-2.4622,A,7.362,A,4.6468,A,21.9701,A
CPMI_CT2:A:SG:A:SG1P:V:V:I,"A","Annual","SG","Singapore","A","Payment systems, large-value","SG1P","MEPS+(IFT)","V","Payment transactions","V","Value","I","In % of GDP","A","All users","0","Units","S","Summed through period","3","PS3","VALUE OF TRANSACTIONS AS A PERCENTAGE OF GDP (PER SYSTEM)",4795.3944,A,4321.8807,A,3820.0085,A,3790.5253,A,3916.1538,A,3876.9328,A,4414.7854,A
CPMI_CT2:A:SG:A:SG1P:V:V:S,"A","Annual","SG","Singapore","A","Payment systems, large-value","SG1P","MEPS+(IFT)","V","Payment transactions","V","Value","S","Per transaction","A","All users","3","Thousands","S","Summed through period","3","PS3","AVERAGE VALUE OF TRANSACTIONS (PER SYSTEM), IN USD",2991.5281,A,2618.7668,A,2308.8114,A,2193.46,A,2291.1664,A,2350.9481,A,2832.3143,A
CPMI_CT2:A:SG:A:SG1P:X:N:N,"A","Annual","SG","Singapore","A","Payment systems, large-value","SG1P","MEPS+(IFT)","X","All participants","N","Number","N","Units","A","All users","0","Units","E","End of period","0","PS4","TOTAL NUMBER OF PARTICIPANTS",137,A,140,A,143,A,126,A,130,A,132,A,132,A
CPMI_CT2:A:SG:A:SG1P:Y:N:N,"A","Annual","SG","Singapore","A","Payment systems, large-value","SG1P","MEPS+(IFT)","Y","Directly connected participants","N","Number","N","Units","A","All users","0","Units","E","End of period","0","PS4","TOTAL NUMBER OF PARTICIPANTS OF WHICH DIRECTLY CONNECTED PARTICIPANTS",62,A,64,A,64,A,63,A,62,A,63,A,62,A
CPMI_CT2:A:SG:B:SG2P:V:N:G,"A","Annual","SG","Singapore","B","Payment systems, retail","SG2P","SGDCCS","V","Payment transactions","N","Number","G","Annual growth","A","All users","0","Units","S","Summed through period","2","PS2","INCREASE IN THE NUMBER OF TRANSACTIONS (TOTAL GROSS VOLUME PER SYSTEM)",,,-3.1817,A,-3.961,A,-5.3058,A,-5.8206,A,-8.0177,A,-7.878,A
CPMI_CT2:A:SG:B:SG2P:V:N:N,"A","Annual","SG","Singapore","B","Payment systems, retail","SG2P","SGDCCS","V","Payment transactions","N","Number","N","Units","A","All users","6","Millions","S","Summed through period","3","PS2","NUMBER OF TRANSACTIONS (TOTAL GROSS VOLUME PER SYSTEM)",73.639,A,71.296,A,68.472,A,64.839,A,61.065,A,56.169,A,51.744,A
CPMI_CT2:A:SG:B:SG2P:V:V:A,"A","Annual","SG","Singapore","B","Payment systems, retail","SG2P","SGDCCS","V","Payment transactions","V","Value","A","In USD","A","All users","9","Billions","S","Summed through period","3","PS3","VALUE OF TRANSACTIONS (TOTAL GROSS VALUE PER SYSTEM), IN USD",506.0074,A,526.7778,A,500.5145,A,453.1795,A,426.7185,A,429.3301,A,436.966,A
CPMI_CT2:A:SG:B:SG2P:V:V:H,"A","Annual","SG","Singapore","B","Payment systems, retail","SG2P","SGDCCS","V","Payment transactions","V","Value","H","Annual real growth","A","All users","0","Units","S","Summed through period","2","PS3","INCREASE IN THE REAL VALUE OF TRANSACTIONS (PER SYSTEM)",,,1.7059,A,-5.9496,A,-8.9815,A,-5.3351,A,0.035502,A,1.3342,A
CPMI_CT2:A:SG:B:SG2P:V:V:I,"A","Annual","SG","Singapore","B","Payment systems, retail","SG2P","SGDCCS","V","Payment transactions","V","Value","I","In % of GDP","A","All users","0","Units","S","Summed through period","3","PS3","VALUE OF TRANSACTIONS AS A PERCENTAGE OF GDP (PER SYSTEM)",171.4853,A,171.2702,A,158.9479,A,147.1793,A,134.0743,A,126.8827,A,120.0401,A
CPMI_CT2:A:SG:B:SG2P:V:V:S,"A","Annual","SG","Singapore","B","Payment systems, retail","SG2P","SGDCCS","V","Payment transactions","V","Value","S","Per transaction","A","All users","3","Thousands","S","Summed through period","3","PS3","AVERAGE VALUE OF TRANSACTIONS (PER SYSTEM), IN USD",6.8715,A,7.3886,A,7.3098,A,6.9893,A,6.9879,A,7.6435,A,8.4448,A
CPMI_CT2:A:SG:B:SG2P:X:N:N,"A","Annual","SG","Singapore","B","Payment systems, retail","SG2P","SGDCCS","X","All participants","N","Number","N","Units","A","All users","0","Units","E","End of period","0","PS4","TOTAL NUMBER OF PARTICIPANTS",63,A,64,A,63,A,61,A,61,A,59,A,60,A
CPMI_CT2:A:SG:B:SG2P:Y:N:N,"A","Annual","SG","Singapore","B","Payment systems, retail","SG2P","SGDCCS","Y","Directly connected participants","N","Number","N","Units","A","All users","0","Units","E","End of period","0","PS4","TOTAL NUMBER OF PARTICIPANTS OF WHICH DIRECTLY CONNECTED PARTICIPANTS",34,A,34,A,34,A,34,A,35,A,34,A,36,A
CPMI_CT2:A:SG:B:SG3P:V:N:G,"A","Annual","SG","Singapore","B","Payment systems, retail","SG3P","USDCCS","V","Payment transactions","N","Number","G","Annual growth","A","All users","0","Units","S","Summed through period","2","PS2","INCREASE IN THE NUMBER OF TRANSACTIONS (TOTAL GROSS VOLUME PER SYSTEM)",,,1.413,A,0.21436,A,-3.4225,A,-5.5371,A,0.23447,A,-4.6784,A
CPMI_CT2:A:SG:B:SG3P:V:N:N,"A","Annual","SG","Singapore","B","Payment systems, retail","SG3P","USDCCS","V","Payment transactions","N","Number","N","Units","A","All users","6","Millions","S","Summed through period","3","PS2","NUMBER OF TRANSACTIONS (TOTAL GROSS VOLUME PER SYSTEM)",0.92,A,0.933,A,0.935,A,0.903,A,0.853,A,0.855,A,0.815,A
CPMI_CT2:A:SG:B:SG3P:V:V:A,"A","Annual","SG","Singapore","B","Payment systems, retail","SG3P","USDCCS","V","Payment transactions","V","Value","A","In USD","A","All users","9","Billions","S","Summed through period","3","PS3","VALUE OF TRANSACTIONS (TOTAL GROSS VALUE PER SYSTEM), IN USD",49.0546,A,52.1685,A,52.4707,A,50.1786,A,47.0751,A,47.7388,A,48.0537,A
CPMI_CT2:A:SG:B:SG3P:V:V:H,"A","Annual","SG","Singapore","B","Payment systems, retail","SG3P","USDCCS","V","Payment transactions","V","Value","H","Annual real growth","A","All users","0","Units","S","Summed through period","2","PS3","INCREASE IN THE REAL VALUE OF TRANSACTIONS (PER SYSTEM)",,,3.8972,A,-0.4411,A,-3.8658,A,-5.6828,A,0.82868,A,0.22023,A
CPMI_CT2:A:SG:B:SG3P:V:V:I,"A","Annual","SG","Singapore","B","Payment systems, retail","SG3P","USDCCS","V","Payment transactions","V","Value","I","In % of GDP","A","All users","0","Units","S","Summed through period","3","PS3","VALUE OF TRANSACTIONS AS A PERCENTAGE OF GDP (PER SYSTEM)",16.6246,A,16.9614,A,16.6631,A,16.2965,A,14.7909,A,14.1085,A,13.201,A
CPMI_CT2:A:SG:B:SG3P:V:V:S,"A","Annual","SG","Singapore","B","Payment systems, retail","SG3P","USDCCS","V","Payment transactions","V","Value","S","Per transaction","A","All users","3","Thousands","S","Summed through period","3","PS3","AVERAGE VALUE OF TRANSACTIONS (PER SYSTEM), IN USD",53.3202,A,55.9148,A,56.1184,A,55.5688,A,55.1877,A,55.8348,A,58.9616,A
CPMI_CT2:A:SG:B:SG3P:X:N:N,"A","Annual","SG","Singapore","B","Payment systems, retail","SG3P","USDCCS","X","All participants","N","Number","N","Units","A","All users","0","Units","E","End of period","0","PS4","TOTAL NUMBER OF PARTICIPANTS",48,A,48,A,49,A,48,A,49,A,49,A,50,A
CPMI_CT2:A:SG:B:SG3P:Y:N:N,"A","Annual","SG","Singapore","B","Payment systems, retail","SG3P","USDCCS","Y","Directly connected participants","N","Number","N","Units","A","All users","0","Units","E","End of period","0","PS4","TOTAL NUMBER OF PARTICIPANTS OF WHICH DIRECTLY CONNECTED PARTICIPANTS",32,A,32,A,32,A,32,A,33,A,33,A,35,A
CPMI_CT2:A:SG:B:SG4P:V:N:G,"A","Annual","SG","Singapore","B","Payment systems, retail","SG4P","IBG","V","Payment transactions","N","Number","G","Annual growth","A","All users","0","Units","S","Summed through period","2","PS2","INCREASE IN THE NUMBER OF TRANSACTIONS (TOTAL GROSS VOLUME PER SYSTEM)",,,3.5933,A,-1.9858,A,1.1664,A,3.9114,A,3.4326,A,2.6747,A
CPMI_CT2:A:SG:B:SG4P:V:N:N,"A","Annual","SG","Singapore","B","Payment systems, retail","SG4P","IBG","V","Payment transactions","N","Number","N","Units","A","All users","6","Millions","S","Summed through period","3","PS2","NUMBER OF TRANSACTIONS (TOTAL GROSS VOLUME PER SYSTEM)",96.345,A,99.807,A,97.825,A,98.966,A,102.837,A,106.367,A,109.212,A
CPMI_CT2:A:SG:B:SG4P:V:V:A,"A","Annual","SG","Singapore","B","Payment systems, retail","SG4P","IBG","V","Payment transactions","V","Value","A","In USD","A","All users","9","Billions","S","Summed through period","3","PS3","VALUE OF TRANSACTIONS (TOTAL GROSS VALUE PER SYSTEM), IN USD",234.1329,A,253.4051,A,264.359,A,258.6065,A,269.259,A,282.3552,A,310.2246,A
CPMI_CT2:A:SG:B:SG4P:V:V:H,"A","Annual","SG","Singapore","B","Payment systems, retail","SG4P","IBG","V","Payment transactions","V","Value","H","Annual real growth","A","All users","0","Units","S","Summed through period","2","PS3","INCREASE IN THE REAL VALUE OF TRANSACTIONS (PER SYSTEM)",,,5.7374,A,3.2642,A,-1.662,A,4.6764,A,4.2629,A,9.3906,A
CPMI_CT2:A:SG:B:SG4P:V:V:I,"A","Annual","SG","Singapore","B","Payment systems, retail","SG4P","IBG","V","Payment transactions","V","Value","I","In % of GDP","A","All users","0","Units","S","Summed through period","3","PS3","VALUE OF TRANSACTIONS AS A PERCENTAGE OF GDP (PER SYSTEM)",79.3474,A,82.3891,A,83.9522,A,83.9877,A,84.6008,A,83.4463,A,85.2227,A
CPMI_CT2:A:SG:B:SG4P:V:V:S,"A","Annual","SG","Singapore","B","Payment systems, retail","SG4P","IBG","V","Payment transactions","V","Value","S","Per transaction","A","All users","3","Thousands","S","Summed through period","3","PS3","AVERAGE VALUE OF TRANSACTIONS (PER SYSTEM), IN USD",2.4302,A,2.539,A,2.7024,A,2.6131,A,2.6183,A,2.6545,A,2.8406,A
CPMI_CT2:A:SG:B:SG4P:X:N:N,"A","Annual","SG","Singapore","B","Payment systems, retail","SG4P","IBG","X","All participants","N","Number","N","Units","A","All users","0","Units","E","End of period","0","PS4","TOTAL NUMBER OF PARTICIPANTS",44,A,45,A,45,A,45,A,45,A,46,A,46,A
CPMI_CT2:A:SG:B:SG4P:Y:N:N,"A","Annual","SG","Singapore","B","Payment systems, retail","SG4P","IBG","Y","Directly connected participants","N","Number","N","Units","A","All users","0","Units","E","End of period","0","PS4","TOTAL NUMBER OF PARTICIPANTS OF WHICH DIRECTLY CONNECTED PARTICIPANTS",38,A,39,A,40,A,40,A,39,A,39,A,39,A
CPMI_CT2:A:SG:C:SG6P:V:N:G,"A","Annual","SG","Singapore","C","Payment systems, fast payments","SG6P","FAST","V","Payment transactions","N","Number","G","Annual growth","A","All users","0","Units","S","Summed through period","2","PS2","INCREASE IN THE NUMBER OF TRANSACTIONS (TOTAL GROSS VOLUME PER SYSTEM)",,,,L,,L,,L,42.4927,A,43.5803,A,54.6368,A
CPMI_CT2:A:SG:C:SG6P:V:N:N,"A","Annual","SG","Singapore","C","Payment systems, fast payments","SG6P","FAST","V","Payment transactions","N","Number","N","Units","A","All users","6","Millions","S","Summed through period","3","PS2","NUMBER OF TRANSACTIONS (TOTAL GROSS VOLUME PER SYSTEM)",,L,,L,,L,18.8489,A,26.8584,A,38.5633,A,59.6331,A
CPMI_CT2:A:SG:C:SG6P:V:V:A,"A","Annual","SG","Singapore","C","Payment systems, fast payments","SG6P","FAST","V","Payment transactions","V","Value","A","In USD","A","All users","9","Billions","S","Summed through period","3","PS3","VALUE OF TRANSACTIONS (TOTAL GROSS VALUE PER SYSTEM), IN USD",,L,,L,,L,27.0407,A,39.1591,A,53.0906,A,80.2124,A
CPMI_CT2:A:SG:C:SG6P:V:V:H,"A","Annual","SG","Singapore","C","Payment systems, fast payments","SG6P","FAST","V","Payment transactions","V","Value","H","Annual real growth","A","All users","0","Units","S","Summed through period","2","PS3","INCREASE IN THE REAL VALUE OF TRANSACTIONS (PER SYSTEM)",,,,L,,L,,L,45.5903,A,34.7997,A,50.4262,A
CPMI_CT2:A:SG:C:SG6P:V:V:I,"A","Annual","SG","Singapore","C","Payment systems, fast payments","SG6P","FAST","V","Payment transactions","V","Value","I","In % of GDP","A","All users","0","Units","S","Summed through period","3","PS3","VALUE OF TRANSACTIONS AS A PERCENTAGE OF GDP (PER SYSTEM)",,L,,L,,L,8.782,A,12.3037,A,15.6902,A,22.0354,A
CPMI_CT2:A:SG:C:SG6P:V:V:S,"A","Annual","SG","Singapore","C","Payment systems, fast payments","SG6P","FAST","V","Payment transactions","V","Value","S","Per transaction","A","All users","3","Thousands","S","Summed through period","3","PS3","AVERAGE VALUE OF TRANSACTIONS (PER SYSTEM), IN USD",,L,,L,,L,1.4346,A,1.458,A,1.3767,A,1.3451,A
CPMI_CT2:A:SG:C:SG6P:X:N:N,"A","Annual","SG","Singapore","C","Payment systems, fast payments","SG6P","FAST","X","All participants","N","Number","N","Units","A","All users","0","Units","E","End of period","0","PS4","TOTAL NUMBER OF PARTICIPANTS",,L,,L,,L,19,A,19,A,20,A,21,A
CPMI_CT2:A:SG:C:SG6P:Y:N:N,"A","Annual","SG","Singapore","C","Payment systems, fast payments","SG6P","FAST","Y","Directly connected participants","N","Number","N","Units","A","All users","0","Units","E","End of period","0","PS4","TOTAL NUMBER OF PARTICIPANTS OF WHICH DIRECTLY CONNECTED PARTICIPANTS",,L,,L,,L,19,A,19,A,20,A,21,A
CPMI_CT2:A:SG:U:SG1C:V:N:G,"A","Annual","SG","Singapore","U","Central counterparties/clearing houses","SG1C","CDP","V","Payment transactions","N","Number","G","Annual growth","A","All users","0","Units","S","Summed through period","2","CCP2","INCREASE IN THE NUMBER OF TRANSACTIONS (PER CCP OR CLEARING HOUSE)",,,17.8894,A,-21.5803,A,7.7854,A,-9.3609,A,-47.6457,A,,L
CPMI_CT2:A:SG:U:SG1C:V:N:N,"A","Annual","SG","Singapore","U","Central counterparties/clearing houses","SG1C","CDP","V","Payment transactions","N","Number","N","Units","A","All users","3","Thousands","S","Summed through period","3","CCP2","NUMBER OF TRANSACTIONS (TOTAL NUMBER OF CONTRACTS AND TRANSACTIONS PER CCP OR CLEARING HOUSE)",24222.55,A,28555.81,A,22393.38,A,24136.79,A,21877.37,A,11453.74,A,,L
CPMI_CT2:A:SG:U:SG1C:V:V:A,"A","Annual","SG","Singapore","U","Central counterparties/clearing houses","SG1C","CDP","V","Payment transactions","V","Value","A","In USD","A","All users","9","Billions","S","Summed through period","3","CCP3","VALUE OF TRANSACTIONS (TOTAL VALUE OF CONTRACTS AND TRANSACTIONS PER CCP OR CLEARING HOUSE), IN USD",257.289,A,283.559,A,209.8165,A,203.5858,A,196.9431,A,212.52,A,221.7836,A
CPMI_CT2:A:SG:U:SG1C:V:V:H,"A","Annual","SG","Singapore","U","Central counterparties/clearing houses","SG1C","CDP","V","Payment transactions","V","Value","H","Annual real growth","A","All users","0","Units","S","Summed through period","2","CCP3","INCREASE IN THE REAL VALUE OF TRANSACTIONS (PER CCP OR CLEARING HOUSE)",,,7.6708,A,-26.7568,A,-2.4597,A,-2.7452,A,7.291,A,3.9033,A
CPMI_CT2:A:SG:U:SG1C:V:V:I,"A","Annual","SG","Singapore","U","Central counterparties/clearing houses","SG1C","CDP","V","Payment transactions","V","Value","I","In % of GDP","A","All users","0","Units","S","Summed through period","3","CCP3","VALUE OF TRANSACTIONS AS A PERCENTAGE OF GDP (PER CCP OR CLEARING HOUSE)",87.195,A,92.193,A,66.6312,A,66.1186,A,61.8792,A,62.8074,A,60.9268,A
CPMI_CT2:A:SG:U:SG1C:V:V:S,"A","Annual","SG","Singapore","U","Central counterparties/clearing houses","SG1C","CDP","V","Payment transactions","V","Value","S","Per transaction","A","All users","3","Thousands","S","Summed through period","3","CCP3","AVERAGE VALUE OF TRANSACTIONS (PER CCP OR CLEARING HOUSE), IN USD",10.6219,A,9.93,A,9.3696,A,8.4347,A,9.0021,A,18.5546,A,,L
CPMI_CT2:A:SG:U:SG1C:Z:N:N,"A","Annual","SG","Singapore","U","Central counterparties/clearing houses","SG1C","CDP","Z","Clearing members","N","Number","N","Units","A","All users","0","Units","E","End of period","0","CCP4","NUMBER OF CLEARING MEMBERS IN CCPs AND CLEARING HOUSES",27,A,26,A,26,A,25,A,25,A,25,A,25,A
CPMI_CT2:A:SG:V:SG1S:W:N:G,"A","Annual","SG","Singapore","V","Central securities depositories","SG1S","SGS","W","Delivery instructions","N","Number","G","Annual growth","A","All users","0","Units","S","Summed through period","2","CSD2","INCREASE IN THE NUMBER OF DELIVERY INSTRUCTIONS (PER CSD)",14.1393,A,13.0556,A,-3.4496,A,17.0399,A,6.5925,A,-2.8884,A,-5.058,A
CPMI_CT2:A:SG:V:SG1S:W:N:N,"A","Annual","SG","Singapore","V","Central securities depositories","SG1S","SGS","W","Delivery instructions","N","Number","N","Units","A","All users","3","Thousands","S","Summed through period","3","CSD2","NUMBER OF DELIVERY INSTRUCTIONS (TOTAL NUMBER OF DELIVERY INSTRUCTIONS PER CSD)",90,A,101.75,A,98.24,A,114.98,A,122.56,A,119.02,A,113,A
CPMI_CT2:A:SG:V:SG1S:W:V:A,"A","Annual","SG","Singapore","V","Central securities depositories","SG1S","SGS","W","Delivery instructions","V","Value","A","In USD","A","All users","9","Billions","S","Summed through period","3","CSD3","VALUE OF DELIVERY INSTRUCTIONS (TOTAL VALUE OF DELIVERY INSTRUCTIONS PER CSD), IN USD",1116.2152,A,1187.3856,A,1114.1301,A,937.9505,A,1003.8909,A,1172.2317,A,1270.2704,A
CPMI_CT2:A:SG:V:SG1S:W:V:H,"A","Annual","SG","Singapore","V","Central securities depositories","SG1S","SGS","W","Delivery instructions","V","Value","H","Annual real growth","A","All users","0","Units","S","Summed through period","2","CSD3","INCREASE IN THE REAL VALUE OF DELIVERY INSTRUCTIONS (PER CSD)",45.7512,A,3.9249,A,-7.1215,A,-15.3708,A,7.603,A,16.0997,A,7.8903,A
CPMI_CT2:A:SG:V:SG1S:W:V:I,"A","Annual","SG","Singapore","V","Central securities depositories","SG1S","SGS","W","Delivery instructions","V","Value","I","In % of GDP","A","All users","0","Units","S","Summed through period","2","CSD3","VALUE OF DELIVERY INSTRUCTIONS AS A PERCENTAGE OF GDP (PER CSD)",378.2841,A,386.0523,A,353.8132,A,304.6186,A,315.4211,A,346.4372,A,348.9595,A
CPMI_CT2:A:SG:V:SG1S:W:V:S,"A","Annual","SG","Singapore","V","Central securities depositories","SG1S","SGS","W","Delivery instructions","V","Value","S","Per transaction","A","All users","3","Thousands","S","Summed through period","3","CSD3","AVERAGE VALUE PER DELIVERY INSTRUCTIONS (PER CSD), IN USD",12402.3912,A,11669.6369,A,11340.9007,A,8157.5104,A,8191.0159,A,9849.0315,A,11241.3311,A
CPMI_CT2:A:SG:V:SG1S:X:N:N,"A","Annual","SG","Singapore","V","Central securities depositories","SG1S","SGS","X","All participants","N","Number","N","Units","A","All users","0","Units","E","End of period","0","CSD4","TOTAL NUMBER OF PARTICIPANTS (TOTAL NUMBER OF DIRECT PARTICIPANTS IN CSDs)",62,A,64,A,64,A,63,A,62,A,63,A,62,A
CPMI_CT2:A:SG:V:SG2S:W:N:G,"A","Annual","SG","Singapore","V","Central securities depositories","SG2S","DCSS","W","Delivery instructions","N","Number","G","Annual growth","A","All users","0","Units","S","Summed through period","2","CSD2","INCREASE IN THE NUMBER OF DELIVERY INSTRUCTIONS (PER CSD)",,L,,L,,L,,L,,L,,L,,L
CPMI_CT2:A:SG:V:SG2S:W:N:N,"A","Annual","SG","Singapore","V","Central securities depositories","SG2S","DCSS","W","Delivery instructions","N","Number","N","Units","A","All users","3","Thousands","S","Summed through period","3","CSD2","NUMBER OF DELIVERY INSTRUCTIONS (TOTAL NUMBER OF DELIVERY INSTRUCTIONS PER CSD)",,L,,L,,L,,L,,L,,L,,L
CPMI_CT2:A:SG:V:SG2S:X:N:N,"A","Annual","SG","Singapore","V","Central securities depositories","SG2S","DCSS","X","All participants","N","Number","N","Units","A","All users","0","Units","E","End of period","0","CSD4","TOTAL NUMBER OF PARTICIPANTS (TOTAL NUMBER OF DIRECT PARTICIPANTS IN CSDs)",42,A,45,A,47,A,50,A,53,A,58,A,63,A
CPMI_CT2:A:SG:V:SG3S:O:V:A,"A","Annual","SG","Singapore","V","Central securities depositories","SG3S","CDP","O","Securities held","V","Value","A","In USD","A","All users","6","Millions","S","Summed through period","3","CSD5","TOTAL VALUE OF SECURITIES HELD, IN USD",1277478.0818,A,1460385.6085,A,1630953.7822,A,1518555.2795,A,1602337.3979,A,1973454.0403,A,2113400.256,A
CPMI_CT2:A:SG:V:SG3S:W:N:G,"A","Annual","SG","Singapore","V","Central securities depositories","SG3S","CDP","W","Delivery instructions","N","Number","G","Annual growth","A","All users","0","Units","S","Summed through period","2","CSD2","INCREASE IN THE NUMBER OF DELIVERY INSTRUCTIONS (PER CSD)",,L,-4.8458,A,19.1365,A,5.7873,A,6.0165,A,38.1208,A,,L
CPMI_CT2:A:SG:V:SG3S:W:N:N,"A","Annual","SG","Singapore","V","Central securities depositories","SG3S","CDP","W","Delivery instructions","N","Number","N","Units","A","All users","3","Thousands","S","Summed through period","3","CSD2","NUMBER OF DELIVERY INSTRUCTIONS (TOTAL NUMBER OF DELIVERY INSTRUCTIONS PER CSD)",5233.61,A,4980,A,5933,A,6276.36,A,6653.98,A,9190.532,A,,L
CPMI_CT2:A:SG:V:SG3S:X:N:N,"A","Annual","SG","Singapore","V","Central securities depositories","SG3S","CDP","X","All participants","N","Number","N","Units","A","All users","0","Units","E","End of period","0","CSD4","TOTAL NUMBER OF PARTICIPANTS (TOTAL NUMBER OF DIRECT PARTICIPANTS IN CSDs)",27,A,25,A,26,A,26,A,26,A,26,A,26,A
CPMI_CT2:A:TR:A:TR1P:P:N:F,"A","Annual","TR","Turkey","A","Payment systems, large-value","TR1P","EFT large","P","Concentration ratio in terms of volume","N","Number","F","Percent","A","All users","0","Units","S","Summed through period","2","PS4","CONCENTRATION RATIO IN TERMS OF VOLUME",55.53,A,66.26,A,61.63,A,60.74,A,57.47,A,54.61,A,54.29,A
CPMI_CT2:A:TR:A:TR1P:Q:N:F,"A","Annual","TR","Turkey","A","Payment systems, large-value","TR1P","EFT large","Q","Concentration ratio in terms of value","N","Number","F","Percent","A","All users","0","Units","S","Summed through period","2","PS4","CONCENTRATION RATIO IN TERMS OF VALUE",56.33,A,45.58,A,44.74,A,44.54,A,42.1,A,60.73,A,57.43,A
CPMI_CT2:A:TR:A:TR1P:V:N:G,"A","Annual","TR","Turkey","A","Payment systems, large-value","TR1P","EFT large","V","Payment transactions","N","Number","G","Annual growth","A","All users","0","Units","S","Summed through period","2","PS2","INCREASE IN THE NUMBER OF TRANSACTIONS (TOTAL GROSS VOLUME PER SYSTEM)",,,-98.3807,A,-3.3898,A,2.4561,A,-14.3836,A,0.32,A,1.3557,A
CPMI_CT2:A:TR:A:TR1P:V:N:N,"A","Annual","TR","Turkey","A","Payment systems, large-value","TR1P","EFT large","V","Payment transactions","N","Number","N","Units","A","All users","6","Millions","S","Summed through period","3","PS2","NUMBER OF TRANSACTIONS (TOTAL GROSS VOLUME PER SYSTEM)",182.18,A,2.95,A,2.85,A,2.92,A,2.5,A,2.508,A,2.542,A
CPMI_CT2:A:TR:A:TR1P:V:V:A,"A","Annual","TR","Turkey","A","Payment systems, large-value","TR1P","EFT large","V","Payment transactions","V","Value","A","In USD","A","All users","9","Billions","S","Summed through period","3","PS3","VALUE OF TRANSACTIONS (TOTAL GROSS VALUE PER SYSTEM), IN USD",18157.8869,A,18125.7006,A,18301.8118,A,15659.4922,A,14900.24,A,17257.664,A,14616.058,A
CPMI_CT2:A:TR:A:TR1P:V:V:H,"A","Annual","TR","Turkey","A","Payment systems, large-value","TR1P","EFT large","V","Payment transactions","V","Value","H","Annual real growth","A","All users","0","Units","S","Summed through period","2","PS3","INCREASE IN THE REAL VALUE OF TRANSACTIONS (PER SYSTEM)",,,-7.1357,A,-7.2417,A,-20.5333,A,-11.7129,A,4.2081,A,-27.1973,A
CPMI_CT2:A:TR:A:TR1P:V:V:I,"A","Annual","TR","Turkey","A","Payment systems, large-value","TR1P","EFT large","V","Payment transactions","V","Value","I","In % of GDP","A","All users","0","Units","S","Summed through period","3","PS3","VALUE OF TRANSACTIONS AS A PERCENTAGE OF GDP (PER SYSTEM)",2083.4512,A,1909.4917,A,1960.0498,A,1827.1081,A,1727.3232,A,2023.9192,A,1905.2775,A
CPMI_CT2:A:TR:A:TR1P:V:V:S,"A","Annual","TR","Turkey","A","Payment systems, large-value","TR1P","EFT large","V","Payment transactions","V","Value","S","Per transaction","A","All users","3","Thousands","S","Summed through period","3","PS3","AVERAGE VALUE OF TRANSACTIONS (PER SYSTEM), IN USD",99.67,A,6144.3053,A,6421.6883,A,5362.8398,A,5960.096,A,6881.0463,A,5749.8261,A
CPMI_CT2:A:TR:A:TR1P:X:N:N,"A","Annual","TR","Turkey","A","Payment systems, large-value","TR1P","EFT large","X","All participants","N","Number","N","Units","A","All users","0","Units","E","End of period","0","PS4","TOTAL NUMBER OF PARTICIPANTS",48,A,49,A,49,A,51,A,52,A,51,A,51,A
CPMI_CT2:A:TR:A:TR1P:Y:N:N,"A","Annual","TR","Turkey","A","Payment systems, large-value","TR1P","EFT large","Y","Directly connected participants","N","Number","N","Units","A","All users","0","Units","E","End of period","0","PS4","TOTAL NUMBER OF PARTICIPANTS OF WHICH DIRECTLY CONNECTED PARTICIPANTS",48,A,49,A,49,A,51,A,52,A,51,A,51,A
CPMI_CT2:A:TR:B:TR2P:V:N:G,"A","Annual","TR","Turkey","B","Payment systems, retail","TR2P","Interbank Card Center","V","Payment transactions","N","Number","G","Annual growth","A","All users","0","Units","S","Summed through period","2","PS2","INCREASE IN THE NUMBER OF TRANSACTIONS (TOTAL GROSS VOLUME PER SYSTEM)",,,13.3565,A,11.1767,A,11.6985,A,10.7145,A,15.0686,A,17.9973,A
CPMI_CT2:A:TR:B:TR2P:V:N:N,"A","Annual","TR","Turkey","B","Payment systems, retail","TR2P","Interbank Card Center","V","Payment transactions","N","Number","N","Units","A","All users","6","Millions","S","Summed through period","3","PS2","NUMBER OF TRANSACTIONS (TOTAL GROSS VOLUME PER SYSTEM)",1459.104,A,1653.989,A,1838.85,A,2053.968,A,2274.041,A,2616.707,A,3087.644,A
CPMI_CT2:A:TR:B:TR2P:V:V:A,"A","Annual","TR","Turkey","B","Payment systems, retail","TR2P","Interbank Card Center","V","Payment transactions","V","Value","A","In USD","A","All users","9","Billions","S","Summed through period","3","PS3","VALUE OF TRANSACTIONS (TOTAL GROSS VALUE PER SYSTEM), IN USD",93.7184,A,99.1179,A,99.8495,A,88.8395,A,87.2122,A,82.9484,A,76.5948,A
CPMI_CT2:A:TR:B:TR2P:V:V:H,"A","Annual","TR","Turkey","B","Payment systems, retail","TR2P","Interbank Card Center","V","Payment transactions","V","Value","H","Annual real growth","A","All users","0","Units","S","Summed through period","2","PS3","INCREASE IN THE REAL VALUE OF TRANSACTIONS (PER SYSTEM)",,,-1.611,A,-7.4562,A,-17.3654,A,-8.9138,A,-14.4257,A,-20.6238,A
CPMI_CT2:A:TR:B:TR2P:V:V:I,"A","Annual","TR","Turkey","B","Payment systems, retail","TR2P","Interbank Card Center","V","Payment transactions","V","Value","I","In % of GDP","A","All users","0","Units","S","Summed through period","3","PS3","VALUE OF TRANSACTIONS AS A PERCENTAGE OF GDP (PER SYSTEM)",10.7533,A,10.4418,A,10.6935,A,10.3656,A,10.1102,A,9.7279,A,9.9845,A
CPMI_CT2:A:TR:B:TR2P:V:V:S,"A","Annual","TR","Turkey","B","Payment systems, retail","TR2P","Interbank Card Center","V","Payment transactions","V","Value","S","Per transaction","A","All users","3","Thousands","S","Summed through period","3","PS3","AVERAGE VALUE OF TRANSACTIONS (PER SYSTEM), IN USD",0.06423,A,0.059927,A,0.0543,A,0.043253,A,0.038351,A,0.0317,A,0.024807,A
CPMI_CT2:A:TR:B:TR2P:X:N:N,"A","Annual","TR","Turkey","B","Payment systems, retail","TR2P","Interbank Card Center","X","All participants","N","Number","N","Units","A","All users","0","Units","E","End of period","0","PS4","TOTAL NUMBER OF PARTICIPANTS",28,A,28,A,28,A,29,A,30,A,31,A,33,A
CPMI_CT2:A:TR:B:TR2P:Y:N:N,"A","Annual","TR","Turkey","B","Payment systems, retail","TR2P","Interbank Card Center","Y","Directly connected participants","N","Number","N","Units","A","All users","0","Units","E","End of period","0","PS4","TOTAL NUMBER OF PARTICIPANTS OF WHICH DIRECTLY CONNECTED PARTICIPANTS",28,A,28,A,28,A,29,A,30,A,31,A,33,A
CPMI_CT2:A:TR:B:TR3P:V:N:G,"A","Annual","TR","Turkey","B","Payment systems, retail","TR3P","Takasbank Cheque Clearing System","V","Payment transactions","N","Number","G","Annual growth","A","All users","0","Units","S","Summed through period","2","PS2","INCREASE IN THE NUMBER OF TRANSACTIONS (TOTAL GROSS VOLUME PER SYSTEM)",,,-6.9952,A,1.1692,A,-2.6506,A,-8.9363,A,-5.9735,A,4.9459,A
CPMI_CT2:A:TR:B:TR3P:V:N:N,"A","Annual","TR","Turkey","B","Payment systems, retail","TR3P","Takasbank Cheque Clearing System","V","Payment transactions","N","Number","N","Units","A","All users","6","Millions","S","Summed through period","3","PS2","NUMBER OF TRANSACTIONS (TOTAL GROSS VOLUME PER SYSTEM)",18.484,A,17.191,A,17.392,A,16.931,A,15.418,A,14.497,A,15.214,A
CPMI_CT2:A:TR:B:TR3P:V:V:A,"A","Annual","TR","Turkey","B","Payment systems, retail","TR3P","Takasbank Cheque Clearing System","V","Payment transactions","V","Value","A","In USD","A","All users","9","Billions","S","Summed through period","3","PS3","VALUE OF TRANSACTIONS (TOTAL GROSS VALUE PER SYSTEM), IN USD",175.8746,A,183.507,A,184.475,A,162.2543,A,150.1179,A,136.6379,A,121.198,A
CPMI_CT2:A:TR:B:TR3P:V:V:H,"A","Annual","TR","Turkey","B","Payment systems, retail","TR3P","Takasbank Cheque Clearing System","V","Payment transactions","V","Value","H","Annual real growth","A","All users","0","Units","S","Summed through period","2","PS3","INCREASE IN THE REAL VALUE OF TRANSACTIONS (PER SYSTEM)",,,-2.9336,A,-7.6497,A,-18.3115,A,-14.1545,A,-18.1061,A,-23.7529,A
CPMI_CT2:A:TR:B:TR3P:V:V:I,"A","Annual","TR","Turkey","B","Payment systems, retail","TR3P","Takasbank Cheque Clearing System","V","Payment transactions","V","Value","I","In % of GDP","A","All users","0","Units","S","Summed through period","3","PS3","VALUE OF TRANSACTIONS AS A PERCENTAGE OF GDP (PER SYSTEM)",20.18,A,19.3319,A,19.7565,A,18.9314,A,17.4026,A,16.0244,A,15.7988,A
CPMI_CT2:A:TR:B:TR3P:V:V:S,"A","Annual","TR","Turkey","B","Payment systems, retail","TR3P","Takasbank Cheque Clearing System","V","Payment transactions","V","Value","S","Per transaction","A","All users","3","Thousands","S","Summed through period","3","PS3","AVERAGE VALUE OF TRANSACTIONS (PER SYSTEM), IN USD",9.515,A,10.6746,A,10.6069,A,9.5833,A,9.7365,A,9.4253,A,7.9662,A
CPMI_CT2:A:TR:B:TR3P:X:N:N,"A","Annual","TR","Turkey","B","Payment systems, retail","TR3P","Takasbank Cheque Clearing System","X","All participants","N","Number","N","Units","A","All users","0","Units","E","End of period","0","PS4","TOTAL NUMBER OF PARTICIPANTS",41,A,41,A,41,A,42,A,43,A,41,A,39,A
CPMI_CT2:A:TR:B:TR3P:Y:N:N,"A","Annual","TR","Turkey","B","Payment systems, retail","TR3P","Takasbank Cheque Clearing System","Y","Directly connected participants","N","Number","N","Units","A","All users","0","Units","E","End of period","0","PS4","TOTAL NUMBER OF PARTICIPANTS OF WHICH DIRECTLY CONNECTED PARTICIPANTS",41,A,41,A,41,A,42,A,43,A,41,A,39,A
CPMI_CT2:A:TR:B:TR4P:V:N:G,"A","Annual","TR","Turkey","B","Payment systems, retail","TR4P","EFT retail","V","Payment transactions","N","Number","G","Annual growth","A","All users","0","Units","S","Summed through period","2","PS2","INCREASE IN THE NUMBER OF TRANSACTIONS (TOTAL GROSS VOLUME PER SYSTEM)",,,1437.3945,A,16.1532,A,18.2401,A,18.8929,A,25.4759,A,24.4571,A
CPMI_CT2:A:TR:B:TR4P:V:N:N,"A","Annual","TR","Turkey","B","Payment systems, retail","TR4P","EFT retail","V","Payment transactions","N","Number","N","Units","A","All users","6","Millions","S","Summed through period","3","PS2","NUMBER OF TRANSACTIONS (TOTAL GROSS VOLUME PER SYSTEM)",14.93,A,229.533,A,266.61,A,315.24,A,374.798,A,470.281,A,585.298,A
CPMI_CT2:A:TR:B:TR4P:V:V:A,"A","Annual","TR","Turkey","B","Payment systems, retail","TR4P","EFT retail","V","Payment transactions","V","Value","A","In USD","A","All users","9","Billions","S","Summed through period","3","PS3","VALUE OF TRANSACTIONS (TOTAL GROSS VALUE PER SYSTEM), IN USD",212.4544,A,2984.4882,A,3027.9835,A,2786.3847,A,3735.7104,A,3758.9995,A,3506.9629,A
CPMI_CT2:A:TR:B:TR4P:V:V:H,"A","Annual","TR","Turkey","B","Payment systems, retail","TR4P","EFT retail","V","Payment transactions","V","Value","H","Annual real growth","A","All users","0","Units","S","Summed through period","2","PS3","INCREASE IN THE REAL VALUE OF TRANSACTIONS (PER SYSTEM)",,,1206.8434,A,-6.7955,A,-14.5348,A,24.398,A,-9.466,A,-19.803,A
CPMI_CT2:A:TR:B:TR4P:V:V:I,"A","Annual","TR","Turkey","B","Payment systems, retail","TR4P","EFT retail","V","Payment transactions","V","Value","I","In % of GDP","A","All users","0","Units","S","Summed through period","3","PS3","VALUE OF TRANSACTIONS AS A PERCENTAGE OF GDP (PER SYSTEM)",24.3772,A,314.4075,A,324.2847,A,325.108,A,433.0655,A,440.8425,A,457.1504,A
CPMI_CT2:A:TR:B:TR4P:V:V:S,"A","Annual","TR","Turkey","B","Payment systems, retail","TR4P","EFT retail","V","Payment transactions","V","Value","S","Per transaction","A","All users","3","Thousands","S","Summed through period","3","PS3","AVERAGE VALUE OF TRANSACTIONS (PER SYSTEM), IN USD",14.23,A,13.0024,A,11.3574,A,8.8389,A,9.9673,A,7.9931,A,5.9918,A
CPMI_CT2:A:TR:B:TR4P:X:N:N,"A","Annual","TR","Turkey","B","Payment systems, retail","TR4P","EFT retail","X","All participants","N","Number","N","Units","A","All users","0","Units","E","End of period","0","PS4","TOTAL NUMBER OF PARTICIPANTS",48,A,49,A,49,A,51,A,52,A,51,A,51,A
CPMI_CT2:A:TR:B:TR4P:Y:N:N,"A","Annual","TR","Turkey","B","Payment systems, retail","TR4P","EFT retail","Y","Directly connected participants","N","Number","N","Units","A","All users","0","Units","E","End of period","0","PS4","TOTAL NUMBER OF PARTICIPANTS OF WHICH DIRECTLY CONNECTED PARTICIPANTS",48,A,49,A,49,A,51,A,52,A,51,A,51,A
CPMI_CT2:A:TR:B:TR5P:V:N:G,"A","Annual","TR","Turkey","B","Payment systems, retail","TR5P","Garanti Payment Systems","V","Payment transactions","N","Number","G","Annual growth","A","All users","0","Units","S","Summed through period","2","PS2","INCREASE IN THE NUMBER OF TRANSACTIONS (TOTAL GROSS VOLUME PER SYSTEM)",,,22.0799,A,20.1169,A,15.4515,A,8.4233,A,10.3911,A,27.367,A
CPMI_CT2:A:TR:B:TR5P:V:N:N,"A","Annual","TR","Turkey","B","Payment systems, retail","TR5P","Garanti Payment Systems","V","Payment transactions","N","Number","N","Units","A","All users","6","Millions","S","Summed through period","3","PS2","NUMBER OF TRANSACTIONS (TOTAL GROSS VOLUME PER SYSTEM)",57.446,A,70.13,A,84.238,A,97.254,A,105.446,A,116.403,A,148.259,A
CPMI_CT2:A:TR:B:TR5P:V:V:A,"A","Annual","TR","Turkey","B","Payment systems, retail","TR5P","Garanti Payment Systems","V","Payment transactions","V","Value","A","In USD","A","All users","9","Billions","S","Summed through period","3","PS3","VALUE OF TRANSACTIONS (TOTAL GROSS VALUE PER SYSTEM), IN USD",4.7212,A,6.926,A,7.8404,A,7.6083,A,7.7779,A,7.3381,A,6.4003,A
CPMI_CT2:A:TR:B:TR5P:V:V:H,"A","Annual","TR","Turkey","B","Payment systems, retail","TR5P","Garanti Payment Systems","V","Payment transactions","V","Value","H","Annual real growth","A","All users","0","Units","S","Summed through period","2","PS3","INCREASE IN THE REAL VALUE OF TRANSACTIONS (PER SYSTEM)",,,36.4724,A,3.9941,A,-9.8733,A,-5.1464,A,-15.1134,A,-25.0258,A
CPMI_CT2:A:TR:B:TR5P:V:V:I,"A","Annual","TR","Turkey","B","Payment systems, retail","TR5P","Garanti Payment Systems","V","Payment transactions","V","Value","I","In % of GDP","A","All users","0","Units","S","Summed through period","3","PS3","VALUE OF TRANSACTIONS AS A PERCENTAGE OF GDP (PER SYSTEM)",0.54172,A,0.72963,A,0.83967,A,0.88772,A,0.90165,A,0.86059,A,0.83431,A
CPMI_CT2:A:TR:B:TR5P:V:V:S,"A","Annual","TR","Turkey","B","Payment systems, retail","TR5P","Garanti Payment Systems","V","Payment transactions","V","Value","S","Per transaction","A","All users","3","Thousands","S","Summed through period","3","PS3","AVERAGE VALUE OF TRANSACTIONS (PER SYSTEM), IN USD",0.082185,A,0.098759,A,0.093074,A,0.078231,A,0.073761,A,0.063041,A,0.04317,A
CPMI_CT2:A:TR:B:TR5P:X:N:N,"A","Annual","TR","Turkey","B","Payment systems, retail","TR5P","Garanti Payment Systems","X","All participants","N","Number","N","Units","A","All users","0","Units","E","End of period","0","PS4","TOTAL NUMBER OF PARTICIPANTS",9,A,9,A,10,A,10,A,10,A,10,A,9,A
CPMI_CT2:A:TR:B:TR5P:Y:N:N,"A","Annual","TR","Turkey","B","Payment systems, retail","TR5P","Garanti Payment Systems","Y","Directly connected participants","N","Number","N","Units","A","All users","0","Units","E","End of period","0","PS4","TOTAL NUMBER OF PARTICIPANTS OF WHICH DIRECTLY CONNECTED PARTICIPANTS",9,A,9,A,10,A,10,A,10,A,10,A,9,A
CPMI_CT2:A:TR:B:TR6P:V:N:G,"A","Annual","TR","Turkey","B","Payment systems, retail","TR6P","MPTS","V","Payment transactions","N","Number","G","Annual growth","A","All users","0","Units","S","Summed through period","2","PS2","INCREASE IN THE NUMBER OF TRANSACTIONS (TOTAL GROSS VOLUME PER SYSTEM)",,,,L,,L,130.5589,A,33.0267,A,14.1359,A,-44.8685,A
CPMI_CT2:A:TR:B:TR6P:V:N:N,"A","Annual","TR","Turkey","B","Payment systems, retail","TR6P","MPTS","V","Payment transactions","N","Number","N","Units","A","All users","6","Millions","S","Summed through period","3","PS2","NUMBER OF TRANSACTIONS (TOTAL GROSS VOLUME PER SYSTEM)",,L,,L,9.948,A,22.936,A,30.511,A,34.824,A,19.199,A
CPMI_CT2:A:TR:B:TR6P:V:V:A,"A","Annual","TR","Turkey","B","Payment systems, retail","TR6P","MPTS","V","Payment transactions","V","Value","A","In USD","A","All users","9","Billions","S","Summed through period","3","PS3","VALUE OF TRANSACTIONS (TOTAL GROSS VALUE PER SYSTEM), IN USD",,L,,L,0.36251,A,0.48719,A,0.55538,A,0.55395,A,0.32987,A
CPMI_CT2:A:TR:B:TR6P:V:V:H,"A","Annual","TR","Turkey","B","Payment systems, retail","TR6P","MPTS","V","Payment transactions","V","Value","H","Annual real growth","A","All users","0","Units","S","Summed through period","2","PS3","INCREASE IN THE REAL VALUE OF TRANSACTIONS (PER SYSTEM)",,,,L,,L,24.8205,A,5.7719,A,-10.2591,A,-48.8106,A
CPMI_CT2:A:TR:B:TR6P:V:V:I,"A","Annual","TR","Turkey","B","Payment systems, retail","TR6P","MPTS","V","Payment transactions","V","Value","I","In % of GDP","A","All users","0","Units","S","Summed through period","3","PS3","VALUE OF TRANSACTIONS AS A PERCENTAGE OF GDP (PER SYSTEM)",,L,,L,0.038823,A,0.056844,A,0.064383,A,0.064965,A,0.043001,A
CPMI_CT2:A:TR:B:TR6P:V:V:S,"A","Annual","TR","Turkey","B","Payment systems, retail","TR6P","MPTS","V","Payment transactions","V","Value","S","Per transaction","A","All users","3","Thousands","S","Summed through period","3","PS3","AVERAGE VALUE OF TRANSACTIONS (PER SYSTEM), IN USD",,L,,L,0.03644,A,0.021241,A,0.018203,A,0.015907,A,0.017182,A
CPMI_CT2:A:TR:B:TR6P:X:N:N,"A","Annual","TR","Turkey","B","Payment systems, retail","TR6P","MPTS","X","All participants","N","Number","N","Units","A","All users","0","Units","E","End of period","0","PS4","TOTAL NUMBER OF PARTICIPANTS",,L,,L,9,A,9,A,9,A,8,A,8,A
CPMI_CT2:A:TR:B:TR6P:Y:N:N,"A","Annual","TR","Turkey","B","Payment systems, retail","TR6P","MPTS","Y","Directly connected participants","N","Number","N","Units","A","All users","0","Units","E","End of period","0","PS4","TOTAL NUMBER OF PARTICIPANTS OF WHICH DIRECTLY CONNECTED PARTICIPANTS",,L,,L,9,A,9,A,9,A,8,A,8,A
CPMI_CT2:A:TR:U:TR1C:V:N:G,"A","Annual","TR","Turkey","U","Central counterparties/clearing houses","TR1C","Takasbank","V","Payment transactions","N","Number","G","Annual growth","A","All users","0","Units","S","Summed through period","2","CCP2","INCREASE IN THE NUMBER OF TRANSACTIONS (PER CCP OR CLEARING HOUSE)",,,-14.9938,A,8.2472,A,30.8089,A,17.142,A,39.8959,A,52.0107,A
CPMI_CT2:A:TR:U:TR1C:V:N:N,"A","Annual","TR","Turkey","U","Central counterparties/clearing houses","TR1C","Takasbank","V","Payment transactions","N","Number","N","Units","A","All users","3","Thousands","S","Summed through period","3","CCP2","NUMBER OF TRANSACTIONS (TOTAL NUMBER OF CONTRACTS AND TRANSACTIONS PER CCP OR CLEARING HOUSE)",156075.2,A,132673.6,A,143615.5,A,187861.9,A,220065.2,A,307862.3,A,467983.5,A
CPMI_CT2:A:TR:U:TR1C:V:V:A,"A","Annual","TR","Turkey","U","Central counterparties/clearing houses","TR1C","Takasbank","V","Payment transactions","V","Value","A","In USD","A","All users","9","Billions","S","Summed through period","3","CCP3","VALUE OF TRANSACTIONS (TOTAL VALUE OF CONTRACTS AND TRANSACTIONS PER CCP OR CLEARING HOUSE), IN USD",4115.409,A,4055.4687,A,3918.1828,A,4194.1005,A,4263.5753,A,1813.9152,A,1536.0778,A
CPMI_CT2:A:TR:U:TR1C:V:V:H,"A","Annual","TR","Turkey","U","Central counterparties/clearing houses","TR1C","Takasbank","V","Payment transactions","V","Value","H","Annual real growth","A","All users","0","Units","S","Summed through period","2","CCP3","INCREASE IN THE REAL VALUE OF TRANSACTIONS (PER CCP OR CLEARING HOUSE)",,,-8.3257,A,-11.2442,A,-0.58407,A,-5.6772,A,-61.7214,A,-27.206,A
CPMI_CT2:A:TR:U:TR1C:V:V:I,"A","Annual","TR","Turkey","U","Central counterparties/clearing houses","TR1C","Takasbank","V","Payment transactions","V","Value","I","In % of GDP","A","All users","0","Units","S","Summed through period","3","CCP3","VALUE OF TRANSACTIONS AS A PERCENTAGE OF GDP (PER CCP OR CLEARING HOUSE)",472.2055,A,427.2323,A,419.6215,A,489.3565,A,494.2586,A,212.7297,A,200.2355,A
CPMI_CT2:A:TR:U:TR1C:V:V:S,"A","Annual","TR","Turkey","U","Central counterparties/clearing houses","TR1C","Takasbank","V","Payment transactions","V","Value","S","Per transaction","A","All users","3","Thousands","S","Summed through period","3","CCP3","AVERAGE VALUE OF TRANSACTIONS (PER CCP OR CLEARING HOUSE), IN USD",26.3681,A,30.5673,A,27.2825,A,22.3254,A,19.3741,A,5.892,A,3.2823,A
CPMI_CT2:A:TR:U:TR1C:Z:N:N,"A","Annual","TR","Turkey","U","Central counterparties/clearing houses","TR1C","Takasbank","Z","Clearing members","N","Number","N","Units","A","All users","0","Units","E","End of period","0","CCP4","NUMBER OF CLEARING MEMBERS IN CCPs AND CLEARING HOUSES",125,A,123,A,121,A,118,A,124,A,106,A,101,A
CPMI_CT2:A:TR:V:TR1S:O:N:N,"A","Annual","TR","Turkey","V","Central securities depositories","TR1S","Takasbank","O","Securities held","N","Number","N","Units","A","All users","3","Thousands","E","End of period","3","CSD5","TOTAL NUMBER OF SECURITIES HELD",0.776,A,0.765,A,0.738,A,0.696,A,0.767,A,0.886,A,0.907,A
CPMI_CT2:A:TR:V:TR1S:O:V:A,"A","Annual","TR","Turkey","V","Central securities depositories","TR1S","Takasbank","O","Securities held","V","Value","A","In USD","A","All users","6","Millions","S","Summed through period","3","CSD5","TOTAL VALUE OF SECURITIES HELD, IN USD",28001.3659,A,30028.6077,A,33623.0441,A,31720.1921,A,34821.6045,A,36581.6051,A,29251.7151,A
CPMI_CT2:A:TR:V:TR1S:W:N:G,"A","Annual","TR","Turkey","V","Central securities depositories","TR1S","Takasbank","W","Delivery instructions","N","Number","G","Annual growth","A","All users","0","Units","S","Summed through period","2","CSD2","INCREASE IN THE NUMBER OF DELIVERY INSTRUCTIONS (PER CSD)",11.1268,A,70.0762,A,35.9661,A,20.3855,A,9.2389,A,18.1175,A,21.1404,A
CPMI_CT2:A:TR:V:TR1S:W:N:N,"A","Annual","TR","Turkey","V","Central securities depositories","TR1S","Takasbank","W","Delivery instructions","N","Number","N","Units","A","All users","3","Thousands","S","Summed through period","3","CSD2","NUMBER OF DELIVERY INSTRUCTIONS (TOTAL NUMBER OF DELIVERY INSTRUCTIONS PER CSD)",106350,A,180876,A,245930,A,296064,A,323417,A,382012,A,462771,A
CPMI_CT2:A:TR:V:TR1S:W:V:A,"A","Annual","TR","Turkey","V","Central securities depositories","TR1S","Takasbank","W","Delivery instructions","V","Value","A","In USD","A","All users","9","Billions","S","Summed through period","3","CSD3","VALUE OF DELIVERY INSTRUCTIONS (TOTAL VALUE OF DELIVERY INSTRUCTIONS PER CSD), IN USD",2743.2605,A,2976.1519,A,2610.1679,A,2081.2065,A,1879.0118,A,589.6505,A,602.9697,A
CPMI_CT2:A:TR:V:TR1S:W:V:H,"A","Annual","TR","Turkey","V","Central securities depositories","TR1S","Takasbank","W","Delivery instructions","V","Value","H","Annual real growth","A","All users","0","Units","S","Summed through period","2","CSD3","INCREASE IN THE REAL VALUE OF DELIVERY INSTRUCTIONS (PER CSD)",13.1481,A,0.92703,A,-19.4312,A,-25.946,A,-16.2286,A,-71.7656,A,-12.0978,A
CPMI_CT2:A:TR:V:TR1S:W:V:I,"A","Annual","TR","Turkey","V","Central securities depositories","TR1S","Takasbank","W","Delivery instructions","V","Value","I","In % of GDP","A","All users","0","Units","S","Summed through period","2","CSD3","VALUE OF DELIVERY INSTRUCTIONS AS A PERCENTAGE OF GDP (PER CSD)",314.764,A,313.5293,A,279.5384,A,242.8297,A,217.8261,A,69.1522,A,78.6002,A
CPMI_CT2:A:TR:V:TR1S:W:V:S,"A","Annual","TR","Turkey","V","Central securities depositories","TR1S","Takasbank","W","Delivery instructions","V","Value","S","Per transaction","A","All users","3","Thousands","S","Summed through period","3","CSD3","AVERAGE VALUE PER DELIVERY INSTRUCTIONS (PER CSD), IN USD",25.7946,A,16.4541,A,10.6135,A,7.0296,A,5.8099,A,1.5435,A,1.303,A
CPMI_CT2:A:TR:V:TR1S:X:N:N,"A","Annual","TR","Turkey","V","Central securities depositories","TR1S","Takasbank","X","All participants","N","Number","N","Units","A","All users","0","Units","E","End of period","0","CSD4","TOTAL NUMBER OF PARTICIPANTS (TOTAL NUMBER OF DIRECT PARTICIPANTS IN CSDs)",1051,A,1048,A,1015,A,1022,A,1122,A,1109,A,1068,A
CPMI_CT2:A:TR:V:TR2S:O:N:N,"A","Annual","TR","Turkey","V","Central securities depositories","TR2S","Central Registry Agency","O","Securities held","N","Number","N","Units","A","All users","3","Thousands","E","End of period","3","CSD5","TOTAL NUMBER OF SECURITIES HELD",1.779,A,1.955,A,2.342,A,2.53,A,2.771,A,3.47,A,3.586,A
CPMI_CT2:A:TR:V:TR2S:O:V:A,"A","Annual","TR","Turkey","V","Central securities depositories","TR2S","Central Registry Agency","O","Securities held","V","Value","A","In USD","A","All users","6","Millions","S","Summed through period","3","CSD5","TOTAL VALUE OF SECURITIES HELD, IN USD",434023.5029,A,397986.0812,A,417787.0694,A,306626.6667,A,302898.9509,A,340111.1768,A,237811.7167,A
CPMI_CT2:A:TR:V:TR2S:W:N:G,"A","Annual","TR","Turkey","V","Central securities depositories","TR2S","Central Registry Agency","W","Delivery instructions","N","Number","G","Annual growth","A","All users","0","Units","S","Summed through period","2","CSD2","INCREASE IN THE NUMBER OF DELIVERY INSTRUCTIONS (PER CSD)",18.3767,A,24.4099,A,-2.9544,A,-7.6059,A,-8.3365,A,4.6873,A,24.8354,A
CPMI_CT2:A:TR:V:TR2S:W:N:N,"A","Annual","TR","Turkey","V","Central securities depositories","TR2S","Central Registry Agency","W","Delivery instructions","N","Number","N","Units","A","All users","3","Thousands","S","Summed through period","3","CSD2","NUMBER OF DELIVERY INSTRUCTIONS (TOTAL NUMBER OF DELIVERY INSTRUCTIONS PER CSD)",2860.562,A,3558.822,A,3453.679,A,3190.995,A,2924.978,A,3062.08,A,3822.561,A
CPMI_CT2:A:TR:V:TR2S:W:V:A,"A","Annual","TR","Turkey","V","Central securities depositories","TR2S","Central Registry Agency","W","Delivery instructions","V","Value","A","In USD","A","All users","9","Billions","S","Summed through period","3","CSD3","VALUE OF DELIVERY INSTRUCTIONS (TOTAL VALUE OF DELIVERY INSTRUCTIONS PER CSD), IN USD",984.9944,A,1297.4143,A,961.6709,A,742.0687,A,725.8485,A,759.866,A,663.3566,A
CPMI_CT2:A:TR:V:TR2S:W:V:H,"A","Annual","TR","Turkey","V","Central securities depositories","TR2S","Central Registry Agency","W","Delivery instructions","V","Value","H","Annual real growth","A","All users","0","Units","S","Summed through period","2","CSD3","INCREASE IN THE REAL VALUE OF DELIVERY INSTRUCTIONS (PER CSD)",122.0691,A,22.5362,A,-31.9072,A,-28.333,A,-9.2423,A,-5.8102,A,-24.9572,A
CPMI_CT2:A:TR:V:TR2S:W:V:I,"A","Annual","TR","Turkey","V","Central securities depositories","TR2S","Central Registry Agency","W","Delivery instructions","V","Value","I","In % of GDP","A","All users","0","Units","S","Summed through period","2","CSD3","VALUE OF DELIVERY INSTRUCTIONS AS A PERCENTAGE OF GDP (PER CSD)",113.0191,A,136.679,A,102.9911,A,86.5826,A,84.1446,A,89.1145,A,86.4719,A
CPMI_CT2:A:TR:V:TR2S:W:V:S,"A","Annual","TR","Turkey","V","Central securities depositories","TR2S","Central Registry Agency","W","Delivery instructions","V","Value","S","Per transaction","A","All users","3","Thousands","S","Summed through period","3","CSD3","AVERAGE VALUE PER DELIVERY INSTRUCTIONS (PER CSD), IN USD",344.336,A,364.5629,A,278.4483,A,232.5509,A,248.1552,A,248.1535,A,173.5372,A
CPMI_CT2:A:TR:V:TR2S:X:N:N,"A","Annual","TR","Turkey","V","Central securities depositories","TR2S","Central Registry Agency","X","All participants","N","Number","N","Units","A","All users","0","Units","E","End of period","0","CSD4","TOTAL NUMBER OF PARTICIPANTS (TOTAL NUMBER OF DIRECT PARTICIPANTS IN CSDs)",601,A,657,A,672,A,678,A,695,A,694,A,686,A
CPMI_CT2:A:TR:V:TR3S:O:N:N,"A","Annual","TR","Turkey","V","Central securities depositories","TR3S","ESTS","O","Securities held","N","Number","N","Units","A","All users","3","Thousands","E","End of period","3","CSD5","TOTAL NUMBER OF SECURITIES HELD",0.055,A,0.053,A,0.057,A,0.059,A,0.072,A,0.074,A,0.117,A
CPMI_CT2:A:TR:V:TR3S:O:V:A,"A","Annual","TR","Turkey","V","Central securities depositories","TR3S","ESTS","O","Securities held","V","Value","A","In USD","A","All users","6","Millions","S","Summed through period","3","CSD5","TOTAL VALUE OF SECURITIES HELD, IN USD",210657.2537,A,204435.4995,A,183301.0587,A,155068.6195,A,149501.8777,A,144372.1504,A,118678.8313,A
CPMI_CT2:A:TR:V:TR3S:W:N:G,"A","Annual","TR","Turkey","V","Central securities depositories","TR3S","ESTS","W","Delivery instructions","N","Number","G","Annual growth","A","All users","0","Units","S","Summed through period","2","CSD2","INCREASE IN THE NUMBER OF DELIVERY INSTRUCTIONS (PER CSD)",41.7742,A,21.6746,A,16.1421,A,9.4954,A,-0.72544,A,-17.01,A,-2.1257,A
CPMI_CT2:A:TR:V:TR3S:W:N:N,"A","Annual","TR","Turkey","V","Central securities depositories","TR3S","ESTS","W","Delivery instructions","N","Number","N","Units","A","All users","3","Thousands","S","Summed through period","3","CSD2","NUMBER OF DELIVERY INSTRUCTIONS (TOTAL NUMBER OF DELIVERY INSTRUCTIONS PER CSD)",184.142,A,224.054,A,260.221,A,284.93,A,282.863,A,234.748,A,229.758,A
CPMI_CT2:A:TR:V:TR3S:W:V:A,"A","Annual","TR","Turkey","V","Central securities depositories","TR3S","ESTS","W","Delivery instructions","V","Value","A","In USD","A","All users","9","Billions","S","Summed through period","3","CSD3","VALUE OF DELIVERY INSTRUCTIONS (TOTAL VALUE OF DELIVERY INSTRUCTIONS PER CSD), IN USD",4196.1772,A,4399.3313,A,4247.3629,A,4106.9091,A,4094.5804,A,3968.5745,A,3019.3463,A
CPMI_CT2:A:TR:V:TR3S:W:V:H,"A","Annual","TR","Turkey","V","Central securities depositories","TR3S","ESTS","W","Delivery instructions","V","Value","H","Annual real growth","A","All users","0","Units","S","Summed through period","2","CSD3","INCREASE IN THE REAL VALUE OF DELIVERY INSTRUCTIONS (PER CSD)",-16.7109,A,-2.4668,A,-11.3077,A,-10.1956,A,-7.4928,A,-12.7957,A,-34.6,A
CPMI_CT2:A:TR:V:TR3S:W:V:I,"A","Annual","TR","Turkey","V","Central securities depositories","TR3S","ESTS","W","Delivery instructions","V","Value","I","In % of GDP","A","All users","0","Units","S","Summed through period","2","CSD3","VALUE OF DELIVERY INSTRUCTIONS AS A PERCENTAGE OF GDP (PER CSD)",481.4729,A,463.4572,A,454.8753,A,479.1833,A,474.6678,A,465.4207,A,393.5871,A
CPMI_CT2:A:TR:V:TR3S:W:V:S,"A","Annual","TR","Turkey","V","Central securities depositories","TR3S","ESTS","W","Delivery instructions","V","Value","S","Per transaction","A","All users","3","Thousands","S","Summed through period","3","CSD3","AVERAGE VALUE PER DELIVERY INSTRUCTIONS (PER CSD), IN USD",22787.7249,A,19635.1386,A,16322.1374,A,14413.7478,A,14475.4896,A,16905.6799,A,13141.4196,A
CPMI_CT2:A:TR:V:TR3S:X:N:N,"A","Annual","TR","Turkey","V","Central securities depositories","TR3S","ESTS","X","All participants","N","Number","N","Units","A","All users","0","Units","E","End of period","0","CSD4","TOTAL NUMBER OF PARTICIPANTS (TOTAL NUMBER OF DIRECT PARTICIPANTS IN CSDs)",49,A,50,A,50,A,53,A,53,A,53,A,53,A
CPMI_CT2:A:US:A:US1P:V:N:G,"A","Annual","US","United States","A","Payment systems, large-value","US1P","CHIPS","V","Payment transactions","N","Number","G","Annual growth","A","All users","0","Units","S","Summed through period","2","PS2","INCREASE IN THE NUMBER OF TRANSACTIONS (TOTAL GROSS VOLUME PER SYSTEM)",2.103,A,6.1792,A,6.1106,A,0.91408,A,0.36232,A,1.6245,A,1.9538,A
CPMI_CT2:A:US:A:US1P:V:N:N,"A","Annual","US","United States","A","Payment systems, large-value","US1P","CHIPS","V","Payment transactions","N","Number","N","Units","A","All users","6","Millions","S","Summed through period","3","PS2","NUMBER OF TRANSACTIONS (TOTAL GROSS VOLUME PER SYSTEM)",97.1,A,103.1,A,109.4,A,110.4,A,110.8,A,112.6,A,114.8,A
CPMI_CT2:A:US:A:US1P:V:V:A,"A","Annual","US","United States","A","Payment systems, large-value","US1P","CHIPS","V","Payment transactions","V","Value","A","In USD","A","All users","9","Billions","S","Summed through period","3","PS3","VALUE OF TRANSACTIONS (TOTAL GROSS VALUE PER SYSTEM), IN USD",364818.6,A,379984.8416,A,390695.2191,A,375862.2621,A,364331.3159,A,393239.294,A,417943.863,A
CPMI_CT2:A:US:A:US1P:V:V:H,"A","Annual","US","United States","A","Payment systems, large-value","US1P","CHIPS","V","Payment transactions","V","Value","H","Annual real growth","A","All users","0","Units","S","Summed through period","2","PS3","INCREASE IN THE REAL VALUE OF TRANSACTIONS (PER SYSTEM)",-11.3863,A,2.6535,A,1.1773,A,-3.9105,A,-4.2755,A,5.6834,A,3.7482,A
CPMI_CT2:A:US:A:US1P:V:V:I,"A","Annual","US","United States","A","Payment systems, large-value","US1P","CHIPS","V","Payment transactions","V","Value","I","In % of GDP","A","All users","0","Units","S","Summed through period","3","PS3","VALUE OF TRANSACTIONS AS A PERCENTAGE OF GDP (PER SYSTEM)",2230.0925,A,2224.3319,A,2188.781,A,2048.2064,A,1918.3511,A,1974.2019,A,1999.9419,A
CPMI_CT2:A:US:A:US1P:V:V:S,"A","Annual","US","United States","A","Payment systems, large-value","US1P","CHIPS","V","Payment transactions","V","Value","S","Per transaction","A","All users","3","Thousands","S","Summed through period","3","PS3","AVERAGE VALUE OF TRANSACTIONS (PER SYSTEM), IN USD",3757.1432,A,3685.595,A,3571.2543,A,3404.5495,A,3288.1888,A,3492.3561,A,3640.626,A
CPMI_CT2:A:US:A:US1P:X:N:N,"A","Annual","US","United States","A","Payment systems, large-value","US1P","CHIPS","X","All participants","N","Number","N","Units","A","All users","0","Units","E","End of period","0","PS4","TOTAL NUMBER OF PARTICIPANTS",52,A,50,A,49,A,49,A,48,A,47,A,45,A
CPMI_CT2:A:US:A:US1P:Y:N:N,"A","Annual","US","United States","A","Payment systems, large-value","US1P","CHIPS","Y","Directly connected participants","N","Number","N","Units","A","All users","0","Units","E","End of period","0","PS4","TOTAL NUMBER OF PARTICIPANTS OF WHICH DIRECTLY CONNECTED PARTICIPANTS",52,A,50,A,49,A,49,A,48,A,47,A,45,A
CPMI_CT2:A:US:A:US2P:V:N:G,"A","Annual","US","United States","A","Payment systems, large-value","US2P","Fedwire Funds Service","V","Payment transactions","N","Number","G","Annual growth","A","All users","0","Units","S","Summed through period","2","PS2","INCREASE IN THE NUMBER OF TRANSACTIONS (TOTAL GROSS VOLUME PER SYSTEM)",3.622,A,1.9757,A,0.59613,A,5.7778,A,3.7115,A,3.0385,A,3.8008,A
CPMI_CT2:A:US:A:US2P:V:N:N,"A","Annual","US","United States","A","Payment systems, large-value","US2P","Fedwire Funds Service","V","Payment transactions","N","Number","N","Units","A","All users","6","Millions","S","Summed through period","3","PS2","NUMBER OF TRANSACTIONS (TOTAL GROSS VOLUME PER SYSTEM)",131.6,A,134.2,A,135,A,142.8,A,148.1,A,152.6,A,158.4,A
CPMI_CT2:A:US:A:US2P:V:V:A,"A","Annual","US","United States","A","Payment systems, large-value","US2P","Fedwire Funds Service","V","Payment transactions","V","Value","A","In USD","A","All users","9","Billions","S","Summed through period","3","PS3","VALUE OF TRANSACTIONS (TOTAL GROSS VALUE PER SYSTEM), IN USD",599200.625,A,713310.354,A,884551.876,A,834630.44,A,766961.537,A,740096.838,A,716211.759,A
CPMI_CT2:A:US:A:US2P:V:V:H,"A","Annual","US","United States","A","Payment systems, large-value","US2P","Fedwire Funds Service","V","Payment transactions","V","Value","H","Annual real growth","A","All users","0","Units","S","Summed through period","2","PS3","INCREASE IN THE REAL VALUE OF TRANSACTIONS (PER SYSTEM)",-11.5668,A,17.325,A,22.027,A,-5.7555,A,-9.2525,A,-5.5154,A,-5.5347,A
CPMI_CT2:A:US:A:US2P:V:V:I,"A","Annual","US","United States","A","Payment systems, large-value","US2P","Fedwire Funds Service","V","Payment transactions","V","Value","I","In % of GDP","A","All users","0","Units","S","Summed through period","3","PS3","VALUE OF TRANSACTIONS AS A PERCENTAGE OF GDP (PER SYSTEM)",3662.8418,A,4175.5323,A,4955.5005,A,4548.1965,A,4038.3613,A,3715.5507,A,3427.2113,A
CPMI_CT2:A:US:A:US2P:V:V:S,"A","Annual","US","United States","A","Payment systems, large-value","US2P","Fedwire Funds Service","V","Payment transactions","V","Value","S","Per transaction","A","All users","3","Thousands","S","Summed through period","3","PS3","AVERAGE VALUE OF TRANSACTIONS (PER SYSTEM), IN USD",4553.1962,A,5315.2783,A,6552.2361,A,5844.751,A,5178.6734,A,4849.9137,A,4521.5389,A
CPMI_CT2:A:US:A:US2P:Y:N:N,"A","Annual","US","United States","A","Payment systems, large-value","US2P","Fedwire Funds Service","Y","Directly connected participants","N","Number","N","Units","A","All users","0","Units","E","End of period","0","PS4","TOTAL NUMBER OF PARTICIPANTS OF WHICH DIRECTLY CONNECTED PARTICIPANTS",7210,A,6998,A,6808,A,6565,A,6328,A,6130,A,5999,A
CPMI_CT2:A:US:A:US7P:Q:N:F,"A","Annual","US","United States","A","Payment systems, large-value","US7P","NSS","Q","Concentration ratio in terms of value","N","Number","F","Percent","A","All users","0","Units","S","Summed through period","2","PS4","CONCENTRATION RATIO IN TERMS OF VALUE",,L,,L,,L,,L,,L,52,A,53,A
CPMI_CT2:A:US:A:US7P:V:N:G,"A","Annual","US","United States","A","Payment systems, large-value","US7P","NSS","V","Payment transactions","N","Number","G","Annual growth","A","All users","0","Units","S","Summed through period","2","PS2","INCREASE IN THE NUMBER OF TRANSACTIONS (TOTAL GROSS VOLUME PER SYSTEM)",16.1121,A,9.3514,A,-8.9655,A,-13.7879,A,-1.406,A,3.0303,A,0.17301,A
CPMI_CT2:A:US:A:US7P:V:N:N,"A","Annual","US","United States","A","Payment systems, large-value","US7P","NSS","V","Payment transactions","N","Number","N","Units","A","All users","6","Millions","S","Summed through period","3","PS2","NUMBER OF TRANSACTIONS (TOTAL GROSS VOLUME PER SYSTEM)",0.663,A,0.725,A,0.66,A,0.569,A,0.561,A,0.578,A,0.579,A
CPMI_CT2:A:US:A:US7P:V:V:A,"A","Annual","US","United States","A","Payment systems, large-value","US7P","NSS","V","Payment transactions","V","Value","A","In USD","A","All users","9","Billions","S","Summed through period","3","PS3","VALUE OF TRANSACTIONS (TOTAL GROSS VALUE PER SYSTEM), IN USD",16084.794,A,17281.065,A,17551.626,A,18085.534,A,17983.149,A,19366.604,A,20886.607,A
CPMI_CT2:A:US:A:US7P:V:V:H,"A","Annual","US","United States","A","Payment systems, large-value","US7P","NSS","V","Payment transactions","V","Value","H","Annual real growth","A","All users","0","Units","S","Summed through period","2","PS3","INCREASE IN THE REAL VALUE OF TRANSACTIONS (PER SYSTEM)",0.12894,A,5.8862,A,-0.05567,A,2.9198,A,-1.8049,A,5.4469,A,5.2771,A
CPMI_CT2:A:US:A:US7P:V:V:I,"A","Annual","US","United States","A","Payment systems, large-value","US7P","NSS","V","Payment transactions","V","Value","I","In % of GDP","A","All users","0","Units","S","Summed through period","3","PS3","VALUE OF TRANSACTIONS AS A PERCENTAGE OF GDP (PER SYSTEM)",98.3244,A,101.1588,A,98.329,A,98.5545,A,94.6885,A,97.2273,A,99.9464,A
CPMI_CT2:A:US:A:US7P:V:V:S,"A","Annual","US","United States","A","Payment systems, large-value","US7P","NSS","V","Payment transactions","V","Value","S","Per transaction","A","All users","3","Thousands","S","Summed through period","3","PS3","AVERAGE VALUE OF TRANSACTIONS (PER SYSTEM), IN USD",24260.6244,A,23835.9517,A,26593.3727,A,31784.7698,A,32055.5241,A,33506.2353,A,36073.5872,A
CPMI_CT2:A:US:A:US7P:X:N:N,"A","Annual","US","United States","A","Payment systems, large-value","US7P","NSS","X","All participants","N","Number","N","Units","A","All users","0","Units","E","End of period","0","PS4","TOTAL NUMBER OF PARTICIPANTS",1200,A,1200,A,1200,A,1200,A,1200,A,1100,A,1100,A
CPMI_CT2:A:US:A:US7P:Y:N:N,"A","Annual","US","United States","A","Payment systems, large-value","US7P","NSS","Y","Directly connected participants","N","Number","N","Units","A","All users","0","Units","E","End of period","0","PS4","TOTAL NUMBER OF PARTICIPANTS OF WHICH DIRECTLY CONNECTED PARTICIPANTS",1200,A,1200,A,1200,A,1200,A,1200,A,1100,A,1100,A
CPMI_CT2:A:US:B:US3P:V:N:G,"A","Annual","US","United States","B","Payment systems, retail","US3P","Cheque clearing: Private","V","Payment transactions","N","Number","G","Annual growth","A","All users","0","Units","S","Summed through period","2","PS2","INCREASE IN THE NUMBER OF TRANSACTIONS (TOTAL GROSS VOLUME PER SYSTEM)",-12.6001,A,3.3232,A,-2.0303,A,-3.3441,A,-3.9891,A,-7.0359,A,-3.2454,A
CPMI_CT2:A:US:B:US3P:V:N:N,"A","Annual","US","United States","B","Payment systems, retail","US3P","Cheque clearing: Private","V","Payment transactions","N","Number","N","Units","A","All users","6","Millions","S","Summed through period","3","PS2","NUMBER OF TRANSACTIONS (TOTAL GROSS VOLUME PER SYSTEM)",7279.1,A,7521,A,7368.3,A,7121.9,A,6837.8,A,6356.7,A,6150.4,A
CPMI_CT2:A:US:B:US3P:V:V:A,"A","Annual","US","United States","B","Payment systems, retail","US3P","Cheque clearing: Private","V","Payment transactions","V","Value","A","In USD","A","All users","9","Billions","S","Summed through period","3","PS3","VALUE OF TRANSACTIONS (TOTAL GROSS VALUE PER SYSTEM), IN USD",9093.4655,A,9497.6349,A,9552.6635,A,9749.4955,A,9956.3146,A,9808.1286,A,9952.5466,A
CPMI_CT2:A:US:B:US3P:V:V:H,"A","Annual","US","United States","B","Payment systems, retail","US3P","Cheque clearing: Private","V","Payment transactions","V","Value","H","Annual real growth","A","All users","0","Units","S","Summed through period","2","PS3","INCREASE IN THE REAL VALUE OF TRANSACTIONS (PER SYSTEM)",-13.8926,A,2.9368,A,-1.0262,A,1.9396,A,0.84904,A,-3.543,A,-0.94702,A
CPMI_CT2:A:US:B:US3P:V:V:I,"A","Annual","US","United States","B","Payment systems, retail","US3P","Cheque clearing: Private","V","Payment transactions","V","Value","I","In % of GDP","A","All users","0","Units","S","Summed through period","3","PS3","VALUE OF TRANSACTIONS AS A PERCENTAGE OF GDP (PER SYSTEM)",55.5873,A,55.5967,A,53.5166,A,53.1284,A,52.424,A,49.2403,A,47.6249,A
CPMI_CT2:A:US:B:US3P:V:V:S,"A","Annual","US","United States","B","Payment systems, retail","US3P","Cheque clearing: Private","V","Payment transactions","V","Value","S","Per transaction","A","All users","3","Thousands","S","Summed through period","3","PS3","AVERAGE VALUE OF TRANSACTIONS (PER SYSTEM), IN USD",1.2493,A,1.2628,A,1.2965,A,1.3689,A,1.4561,A,1.543,A,1.6182,A
CPMI_CT2:A:US:B:US4P:V:N:G,"A","Annual","US","United States","B","Payment systems, retail","US4P","Cheque clearing: Federal Reserve","V","Payment transactions","N","Number","G","Annual growth","A","All users","0","Units","S","Summed through period","2","PS2","INCREASE IN THE NUMBER OF TRANSACTIONS (TOTAL GROSS VOLUME PER SYSTEM)",-2.8503,A,-9.9256,A,-4.4077,A,-5.0008,A,-3.8722,A,-1.7264,A,-7.8957,A
CPMI_CT2:A:US:B:US4P:V:N:N,"A","Annual","US","United States","B","Payment systems, retail","US4P","Cheque clearing: Federal Reserve","V","Payment transactions","N","Number","N","Units","A","All users","6","Millions","S","Summed through period","3","PS2","NUMBER OF TRANSACTIONS (TOTAL GROSS VOLUME PER SYSTEM)",6851,A,6171,A,5899,A,5604,A,5387,A,5294,A,4876,A
CPMI_CT2:A:US:B:US4P:V:V:A,"A","Annual","US","United States","B","Payment systems, retail","US4P","Cheque clearing: Federal Reserve","V","Payment transactions","V","Value","A","In USD","A","All users","9","Billions","S","Summed through period","3","PS3","VALUE OF TRANSACTIONS (TOTAL GROSS VALUE PER SYSTEM), IN USD",8346.602,A,8136.874,A,8276.934,A,8273.982,A,8261.633,A,8604.289,A,8654.341,A
CPMI_CT2:A:US:B:US4P:V:V:H,"A","Annual","US","United States","B","Payment systems, retail","US4P","Cheque clearing: Federal Reserve","V","Payment transactions","V","Value","H","Annual real growth","A","All users","0","Units","S","Summed through period","2","PS3","INCREASE IN THE REAL VALUE OF TRANSACTIONS (PER SYSTEM)",-0.36767,A,-3.9201,A,0.097495,A,-0.15411,A,-1.3933,A,1.9754,A,-1.8165,A
CPMI_CT2:A:US:B:US4P:V:V:I,"A","Annual","US","United States","B","Payment systems, retail","US4P","Cheque clearing: Federal Reserve","V","Payment transactions","V","Value","I","In % of GDP","A","All users","0","Units","S","Summed through period","3","PS3","VALUE OF TRANSACTIONS AS A PERCENTAGE OF GDP (PER SYSTEM)",51.0218,A,47.6311,A,46.3696,A,45.0879,A,43.5008,A,43.1966,A,41.4127,A
CPMI_CT2:A:US:B:US4P:V:V:S,"A","Annual","US","United States","B","Payment systems, retail","US4P","Cheque clearing: Federal Reserve","V","Payment transactions","V","Value","S","Per transaction","A","All users","3","Thousands","S","Summed through period","3","PS3","AVERAGE VALUE OF TRANSACTIONS (PER SYSTEM), IN USD",1.2183,A,1.3186,A,1.4031,A,1.4764,A,1.5336,A,1.6253,A,1.7749,A
CPMI_CT2:A:US:B:US5P:V:N:G,"A","Annual","US","United States","B","Payment systems, retail","US5P","EPN","V","Payment transactions","N","Number","G","Annual growth","A","All users","0","Units","S","Summed through period","2","PS2","INCREASE IN THE NUMBER OF TRANSACTIONS (TOTAL GROSS VOLUME PER SYSTEM)",2.8994,A,3.2245,A,2.8958,A,4.7001,A,5.2252,A,6.1331,A,0.35325,A
CPMI_CT2:A:US:B:US5P:V:N:N,"A","Annual","US","United States","B","Payment systems, retail","US5P","EPN","V","Payment transactions","N","Number","N","Units","A","All users","6","Millions","S","Summed through period","3","PS2","NUMBER OF TRANSACTIONS (TOTAL GROSS VOLUME PER SYSTEM)",7818.3,A,8070.4,A,8304.1,A,8694.4,A,9148.7,A,9709.8,A,9744.1,A
CPMI_CT2:A:US:B:US5P:V:V:A,"A","Annual","US","United States","B","Payment systems, retail","US5P","EPN","V","Payment transactions","V","Value","A","In USD","A","All users","9","Billions","S","Summed through period","3","PS3","VALUE OF TRANSACTIONS (TOTAL GROSS VALUE PER SYSTEM), IN USD",17306.0061,A,18744.3577,A,20030.2486,A,20850.463,A,21719.2305,A,23391.0695,A,24565.1803,A
CPMI_CT2:A:US:B:US5P:V:V:H,"A","Annual","US","United States","B","Payment systems, retail","US5P","EPN","V","Payment transactions","V","Value","H","Annual real growth","A","All users","0","Units","S","Summed through period","2","PS3","INCREASE IN THE REAL VALUE OF TRANSACTIONS (PER SYSTEM)",8.239,A,6.7476,A,5.1543,A,3.9715,A,2.8689,A,5.4513,A,2.5155,A
CPMI_CT2:A:US:B:US5P:V:V:I,"A","Annual","US","United States","B","Payment systems, retail","US5P","EPN","V","Payment transactions","V","Value","I","In % of GDP","A","All users","0","Units","S","Summed through period","3","PS3","VALUE OF TRANSACTIONS AS A PERCENTAGE OF GDP (PER SYSTEM)",105.7895,A,109.7246,A,112.2149,A,113.6215,A,114.3605,A,117.4315,A,117.5491,A
CPMI_CT2:A:US:B:US5P:V:V:S,"A","Annual","US","United States","B","Payment systems, retail","US5P","EPN","V","Payment transactions","V","Value","S","Per transaction","A","All users","3","Thousands","S","Summed through period","3","PS3","AVERAGE VALUE OF TRANSACTIONS (PER SYSTEM), IN USD",2.2135,A,2.3226,A,2.4121,A,2.3981,A,2.374,A,2.409,A,2.521,A
CPMI_CT2:A:US:B:US6P:V:N:G,"A","Annual","US","United States","B","Payment systems, retail","US6P","FedACH","V","Payment transactions","N","Number","G","Annual growth","A","All users","0","Units","S","Summed through period","2","PS2","INCREASE IN THE NUMBER OF TRANSACTIONS (TOTAL GROSS VOLUME PER SYSTEM)",5.3152,A,6.1485,A,5.4064,A,6.2508,A,5.286,A,5.3658,A,12.2753,A
CPMI_CT2:A:US:B:US6P:V:N:N,"A","Annual","US","United States","B","Payment systems, retail","US6P","FedACH","V","Payment transactions","N","Number","N","Units","A","All users","6","Millions","S","Summed through period","3","PS2","NUMBER OF TRANSACTIONS (TOTAL GROSS VOLUME PER SYSTEM)",8932.2,A,9481.4,A,9994,A,10618.7,A,11180,A,11779.9,A,13225.92,A
CPMI_CT2:A:US:B:US6P:V:V:A,"A","Annual","US","United States","B","Payment systems, retail","US6P","FedACH","V","Payment transactions","V","Value","A","In USD","A","All users","9","Billions","S","Summed through period","3","PS3","VALUE OF TRANSACTIONS (TOTAL GROSS VALUE PER SYSTEM), IN USD",19573.0678,A,19953.9319,A,19993.3569,A,20789.004,A,22058.4568,A,23421.0109,A,26687.5097,A
CPMI_CT2:A:US:B:US6P:V:V:H,"A","Annual","US","United States","B","Payment systems, retail","US6P","FedACH","V","Payment transactions","V","Value","H","Annual real growth","A","All users","0","Units","S","Summed through period","2","PS3","INCREASE IN THE REAL VALUE OF TRANSACTIONS (PER SYSTEM)",5.1176,A,0.47408,A,-1.4019,A,3.8564,A,4.7844,A,3.9625,A,11.23,A
CPMI_CT2:A:US:B:US6P:V:V:I,"A","Annual","US","United States","B","Payment systems, retail","US6P","FedACH","V","Payment transactions","V","Value","I","In % of GDP","A","All users","0","Units","S","Summed through period","3","PS3","VALUE OF TRANSACTIONS AS A PERCENTAGE OF GDP (PER SYSTEM)",119.6478,A,116.8051,A,112.0082,A,113.2866,A,116.1467,A,117.5818,A,127.7049,A
CPMI_CT2:A:US:B:US6P:V:V:S,"A","Annual","US","United States","B","Payment systems, retail","US6P","FedACH","V","Payment transactions","V","Value","S","Per transaction","A","All users","3","Thousands","S","Summed through period","3","PS3","AVERAGE VALUE OF TRANSACTIONS (PER SYSTEM), IN USD",2.1913,A,2.1045,A,2.0005,A,1.9578,A,1.973,A,1.9882,A,2.0178,A
CPMI_CT2:A:US:U:US1C:V:N:G,"A","Annual","US","United States","U","Central counterparties/clearing houses","US1C","NSCC","V","Payment transactions","N","Number","G","Annual growth","A","All users","0","Units","S","Summed through period","2","CCP2","INCREASE IN THE NUMBER OF TRANSACTIONS (PER CCP OR CLEARING HOUSE)",-17.1363,A,2.6647,A,14.2019,A,10.6472,A,14.6685,A,-11.7017,A,17.9316,A
CPMI_CT2:A:US:U:US1C:V:N:N,"A","Annual","US","United States","U","Central counterparties/clearing houses","US1C","NSCC","V","Payment transactions","N","Number","N","Units","A","All users","3","Thousands","S","Summed through period","3","CCP2","NUMBER OF TRANSACTIONS (TOTAL NUMBER OF CONTRACTS AND TRANSACTIONS PER CCP OR CLEARING HOUSE)",17263000,A,17723000,A,20240000,A,22395000,A,25680000,A,22675000,A,26741000,A
CPMI_CT2:A:US:U:US1C:V:V:A,"A","Annual","US","United States","U","Central counterparties/clearing houses","US1C","NSCC","V","Payment transactions","V","Value","A","In USD","A","All users","9","Billions","S","Summed through period","3","CCP3","VALUE OF TRANSACTIONS (TOTAL VALUE OF CONTRACTS AND TRANSACTIONS PER CCP OR CLEARING HOUSE), IN USD",185670,A,207220,A,232155,A,246128,A,243304,A,242379,A,319674,A
CPMI_CT2:A:US:U:US1C:V:V:H,"A","Annual","US","United States","U","Central counterparties/clearing houses","US1C","NSCC","V","Payment transactions","V","Value","H","Annual real growth","A","All users","0","Units","S","Summed through period","2","CCP3","INCREASE IN THE REAL VALUE OF TRANSACTIONS (PER CCP OR CLEARING HOUSE)",-17.6114,A,9.9954,A,10.2447,A,5.8932,A,-2.3789,A,-2.4579,A,28.7454,A
CPMI_CT2:A:US:U:US1C:V:V:I,"A","Annual","US","United States","U","Central counterparties/clearing houses","US1C","NSCC","V","Payment transactions","V","Value","I","In % of GDP","A","All users","0","Units","S","Summed through period","3","CCP3","VALUE OF TRANSACTIONS AS A PERCENTAGE OF GDP (PER CCP OR CLEARING HOUSE)",1134.9785,A,1213.0117,A,1300.5955,A,1341.2385,A,1281.0935,A,1216.8292,A,1529.7017,A
CPMI_CT2:A:US:U:US1C:V:V:S,"A","Annual","US","United States","U","Central counterparties/clearing houses","US1C","NSCC","V","Payment transactions","V","Value","S","Per transaction","A","All users","3","Thousands","S","Summed through period","3","CCP3","AVERAGE VALUE OF TRANSACTIONS (PER CCP OR CLEARING HOUSE), IN USD",10.7554,A,11.6922,A,11.4701,A,10.9903,A,9.4745,A,10.6893,A,11.9545,A
CPMI_CT2:A:US:U:US1C:Z:N:N,"A","Annual","US","United States","U","Central counterparties/clearing houses","US1C","NSCC","Z","Clearing members","N","Number","N","Units","A","All users","0","Units","E","End of period","0","CCP4","NUMBER OF CLEARING MEMBERS IN CCPs AND CLEARING HOUSES",181,A,173,A,170,A,161,A,156,A,150,A,146,A
CPMI_CT2:A:US:U:US2C:V:N:G,"A","Annual","US","United States","U","Central counterparties/clearing houses","US2C","FICC","V","Payment transactions","N","Number","G","Annual growth","A","All users","0","Units","S","Summed through period","2","CCP2","INCREASE IN THE NUMBER OF TRANSACTIONS (PER CCP OR CLEARING HOUSE)",-11.9369,A,2.8133,A,1.2438,A,8.1081,A,0.45455,A,0.92308,A,12.8475,A
CPMI_CT2:A:US:U:US2C:V:N:N,"A","Annual","US","United States","U","Central counterparties/clearing houses","US2C","FICC","V","Payment transactions","N","Number","N","Units","A","All users","3","Thousands","S","Summed through period","3","CCP2","NUMBER OF TRANSACTIONS (TOTAL NUMBER OF CONTRACTS AND TRANSACTIONS PER CCP OR CLEARING HOUSE)",39100,A,40200,A,40700,A,44000,A,44200,A,44608,A,50339,A
CPMI_CT2:A:US:U:US2C:V:V:A,"A","Annual","US","United States","U","Central counterparties/clearing houses","US2C","FICC","V","Payment transactions","V","Value","A","In USD","A","All users","9","Billions","S","Summed through period","3","CCP3","VALUE OF TRANSACTIONS (TOTAL VALUE OF CONTRACTS AND TRANSACTIONS PER CCP OR CLEARING HOUSE), IN USD",1219100,A,1155200,A,1073492,A,985248,A,991379.428,A,1092124.912,A,1246912,A
CPMI_CT2:A:US:U:US2C:V:V:H,"A","Annual","US","United States","U","Central counterparties/clearing houses","US2C","FICC","V","Payment transactions","V","Value","H","Annual real growth","A","All users","0","Units","S","Summed through period","2","CCP3","INCREASE IN THE REAL VALUE OF TRANSACTIONS (PER CCP OR CLEARING HOUSE)",-2.4674,A,-6.6096,A,-8.5565,A,-8.329,A,-0.6313,A,7.8645,A,11.4507,A
CPMI_CT2:A:US:U:US2C:V:V:I,"A","Annual","US","United States","U","Central counterparties/clearing houses","US2C","FICC","V","Payment transactions","V","Value","I","In % of GDP","A","All users","0","Units","S","Summed through period","3","CCP3","VALUE OF TRANSACTIONS AS A PERCENTAGE OF GDP (PER CCP OR CLEARING HOUSE)",7452.2126,A,6762.2387,A,6013.9945,A,5368.9648,A,5220.0118,A,5482.8575,A,5966.7142,A
CPMI_CT2:A:US:U:US2C:V:V:S,"A","Annual","US","United States","U","Central counterparties/clearing houses","US2C","FICC","V","Payment transactions","V","Value","S","Per transaction","A","All users","3","Thousands","S","Summed through period","3","CCP3","AVERAGE VALUE OF TRANSACTIONS (PER CCP OR CLEARING HOUSE), IN USD",31179.0281,A,28736.3184,A,26375.7248,A,22392,A,22429.3988,A,24482.7141,A,24770.2974,A
CPMI_CT2:A:US:U:US2C:Z:N:N,"A","Annual","US","United States","U","Central counterparties/clearing houses","US2C","FICC","Z","Clearing members","N","Number","N","Units","A","All users","0","Units","E","End of period","0","CCP4","NUMBER OF CLEARING MEMBERS IN CCPs AND CLEARING HOUSES",178,A,161,A,184,A,270,A,265,A,271,A,275,A
CPMI_CT2:A:US:U:US3C:V:N:G,"A","Annual","US","United States","U","Central counterparties/clearing houses","US3C","FICC:GSD","V","Payment transactions","N","Number","G","Annual growth","A","All users","0","Units","S","Summed through period","2","CCP2","INCREASE IN THE NUMBER OF TRANSACTIONS (PER CCP OR CLEARING HOUSE)",-13.8272,A,4.298,A,1.6484,A,8.3784,A,0.74813,A,1.2376,A,14.4254,A
CPMI_CT2:A:US:U:US3C:V:N:N,"A","Annual","US","United States","U","Central counterparties/clearing houses","US3C","FICC:GSD","V","Payment transactions","N","Number","N","Units","A","All users","3","Thousands","S","Summed through period","3","CCP2","NUMBER OF TRANSACTIONS (TOTAL NUMBER OF CONTRACTS AND TRANSACTIONS PER CCP OR CLEARING HOUSE)",34900,A,36400,A,37000,A,40100,A,40400,A,40900,A,46800,A
CPMI_CT2:A:US:U:US3C:V:V:A,"A","Annual","US","United States","U","Central counterparties/clearing houses","US3C","FICC:GSD","V","Payment transactions","V","Value","A","In USD","A","All users","9","Billions","S","Summed through period","3","CCP3","VALUE OF TRANSACTIONS (TOTAL VALUE OF CONTRACTS AND TRANSACTIONS PER CCP OR CLEARING HOUSE), IN USD",1116200,A,1076500,A,1008396,A,917068,A,916977,A,1020051.259,A,1165345,A
CPMI_CT2:A:US:U:US3C:V:V:H,"A","Annual","US","United States","U","Central counterparties/clearing houses","US3C","FICC:GSD","V","Payment transactions","V","Value","H","Annual real growth","A","All users","0","Units","S","Summed through period","2","CCP3","INCREASE IN THE REAL VALUE OF TRANSACTIONS (PER CCP OR CLEARING HOUSE)",-2.9576,A,-4.949,A,-7.8218,A,-9.1645,A,-1.2557,A,8.9205,A,11.5198,A
CPMI_CT2:A:US:U:US3C:V:V:I,"A","Annual","US","United States","U","Central counterparties/clearing houses","US3C","FICC:GSD","V","Payment transactions","V","Value","I","In % of GDP","A","All users","0","Units","S","Summed through period","3","CCP3","VALUE OF TRANSACTIONS AS A PERCENTAGE OF GDP (PER CCP OR CLEARING HOUSE)",6823.1972,A,6301.5495,A,5649.309,A,4997.4279,A,4828.2531,A,5121.022,A,5576.4004,A
CPMI_CT2:A:US:U:US3C:V:V:S,"A","Annual","US","United States","U","Central counterparties/clearing houses","US3C","FICC:GSD","V","Payment transactions","V","Value","S","Per transaction","A","All users","3","Thousands","S","Summed through period","3","CCP3","AVERAGE VALUE OF TRANSACTIONS (PER CCP OR CLEARING HOUSE), IN USD",31982.808,A,29574.1758,A,27253.9459,A,22869.5262,A,22697.4505,A,24940.1286,A,24900.5342,A
CPMI_CT2:A:US:U:US3C:Z:N:N,"A","Annual","US","United States","U","Central counterparties/clearing houses","US3C","FICC:GSD","Z","Clearing members","N","Number","N","Units","A","All users","0","Units","E","End of period","0","CCP4","NUMBER OF CLEARING MEMBERS IN CCPs AND CLEARING HOUSES",104,A,85,A,106,A,119,A,114,A,124,A,129,A
CPMI_CT2:A:US:U:US4C:V:N:G,"A","Annual","US","United States","U","Central counterparties/clearing houses","US4C","FICC:MBSD","V","Payment transactions","N","Number","G","Annual growth","A","All users","0","Units","S","Summed through period","2","CCP2","INCREASE IN THE NUMBER OF TRANSACTIONS (PER CCP OR CLEARING HOUSE)",7.6923,A,-9.5238,A,-2.6316,A,5.4054,A,-2.5641,A,-2.4211,A,-4.5577,A
CPMI_CT2:A:US:U:US4C:V:N:N,"A","Annual","US","United States","U","Central counterparties/clearing houses","US4C","FICC:MBSD","V","Payment transactions","N","Number","N","Units","A","All users","3","Thousands","S","Summed through period","3","CCP2","NUMBER OF TRANSACTIONS (TOTAL NUMBER OF CONTRACTS AND TRANSACTIONS PER CCP OR CLEARING HOUSE)",4200,A,3800,A,3700,A,3900,A,3800,A,3708,A,3539,A
CPMI_CT2:A:US:U:US4C:V:V:A,"A","Annual","US","United States","U","Central counterparties/clearing houses","US4C","FICC:MBSD","V","Payment transactions","V","Value","A","In USD","A","All users","9","Billions","S","Summed through period","3","CCP3","VALUE OF TRANSACTIONS (TOTAL VALUE OF CONTRACTS AND TRANSACTIONS PER CCP OR CLEARING HOUSE), IN USD",102900,A,78700,A,65096,A,68180,A,74402,A,72073.653,A,81567,A
CPMI_CT2:A:US:U:US4C:V:V:H,"A","Annual","US","United States","U","Central counterparties/clearing houses","US4C","FICC:MBSD","V","Payment transactions","V","Value","H","Annual real growth","A","All users","0","Units","S","Summed through period","2","CCP3","INCREASE IN THE REAL VALUE OF TRANSACTIONS (PER CCP OR CLEARING HOUSE)",3.1871,A,-24.6221,A,-18.6063,A,4.6135,A,7.7663,A,-5.1498,A,10.4733,A
CPMI_CT2:A:US:U:US4C:V:V:I,"A","Annual","US","United States","U","Central counterparties/clearing houses","US4C","FICC:MBSD","V","Payment transactions","V","Value","I","In % of GDP","A","All users","0","Units","S","Summed through period","3","CCP3","VALUE OF TRANSACTIONS AS A PERCENTAGE OF GDP (PER CCP OR CLEARING HOUSE)",629.0154,A,460.6892,A,364.6855,A,371.5369,A,391.7565,A,361.8355,A,390.3138,A
CPMI_CT2:A:US:U:US4C:V:V:S,"A","Annual","US","United States","U","Central counterparties/clearing houses","US4C","FICC:MBSD","V","Payment transactions","V","Value","S","Per transaction","A","All users","3","Thousands","S","Summed through period","3","CCP3","AVERAGE VALUE OF TRANSACTIONS (PER CCP OR CLEARING HOUSE), IN USD",24500,A,20710.5263,A,17593.5135,A,17482.0513,A,19579.4737,A,19437.339,A,23048.0362,A
CPMI_CT2:A:US:U:US4C:Z:N:N,"A","Annual","US","United States","U","Central counterparties/clearing houses","US4C","FICC:MBSD","Z","Clearing members","N","Number","N","Units","A","All users","0","Units","E","End of period","0","CCP4","NUMBER OF CLEARING MEMBERS IN CCPs AND CLEARING HOUSES",74,A,76,A,78,A,151,A,151,A,147,A,146,A
CPMI_CT2:A:US:V:US1S:O:N:N,"A","Annual","US","United States","V","Central securities depositories","US1S","Fedwire Securities Service","O","Securities held","N","Number","N","Units","A","All users","3","Thousands","E","End of period","3","CSD5","TOTAL NUMBER OF SECURITIES HELD",1218,A,1226,A,1231,A,1244,A,1248,A,1254,A,1323,A
CPMI_CT2:A:US:V:US1S:O:V:A,"A","Annual","US","United States","V","Central securities depositories","US1S","Fedwire Securities Service","O","Securities held","V","Value","A","In USD","A","All users","6","Millions","S","Summed through period","3","CSD5","TOTAL VALUE OF SECURITIES HELD, IN USD",63196046,A,65725983,A,67914939,A,70489690,A,74039804,A,76440851,A,85141500,A
CPMI_CT2:A:US:V:US1S:W:N:G,"A","Annual","US","United States","V","Central securities depositories","US1S","Fedwire Securities Service","W","Delivery instructions","N","Number","G","Annual growth","A","All users","0","Units","S","Summed through period","2","CSD2","INCREASE IN THE NUMBER OF DELIVERY INSTRUCTIONS (PER CSD)",-2.0523,A,4.421,A,-10.4901,A,2.4824,A,-5.1423,A,-1.1893,A,4.4355,A
CPMI_CT2:A:US:V:US1S:W:N:N,"A","Annual","US","United States","V","Central securities depositories","US1S","Fedwire Securities Service","W","Delivery instructions","N","Number","N","Units","A","All users","3","Thousands","S","Summed through period","3","CSD2","NUMBER OF DELIVERY INSTRUCTIONS (TOTAL NUMBER OF DELIVERY INSTRUCTIONS PER CSD)",18231,A,19037,A,17040,A,17463,A,16565,A,16368,A,17094,A
CPMI_CT2:A:US:V:US1S:W:V:A,"A","Annual","US","United States","V","Central securities depositories","US1S","Fedwire Securities Service","W","Delivery instructions","V","Value","A","In USD","A","All users","9","Billions","S","Summed through period","3","CSD3","VALUE OF DELIVERY INSTRUCTIONS (TOTAL VALUE OF DELIVERY INSTRUCTIONS PER CSD), IN USD",284401.67,A,295186.17,A,287104.205,A,295755.612,A,286671.689,A,299334.719,A,296335.209,A
CPMI_CT2:A:US:V:US1S:W:V:H,"A","Annual","US","United States","V","Central securities depositories","US1S","Fedwire Securities Service","W","Delivery instructions","V","Value","H","Annual real growth","A","All users","0","Units","S","Summed through period","2","CSD3","INCREASE IN THE REAL VALUE OF DELIVERY INSTRUCTIONS (PER CSD)",-4.5192,A,2.2936,A,-4.2905,A,2.8913,A,-4.279,A,2.2394,A,-3.3625,A
CPMI_CT2:A:US:V:US1S:W:V:I,"A","Annual","US","United States","V","Central securities depositories","US1S","Fedwire Securities Service","W","Delivery instructions","V","Value","I","In % of GDP","A","All users","0","Units","S","Summed through period","2","CSD3","VALUE OF DELIVERY INSTRUCTIONS AS A PERCENTAGE OF GDP (PER CSD)",1738.5134,A,1727.9426,A,1608.4359,A,1611.6769,A,1509.4419,A,1502.7673,A,1418.0211,A
CPMI_CT2:A:US:V:US1S:W:V:S,"A","Annual","US","United States","V","Central securities depositories","US1S","Fedwire Securities Service","W","Delivery instructions","V","Value","S","Per transaction","A","All users","3","Thousands","S","Summed through period","3","CSD3","AVERAGE VALUE PER DELIVERY INSTRUCTIONS (PER CSD), IN USD",15599.8941,A,15505.9185,A,16848.8383,A,16936.1285,A,17305.8671,A,18287.8005,A,17335.6271,A
CPMI_CT2:A:US:V:US1S:X:N:N,"A","Annual","US","United States","V","Central securities depositories","US1S","Fedwire Securities Service","X","All participants","N","Number","N","Units","A","All users","0","Units","E","End of period","0","CSD4","TOTAL NUMBER OF PARTICIPANTS (TOTAL NUMBER OF DIRECT PARTICIPANTS IN CSDs)",2139,A,2084,A,2012,A,1839,A,1918,A,1813,A,1759,A
CPMI_CT2:A:US:V:US2S:O:N:N,"A","Annual","US","United States","V","Central securities depositories","US2S","DTC","O","Securities held","N","Number","N","Units","A","All users","3","Thousands","E","End of period","3","CSD5","TOTAL NUMBER OF SECURITIES HELD",1354,A,1326,A,1300,A,1341,A,1348,A,1351,A,1343,A
CPMI_CT2:A:US:V:US2S:O:V:A,"A","Annual","US","United States","V","Central securities depositories","US2S","DTC","O","Securities held","V","Value","A","In USD","A","All users","6","Millions","S","Summed through period","3","CSD5","TOTAL VALUE OF SECURITIES HELD, IN USD",37200000,A,42907469,A,46436638,A,45361446,A,48225190,A,57404887,A,52247072,A
CPMI_CT2:A:US:V:US2S:W:N:G,"A","Annual","US","United States","V","Central securities depositories","US2S","DTC","W","Delivery instructions","N","Number","G","Annual growth","A","All users","0","Units","S","Summed through period","2","CSD2","INCREASE IN THE NUMBER OF DELIVERY INSTRUCTIONS (PER CSD)",-0.99239,A,6.7491,A,1.0955,A,6.8731,A,3.1286,A,3.6517,A,5.4201,A
CPMI_CT2:A:US:V:US2S:W:N:N,"A","Annual","US","United States","V","Central securities depositories","US2S","DTC","W","Delivery instructions","N","Number","N","Units","A","All users","3","Thousands","S","Summed through period","3","CSD2","NUMBER OF DELIVERY INSTRUCTIONS (TOTAL NUMBER OF DELIVERY INSTRUCTIONS PER CSD)",299300,A,319500,A,323000,A,345200,A,356000,A,369000,A,389000,A
CPMI_CT2:A:US:V:US2S:W:V:A,"A","Annual","US","United States","V","Central securities depositories","US2S","DTC","W","Delivery instructions","V","Value","A","In USD","A","All users","9","Billions","S","Summed through period","3","CSD3","VALUE OF DELIVERY INSTRUCTIONS (TOTAL VALUE OF DELIVERY INSTRUCTIONS PER CSD), IN USD",110300,A,106400,A,113700,A,112300,A,111100,A,114300,A,112600,A
CPMI_CT2:A:US:V:US2S:W:V:H,"A","Annual","US","United States","V","Central securities depositories","US2S","DTC","W","Delivery instructions","V","Value","H","Annual real growth","A","All users","0","Units","S","Summed through period","2","CSD3","INCREASE IN THE REAL VALUE OF DELIVERY INSTRUCTIONS (PER CSD)",-13.341,A,-4.9285,A,5.1551,A,-1.3483,A,-2.3011,A,0.73453,A,-3.8362,A
CPMI_CT2:A:US:V:US2S:W:V:I,"A","Annual","US","United States","V","Central securities depositories","US2S","DTC","W","Delivery instructions","V","Value","I","In % of GDP","A","All users","0","Units","S","Summed through period","2","CSD3","VALUE OF DELIVERY INSTRUCTIONS AS A PERCENTAGE OF GDP (PER CSD)",674.2507,A,622.8378,A,636.9784,A,611.9624,A,584.9862,A,573.8269,A,538.8127,A
CPMI_CT2:A:US:V:US2S:W:V:S,"A","Annual","US","United States","V","Central securities depositories","US2S","DTC","W","Delivery instructions","V","Value","S","Per transaction","A","All users","3","Thousands","S","Summed through period","3","CSD3","AVERAGE VALUE PER DELIVERY INSTRUCTIONS (PER CSD), IN USD",368.5266,A,333.0203,A,352.0124,A,325.3187,A,312.0787,A,309.7561,A,289.4602,A
CPMI_CT2:A:US:V:US2S:X:N:N,"A","Annual","US","United States","V","Central securities depositories","US2S","DTC","X","All participants","N","Number","N","Units","A","All users","0","Units","E","End of period","0","CSD4","TOTAL NUMBER OF PARTICIPANTS (TOTAL NUMBER OF DIRECT PARTICIPANTS IN CSDs)",375,A,353,A,338,A,338,A,319,A,298,A,309,A
CPMI_CT2:A:XM:A:EU1P:V:N:G,"A","Annual","XM","Euro area","A","Payment systems, large-value","EU1P","TARGET2","V","Payment transactions","N","Number","G","Annual growth","A","All users","0","Units","S","Summed through period","2","PS2","INCREASE IN THE NUMBER OF TRANSACTIONS (TOTAL GROSS VOLUME PER SYSTEM)",0.72263,A,1.918,A,-3.9182,A,0.94687,A,0.41199,A,1.5535,A,-1.097,A
CPMI_CT2:A:XM:A:EU1P:V:N:N,"A","Annual","XM","Euro area","A","Payment systems, large-value","EU1P","TARGET2","V","Payment transactions","N","Number","N","Units","A","All users","6","Millions","S","Summed through period","3","PS2","NUMBER OF TRANSACTIONS (TOTAL GROSS VOLUME PER SYSTEM)",89.623,A,91.342,A,87.763,A,88.594,A,88.959,A,90.341,A,89.35,A
CPMI_CT2:A:XM:A:EU1P:V:V:A,"A","Annual","XM","Euro area","A","Payment systems, large-value","EU1P","TARGET2","V","Payment transactions","V","Value","A","In USD","A","All users","9","Billions","S","Summed through period","3","PS3","VALUE OF TRANSACTIONS (TOTAL GROSS VALUE PER SYSTEM), IN USD",912919.8125,A,743057.2381,A,661492.7364,A,564347.0459,A,537467.8779,A,513359.4212,A,526347.7181,A
CPMI_CT2:A:XM:A:EU1P:V:V:H,"A","Annual","XM","Euro area","A","Payment systems, large-value","EU1P","TARGET2","V","Payment transactions","V","Value","H","Annual real growth","A","All users","0","Units","S","Summed through period","2","PS3","INCREASE IN THE REAL VALUE OF TRANSACTIONS (PER SYSTEM)",-1.643,A,-19.6917,A,-11.3597,A,-14.8501,A,-4.9862,A,-5.9324,A,0.76201,A
CPMI_CT2:A:XM:A:EU1P:V:V:I,"A","Annual","XM","Euro area","A","Payment systems, large-value","EU1P","TARGET2","V","Payment transactions","V","Value","I","In % of GDP","A","All users","0","Units","S","Summed through period","3","PS3","VALUE OF TRANSACTIONS AS A PERCENTAGE OF GDP (PER SYSTEM)",7228.1075,A,5634.2398,A,4904.9097,A,4836.1949,A,4491.2031,A,4065.4667,A,3858.7977,A
CPMI_CT2:A:XM:A:EU1P:V:V:S,"A","Annual","XM","Euro area","A","Payment systems, large-value","EU1P","TARGET2","V","Payment transactions","V","Value","S","Per transaction","A","All users","3","Thousands","S","Summed through period","3","PS3","AVERAGE VALUE OF TRANSACTIONS (PER SYSTEM), IN USD",10186.2224,A,8134.8913,A,7537.2621,A,6370.0369,A,6041.7482,A,5682.4633,A,5890.853,A
CPMI_CT2:A:XM:A:EU1P:X:N:N,"A","Annual","XM","Euro area","A","Payment systems, large-value","EU1P","TARGET2","X","All participants","N","Number","N","Units","A","All users","0","Units","E","End of period","0","PS4","TOTAL NUMBER OF PARTICIPANTS",4484,A,2326,A,2365,A,2269,A,2385,A,2350,A,2310,A
CPMI_CT2:A:XM:A:EU2P:V:N:G,"A","Annual","XM","Euro area","A","Payment systems, large-value","EU2P","EURO1  / STEP1","V","Payment transactions","N","Number","G","Annual growth","A","All users","0","Units","S","Summed through period","2","PS2","INCREASE IN THE NUMBER OF TRANSACTIONS (TOTAL GROSS VOLUME PER SYSTEM)",6.8517,A,-3.6837,A,-10.0675,A,-4.1938,A,-3.4708,A,-0.57177,A,-0.97666,A
CPMI_CT2:A:XM:A:EU2P:V:N:N,"A","Annual","XM","Euro area","A","Payment systems, large-value","EU2P","EURO1  / STEP1","V","Payment transactions","N","Number","N","Units","A","All users","6","Millions","S","Summed through period","3","PS2","NUMBER OF TRANSACTIONS (TOTAL GROSS VOLUME PER SYSTEM)",66.59,A,64.137,A,57.68,A,55.261,A,53.343,A,53.038,A,52.52,A
CPMI_CT2:A:XM:A:EU2P:V:V:A,"A","Annual","XM","Euro area","A","Payment systems, large-value","EU2P","EURO1  / STEP1","V","Payment transactions","V","Value","A","In USD","A","All users","9","Billions","S","Summed through period","3","PS3","VALUE OF TRANSACTIONS (TOTAL GROSS VALUE PER SYSTEM), IN USD",74349.8924,A,64624.9412,A,54712.4271,A,48944.1308,A,45474.0933,A,48027.5297,A,50470.4774,A
CPMI_CT2:A:XM:A:EU2P:V:V:H,"A","Annual","XM","Euro area","A","Payment systems, large-value","EU2P","EURO1  / STEP1","V","Payment transactions","V","Value","H","Annual real growth","A","All users","0","Units","S","Summed through period","2","PS3","INCREASE IN THE REAL VALUE OF TRANSACTIONS (PER SYSTEM)",-18.5109,A,-14.2389,A,-15.7026,A,-10.7151,A,-7.3076,A,4.0153,A,3.2744,A
CPMI_CT2:A:XM:A:EU2P:V:V:I,"A","Annual","XM","Euro area","A","Payment systems, large-value","EU2P","EURO1  / STEP1","V","Payment transactions","V","Value","I","In % of GDP","A","All users","0","Units","S","Summed through period","3","PS3","VALUE OF TRANSACTIONS AS A PERCENTAGE OF GDP (PER SYSTEM)",588.6706,A,490.0193,A,405.6878,A,419.4287,A,379.9918,A,380.3462,A,370.0127,A
CPMI_CT2:A:XM:A:EU2P:V:V:S,"A","Annual","XM","Euro area","A","Payment systems, large-value","EU2P","EURO1  / STEP1","V","Payment transactions","V","Value","S","Per transaction","A","All users","3","Thousands","S","Summed through period","3","PS3","AVERAGE VALUE OF TRANSACTIONS (PER SYSTEM), IN USD",1116.5324,A,1007.6078,A,948.5511,A,885.6903,A,852.4847,A,905.5306,A,960.9763,A
CPMI_CT2:A:XM:A:EU2P:X:N:N,"A","Annual","XM","Euro area","A","Payment systems, large-value","EU2P","EURO1  / STEP1","X","All participants","N","Number","N","Units","A","All users","0","Units","E","End of period","0","PS4","TOTAL NUMBER OF PARTICIPANTS",235,A,212,A,199,A,183,A,168,A,158,A,149,A
CPMI_CT2:A:XM:B:EU3P:V:N:G,"A","Annual","XM","Euro area","B","Payment systems, retail","EU3P","STEP2 XCT Service","V","Payment transactions","N","Number","G","Annual growth","A","All users","0","Units","S","Summed through period","2","PS2","INCREASE IN THE NUMBER OF TRANSACTIONS (TOTAL GROSS VOLUME PER SYSTEM)",,L,,L,,L,,L,,L,,L,,L
CPMI_CT2:A:XM:B:EU3P:V:N:N,"A","Annual","XM","Euro area","B","Payment systems, retail","EU3P","STEP2 XCT Service","V","Payment transactions","N","Number","N","Units","A","All users","6","Millions","S","Summed through period","3","PS2","NUMBER OF TRANSACTIONS (TOTAL GROSS VOLUME PER SYSTEM)",,L,,L,,L,,L,,L,,L,,L
CPMI_CT2:A:XM:B:EU3P:V:V:A,"A","Annual","XM","Euro area","B","Payment systems, retail","EU3P","STEP2 XCT Service","V","Payment transactions","V","Value","A","In USD","A","All users","9","Billions","S","Summed through period","3","PS3","VALUE OF TRANSACTIONS (TOTAL GROSS VALUE PER SYSTEM), IN USD",,L,,L,,L,,L,,L,,L,,L
CPMI_CT2:A:XM:B:EU3P:V:V:H,"A","Annual","XM","Euro area","B","Payment systems, retail","EU3P","STEP2 XCT Service","V","Payment transactions","V","Value","H","Annual real growth","A","All users","0","Units","S","Summed through period","2","PS3","INCREASE IN THE REAL VALUE OF TRANSACTIONS (PER SYSTEM)",,L,,L,,L,,L,,L,,L,,L
CPMI_CT2:A:XM:B:EU3P:V:V:I,"A","Annual","XM","Euro area","B","Payment systems, retail","EU3P","STEP2 XCT Service","V","Payment transactions","V","Value","I","In % of GDP","A","All users","0","Units","S","Summed through period","3","PS3","VALUE OF TRANSACTIONS AS A PERCENTAGE OF GDP (PER SYSTEM)",,L,,L,,L,,L,,L,,L,,L
CPMI_CT2:A:XM:B:EU3P:V:V:S,"A","Annual","XM","Euro area","B","Payment systems, retail","EU3P","STEP2 XCT Service","V","Payment transactions","V","Value","S","Per transaction","A","All users","3","Thousands","S","Summed through period","3","PS3","AVERAGE VALUE OF TRANSACTIONS (PER SYSTEM), IN USD",,L,,L,,L,,L,,L,,L,,L
CPMI_CT2:A:XM:B:EU3P:X:N:N,"A","Annual","XM","Euro area","B","Payment systems, retail","EU3P","STEP2 XCT Service","X","All participants","N","Number","N","Units","A","All users","0","Units","E","End of period","0","PS4","TOTAL NUMBER OF PARTICIPANTS",,L,,L,,L,,L,,L,,L,,L
CPMI_CT2:A:XM:B:EU4P:V:N:G,"A","Annual","XM","Euro area","B","Payment systems, retail","EU4P","STEP2 ICT Service","V","Payment transactions","N","Number","G","Annual growth","A","All users","0","Units","S","Summed through period","2","PS2","INCREASE IN THE NUMBER OF TRANSACTIONS (TOTAL GROSS VOLUME PER SYSTEM)",0.51931,A,-10.2486,A,-91.5527,A,,L,,L,,L,,L
CPMI_CT2:A:XM:B:EU4P:V:N:N,"A","Annual","XM","Euro area","B","Payment systems, retail","EU4P","STEP2 ICT Service","V","Payment transactions","N","Number","N","Units","A","All users","6","Millions","S","Summed through period","3","PS2","NUMBER OF TRANSACTIONS (TOTAL GROSS VOLUME PER SYSTEM)",309.7,A,277.96,A,23.48,A,,L,,L,,L,,L
CPMI_CT2:A:XM:B:EU4P:V:V:A,"A","Annual","XM","Euro area","B","Payment systems, retail","EU4P","STEP2 ICT Service","V","Payment transactions","V","Value","A","In USD","A","All users","9","Billions","S","Summed through period","3","PS3","VALUE OF TRANSACTIONS (TOTAL GROSS VALUE PER SYSTEM), IN USD",1340.4367,A,1220.8294,A,89.6049,A,,L,,L,,L,,L
CPMI_CT2:A:XM:B:EU4P:V:V:H,"A","Annual","XM","Euro area","B","Payment systems, retail","EU4P","STEP2 ICT Service","V","Payment transactions","V","Value","H","Annual real growth","A","All users","0","Units","S","Summed through period","2","PS3","INCREASE IN THE REAL VALUE OF TRANSACTIONS (PER SYSTEM)",-24.0942,A,-10.1373,A,-92.6919,A,,L,,L,,L,,L
CPMI_CT2:A:XM:B:EU4P:V:V:I,"A","Annual","XM","Euro area","B","Payment systems, retail","EU4P","STEP2 ICT Service","V","Payment transactions","V","Value","I","In % of GDP","A","All users","0","Units","S","Summed through period","3","PS3","VALUE OF TRANSACTIONS AS A PERCENTAGE OF GDP (PER SYSTEM)",10.613,A,9.257,A,0.66441,A,,L,,L,,L,,L
CPMI_CT2:A:XM:B:EU4P:V:V:S,"A","Annual","XM","Euro area","B","Payment systems, retail","EU4P","STEP2 ICT Service","V","Payment transactions","V","Value","S","Per transaction","A","All users","3","Thousands","S","Summed through period","3","PS3","AVERAGE VALUE OF TRANSACTIONS (PER SYSTEM), IN USD",4.3282,A,4.3921,A,3.8162,A,,L,,L,,L,,L
CPMI_CT2:A:XM:B:EU4P:X:N:N,"A","Annual","XM","Euro area","B","Payment systems, retail","EU4P","STEP2 ICT Service","X","All participants","N","Number","N","Units","A","All users","0","Units","E","End of period","0","PS4","TOTAL NUMBER OF PARTICIPANTS",68,A,70,A,69,A,,L,,L,,L,,L
CPMI_CT2:A:XM:B:EU5P:V:N:G,"A","Annual","XM","Euro area","B","Payment systems, retail","EU5P","STEP2 SCT Service","V","Payment transactions","N","Number","G","Annual growth","A","All users","0","Units","S","Summed through period","2","PS2","INCREASE IN THE NUMBER OF TRANSACTIONS (TOTAL GROSS VOLUME PER SYSTEM)",45.9856,A,68.8382,A,250.0613,A,6.7624,A,4.2242,A,4.4146,A,5.411,A
CPMI_CT2:A:XM:B:EU5P:V:N:N,"A","Annual","XM","Euro area","B","Payment systems, retail","EU5P","STEP2 SCT Service","V","Payment transactions","N","Number","N","Units","A","All users","6","Millions","S","Summed through period","3","PS2","NUMBER OF TRANSACTIONS (TOTAL GROSS VOLUME PER SYSTEM)",641.43,A,1082.979,A,3791.09,A,4047.459,A,4218.43,A,4404.655,A,4642.992,A
CPMI_CT2:A:XM:B:EU5P:V:V:A,"A","Annual","XM","Euro area","B","Payment systems, retail","EU5P","STEP2 SCT Service","V","Payment transactions","V","Value","A","In USD","A","All users","9","Billions","S","Summed through period","3","PS3","VALUE OF TRANSACTIONS (TOTAL GROSS VALUE PER SYSTEM), IN USD",3140.028,A,4861.3445,A,12368.9217,A,11635.3468,A,12509.4191,A,14052.4979,A,15920.0441,A
CPMI_CT2:A:XM:B:EU5P:V:V:H,"A","Annual","XM","Euro area","B","Payment systems, retail","EU5P","STEP2 SCT Service","V","Payment transactions","V","Value","H","Annual real growth","A","All users","0","Units","S","Summed through period","2","PS3","INCREASE IN THE REAL VALUE OF TRANSACTIONS (PER SYSTEM)",39.4758,A,52.7543,A,153.3401,A,-6.1119,A,7.2602,A,10.6337,A,11.3362,A
CPMI_CT2:A:XM:B:EU5P:V:V:I,"A","Annual","XM","Euro area","B","Payment systems, retail","EU5P","STEP2 SCT Service","V","Payment transactions","V","Value","I","In % of GDP","A","All users","0","Units","S","Summed through period","3","PS3","VALUE OF TRANSACTIONS AS A PERCENTAGE OF GDP (PER SYSTEM)",24.8614,A,36.8612,A,91.7145,A,99.7096,A,104.5315,A,111.2865,A,116.7142,A
CPMI_CT2:A:XM:B:EU5P:V:V:S,"A","Annual","XM","Euro area","B","Payment systems, retail","EU5P","STEP2 SCT Service","V","Payment transactions","V","Value","S","Per transaction","A","All users","3","Thousands","S","Summed through period","3","PS3","AVERAGE VALUE OF TRANSACTIONS (PER SYSTEM), IN USD",4.8954,A,4.4889,A,3.2626,A,2.8747,A,2.9654,A,3.1904,A,3.4288,A
CPMI_CT2:A:XM:B:EU5P:X:N:N,"A","Annual","XM","Euro area","B","Payment systems, retail","EU5P","STEP2 SCT Service","X","All participants","N","Number","N","Units","A","All users","0","Units","E","End of period","0","PS4","TOTAL NUMBER OF PARTICIPANTS",4696,A,4823,A,4806,A,4825,A,4844,A,4877,A,4889,A
CPMI_CT2:A:XM:B:EU6P:V:N:G,"A","Annual","XM","Euro area","B","Payment systems, retail","EU6P","STEP2 SDD B2B Service","V","Payment transactions","N","Number","G","Annual growth","A","All users","0","Units","S","Summed through period","2","PS2","INCREASE IN THE NUMBER OF TRANSACTIONS (TOTAL GROSS VOLUME PER SYSTEM)",71.4583,A,216.3426,A,1413.9812,A,5.1793,A,1.048,A,1.4907,A,3.7209,A
CPMI_CT2:A:XM:B:EU6P:V:N:N,"A","Annual","XM","Euro area","B","Payment systems, retail","EU6P","STEP2 SDD B2B Service","V","Payment transactions","N","Number","N","Units","A","All users","6","Millions","S","Summed through period","3","PS2","NUMBER OF TRANSACTIONS (TOTAL GROSS VOLUME PER SYSTEM)",1.646,A,5.207,A,78.833,A,82.916,A,83.785,A,85.034,A,88.198,A
CPMI_CT2:A:XM:B:EU6P:V:V:A,"A","Annual","XM","Euro area","B","Payment systems, retail","EU6P","STEP2 SDD B2B Service","V","Payment transactions","V","Value","A","In USD","A","All users","9","Billions","S","Summed through period","3","PS3","VALUE OF TRANSACTIONS (TOTAL GROSS VALUE PER SYSTEM), IN USD",14.248,A,125.0983,A,769.5639,A,670.7592,A,748.2723,A,813.4359,A,911.1593,A
CPMI_CT2:A:XM:B:EU6P:V:V:H,"A","Annual","XM","Euro area","B","Payment systems, retail","EU6P","STEP2 SDD B2B Service","V","Payment transactions","V","Value","H","Annual real growth","A","All users","0","Units","S","Summed through period","2","PS3","INCREASE IN THE REAL VALUE OF TRANSACTIONS (PER SYSTEM)",72.4852,A,766.3017,A,512.5223,A,-13.0068,A,11.2945,A,7.0619,A,10.0821,A
CPMI_CT2:A:XM:B:EU6P:V:V:I,"A","Annual","XM","Euro area","B","Payment systems, retail","EU6P","STEP2 SDD B2B Service","V","Payment transactions","V","Value","I","In % of GDP","A","All users","0","Units","S","Summed through period","3","PS3","VALUE OF TRANSACTIONS AS A PERCENTAGE OF GDP (PER SYSTEM)",0.11281,A,0.94856,A,5.7062,A,5.7481,A,6.2527,A,6.4419,A,6.68,A
CPMI_CT2:A:XM:B:EU6P:V:V:S,"A","Annual","XM","Euro area","B","Payment systems, retail","EU6P","STEP2 SDD B2B Service","V","Payment transactions","V","Value","S","Per transaction","A","All users","3","Thousands","S","Summed through period","3","PS3","AVERAGE VALUE OF TRANSACTIONS (PER SYSTEM), IN USD",8.6561,A,24.025,A,9.762,A,8.0896,A,8.9309,A,9.566,A,10.3308,A
CPMI_CT2:A:XM:B:EU6P:X:N:N,"A","Annual","XM","Euro area","B","Payment systems, retail","EU6P","STEP2 SDD B2B Service","X","All participants","N","Number","N","Units","A","All users","0","Units","E","End of period","0","PS4","TOTAL NUMBER OF PARTICIPANTS",3366,A,3438,A,3402,A,3408,A,3373,A,3373,A,3354,A
CPMI_CT2:A:XM:B:EU7P:V:N:G,"A","Annual","XM","Euro area","B","Payment systems, retail","EU7P","STEP2 SDD CORE Service","V","Payment transactions","N","Number","G","Annual growth","A","All users","0","Units","S","Summed through period","2","PS2","INCREASE IN THE NUMBER OF TRANSACTIONS (TOTAL GROSS VOLUME PER SYSTEM)",1186.7296,A,587.9267,A,1048.4945,A,2.6029,A,17.7309,A,7.1209,A,8.5091,A
CPMI_CT2:A:XM:B:EU7P:V:N:N,"A","Annual","XM","Euro area","B","Payment systems, retail","EU7P","STEP2 SDD CORE Service","V","Payment transactions","N","Number","N","Units","A","All users","6","Millions","S","Summed through period","3","PS2","NUMBER OF TRANSACTIONS (TOTAL GROSS VOLUME PER SYSTEM)",64.092,A,440.906,A,5063.781,A,5195.587,A,6116.812,A,6552.383,A,7109.935,A
CPMI_CT2:A:XM:B:EU7P:V:V:A,"A","Annual","XM","Euro area","B","Payment systems, retail","EU7P","STEP2 SDD CORE Service","V","Payment transactions","V","Value","A","In USD","A","All users","9","Billions","S","Summed through period","3","PS3","VALUE OF TRANSACTIONS (TOTAL GROSS VALUE PER SYSTEM), IN USD",14.2896,A,97.3118,A,1458.353,A,1240.1982,A,1311.8619,A,1408.6932,A,1610.1514,A
CPMI_CT2:A:XM:B:EU7P:V:V:H,"A","Annual","XM","Euro area","B","Payment systems, retail","EU7P","STEP2 SDD CORE Service","V","Payment transactions","V","Value","H","Annual real growth","A","All users","0","Units","S","Summed through period","2","PS3","INCREASE IN THE REAL VALUE OF TRANSACTIONS (PER SYSTEM)",225.6565,A,571.9164,A,1392.1948,A,-15.1227,A,5.5304,A,5.7546,A,12.33,A
CPMI_CT2:A:XM:B:EU7P:V:V:I,"A","Annual","XM","Euro area","B","Payment systems, retail","EU7P","STEP2 SDD CORE Service","V","Payment transactions","V","Value","I","In % of GDP","A","All users","0","Units","S","Summed through period","3","PS3","VALUE OF TRANSACTIONS AS A PERCENTAGE OF GDP (PER SYSTEM)",0.11314,A,0.73787,A,10.8136,A,10.6279,A,10.9622,A,11.1559,A,11.8045,A
CPMI_CT2:A:XM:B:EU7P:V:V:S,"A","Annual","XM","Euro area","B","Payment systems, retail","EU7P","STEP2 SDD CORE Service","V","Payment transactions","V","Value","S","Per transaction","A","All users","3","Thousands","S","Summed through period","3","PS3","AVERAGE VALUE OF TRANSACTIONS (PER SYSTEM), IN USD",0.22295,A,0.22071,A,0.288,A,0.2387,A,0.21447,A,0.21499,A,0.22646,A
CPMI_CT2:A:XM:B:EU7P:X:N:N,"A","Annual","XM","Euro area","B","Payment systems, retail","EU7P","STEP2 SDD CORE Service","X","All participants","N","Number","N","Units","A","All users","0","Units","E","End of period","0","PS4","TOTAL NUMBER OF PARTICIPANTS",3874,A,4024,A,3927,A,3922,A,3910,A,3926,A,3902,A
CPMI_CT2:A:XW:A:CLSP:V:N:G,"A","Annual","XW","World","A","Payment systems, large-value","CLSP","CLS","V","Payment transactions","N","Number","G","Annual growth","A","All users","0","Units","E","End of period","2","PS2","Increase of the number of transactions",,,16.05,A,-0.13,A,7.05,A,-4.41,A,-5.24,A,14.16,A
CPMI_CT2:A:XW:A:CLSP:V:N:N,"A","Annual","XW","World","A","Payment systems, large-value","CLSP","CLS","V","Payment transactions","N","Number","N","Units","A","All users","6","Millions","E","End of period","3","PS2","Total number of transactions settled by CLS",176.626722,A,204.967152,A,204.69944,A,219.125506,A,209.452562,A,198.472448,A,226.580122,A
CPMI_CT2:A:XW:A:CLSP:V:V:A,"A","Annual","XW","World","A","Payment systems, large-value","CLSP","CLS","V","Payment transactions","V","Value","A","In USD","A","All users","9","Billions","E","End of period","3","PS3","Total value of transactions settled by CLS",1218254.923,A,1290306.558,A,1322231.186,A,1234662.869,A,1258244.744,A,1346398.731,A,1514038.123,A
CPMI_CT2:A:XW:A:CLSP:V:V:S,"A","Annual","XW","World","A","Payment systems, large-value","CLSP","CLS","V","Payment transactions","V","Value","S","Per transaction","A","All users","3","Thousands","E","End of period","3","PS3","Average value of transactions settled by CLS (in USD)",6897.342,A,6295.187,A,6459.379,A,5634.501,A,6007.302,A,6783.807,A,6682.131,A
CPMI_CT2:A:XW:A:CLSP:X:N:N,"A","Annual","XW","World","A","Payment systems, large-value","CLSP","CLS","X","All participants","N","Number","N","Units","A","All users","0","Units","E","End of period","0","PS4","Total number of participants",64,A,65,A,64,A,66,A,68,A,69,A,73,A
CPMI_CT2:A:XW:A:CLSP:Y:N:N,"A","Annual","XW","World","A","Payment systems, large-value","CLSP","CLS","Y","Directly connected participants","N","Number","N","Units","A","All users","0","Units","E","End of period","0","PS4","Total number of directly connected participants",62,A,63,A,62,A,64,A,66,A,67,A,71,A
CPMI_CT2:A:ZA:H:ZA1P:P:N:F,"A","Annual","ZA","South Africa","H","Payment systems, large-value & retail","ZA1P","SAMOS","P","Concentration ratio in terms of volume","N","Number","F","Percent","A","All users","0","Units","S","Summed through period","2","PS4","CONCENTRATION RATIO IN TERMS OF VOLUME",88.56,A,89.06,A,87.38,A,87.03,A,86.2904,A,85.4819,A,85.2201,A
CPMI_CT2:A:ZA:H:ZA1P:Q:N:F,"A","Annual","ZA","South Africa","H","Payment systems, large-value & retail","ZA1P","SAMOS","Q","Concentration ratio in terms of value","N","Number","F","Percent","A","All users","0","Units","S","Summed through period","2","PS4","CONCENTRATION RATIO IN TERMS OF VALUE",85.22,A,83.51,A,80.41,A,78.65,A,78.41,A,77.94,A,79,A
CPMI_CT2:A:ZA:H:ZA1P:V:N:G,"A","Annual","ZA","South Africa","H","Payment systems, large-value & retail","ZA1P","SAMOS","V","Payment transactions","N","Number","G","Annual growth","A","All users","0","Units","S","Summed through period","2","PS2","INCREASE IN THE NUMBER OF TRANSACTIONS (TOTAL GROSS VOLUME PER SYSTEM)",,,14.993,A,10.7471,A,9.5501,A,6.9052,A,6.1685,A,5.8476,A
CPMI_CT2:A:ZA:H:ZA1P:V:N:N,"A","Annual","ZA","South Africa","H","Payment systems, large-value & retail","ZA1P","SAMOS","V","Payment transactions","N","Number","N","Units","A","All users","6","Millions","S","Summed through period","3","PS2","NUMBER OF TRANSACTIONS (TOTAL GROSS VOLUME PER SYSTEM)",5.2468,A,6.0334,A,6.6818,A,7.32,A,7.8254,A,8.3081,A,8.794,A
CPMI_CT2:A:ZA:H:ZA1P:V:V:A,"A","Annual","ZA","South Africa","H","Payment systems, large-value & retail","ZA1P","SAMOS","V","Payment transactions","V","Value","A","In USD","A","All users","9","Billions","S","Summed through period","3","PS3","VALUE OF TRANSACTIONS (TOTAL GROSS VALUE PER SYSTEM), IN USD",10675.6076,A,9590.7468,A,10047.8315,A,9401.6326,A,9089.9544,A,10334.012,A,9608.7472,A
CPMI_CT2:A:ZA:H:ZA1P:V:V:H,"A","Annual","ZA","South Africa","H","Payment systems, large-value & retail","ZA1P","SAMOS","V","Payment transactions","V","Value","H","Annual real growth","A","All users","0","Units","S","Summed through period","2","PS3","INCREASE IN THE REAL VALUE OF TRANSACTIONS (PER SYSTEM)",,,-15.0552,A,-1.248,A,-10.5249,A,-9.08,A,7.9921,A,-11.1244,A
CPMI_CT2:A:ZA:H:ZA1P:V:V:I,"A","Annual","ZA","South Africa","H","Payment systems, large-value & retail","ZA1P","SAMOS","V","Payment transactions","V","Value","I","In % of GDP","A","All users","0","Units","S","Summed through period","3","PS3","VALUE OF TRANSACTIONS AS A PERCENTAGE OF GDP (PER SYSTEM)",2695.6599,A,2616.6423,A,2865.223,A,2967.6892,A,3063.79,A,2957.8212,A,2613.1551,A
CPMI_CT2:A:ZA:H:ZA1P:V:V:S,"A","Annual","ZA","South Africa","H","Payment systems, large-value & retail","ZA1P","SAMOS","V","Payment transactions","V","Value","S","Per transaction","A","All users","3","Thousands","S","Summed through period","3","PS3","AVERAGE VALUE OF TRANSACTIONS (PER SYSTEM), IN USD",2034.6993,A,1589.6034,A,1503.7531,A,1284.3834,A,1161.5936,A,1243.8436,A,1092.6538,A
CPMI_CT2:A:ZA:H:ZA1P:X:N:N,"A","Annual","ZA","South Africa","H","Payment systems, large-value & retail","ZA1P","SAMOS","X","All participants","N","Number","N","Units","A","All users","0","Units","E","End of period","0","PS4","TOTAL NUMBER OF PARTICIPANTS",23,A,25,A,28,A,31,A,31,A,34,A,34,A
CPMI_CT2:A:ZA:H:ZA1P:Y:N:N,"A","Annual","ZA","South Africa","H","Payment systems, large-value & retail","ZA1P","SAMOS","Y","Directly connected participants","N","Number","N","Units","A","All users","0","Units","E","End of period","0","PS4","TOTAL NUMBER OF PARTICIPANTS OF WHICH DIRECTLY CONNECTED PARTICIPANTS",23,A,25,A,28,A,31,A,31,A,32,A,34,A
CPMI_CT2:A:ZA:V:ZA1S:O:N:N,"A","Annual","ZA","South Africa","V","Central securities depositories","ZA1S","SAFIRES","O","Securities held","N","Number","N","Units","A","All users","3","Thousands","E","End of period","3","CSD5","TOTAL NUMBER OF SECURITIES HELD",4.546,A,5.785,A,8.636,A,8.97,A,9.022,A,8.815,A,8.97,A
CPMI_CT2:A:ZA:V:ZA1S:O:V:A,"A","Annual","ZA","South Africa","V","Central securities depositories","ZA1S","SAFIRES","O","Securities held","V","Value","A","In USD","A","All users","6","Millions","S","Summed through period","3","CSD5","TOTAL VALUE OF SECURITIES HELD, IN USD",973931.4504,A,958214.6206,A,921619.1501,A,795439.4233,A,740825.6781,A,938156.0134,A,884006.1912,A
CPMI_CT2:A:ZA:V:ZA1S:W:N:G,"A","Annual","ZA","South Africa","V","Central securities depositories","ZA1S","SAFIRES","W","Delivery instructions","N","Number","G","Annual growth","A","All users","0","Units","S","Summed through period","2","CSD2","INCREASE IN THE NUMBER OF DELIVERY INSTRUCTIONS (PER CSD)",24.1981,A,5.7806,A,7.9418,A,12,A,3.4496,A,18.7947,A,0.10428,A
CPMI_CT2:A:ZA:V:ZA1S:W:N:N,"A","Annual","ZA","South Africa","V","Central securities depositories","ZA1S","SAFIRES","W","Delivery instructions","N","Number","N","Units","A","All users","3","Thousands","S","Summed through period","3","CSD2","NUMBER OF DELIVERY INSTRUCTIONS (TOTAL NUMBER OF DELIVERY INSTRUCTIONS PER CSD)",6240.143,A,6600.861,A,7125.085,A,7980.093,A,8255.374,A,9806.947,A,9817.174,A
CPMI_CT2:A:ZA:V:ZA1S:W:V:A,"A","Annual","ZA","South Africa","V","Central securities depositories","ZA1S","SAFIRES","W","Delivery instructions","V","Value","A","In USD","A","All users","9","Billions","S","Summed through period","3","CSD3","VALUE OF DELIVERY INSTRUCTIONS (TOTAL VALUE OF DELIVERY INSTRUCTIONS PER CSD), IN USD",3992.758,A,3106.074,A,2731.41,A,2594.8921,A,2569.1954,A,2931.0993,A,3190.491,A
CPMI_CT2:A:ZA:V:ZA1S:W:V:H,"A","Annual","ZA","South Africa","V","Central securities depositories","ZA1S","SAFIRES","W","Delivery instructions","V","Value","H","Annual real growth","A","All users","0","Units","S","Summed through period","2","CSD3","INCREASE IN THE REAL VALUE OF DELIVERY INSTRUCTIONS (PER CSD)",-6.1745,A,-26.4444,A,-17.1102,A,-9.1544,A,-6.8938,A,8.3723,A,4.0427,A
CPMI_CT2:A:ZA:V:ZA1S:W:V:I,"A","Annual","ZA","South Africa","V","Central securities depositories","ZA1S","SAFIRES","W","Delivery instructions","V","Value","I","In % of GDP","A","All users","0","Units","S","Summed through period","2","CSD3","VALUE OF DELIVERY INSTRUCTIONS AS A PERCENTAGE OF GDP (PER CSD)",1008.1972,A,847.4298,A,778.8844,A,819.0953,A,865.9532,A,838.945,A,867.6727,A
CPMI_CT2:A:ZA:V:ZA1S:W:V:S,"A","Annual","ZA","South Africa","V","Central securities depositories","ZA1S","SAFIRES","W","Delivery instructions","V","Value","S","Per transaction","A","All users","3","Thousands","S","Summed through period","3","CSD3","AVERAGE VALUE PER DELIVERY INSTRUCTIONS (PER CSD), IN USD",639.8504,A,470.5559,A,383.3512,A,325.1707,A,311.2149,A,298.8799,A,324.9908,A
CPMI_CT2:A:ZA:V:ZA1S:X:N:N,"A","Annual","ZA","South Africa","V","Central securities depositories","ZA1S","SAFIRES","X","All participants","N","Number","N","Units","A","All users","0","Units","E","End of period","0","CSD4","TOTAL NUMBER OF PARTICIPANTS (TOTAL NUMBER OF DIRECT PARTICIPANTS IN CSDs)",43,A,45,A,48,A,50,A,52,A,64,A,75,A
