Code,"FREQ","FREQ#","REP_CTY","REP_CTY#","DEVICE_TYPE","DEVICE_TYPE#","FUNCTION","FUNCTION#","SUB_FUNCTION","SUB_FUNCTION#","TECHNOLOGY","TECHNOLOGY#","ISSUER","ISSUER#","AVAILABILITY","AVAILABILITY#","COLLECTION","COLLECTION#","DECIMALS","UNIT_MEASURE","UNIT_MEASURE#","UNIT_MULT","UNIT_MULT#","COMMENT_TS","TABLE","TITLE",2012,sts,2013,sts,2014,sts,2015,sts,2016,sts,2017,sts,2018,sts
CPMI_DEVICES:A:AR:A:A:A:A:A,"A","Annual","AR","Argentina","A","Card","A","Cards, all","A","All","A","All","A","All issuers and cashless payments","A","All users","E","End of period","0","373","Pure Number","0","Units","","4","",70358735,A,77606412,A,87233100,A,93356023,A,100239369,A,106989177,A,111773084,A
CPMI_DEVICES:A:AR:A:A:A:A:N,"A","Annual","AR","Argentina","A","Card","A","Cards, all","A","All","A","All","N","Non-banks issuers and all cashless payments","A","All users","E","End of period","0","373","Pure Number","0","Units","","4","",,L,,L,,L,,L,,L,,L,,L
CPMI_DEVICES:A:AR:A:A:A:C:A,"A","Annual","AR","Argentina","A","Card","A","Cards, all","A","All","C","Contactless","A","All issuers and cashless payments","A","All users","E","End of period","0","373","Pure Number","0","Units","","4","",,L,,L,,L,,L,,L,,L,,L
CPMI_DEVICES:A:AR:A:A:A:M:A,"A","Annual","AR","Argentina","A","Card","A","Cards, all","A","All","M","Magstripe","A","All issuers and cashless payments","A","All users","E","End of period","0","373","Pure Number","0","Units","","4","",,L,,L,,L,,L,,L,,L,,L
CPMI_DEVICES:A:AR:A:A:N:A:A,"A","Annual","AR","Argentina","A","Card","A","Cards, all","N","Able to initiate device-not-present payments","A","All","A","All issuers and cashless payments","A","All users","E","End of period","0","373","Pure Number","0","Units","","4","",,L,,L,,L,,L,,L,,L,,L
CPMI_DEVICES:A:AR:A:B:A:A:A,"A","Annual","AR","Argentina","A","Card","B","Cards with cash function","A","All","A","All","A","All issuers and cashless payments","A","All users","E","End of period","0","373","Pure Number","0","Units","","4","",26883042,A,29883632,A,36325292,A,37854927,A,41100750,A,45213411,A,48075098,A
CPMI_DEVICES:A:AR:A:D:A:A:A,"A","Annual","AR","Argentina","A","Card","D","Cards with debit function","A","All","A","All","A","All issuers and cashless payments","A","All users","E","End of period","0","373","Pure Number","0","Units","","4","",26883042,A,29883632,A,36325292,A,37854927,A,41100750,A,45213411,A,48075098,A
CPMI_DEVICES:A:AR:A:E:A:A:A,"A","Annual","AR","Argentina","A","Card","E","Cards with delayed debit function","A","All","A","All","A","All issuers and cashless payments","A","All users","E","End of period","0","373","Pure Number","0","Units","","4","",579002,A,579151,A,572408,A,574670,A,583839,A,567829,A,676260,A
CPMI_DEVICES:A:AR:A:F:A:A:A,"A","Annual","AR","Argentina","A","Card","F","Cards with credit function","A","All","A","All","A","All issuers and cashless payments","A","All users","E","End of period","0","373","Pure Number","0","Units","","4","",42896691,A,47143629,A,50335400,A,54926426,A,58554780,A,60876330,A,62456144,A
CPMI_DEVICES:A:AR:A:H:A:A:A,"A","Annual","AR","Argentina","A","Card","H","Cards with e-money function","A","All","A","All","A","All issuers and cashless payments","A","All users","E","End of period","0","373","Pure Number","0","Units","","4","",,L,,L,,L,,L,,L,,L,,L
CPMI_DEVICES:A:AR:E:A:A:A:A,"A","Annual","AR","Argentina","E","POS, all","A","Cards, all","A","All","A","All","A","All issuers and cashless payments","A","All users","E","End of period","0","373","Pure Number","0","Units","","4","",375780,A,396577,A,421691,A,433283,A,487192,A,619810,A,803793,A
CPMI_DEVICES:A:AR:F:A:A:A:A,"A","Annual","AR","Argentina","F","ETPOS","A","Cards, all","A","All","A","All","A","All issuers and cashless payments","A","All users","E","End of period","0","373","Pure Number","0","Units","","4","",375780,A,396577,A,421691,A,433283,A,487192,A,619810,A,803793,A
CPMI_DEVICES:A:AR:F:A:A:C:A,"A","Annual","AR","Argentina","F","ETPOS","A","Cards, all","A","All","C","Contactless","A","All issuers and cashless payments","A","All users","E","End of period","0","373","Pure Number","0","Units","","4","",,L,,L,,L,,L,,L,,L,,L
CPMI_DEVICES:A:AR:P:A:A:A:A,"A","Annual","AR","Argentina","P","ATM","A","Cards, all","A","All","A","All","A","All issuers and cashless payments","A","All users","E","End of period","0","373","Pure Number","0","Units","","4","",12001,A,12856,A,13389,A,13957,A,14902,A,15773,A,16385,A
CPMI_DEVICES:A:AR:P:A:A:C:A,"A","Annual","AR","Argentina","P","ATM","A","Cards, all","A","All","C","Contactless","A","All issuers and cashless payments","A","All users","E","End of period","0","373","Pure Number","0","Units","","4","",,L,,L,,L,,L,,L,,L,,L
CPMI_DEVICES:A:AR:P:O:A:A:A,"A","Annual","AR","Argentina","P","ATM","O","Cash withdrawal","A","All","A","All","A","All issuers and cashless payments","A","All users","E","End of period","0","373","Pure Number","0","Units","","4","",12001,A,12856,A,13389,A,13957,A,14902,A,15773,A,16385,A
CPMI_DEVICES:A:AR:P:P:A:A:A,"A","Annual","AR","Argentina","P","ATM","P","Cash deposit","A","All","A","All","A","All issuers and cashless payments","A","All users","E","End of period","0","373","Pure Number","0","Units","","4","",,L,,L,,L,,L,,L,,L,,L
CPMI_DEVICES:A:AR:P:Q:A:A:A,"A","Annual","AR","Argentina","P","ATM","Q","Credit transfer","A","All","A","All","A","All issuers and cashless payments","A","All users","E","End of period","0","373","Pure Number","0","Units","","4","",12001,A,12856,A,13389,A,13957,A,14902,A,15773,A,16385,A
CPMI_DEVICES:A:AU:A:A:A:A:A,"A","Annual","AU","Australia","A","Card","A","Cards, all","A","All","A","All","A","All issuers and cashless payments","A","All users","E","End of period","0","373","Pure Number","0","Units","Only covers plastic cards, does not include cards stored on a device.","4","",61010623,A,63052250,A,64699347,A,66602045,A,69454252,A,69623548,A,63378599,A
CPMI_DEVICES:A:AU:A:A:A:A:N,"A","Annual","AU","Australia","A","Card","A","Cards, all","A","All","A","All","N","Non-banks issuers and all cashless payments","A","All users","E","End of period","0","373","Pure Number","0","Units","","4","",,L,,L,,L,,L,,L,,L,,L
CPMI_DEVICES:A:AU:A:A:A:C:A,"A","Annual","AU","Australia","A","Card","A","Cards, all","A","All","C","Contactless","A","All issuers and cashless payments","A","All users","E","End of period","0","373","Pure Number","0","Units","","4","",,L,,L,,L,,L,,L,,L,,L
CPMI_DEVICES:A:AU:A:A:A:M:A,"A","Annual","AU","Australia","A","Card","A","Cards, all","A","All","M","Magstripe","A","All issuers and cashless payments","A","All users","E","End of period","0","373","Pure Number","0","Units","","4","",,L,,L,,L,,L,,L,,L,,L
CPMI_DEVICES:A:AU:A:A:N:A:A,"A","Annual","AU","Australia","A","Card","A","Cards, all","N","Able to initiate device-not-present payments","A","All","A","All issuers and cashless payments","A","All users","E","End of period","0","373","Pure Number","0","Units","","4","",,L,,L,,L,,L,,L,,L,,L
CPMI_DEVICES:A:AU:A:B:A:A:A,"A","Annual","AU","Australia","A","Card","B","Cards with cash function","A","All","A","All","A","All issuers and cashless payments","A","All users","E","End of period","0","373","Pure Number","0","Units","","4","",61010623,A,63052250,A,64699347,A,66602045,A,69454252,A,69623548,A,63378599,A
CPMI_DEVICES:A:AU:A:D:A:A:A,"A","Annual","AU","Australia","A","Card","D","Cards with debit function","A","All","A","All","A","All issuers and cashless payments","A","All users","E","End of period","0","373","Pure Number","0","Units","","4","",38985602,A,40103724,A,41264173,A,42713863,A,45197080,A,46226953,A,42203802,A
CPMI_DEVICES:A:AU:A:E:A:A:A,"A","Annual","AU","Australia","A","Card","E","Cards with delayed debit function","A","All","A","All","A","All issuers and cashless payments","A","All users","E","End of period","0","373","Pure Number","0","Units","","4","",,L,,L,,L,,L,,L,,L,,L
CPMI_DEVICES:A:AU:A:F:A:A:A,"A","Annual","AU","Australia","A","Card","F","Cards with credit function","A","All","A","All","A","All issuers and cashless payments","A","All users","E","End of period","0","373","Pure Number","0","Units","Includes cards with a delayed debit function.","4","",22025021,A,22948526,A,23435174,A,23888182,A,24257172,A,23396595,A,21174797,A
CPMI_DEVICES:A:AU:A:H:A:A:A,"A","Annual","AU","Australia","A","Card","H","Cards with e-money function","A","All","A","All","A","All issuers and cashless payments","A","All users","E","End of period","0","373","Pure Number","0","Units","","4","",,L,,L,,L,,L,,L,,L,,L
CPMI_DEVICES:A:AU:E:A:A:A:A,"A","Annual","AU","Australia","E","POS, all","A","Cards, all","A","All","A","All","A","All issuers and cashless payments","A","All users","E","End of period","0","373","Pure Number","0","Units","","4","",755524,A,804486,A,843605,A,956167,A,954174,A,959500,A,975622,A
CPMI_DEVICES:A:AU:F:A:A:A:A,"A","Annual","AU","Australia","F","ETPOS","A","Cards, all","A","All","A","All","A","All issuers and cashless payments","A","All users","E","End of period","0","373","Pure Number","0","Units","","4","",755524,A,804486,A,843605,A,956167,A,954174,A,959500,A,975622,A
CPMI_DEVICES:A:AU:F:A:A:C:A,"A","Annual","AU","Australia","F","ETPOS","A","Cards, all","A","All","C","Contactless","A","All issuers and cashless payments","A","All users","E","End of period","0","373","Pure Number","0","Units","","4","",,L,,L,,L,,L,,L,,L,,L
CPMI_DEVICES:A:AU:P:A:A:A:A,"A","Annual","AU","Australia","P","ATM","A","Cards, all","A","All","A","All","A","All issuers and cashless payments","A","All users","E","End of period","0","373","Pure Number","0","Units","","4","",30333,A,30222,A,31464,A,31661,A,32879,A,31923,A,29510,A
CPMI_DEVICES:A:AU:P:A:A:C:A,"A","Annual","AU","Australia","P","ATM","A","Cards, all","A","All","C","Contactless","A","All issuers and cashless payments","A","All users","E","End of period","0","373","Pure Number","0","Units","","4","",,L,,L,,L,,L,,L,,L,,L
CPMI_DEVICES:A:AU:P:O:A:A:A,"A","Annual","AU","Australia","P","ATM","O","Cash withdrawal","A","All","A","All","A","All issuers and cashless payments","A","All users","E","End of period","0","373","Pure Number","0","Units","","4","",30333,A,30222,A,31464,A,31661,A,32879,A,31923,A,29510,A
CPMI_DEVICES:A:AU:P:P:A:A:A,"A","Annual","AU","Australia","P","ATM","P","Cash deposit","A","All","A","All","A","All issuers and cashless payments","A","All users","E","End of period","0","373","Pure Number","0","Units","","4","",,L,,L,,L,,L,,L,,L,,L
CPMI_DEVICES:A:AU:P:Q:A:A:A,"A","Annual","AU","Australia","P","ATM","Q","Credit transfer","A","All","A","All","A","All issuers and cashless payments","A","All users","E","End of period","0","373","Pure Number","0","Units","","4","",,L,,L,,L,,L,,L,,L,,L
CPMI_DEVICES:A:BE:A:A:A:A:A,"A","Annual","BE","Belgium","A","Card","A","Cards, all","A","All","A","All","A","All issuers and cashless payments","A","All users","E","End of period","0","373","Pure Number","0","Units","We only receive detailed information on physical ('plastic') cards from our reporting agents. Therefore virtual cards are not included in the overview.","4","",20647078,A,20041335,A,22769844,A,22380138,A,23098184,A,23098184,A,25247783,A
CPMI_DEVICES:A:BE:A:A:A:A:N,"A","Annual","BE","Belgium","A","Card","A","Cards, all","A","All","A","All","N","Non-banks issuers and all cashless payments","A","All users","E","End of period","0","373","Pure Number","0","Units","","4","",,L,,L,,L,,L,,L,,L,,L
CPMI_DEVICES:A:BE:A:A:A:C:A,"A","Annual","BE","Belgium","A","Card","A","Cards, all","A","All","C","Contactless","A","All issuers and cashless payments","A","All users","E","End of period","0","373","Pure Number","0","Units","","4","",,M,,M,,L,,L,,L,,L,,L
CPMI_DEVICES:A:BE:A:A:A:M:A,"A","Annual","BE","Belgium","A","Card","A","Cards, all","A","All","M","Magstripe","A","All issuers and cashless payments","A","All users","E","End of period","0","373","Pure Number","0","Units","","4","",,L,,L,,L,,L,,L,,L,,L
CPMI_DEVICES:A:BE:A:A:N:A:A,"A","Annual","BE","Belgium","A","Card","A","Cards, all","N","Able to initiate device-not-present payments","A","All","A","All issuers and cashless payments","A","All users","E","End of period","0","373","Pure Number","0","Units","","4","",,M,,M,,L,,L,,L,,L,,L
CPMI_DEVICES:A:BE:A:B:A:A:A,"A","Annual","BE","Belgium","A","Card","B","Cards with cash function","A","All","A","All","A","All issuers and cashless payments","A","All users","E","End of period","0","373","Pure Number","0","Units","","4","",20647078,A,20041335,A,21396542,A,21870759,A,22593129,A,22362512,A,23904692,A
CPMI_DEVICES:A:BE:A:D:A:A:A,"A","Annual","BE","Belgium","A","Card","D","Cards with debit function","A","All","A","All","A","All issuers and cashless payments","A","All users","E","End of period","0","373","Pure Number","0","Units","","4","",16196775,A,15684400,A,16223478,A,17021860,A,16900579,A,16393752,A,17952952,A
CPMI_DEVICES:A:BE:A:E:A:A:A,"A","Annual","BE","Belgium","A","Card","E","Cards with delayed debit function","A","All","A","All","A","All issuers and cashless payments","A","All users","E","End of period","0","373","Pure Number","0","Units","","4","",4450303,A,4356935,A,1828355,A,3225198,A,3330576,A,3439736,A,3520662,A
CPMI_DEVICES:A:BE:A:F:A:A:A,"A","Annual","BE","Belgium","A","Card","F","Cards with credit function","A","All","A","All","A","All issuers and cashless payments","A","All users","E","End of period","0","373","Pure Number","0","Units","","4","",,L,,L,2102091,A,2332633,A,2276145,A,2360819,A,2367649,A
CPMI_DEVICES:A:BE:A:H:A:A:A,"A","Annual","BE","Belgium","A","Card","H","Cards with e-money function","A","All","A","All","A","All issuers and cashless payments","A","All users","E","End of period","0","373","Pure Number","0","Units","","4","",13009646,A,13460998,A,10681282,A,4823825,A,4862616,A,4603229,A,5523879,A
CPMI_DEVICES:A:BE:E:A:A:A:A,"A","Annual","BE","Belgium","E","POS, all","A","Cards, all","A","All","A","All","A","All issuers and cashless payments","A","All users","E","End of period","0","373","Pure Number","0","Units","","4","",136253,A,140114,A,183208,A,185281,A,190249,A,214702,A,217730,A
CPMI_DEVICES:A:BE:F:A:A:A:A,"A","Annual","BE","Belgium","F","ETPOS","A","Cards, all","A","All","A","All","A","All issuers and cashless payments","A","All users","E","End of period","0","373","Pure Number","0","Units","","4","",136253,A,140114,A,183208,A,185281,A,190249,A,214702,A,217730,A
CPMI_DEVICES:A:BE:F:A:A:C:A,"A","Annual","BE","Belgium","F","ETPOS","A","Cards, all","A","All","C","Contactless","A","All issuers and cashless payments","A","All users","E","End of period","0","373","Pure Number","0","Units","","4","",,L,,L,,L,,L,,L,,L,,L
CPMI_DEVICES:A:BE:P:A:A:A:A,"A","Annual","BE","Belgium","P","ATM","A","Cards, all","A","All","A","All","A","All issuers and cashless payments","A","All users","E","End of period","0","373","Pure Number","0","Units","","4","",15658,A,14861,A,12680,A,15634,A,11581,A,9956,A,9738,A
CPMI_DEVICES:A:BE:P:A:A:C:A,"A","Annual","BE","Belgium","P","ATM","A","Cards, all","A","All","C","Contactless","A","All issuers and cashless payments","A","All users","E","End of period","0","373","Pure Number","0","Units","","4","",,L,,L,,L,,L,,L,,L,,L
CPMI_DEVICES:A:BE:P:O:A:A:A,"A","Annual","BE","Belgium","P","ATM","O","Cash withdrawal","A","All","A","All","A","All issuers and cashless payments","A","All users","E","End of period","0","373","Pure Number","0","Units","","4","",8693,A,8707,A,8423,A,8395,A,8275,A,7849,A,7674,A
CPMI_DEVICES:A:BE:P:P:A:A:A,"A","Annual","BE","Belgium","P","ATM","P","Cash deposit","A","All","A","All","A","All issuers and cashless payments","A","All users","E","End of period","0","373","Pure Number","0","Units","","4","",,L,,L,,L,,L,,L,,L,,L
CPMI_DEVICES:A:BE:P:Q:A:A:A,"A","Annual","BE","Belgium","P","ATM","Q","Credit transfer","A","All","A","All","A","All issuers and cashless payments","A","All users","E","End of period","0","373","Pure Number","0","Units","","4","",9965,A,10034,A,7789,A,7911,A,7779,A,6222,A,5939,A
CPMI_DEVICES:A:BR:A:A:A:A:A,"A","Annual","BR","Brazil","A","Card","A","Cards, all","A","All","A","All","A","All issuers and cashless payments","A","All users","E","End of period","0","373","Pure Number","0","Units","","4","",,L,,L,,L,,L,,L,,L,,L
CPMI_DEVICES:A:BR:A:A:A:A:N,"A","Annual","BR","Brazil","A","Card","A","Cards, all","A","All","A","All","N","Non-banks issuers and all cashless payments","A","All users","E","End of period","0","373","Pure Number","0","Units","","4","",,L,,L,,L,,L,,L,,L,,L
CPMI_DEVICES:A:BR:A:A:A:C:A,"A","Annual","BR","Brazil","A","Card","A","Cards, all","A","All","C","Contactless","A","All issuers and cashless payments","A","All users","E","End of period","0","373","Pure Number","0","Units","","4","",,L,,L,,L,,L,,L,,L,,L
CPMI_DEVICES:A:BR:A:A:A:M:A,"A","Annual","BR","Brazil","A","Card","A","Cards, all","A","All","M","Magstripe","A","All issuers and cashless payments","A","All users","E","End of period","0","373","Pure Number","0","Units","","4","",,L,,L,,L,,L,,L,,L,,L
CPMI_DEVICES:A:BR:A:A:N:A:A,"A","Annual","BR","Brazil","A","Card","A","Cards, all","N","Able to initiate device-not-present payments","A","All","A","All issuers and cashless payments","A","All users","E","End of period","0","373","Pure Number","0","Units","","4","",,L,,L,,L,,L,,L,,L,,L
CPMI_DEVICES:A:BR:A:B:A:A:A,"A","Annual","BR","Brazil","A","Card","B","Cards with cash function","A","All","A","All","A","All issuers and cashless payments","A","All users","E","End of period","0","373","Pure Number","0","Units","","4","",335557665,A,348353574,A,350249586,A,353167121,A,344844385,A,334659798,A,341301237,A
CPMI_DEVICES:A:BR:A:D:A:A:A,"A","Annual","BR","Brazil","A","Card","D","Cards with debit function","A","All","A","All","A","All issuers and cashless payments","A","All users","E","End of period","0","373","Pure Number","0","Units","","4","",293347426,A,301934353,A,313219778,A,317355389,A,318393632,A,324240935,A,329848332,A
CPMI_DEVICES:A:BR:A:E:A:A:A,"A","Annual","BR","Brazil","A","Card","E","Cards with delayed debit function","A","All","A","All","A","All issuers and cashless payments","A","All users","E","End of period","0","373","Pure Number","0","Units","","4","",,L,,L,,L,,L,,L,,L,,L
CPMI_DEVICES:A:BR:A:F:A:A:A,"A","Annual","BR","Brazil","A","Card","F","Cards with credit function","A","All","A","All","A","All issuers and cashless payments","A","All users","E","End of period","0","373","Pure Number","0","Units","","4","",153247588,A,160995702,A,160025860,A,163104063,A,148868215,A,152245123,A,183661150,A
CPMI_DEVICES:A:BR:A:H:A:A:A,"A","Annual","BR","Brazil","A","Card","H","Cards with e-money function","A","All","A","All","A","All issuers and cashless payments","A","All users","E","End of period","0","373","Pure Number","0","Units","","4","",2650741,A,2243559,A,2672573,A,2435864,A,1920201,A,1605819,A,1611109,A
CPMI_DEVICES:A:BR:E:A:A:A:A,"A","Annual","BR","Brazil","E","POS, all","A","Cards, all","A","All","A","All","A","All issuers and cashless payments","A","All users","E","End of period","0","373","Pure Number","0","Units","","4","",4096585,A,4457152,A,5045797,A,5237225,A,4922623,A,4786545,A,8482361,A
CPMI_DEVICES:A:BR:F:A:A:A:A,"A","Annual","BR","Brazil","F","ETPOS","A","Cards, all","A","All","A","All","A","All issuers and cashless payments","A","All users","E","End of period","0","373","Pure Number","0","Units","","4","",4096585,A,4457152,A,5045797,A,5237225,A,4922623,A,4786545,A,8482361,A
CPMI_DEVICES:A:BR:F:A:A:C:A,"A","Annual","BR","Brazil","F","ETPOS","A","Cards, all","A","All","C","Contactless","A","All issuers and cashless payments","A","All users","E","End of period","0","373","Pure Number","0","Units","","4","",,L,,L,,L,,L,,L,,L,,L
CPMI_DEVICES:A:BR:P:A:A:A:A,"A","Annual","BR","Brazil","P","ATM","A","Cards, all","A","All","A","All","A","All issuers and cashless payments","A","All users","E","End of period","0","373","Pure Number","0","Units","","4","",175139,A,182538,A,184446,A,182378,A,180150,A,175580,A,175570,A
CPMI_DEVICES:A:BR:P:A:A:C:A,"A","Annual","BR","Brazil","P","ATM","A","Cards, all","A","All","C","Contactless","A","All issuers and cashless payments","A","All users","E","End of period","0","373","Pure Number","0","Units","","4","",,L,,L,,L,,L,,L,,L,,L
CPMI_DEVICES:A:BR:P:O:A:A:A,"A","Annual","BR","Brazil","P","ATM","O","Cash withdrawal","A","All","A","All","A","All issuers and cashless payments","A","All users","E","End of period","0","373","Pure Number","0","Units","","4","",160171,A,167132,A,168563,A,166435,A,164193,A,161236,A,162218,A
CPMI_DEVICES:A:BR:P:P:A:A:A,"A","Annual","BR","Brazil","P","ATM","P","Cash deposit","A","All","A","All","A","All issuers and cashless payments","A","All users","E","End of period","0","373","Pure Number","0","Units","","4","",115600,A,121981,A,123451,A,122165,A,116798,A,115904,A,117039,A
CPMI_DEVICES:A:BR:P:Q:A:A:A,"A","Annual","BR","Brazil","P","ATM","Q","Credit transfer","A","All","A","All","A","All issuers and cashless payments","A","All users","E","End of period","0","373","Pure Number","0","Units","","4","",,L,,L,,L,,L,,L,,L,,L
CPMI_DEVICES:A:CA:A:A:A:A:A,"A","Annual","CA","Canada","A","Card","A","Cards, all","A","All","A","All","A","All issuers and cashless payments","A","All users","E","End of period","0","373","Pure Number","0","Units","Total number of cards only includes ""plastic cards"".","4","",102039030,A,105027260,A,101581340,A,96866520,A,104000000,A,106256791,A,104465000,A
CPMI_DEVICES:A:CA:A:A:A:A:N,"A","Annual","CA","Canada","A","Card","A","Cards, all","A","All","A","All","N","Non-banks issuers and all cashless payments","A","All users","E","End of period","0","373","Pure Number","0","Units","","4","",,L,,L,,L,,L,,L,,L,,L
CPMI_DEVICES:A:CA:A:A:A:C:A,"A","Annual","CA","Canada","A","Card","A","Cards, all","A","All","C","Contactless","A","All issuers and cashless payments","A","All users","E","End of period","0","373","Pure Number","0","Units","Data only reported for American Express cards. Not available prior to 2017.","4","",,L,,L,,L,,L,,L,2912059,A,2529058,A
CPMI_DEVICES:A:CA:A:A:A:M:A,"A","Annual","CA","Canada","A","Card","A","Cards, all","A","All","M","Magstripe","A","All issuers and cashless payments","A","All users","E","End of period","0","373","Pure Number","0","Units","Data only reported for American Express cards. Not available prior to 2017.","4","",,L,,L,,L,,L,,L,3156791,A,2765402,A
CPMI_DEVICES:A:CA:A:A:N:A:A,"A","Annual","CA","Canada","A","Card","A","Cards, all","N","Able to initiate device-not-present payments","A","All","A","All issuers and cashless payments","A","All users","E","End of period","0","373","Pure Number","0","Units","Data only reported for American Express cards. Not available prior to 2017.","4","",,L,,L,,L,,L,,L,3156846,A,2765487,A
CPMI_DEVICES:A:CA:A:B:A:A:A,"A","Annual","CA","Canada","A","Card","B","Cards with cash function","A","All","A","All","A","All issuers and cashless payments","A","All users","E","End of period","0","373","Pure Number","0","Units","","4","",,L,,L,,L,,L,,L,,L,,L
CPMI_DEVICES:A:CA:A:D:A:A:A,"A","Annual","CA","Canada","A","Card","D","Cards with debit function","A","All","A","All","A","All issuers and cashless payments","A","All users","E","End of period","0","373","Pure Number","0","Units","","4","",23600000,A,23900000,A,25000000,A,24800000,A,28700000,A,28800000,A,25900000,A
CPMI_DEVICES:A:CA:A:E:A:A:A,"A","Annual","CA","Canada","A","Card","E","Cards with delayed debit function","A","All","A","All","A","All issuers and cashless payments","A","All users","E","End of period","0","373","Pure Number","0","Units","","4","",,M,,M,,M,,M,,M,,M,,M
CPMI_DEVICES:A:CA:A:F:A:A:A,"A","Annual","CA","Canada","A","Card","F","Cards with credit function","A","All","A","All","A","All issuers and cashless payments","A","All users","E","End of period","0","373","Pure Number","0","Units","","4","",78439030,A,81127260,A,76581340,A,72066520,A,75300000,A,77456791,A,78565000,A
CPMI_DEVICES:A:CA:A:H:A:A:A,"A","Annual","CA","Canada","A","Card","H","Cards with e-money function","A","All","A","All","A","All issuers and cashless payments","A","All users","E","End of period","0","373","Pure Number","0","Units","","4","",,L,,L,,L,,L,,L,,L,,L
CPMI_DEVICES:A:CA:E:A:A:A:A,"A","Annual","CA","Canada","E","POS, all","A","Cards, all","A","All","A","All","A","All issuers and cashless payments","A","All users","E","End of period","0","373","Pure Number","0","Units","","4","",794000,A,829000,A,879000,A,1301400,A,1400800,A,1423569,A,1414095,A
CPMI_DEVICES:A:CA:F:A:A:A:A,"A","Annual","CA","Canada","F","ETPOS","A","Cards, all","A","All","A","All","A","All issuers and cashless payments","A","All users","E","End of period","0","373","Pure Number","0","Units","","4","",794000,A,829000,A,879000,A,1301400,A,1400800,A,1423569,A,1414095,A
CPMI_DEVICES:A:CA:F:A:A:C:A,"A","Annual","CA","Canada","F","ETPOS","A","Cards, all","A","All","C","Contactless","A","All issuers and cashless payments","A","All users","E","End of period","0","373","Pure Number","0","Units","","4","",,L,,L,,L,,L,,L,,L,,L
CPMI_DEVICES:A:CA:P:A:A:A:A,"A","Annual","CA","Canada","P","ATM","A","Cards, all","A","All","A","All","A","All issuers and cashless payments","A","All users","E","End of period","0","373","Pure Number","0","Units","","4","",59100,A,65000,A,65990,A,66430,A,67990,A,70228,A,68591,A
CPMI_DEVICES:A:CA:P:A:A:C:A,"A","Annual","CA","Canada","P","ATM","A","Cards, all","A","All","C","Contactless","A","All issuers and cashless payments","A","All users","E","End of period","0","373","Pure Number","0","Units","","4","",,L,,L,,L,,L,,L,,L,,L
CPMI_DEVICES:A:CA:P:O:A:A:A,"A","Annual","CA","Canada","P","ATM","O","Cash withdrawal","A","All","A","All","A","All issuers and cashless payments","A","All users","E","End of period","0","373","Pure Number","0","Units","","4","",59100,A,65000,A,65990,A,66430,A,67990,A,70228,A,68591,A
CPMI_DEVICES:A:CA:P:P:A:A:A,"A","Annual","CA","Canada","P","ATM","P","Cash deposit","A","All","A","All","A","All issuers and cashless payments","A","All users","E","End of period","0","373","Pure Number","0","Units","","4","",59100,A,65000,A,65990,A,66430,A,67990,A,70228,A,68591,A
CPMI_DEVICES:A:CA:P:Q:A:A:A,"A","Annual","CA","Canada","P","ATM","Q","Credit transfer","A","All","A","All","A","All issuers and cashless payments","A","All users","E","End of period","0","373","Pure Number","0","Units","","4","",16880,A,18584,A,18775,A,18711,A,18868,A,18640,A,,L
CPMI_DEVICES:A:CH:A:A:A:A:A,"A","Annual","CH","Switzerland","A","Card","A","Cards, all","A","All","A","All","A","All issuers and cashless payments","A","All users","E","End of period","0","373","Pure Number","0","Units","","4","",14688300,A,15299600,A,17950776,A,18525963,A,19236331,A,1.9783769E7,A,2.0630411E7,A
CPMI_DEVICES:A:CH:A:A:A:A:N,"A","Annual","CH","Switzerland","A","Card","A","Cards, all","A","All","A","All","N","Non-banks issuers and all cashless payments","A","All users","E","End of period","0","373","Pure Number","0","Units","","4","",,L,,L,11670651,A,12057158,A,12553760,A,1.3069944E7,A,1.3807799E7,A
CPMI_DEVICES:A:CH:A:A:A:C:A,"A","Annual","CH","Switzerland","A","Card","A","Cards, all","A","All","C","Contactless","A","All issuers and cashless payments","A","All users","E","End of period","0","373","Pure Number","0","Units","","4","",,L,,L,4622425,A,7075941,A,9854453,A,1.2920982E7,A,1.5685256E7,A
CPMI_DEVICES:A:CH:A:A:A:M:A,"A","Annual","CH","Switzerland","A","Card","A","Cards, all","A","All","M","Magstripe","A","All issuers and cashless payments","A","All users","E","End of period","0","373","Pure Number","0","Units","","4","",,L,,L,,L,,L,,L,,L,,L
CPMI_DEVICES:A:CH:A:A:N:A:A,"A","Annual","CH","Switzerland","A","Card","A","Cards, all","N","Able to initiate device-not-present payments","A","All","A","All issuers and cashless payments","A","All users","E","End of period","0","373","Pure Number","0","Units","","4","",,L,,L,,L,,L,,L,,L,,L
CPMI_DEVICES:A:CH:A:B:A:A:A,"A","Annual","CH","Switzerland","A","Card","B","Cards with cash function","A","All","A","All","A","All issuers and cashless payments","A","All users","E","End of period","0","373","Pure Number","0","Units","As of 2014. data are no longer collected, as most cards reported under debit cards, credit cards and cards with an e-money function can be used for cash withdrawals. ","4","",14622800,A,15238000,A,,L,,L,,L,,L,,L
CPMI_DEVICES:A:CH:A:D:A:A:A,"A","Annual","CH","Switzerland","A","Card","D","Cards with debit function","A","All","A","All","A","All issuers and cashless payments","A","All users","E","End of period","0","373","Pure Number","0","Units","","4","",8865000,A,9109000,A,9809202,A,10061863,A,10487999,A,1.0506033E7,A,1.0641767E7,A
CPMI_DEVICES:A:CH:A:E:A:A:A,"A","Annual","CH","Switzerland","A","Card","E","Cards with delayed debit function","A","All","A","All","A","All issuers and cashless payments","A","All users","E","End of period","0","373","Pure Number","0","Units","","4","",,L,,L,,L,,L,,L,,L,,L
CPMI_DEVICES:A:CH:A:F:A:A:A,"A","Annual","CH","Switzerland","A","Card","F","Cards with credit function","A","All","A","All","A","All issuers and cashless payments","A","All users","E","End of period","0","373","Pure Number","0","Units","","4","",5766100,A,6146700,A,6008060,A,6192051,A,6345971,A,6578735.0,A,6914273.0,A
CPMI_DEVICES:A:CH:A:H:A:A:A,"A","Annual","CH","Switzerland","A","Card","H","Cards with e-money function","A","All","A","All","A","All issuers and cashless payments","A","All users","E","End of period","0","373","Pure Number","0","Units","","4","",1532700,A,223000,A,2133514,A,2272049,A,2402361,A,2699001.0,A,3074371.0,A
CPMI_DEVICES:A:CH:E:A:A:A:A,"A","Annual","CH","Switzerland","E","POS, all","A","Cards, all","A","All","A","All","A","All issuers and cashless payments","A","All users","E","End of period","0","373","Pure Number","0","Units","","4","",170074,A,166589,A,284603,A,288437,A,296409,A,312768.0,A,337629.0,A
CPMI_DEVICES:A:CH:F:A:A:A:A,"A","Annual","CH","Switzerland","F","ETPOS","A","Cards, all","A","All","A","All","A","All issuers and cashless payments","A","All users","E","End of period","0","373","Pure Number","0","Units","","4","",170074,A,166589,A,284603,A,288437,A,296409,A,312768.0,A,337629.0,A
CPMI_DEVICES:A:CH:F:A:A:C:A,"A","Annual","CH","Switzerland","F","ETPOS","A","Cards, all","A","All","C","Contactless","A","All issuers and cashless payments","A","All users","E","End of period","0","373","Pure Number","0","Units","","4","",,L,,L,61423,A,74835,A,95598,A,132220.0,A,200639.0,A
CPMI_DEVICES:A:CH:P:A:A:A:A,"A","Annual","CH","Switzerland","P","ATM","A","Cards, all","A","All","A","All","A","All issuers and cashless payments","A","All users","E","End of period","0","373","Pure Number","0","Units","","4","",6759,A,6820,A,6813,A,6966,A,7019,A,7046.0,A,7187.0,A
CPMI_DEVICES:A:CH:P:A:A:C:A,"A","Annual","CH","Switzerland","P","ATM","A","Cards, all","A","All","C","Contactless","A","All issuers and cashless payments","A","All users","E","End of period","0","373","Pure Number","0","Units","","4","",,L,,L,,L,,L,,L,,L,,L
CPMI_DEVICES:A:CH:P:O:A:A:A,"A","Annual","CH","Switzerland","P","ATM","O","Cash withdrawal","A","All","A","All","A","All issuers and cashless payments","A","All users","E","End of period","0","373","Pure Number","0","Units","","4","",6759,A,6820,A,6813,A,6966,A,7019,A,7046.0,A,7187.0,A
CPMI_DEVICES:A:CH:P:P:A:A:A,"A","Annual","CH","Switzerland","P","ATM","P","Cash deposit","A","All","A","All","A","All issuers and cashless payments","A","All users","E","End of period","0","373","Pure Number","0","Units","","4","",,L,,L,,L,,L,,L,,L,,L
CPMI_DEVICES:A:CH:P:Q:A:A:A,"A","Annual","CH","Switzerland","P","ATM","Q","Credit transfer","A","All","A","All","A","All issuers and cashless payments","A","All users","E","End of period","0","373","Pure Number","0","Units","","4","",,L,,L,,L,,L,,L,,L,,L
CPMI_DEVICES:A:CN:A:A:A:A:A,"A","Annual","CN","China","A","Card","A","Cards, all","A","All","A","All","A","All issuers and cashless payments","A","All users","E","End of period","0","373","Pure Number","0","Units","","4","",3534147326,A,4213892786,A,4935718577,A,5442312853,A,6124637975,A,6692591761,A,7596737153,A
CPMI_DEVICES:A:CN:A:A:A:A:N,"A","Annual","CN","China","A","Card","A","Cards, all","A","All","A","All","N","Non-banks issuers and all cashless payments","A","All users","E","End of period","0","373","Pure Number","0","Units","","4","",,L,,L,,L,,L,,L,,L,,L
CPMI_DEVICES:A:CN:A:A:A:C:A,"A","Annual","CN","China","A","Card","A","Cards, all","A","All","C","Contactless","A","All issuers and cashless payments","A","All users","E","End of period","0","373","Pure Number","0","Units","","4","",,L,,L,,L,,L,,L,,L,,L
CPMI_DEVICES:A:CN:A:A:A:M:A,"A","Annual","CN","China","A","Card","A","Cards, all","A","All","M","Magstripe","A","All issuers and cashless payments","A","All users","E","End of period","0","373","Pure Number","0","Units","","4","",,L,,L,,L,,L,,L,,L,,L
CPMI_DEVICES:A:CN:A:A:N:A:A,"A","Annual","CN","China","A","Card","A","Cards, all","N","Able to initiate device-not-present payments","A","All","A","All issuers and cashless payments","A","All users","E","End of period","0","373","Pure Number","0","Units","","4","",,L,,L,,L,,L,,L,,L,,L
CPMI_DEVICES:A:CN:A:B:A:A:A,"A","Annual","CN","China","A","Card","B","Cards with cash function","A","All","A","All","A","All issuers and cashless payments","A","All users","E","End of period","0","373","Pure Number","0","Units","","4","",3534147326,A,4213892786,A,4935718577,A,5442312853,A,6124637975,A,6692591761,A,7596737153,A
CPMI_DEVICES:A:CN:A:D:A:A:A,"A","Annual","CN","China","A","Card","D","Cards with debit function","A","All","A","All","A","All issuers and cashless payments","A","All users","E","End of period","0","373","Pure Number","0","Units","","4","",3245111900,A,3870330100,A,4535911000,A,5049181714,A,5704220800,A,6159122060,A,6913208285,A
CPMI_DEVICES:A:CN:A:E:A:A:A,"A","Annual","CN","China","A","Card","E","Cards with delayed debit function","A","All","A","All","A","All issuers and cashless payments","A","All users","E","End of period","0","373","Pure Number","0","Units","","4","",,M,,M,,M,,M,,M,,M,,M
CPMI_DEVICES:A:CN:A:F:A:A:A,"A","Annual","CN","China","A","Card","F","Cards with credit function","A","All","A","All","A","All issuers and cashless payments","A","All users","E","End of period","0","373","Pure Number","0","Units","","4","",331095100,A,390792400,A,455095000,A,432206525,A,465034900,A,587584780,A,685892488,A
CPMI_DEVICES:A:CN:A:H:A:A:A,"A","Annual","CN","China","A","Card","H","Cards with e-money function","A","All","A","All","A","All issuers and cashless payments","A","All users","E","End of period","0","373","Pure Number","0","Units","","4","",,M,,M,,M,,M,,M,,M,,M
CPMI_DEVICES:A:CN:E:A:A:A:A,"A","Annual","CN","China","E","POS, all","A","Cards, all","A","All","A","All","A","All issuers and cashless payments","A","All users","E","End of period","0","373","Pure Number","0","Units","","4","",7117800,A,10632084,A,15935196,A,22821000,A,24535000,A,31188564,A,34148195,A
CPMI_DEVICES:A:CN:F:A:A:A:A,"A","Annual","CN","China","F","ETPOS","A","Cards, all","A","All","A","All","A","All issuers and cashless payments","A","All users","E","End of period","0","373","Pure Number","0","Units","","4","",,M,,M,,M,,M,,M,,M,,M
CPMI_DEVICES:A:CN:F:A:A:C:A,"A","Annual","CN","China","F","ETPOS","A","Cards, all","A","All","C","Contactless","A","All issuers and cashless payments","A","All users","E","End of period","0","373","Pure Number","0","Units","","4","",,L,,L,,L,,L,,L,,L,,L
CPMI_DEVICES:A:CN:P:A:A:A:A,"A","Annual","CN","China","P","ATM","A","Cards, all","A","All","A","All","A","All issuers and cashless payments","A","All users","E","End of period","0","373","Pure Number","0","Units","","4","",415561,A,519996,A,614877,A,866711,A,924176,A,960565,A,1110837,A
CPMI_DEVICES:A:CN:P:A:A:C:A,"A","Annual","CN","China","P","ATM","A","Cards, all","A","All","C","Contactless","A","All issuers and cashless payments","A","All users","E","End of period","0","373","Pure Number","0","Units","","4","",,L,,L,,L,,L,,L,,L,,L
CPMI_DEVICES:A:CN:P:O:A:A:A,"A","Annual","CN","China","P","ATM","O","Cash withdrawal","A","All","A","All","A","All issuers and cashless payments","A","All users","E","End of period","0","373","Pure Number","0","Units","","4","",415561,A,519996,A,614877,A,866711,A,924176,A,960565,A,,L
CPMI_DEVICES:A:CN:P:P:A:A:A,"A","Annual","CN","China","P","ATM","P","Cash deposit","A","All","A","All","A","All issuers and cashless payments","A","All users","E","End of period","0","373","Pure Number","0","Units","","4","",,L,,L,,L,,L,,L,,L,,L
CPMI_DEVICES:A:CN:P:Q:A:A:A,"A","Annual","CN","China","P","ATM","Q","Credit transfer","A","All","A","All","A","All issuers and cashless payments","A","All users","E","End of period","0","373","Pure Number","0","Units","","4","",415561,A,519996,A,614877,A,866711,A,924176,A,960565,A,,L
CPMI_DEVICES:A:DE:A:A:A:A:A,"A","Annual","DE","Germany","A","Card","A","Cards, all","A","All","A","All","A","All issuers and cashless payments","A","All users","E","End of period","0","373","Pure Number","0","Units","Includes only plastic cards.","4","",141868742,A,143114007,A,148347734,A,151135563,A,155585814,A,156984669,A,158756747,A
CPMI_DEVICES:A:DE:A:A:A:A:N,"A","Annual","DE","Germany","A","Card","A","Cards, all","A","All","A","All","N","Non-banks issuers and all cashless payments","A","All users","E","End of period","0","373","Pure Number","0","Units","","4","",,L,,L,,M,,M,2743705,A,2855488,A,3018211,A
CPMI_DEVICES:A:DE:A:A:A:C:A,"A","Annual","DE","Germany","A","Card","A","Cards, all","A","All","C","Contactless","A","All issuers and cashless payments","A","All users","E","End of period","0","373","Pure Number","0","Units","","4","",,L,,L,,L,,L,,L,,L,,L
CPMI_DEVICES:A:DE:A:A:A:M:A,"A","Annual","DE","Germany","A","Card","A","Cards, all","A","All","M","Magstripe","A","All issuers and cashless payments","A","All users","E","End of period","0","373","Pure Number","0","Units","","4","",,L,,L,,L,,L,,L,,L,,L
CPMI_DEVICES:A:DE:A:A:N:A:A,"A","Annual","DE","Germany","A","Card","A","Cards, all","N","Able to initiate device-not-present payments","A","All","A","All issuers and cashless payments","A","All users","E","End of period","0","373","Pure Number","0","Units","","4","",,L,,L,,L,,L,,L,,L,,L
CPMI_DEVICES:A:DE:A:B:A:A:A,"A","Annual","DE","Germany","A","Card","B","Cards with cash function","A","All","A","All","A","All issuers and cashless payments","A","All users","E","End of period","0","373","Pure Number","0","Units","","4","",135344136,A,137227093,A,144283051,A,147294618,A,149884072,A,151013616,A,153269800,A
CPMI_DEVICES:A:DE:A:D:A:A:A,"A","Annual","DE","Germany","A","Card","D","Cards with debit function","A","All","A","All","A","All issuers and cashless payments","A","All users","E","End of period","0","373","Pure Number","0","Units","","4","",105593639,A,105169256,A,104099927,A,106102740,A,108951095,A,109311646,A,110934285,A
CPMI_DEVICES:A:DE:A:E:A:A:A,"A","Annual","DE","Germany","A","Card","E","Cards with delayed debit function","A","All","A","All","A","All issuers and cashless payments","A","All users","E","End of period","0","373","Pure Number","0","Units","","4","",23909567,A,24780693,A,26861670,A,28245156,A,28733250,A,29772187,A,30212645,A
CPMI_DEVICES:A:DE:A:F:A:A:A,"A","Annual","DE","Germany","A","Card","F","Cards with credit function","A","All","A","All","A","All issuers and cashless payments","A","All users","E","End of period","0","373","Pure Number","0","Units","","4","",3684976,A,3902077,A,4392423,A,4900280,A,4992377,A,5280102,A,5677983,A
CPMI_DEVICES:A:DE:A:H:A:A:A,"A","Annual","DE","Germany","A","Card","H","Cards with e-money function","A","All","A","All","A","All issuers and cashless payments","A","All users","E","End of period","0","373","Pure Number","0","Units","","4","",97990022,A,98961781,A,95556545,A,91908011,A,86744800,A,78627915,A,77267209,A
CPMI_DEVICES:A:DE:E:A:A:A:A,"A","Annual","DE","Germany","E","POS, all","A","Cards, all","A","All","A","All","A","All issuers and cashless payments","A","All users","E","End of period","0","373","Pure Number","0","Units","Encompasses only terminals with reference to the German scheme ""Girocard"". To avoid double-counting, the number of terminals includes the most widespread scheme only, since terminals usually accept different card brands. Only active terminals (terminals with at least one transaction in the reference period). Before 2014 terminals located outside the country, operated by domestic banks are included. Figures collectedby Deutsche Kreditwirtschaft (DK).","4","",720000,A,743624,A,1034550,A,998846,A,1011529,A,1053846,A,1049044,A
CPMI_DEVICES:A:DE:F:A:A:A:A,"A","Annual","DE","Germany","F","ETPOS","A","Cards, all","A","All","A","All","A","All issuers and cashless payments","A","All users","E","End of period","0","373","Pure Number","0","Units","Before 2014 terminals located outside the country, operated by domestic banks are included.","4","",720000,A,743624,A,654381,A,655023,A,667148,A,663906,A,710813,A
CPMI_DEVICES:A:DE:F:A:A:C:A,"A","Annual","DE","Germany","F","ETPOS","A","Cards, all","A","All","C","Contactless","A","All issuers and cashless payments","A","All users","E","End of period","0","373","Pure Number","0","Units","","4","",,L,,L,,L,,L,,L,,L,,L
CPMI_DEVICES:A:DE:P:A:A:A:A,"A","Annual","DE","Germany","P","ATM","A","Cards, all","A","All","A","All","A","All issuers and cashless payments","A","All users","E","End of period","0","373","Pure Number","0","Units","The total number of ATMs may, in some instances, be bigger than the sum of the number of ATMs with a cash withdrawal function and of ATMs with a credit transfer function, because it also encompasses the number of ATMs with a cash deposit function. Only ATMs operated by domestic payment service providers, located in- and outside the country are included.","4","",82610,A,82761,A,86767,A,86702,A,86035,A,85083,A,85885,A
CPMI_DEVICES:A:DE:P:A:A:C:A,"A","Annual","DE","Germany","P","ATM","A","Cards, all","A","All","C","Contactless","A","All issuers and cashless payments","A","All users","E","End of period","0","373","Pure Number","0","Units","","4","",,L,,L,,L,,L,,L,,L,,L
CPMI_DEVICES:A:DE:P:O:A:A:A,"A","Annual","DE","Germany","P","ATM","O","Cash withdrawal","A","All","A","All","A","All issuers and cashless payments","A","All users","E","End of period","0","373","Pure Number","0","Units","Only ATMs with a cash withdrawal funtion operated by domestic payment service providers, located in- and outside the country are included.","4","",56025,A,56035,A,58014,A,58811,A,58909,A,58103,A,58644,A
CPMI_DEVICES:A:DE:P:P:A:A:A,"A","Annual","DE","Germany","P","ATM","P","Cash deposit","A","All","A","All","A","All issuers and cashless payments","A","All users","E","End of period","0","373","Pure Number","0","Units","","4","",,L,,L,,L,,L,,L,,L,,L
CPMI_DEVICES:A:DE:P:Q:A:A:A,"A","Annual","DE","Germany","P","ATM","Q","Credit transfer","A","All","A","All","A","All issuers and cashless payments","A","All users","E","End of period","0","373","Pure Number","0","Units","Only ATMs with a credit transfer function operated by domestic payment service providers, located in- and outside the country are included.","4","",26931,A,27377,A,27793,A,27723,A,27848,A,27837,A,27878,A
CPMI_DEVICES:A:ES:A:A:A:A:A,"A","Annual","ES","Spain","A","Card","A","Cards, all","A","All","A","All","A","All issuers and cashless payments","A","All users","E","End of period","0","373","Pure Number","0","Units","Total number of cards irrespective of the number of functions on the card.","4","",69138598,A,69749369,A,67993667,A,70252169,A,74853147,A,79641048,A,84093837,P
CPMI_DEVICES:A:ES:A:A:A:A:N,"A","Annual","ES","Spain","A","Card","A","Cards, all","A","All","A","All","N","Non-banks issuers and all cashless payments","A","All users","E","End of period","0","373","Pure Number","0","Units","","4","",,L,,L,,L,,L,,L,,L,,L
CPMI_DEVICES:A:ES:A:A:A:C:A,"A","Annual","ES","Spain","A","Card","A","Cards, all","A","All","C","Contactless","A","All issuers and cashless payments","A","All users","E","End of period","0","373","Pure Number","0","Units","","4","",,L,,L,,L,,L,,L,,L,,L
CPMI_DEVICES:A:ES:A:A:A:M:A,"A","Annual","ES","Spain","A","Card","A","Cards, all","A","All","M","Magstripe","A","All issuers and cashless payments","A","All users","E","End of period","0","373","Pure Number","0","Units","","4","",,L,,L,,L,,L,,L,,L,,L
CPMI_DEVICES:A:ES:A:A:N:A:A,"A","Annual","ES","Spain","A","Card","A","Cards, all","N","Able to initiate device-not-present payments","A","All","A","All issuers and cashless payments","A","All users","E","End of period","0","373","Pure Number","0","Units","","4","",69138598,A,69749369,A,67993667,A,70252169,A,74853147,A,79641048,A,84093837,P
CPMI_DEVICES:A:ES:A:B:A:A:A,"A","Annual","ES","Spain","A","Card","B","Cards with cash function","A","All","A","All","A","All issuers and cashless payments","A","All users","E","End of period","0","373","Pure Number","0","Units","","4","",69138598,A,69749369,A,66315625,A,68553262,A,72960657,A,77617878,A,81626575,P
CPMI_DEVICES:A:ES:A:D:A:A:A,"A","Annual","ES","Spain","A","Card","D","Cards with debit function","A","All","A","All","A","All issuers and cashless payments","A","All users","E","End of period","0","373","Pure Number","0","Units","Prepaid cards are included. The criteria used to disaggregate the number of payment cards according to their function (i.e credit and debit function) have been modified in first quarter 2018. This new criteria implies a significant change on the figures  shown under this breakdown. Previous to this date, the  published figures were estimations based on information  provided by the Spanish card payment schemes. Since Q1  2018, however, data are reported by the payment service providers adhered to the Spanish card payment schemes, according to the requirements set out in Regulation (EU) 2015/751 of the European Parliament and of the Council of 29 April 2015 on  interchange fees for card-based payment transactions. Prepaid cards are included. The criteria used to disaggregate the number of payment cards according to their function (i.e credit and debit function) have been modified  in first quarter 2018. This new criteria implies  a significant change  on the figures shown under this breakdown. Previous to this date, the published figures  were estimations based on information provided by the Spanish card payment schemes. Since Q1 2018, however, data are reported by the payment service providers adhered to the Spanish card payment schemes, according to the requirements set out in Regulation (EU) 2015/751 of the European Parliament and of the Council of 29 April 2015 on interchange fees for card-based payment transactions.","4","",27467964,A,26484898,A,24416661,A,25099580,A,25763496,A,26934750,A,47083770,P
CPMI_DEVICES:A:ES:A:E:A:A:A,"A","Annual","ES","Spain","A","Card","E","Cards with delayed debit function","A","All","A","All","A","All issuers and cashless payments","A","All users","E","End of period","0","373","Pure Number","0","Units","Credit cards are included. It is not possible to differentiate between delayed debit and credit cards. However, it is known that the bulk of the payments are made with delayed debit cards.","4","",41331686,A,43264471,A,43577006,A,45152589,A,49089651,A,52706298,A,37010067,P
CPMI_DEVICES:A:ES:A:F:A:A:A,"A","Annual","ES","Spain","A","Card","F","Cards with credit function","A","All","A","All","A","All issuers and cashless payments","A","All users","E","End of period","0","373","Pure Number","0","Units","","4","",,L,,L,,L,,L,,L,,L,,L
CPMI_DEVICES:A:ES:A:H:A:A:A,"A","Annual","ES","Spain","A","Card","H","Cards with e-money function","A","All","A","All","A","All issuers and cashless payments","A","All users","E","End of period","0","373","Pure Number","0","Units","","4","",717181,A,,L,0,A,0,A,0,A,0,A,0,P
CPMI_DEVICES:A:ES:E:A:A:A:A,"A","Annual","ES","Spain","E","POS, all","A","Cards, all","A","All","A","All","A","All issuers and cashless payments","A","All users","E","End of period","0","373","Pure Number","0","Units","","4","",1316262,A,1125045,A,1224112,A,1380704,A,1496565,A,1570982,A,1642795,P
CPMI_DEVICES:A:ES:F:A:A:A:A,"A","Annual","ES","Spain","F","ETPOS","A","Cards, all","A","All","A","All","A","All issuers and cashless payments","A","All users","E","End of period","0","373","Pure Number","0","Units","","4","",1316262,A,1125045,A,1224112,A,1380704,A,1496565,A,1570982,A,1642795,P
CPMI_DEVICES:A:ES:F:A:A:C:A,"A","Annual","ES","Spain","F","ETPOS","A","Cards, all","A","All","C","Contactless","A","All issuers and cashless payments","A","All users","E","End of period","0","373","Pure Number","0","Units","","4","",,L,,L,,L,,L,,L,,L,,L
CPMI_DEVICES:A:ES:P:A:A:A:A,"A","Annual","ES","Spain","P","ATM","A","Cards, all","A","All","A","All","A","All issuers and cashless payments","A","All users","E","End of period","0","373","Pure Number","0","Units","","4","",56258,A,52221,A,50445,A,49869,A,49963,A,50842,A,53379,P
CPMI_DEVICES:A:ES:P:A:A:C:A,"A","Annual","ES","Spain","P","ATM","A","Cards, all","A","All","C","Contactless","A","All issuers and cashless payments","A","All users","E","End of period","0","373","Pure Number","0","Units","","4","",,L,,L,,L,,L,,L,,L,,L
CPMI_DEVICES:A:ES:P:O:A:A:A,"A","Annual","ES","Spain","P","ATM","O","Cash withdrawal","A","All","A","All","A","All issuers and cashless payments","A","All users","E","End of period","0","373","Pure Number","0","Units","","4","",56258,A,52221,A,50445,A,49869,A,49963,A,50842,A,53379,P
CPMI_DEVICES:A:ES:P:P:A:A:A,"A","Annual","ES","Spain","P","ATM","P","Cash deposit","A","All","A","All","A","All issuers and cashless payments","A","All users","E","End of period","0","373","Pure Number","0","Units","","4","",,L,,L,,L,,L,,L,,L,,L
CPMI_DEVICES:A:ES:P:Q:A:A:A,"A","Annual","ES","Spain","P","ATM","Q","Credit transfer","A","All","A","All","A","All issuers and cashless payments","A","All users","E","End of period","0","373","Pure Number","0","Units","","4","",,L,,L,,L,,L,41816,A,42337,A,40848,P
CPMI_DEVICES:A:FR:A:A:A:A:A,"A","Annual","FR","France","A","Card","A","Cards, all","A","All","A","All","A","All issuers and cashless payments","A","All users","E","End of period","0","373","Pure Number","0","Units","","4","",99099024,A,99311640,A,101523650,A,94627461,A,94243318,A,94569811,A,96271130.0,A
CPMI_DEVICES:A:FR:A:A:A:A:N,"A","Annual","FR","France","A","Card","A","Cards, all","A","All","A","All","N","Non-banks issuers and all cashless payments","A","All users","E","End of period","0","373","Pure Number","0","Units","","4","",,L,,L,,L,,L,,L,,L,,M
CPMI_DEVICES:A:FR:A:A:A:C:A,"A","Annual","FR","France","A","Card","A","Cards, all","A","All","C","Contactless","A","All issuers and cashless payments","A","All users","E","End of period","0","373","Pure Number","0","Units","","4","",,L,,L,,L,,L,,L,,L,,M
CPMI_DEVICES:A:FR:A:A:A:M:A,"A","Annual","FR","France","A","Card","A","Cards, all","A","All","M","Magstripe","A","All issuers and cashless payments","A","All users","E","End of period","0","373","Pure Number","0","Units","","4","",99099024,A,99311640,A,101523650,A,94627461,A,94243318,A,94569811,A,96271130.0,A
CPMI_DEVICES:A:FR:A:A:N:A:A,"A","Annual","FR","France","A","Card","A","Cards, all","N","Able to initiate device-not-present payments","A","All","A","All issuers and cashless payments","A","All users","E","End of period","0","373","Pure Number","0","Units","","4","",,L,,L,,L,,L,,L,,L,,M
CPMI_DEVICES:A:FR:A:B:A:A:A,"A","Annual","FR","France","A","Card","B","Cards with cash function","A","All","A","All","A","All issuers and cashless payments","A","All users","E","End of period","0","373","Pure Number","0","Units","","4","",92608544,A,88183312,A,85671567,A,80717706,A,81766918,A,83324385,A,75273981.0,A
CPMI_DEVICES:A:FR:A:D:A:A:A,"A","Annual","FR","France","A","Card","D","Cards with debit function","A","All","A","All","A","All issuers and cashless payments","A","All users","E","End of period","0","373","Pure Number","0","Units","","4","",80109816,A,80084864,A,55270000,A,50239000,A,50343000,A,48184000,A,50640772.0,A
CPMI_DEVICES:A:FR:A:E:A:A:A,"A","Annual","FR","France","A","Card","E","Cards with delayed debit function","A","All","A","All","A","All issuers and cashless payments","A","All users","E","End of period","0","373","Pure Number","0","Units","","4","",23379332,A,23808996,A,7318855.0,A,7560288.0,A,8839666.0,A,12928938.0,A,10546516.0,A
CPMI_DEVICES:A:FR:A:F:A:A:A,"A","Annual","FR","France","A","Card","F","Cards with credit function","A","All","A","All","A","All issuers and cashless payments","A","All users","E","End of period","0","373","Pure Number","0","Units","","4","",26842708,A,19611236,A,6943179.0,A,5867294.0,A,4751693.0,A,3983801.0,A,3616890.0,A
CPMI_DEVICES:A:FR:A:H:A:A:A,"A","Annual","FR","France","A","Card","H","Cards with e-money function","A","All","A","All","A","All issuers and cashless payments","A","All users","E","End of period","0","373","Pure Number","0","Units","","4","",26721560,A,23102244,A,14201112,A,3029594.0,A,2749139.0,A,2379543.0,A,2794345.0,A
CPMI_DEVICES:A:FR:E:A:A:A:A,"A","Annual","FR","France","E","POS, all","A","Cards, all","A","All","A","All","A","All issuers and cashless payments","A","All users","E","End of period","0","373","Pure Number","0","Units","","4","",1400000,A,1344402,A,1607054,A,1498901,A,1490144,A,1623888,A,1829030.0,A
CPMI_DEVICES:A:FR:F:A:A:A:A,"A","Annual","FR","France","F","ETPOS","A","Cards, all","A","All","A","All","A","All issuers and cashless payments","A","All users","E","End of period","0","373","Pure Number","0","Units","","4","",1400000,A,1344402,A,1102658,A,735959,A,1111519,A,978992,A,1535487.0,A
CPMI_DEVICES:A:FR:F:A:A:C:A,"A","Annual","FR","France","F","ETPOS","A","Cards, all","A","All","C","Contactless","A","All issuers and cashless payments","A","All users","E","End of period","0","373","Pure Number","0","Units","","4","",,L,,L,,L,,L,,L,,L,,M
CPMI_DEVICES:A:FR:P:A:A:A:A,"A","Annual","FR","France","P","ATM","A","Cards, all","A","All","A","All","A","All issuers and cashless payments","A","All users","E","End of period","0","373","Pure Number","0","Units","","4","",58536,A,58638,A,71741,A,60756,A,58480,A,56649,A,54869.0,A
CPMI_DEVICES:A:FR:P:A:A:C:A,"A","Annual","FR","France","P","ATM","A","Cards, all","A","All","C","Contactless","A","All issuers and cashless payments","A","All users","E","End of period","0","373","Pure Number","0","Units","","4","",,L,,L,,L,,L,,L,,L,,M
CPMI_DEVICES:A:FR:P:O:A:A:A,"A","Annual","FR","France","P","ATM","O","Cash withdrawal","A","All","A","All","A","All issuers and cashless payments","A","All users","E","End of period","0","373","Pure Number","0","Units","","4","",58536,A,58638,A,66975,A,57505,A,57381,A,55761,A,54266.0,A
CPMI_DEVICES:A:FR:P:P:A:A:A,"A","Annual","FR","France","P","ATM","P","Cash deposit","A","All","A","All","A","All issuers and cashless payments","A","All users","E","End of period","0","373","Pure Number","0","Units","","4","",,L,,L,,L,,L,,L,,L,46.660000,A
CPMI_DEVICES:A:FR:P:Q:A:A:A,"A","Annual","FR","France","P","ATM","Q","Credit transfer","A","All","A","All","A","All issuers and cashless payments","A","All users","E","End of period","0","373","Pure Number","0","Units","","4","",,L,,L,50501,A,38957,A,40047,A,42643,A,42283.0,A
CPMI_DEVICES:A:GB:A:A:A:A:A,"A","Annual","GB","United Kingdom","A","Card","A","Cards, all","A","All","A","All","A","All issuers and cashless payments","A","All users","E","End of period","0","373","Pure Number","0","Units","","4","",168993000,A,175593000,A,178869000,A,175630000,A,174257000.000,A,175956000,A,175689000,A
CPMI_DEVICES:A:GB:A:A:A:A:N,"A","Annual","GB","United Kingdom","A","Card","A","Cards, all","A","All","A","All","N","Non-banks issuers and all cashless payments","A","All users","E","End of period","0","373","Pure Number","0","Units","","4","",,L,,L,,L,,L,,L,,L,,L
CPMI_DEVICES:A:GB:A:A:A:C:A,"A","Annual","GB","United Kingdom","A","Card","A","Cards, all","A","All","C","Contactless","A","All issuers and cashless payments","A","All users","E","End of period","0","373","Pure Number","0","Units","","4","",31009000,A,38124000,A,58707000,A,81600000,A,102673000,A,118884000,A,123506000,A
CPMI_DEVICES:A:GB:A:A:A:M:A,"A","Annual","GB","United Kingdom","A","Card","A","Cards, all","A","All","M","Magstripe","A","All issuers and cashless payments","A","All users","E","End of period","0","373","Pure Number","0","Units","","4","",,L,,L,,L,,L,,L,,L,,L
CPMI_DEVICES:A:GB:A:A:N:A:A,"A","Annual","GB","United Kingdom","A","Card","A","Cards, all","N","Able to initiate device-not-present payments","A","All","A","All issuers and cashless payments","A","All users","E","End of period","0","373","Pure Number","0","Units","","4","",,L,,L,,L,,L,,L,,L,,L
CPMI_DEVICES:A:GB:A:B:A:A:A,"A","Annual","GB","United Kingdom","A","Card","B","Cards with cash function","A","All","A","All","A","All issuers and cashless payments","A","All users","E","End of period","0","373","Pure Number","0","Units","","4","",168993000.000,A,175593000.000,A,178869000.000,A,175630000.000,A,174257000,A,175956000,A,175689000,A
CPMI_DEVICES:A:GB:A:D:A:A:A,"A","Annual","GB","United Kingdom","A","Card","D","Cards with debit function","A","All","A","All","A","All issuers and cashless payments","A","All users","E","End of period","0","373","Pure Number","0","Units","","4","",88553000.000,A,95689000.000,A,95663000.000,A,98804000.000,A,99632000,A,98291000,A,97869000,A
CPMI_DEVICES:A:GB:A:E:A:A:A,"A","Annual","GB","United Kingdom","A","Card","E","Cards with delayed debit function","A","All","A","All","A","All issuers and cashless payments","A","All users","E","End of period","0","373","Pure Number","0","Units","","4","",2324000.000,A,2262000.000,A,2150000.000,A,2219000.000,A,2193000,A,2116000,A,2063000,A
CPMI_DEVICES:A:GB:A:F:A:A:A,"A","Annual","GB","United Kingdom","A","Card","F","Cards with credit function","A","All","A","All","A","All issuers and cashless payments","A","All users","E","End of period","0","373","Pure Number","0","Units","","4","",56443000.000,A,55362000.000,A,56927000.000,A,58973000.000,A,58559000,A,61937000,A,62505000,A
CPMI_DEVICES:A:GB:A:H:A:A:A,"A","Annual","GB","United Kingdom","A","Card","H","Cards with e-money function","A","All","A","All","A","All issuers and cashless payments","A","All users","E","End of period","0","373","Pure Number","0","Units","","4","",,L,,L,,L,,L,,L,,L,,
CPMI_DEVICES:A:GB:E:A:A:A:A,"A","Annual","GB","United Kingdom","E","POS, all","A","Cards, all","A","All","A","All","A","All issuers and cashless payments","A","All users","E","End of period","0","373","Pure Number","0","Units","","4","",1639267.000,A,1653908.000,A,1701867.000,A,1958352.000,A,2157053,A,2417041,A,2693619.000,A
CPMI_DEVICES:A:GB:F:A:A:A:A,"A","Annual","GB","United Kingdom","F","ETPOS","A","Cards, all","A","All","A","All","A","All issuers and cashless payments","A","All users","E","End of period","0","373","Pure Number","0","Units","","4","",,L,,L,,L,,L,,L,,L,,L
CPMI_DEVICES:A:GB:F:A:A:C:A,"A","Annual","GB","United Kingdom","F","ETPOS","A","Cards, all","A","All","C","Contactless","A","All issuers and cashless payments","A","All users","E","End of period","0","373","Pure Number","0","Units","","4","",,L,,L,,L,,L,,L,,L,,L
CPMI_DEVICES:A:GB:P:A:A:A:A,"A","Annual","GB","United Kingdom","P","ATM","A","Cards, all","A","All","A","All","A","All issuers and cashless payments","A","All users","E","End of period","0","373","Pure Number","0","Units","","4","",66134.000,A,67963.000,A,69382.000,A,70270.000,A,70020,A,69603,A,66482.000,A
CPMI_DEVICES:A:GB:P:A:A:C:A,"A","Annual","GB","United Kingdom","P","ATM","A","Cards, all","A","All","C","Contactless","A","All issuers and cashless payments","A","All users","E","End of period","0","373","Pure Number","0","Units","","4","",,L,,L,,L,,L,,L,,L,,L
CPMI_DEVICES:A:GB:P:O:A:A:A,"A","Annual","GB","United Kingdom","P","ATM","O","Cash withdrawal","A","All","A","All","A","All issuers and cashless payments","A","All users","E","End of period","0","373","Pure Number","0","Units","","4","",66134.000,A,67963.000,A,69382.000,A,70270.000,A,70020,A,69603,A,66482.000,A
CPMI_DEVICES:A:GB:P:P:A:A:A,"A","Annual","GB","United Kingdom","P","ATM","P","Cash deposit","A","All","A","All","A","All issuers and cashless payments","A","All users","E","End of period","0","373","Pure Number","0","Units","","4","",,L,,L,,L,,L,,L,,L,,L
CPMI_DEVICES:A:GB:P:Q:A:A:A,"A","Annual","GB","United Kingdom","P","ATM","Q","Credit transfer","A","All","A","All","A","All issuers and cashless payments","A","All users","E","End of period","0","373","Pure Number","0","Units","","4","",8678.000,A,8307.000,A,8597.000,A,8381.000,A,7818,A,6623,A,,L
CPMI_DEVICES:A:HK:A:A:A:A:A,"A","Annual","HK","Hong Kong SAR","A","Card","A","Cards, all","A","All","A","All","A","All issuers and cashless payments","A","All users","E","End of period","0","373","Pure Number","0","Units","","4","",,L,,L,,L,,L,,L,,L,,L
CPMI_DEVICES:A:HK:A:A:A:A:N,"A","Annual","HK","Hong Kong SAR","A","Card","A","Cards, all","A","All","A","All","N","Non-banks issuers and all cashless payments","A","All users","E","End of period","0","373","Pure Number","0","Units","","4","",,L,,L,,L,,L,,L,,L,,L
CPMI_DEVICES:A:HK:A:A:A:C:A,"A","Annual","HK","Hong Kong SAR","A","Card","A","Cards, all","A","All","C","Contactless","A","All issuers and cashless payments","A","All users","E","End of period","0","373","Pure Number","0","Units","","4","",,L,,L,,L,,L,,L,,L,,L
CPMI_DEVICES:A:HK:A:A:A:M:A,"A","Annual","HK","Hong Kong SAR","A","Card","A","Cards, all","A","All","M","Magstripe","A","All issuers and cashless payments","A","All users","E","End of period","0","373","Pure Number","0","Units","","4","",,L,,L,,L,,L,,L,,L,,L
CPMI_DEVICES:A:HK:A:A:N:A:A,"A","Annual","HK","Hong Kong SAR","A","Card","A","Cards, all","N","Able to initiate device-not-present payments","A","All","A","All issuers and cashless payments","A","All users","E","End of period","0","373","Pure Number","0","Units","","4","",,L,,L,,L,,L,,L,,L,,L
CPMI_DEVICES:A:HK:A:B:A:A:A,"A","Annual","HK","Hong Kong SAR","A","Card","B","Cards with cash function","A","All","A","All","A","All issuers and cashless payments","A","All users","E","End of period","0","373","Pure Number","0","Units","","4","",,L,,L,,L,,L,,L,,L,,L
CPMI_DEVICES:A:HK:A:D:A:A:A,"A","Annual","HK","Hong Kong SAR","A","Card","D","Cards with debit function","A","All","A","All","A","All issuers and cashless payments","A","All users","E","End of period","0","373","Pure Number","0","Units","","4","",,L,,L,,L,,L,,L,,L,,L
CPMI_DEVICES:A:HK:A:E:A:A:A,"A","Annual","HK","Hong Kong SAR","A","Card","E","Cards with delayed debit function","A","All","A","All","A","All issuers and cashless payments","A","All users","E","End of period","0","373","Pure Number","0","Units","","4","",,L,,L,,L,,L,,L,,L,,L
CPMI_DEVICES:A:HK:A:F:A:A:A,"A","Annual","HK","Hong Kong SAR","A","Card","F","Cards with credit function","A","All","A","All","A","All issuers and cashless payments","A","All users","E","End of period","0","373","Pure Number","0","Units","","4","",17437000,A,18123000,A,18510000,A,19044000,A,19184000,A,18876000,A,19460000,A
CPMI_DEVICES:A:HK:A:H:A:A:A,"A","Annual","HK","Hong Kong SAR","A","Card","H","Cards with e-money function","A","All","A","All","A","All issuers and cashless payments","A","All users","E","End of period","0","373","Pure Number","0","Units","Only the number of accounts with e-money function (i.e. number of SVF accounts in use) is available.  Please note that there can be more than one prepaid card issued under an SVF account.  The reported figures also included payment facilities with e-money function other than prepaid cards (e.g. e-wallets).","4","",,L,,L,,L,,L,40491000,A,46730000,A,56102000,A
CPMI_DEVICES:A:HK:E:A:A:A:A,"A","Annual","HK","Hong Kong SAR","E","POS, all","A","Cards, all","A","All","A","All","A","All issuers and cashless payments","A","All users","E","End of period","0","373","Pure Number","0","Units","","4","",,L,,L,,L,,L,,L,,L,,L
CPMI_DEVICES:A:HK:F:A:A:A:A,"A","Annual","HK","Hong Kong SAR","F","ETPOS","A","Cards, all","A","All","A","All","A","All issuers and cashless payments","A","All users","E","End of period","0","373","Pure Number","0","Units","","4","",,L,,L,,L,,L,,L,,L,,L
CPMI_DEVICES:A:HK:F:A:A:C:A,"A","Annual","HK","Hong Kong SAR","F","ETPOS","A","Cards, all","A","All","C","Contactless","A","All issuers and cashless payments","A","All users","E","End of period","0","373","Pure Number","0","Units","","4","",,L,,L,,L,,L,,L,,L,,L
CPMI_DEVICES:A:HK:P:A:A:A:A,"A","Annual","HK","Hong Kong SAR","P","ATM","A","Cards, all","A","All","A","All","A","All issuers and cashless payments","A","All users","E","End of period","0","373","Pure Number","0","Units","","4","",,L,,L,,L,,L,,L,,L,,L
CPMI_DEVICES:A:HK:P:A:A:C:A,"A","Annual","HK","Hong Kong SAR","P","ATM","A","Cards, all","A","All","C","Contactless","A","All issuers and cashless payments","A","All users","E","End of period","0","373","Pure Number","0","Units","","4","",,L,,L,,L,,L,,L,,L,,L
CPMI_DEVICES:A:HK:P:O:A:A:A,"A","Annual","HK","Hong Kong SAR","P","ATM","O","Cash withdrawal","A","All","A","All","A","All issuers and cashless payments","A","All users","E","End of period","0","373","Pure Number","0","Units","","4","",,L,,L,,L,,L,,L,,L,,L
CPMI_DEVICES:A:HK:P:P:A:A:A,"A","Annual","HK","Hong Kong SAR","P","ATM","P","Cash deposit","A","All","A","All","A","All issuers and cashless payments","A","All users","E","End of period","0","373","Pure Number","0","Units","","4","",,L,,L,,L,,L,,L,,L,,L
CPMI_DEVICES:A:HK:P:Q:A:A:A,"A","Annual","HK","Hong Kong SAR","P","ATM","Q","Credit transfer","A","All","A","All","A","All issuers and cashless payments","A","All users","E","End of period","0","373","Pure Number","0","Units","","4","",,L,,L,,L,,L,,L,,L,,L
CPMI_DEVICES:A:ID:A:A:A:A:A,"A","Annual","ID","Indonesia","A","Card","A","Cards, all","A","All","A","All","A","All issuers and cashless payments","A","All users","E","End of period","0","373","Pure Number","0","Units","","4","",114366338,A,140779346,A,157609784,A,171457843,A,204759257,A,271726424,A,345809811,A
CPMI_DEVICES:A:ID:A:A:A:A:N,"A","Annual","ID","Indonesia","A","Card","A","Cards, all","A","All","A","All","N","Non-banks issuers and all cashless payments","A","All users","E","End of period","0","373","Pure Number","0","Units","","4","",13194875,A,24495353,A,19379147,A,12019706,A,19671615,A,41504985,A,107788472,A
CPMI_DEVICES:A:ID:A:A:A:C:A,"A","Annual","ID","Indonesia","A","Card","A","Cards, all","A","All","C","Contactless","A","All issuers and cashless payments","A","All users","E","End of period","0","373","Pure Number","0","Units","","4","",21869946,A,36225373,A,35738233,A,34314795,A,51204580,A,90003848,A,167205578,A
CPMI_DEVICES:A:ID:A:A:A:M:A,"A","Annual","ID","Indonesia","A","Card","A","Cards, all","A","All","M","Magstripe","A","All issuers and cashless payments","A","All users","E","End of period","0","373","Pure Number","0","Units","","4","",92496392,A,104553973,A,105828204,A,137143048,A,153554677,A,181722576,A,178604233,A
CPMI_DEVICES:A:ID:A:A:N:A:A,"A","Annual","ID","Indonesia","A","Card","A","Cards, all","N","Able to initiate device-not-present payments","A","All","A","All issuers and cashless payments","A","All users","E","End of period","0","373","Pure Number","0","Units","","4","",92496392,A,104553973,A,105828204,A,137143048,A,153554677,A,181722576,A,178604233,A
CPMI_DEVICES:A:ID:A:B:A:A:A,"A","Annual","ID","Indonesia","A","Card","B","Cards with cash function","A","All","A","All","A","All issuers and cashless payments","A","All users","E","End of period","0","373","Pure Number","0","Units","","4","",92496392,A,104553973,A,105828204,A,137143048,A,153554677,A,181722576,A,178604233,A
CPMI_DEVICES:A:ID:A:D:A:A:A,"A","Annual","ID","Indonesia","A","Card","D","Cards with debit function","A","All","A","All","A","All issuers and cashless payments","A","All users","E","End of period","0","373","Pure Number","0","Units","","4","",72491679,A,83170125,A,98638287,A,112948818,A,127786999,A,155663442,A,152482094,A
CPMI_DEVICES:A:ID:A:E:A:A:A,"A","Annual","ID","Indonesia","A","Card","E","Cards with delayed debit function","A","All","A","All","A","All issuers and cashless payments","A","All users","E","End of period","0","373","Pure Number","0","Units","","4","",,L,,L,,L,,L,,L,,L,,L
CPMI_DEVICES:A:ID:A:F:A:A:A,"A","Annual","ID","Indonesia","A","Card","F","Cards with credit function","A","All","A","All","A","All issuers and cashless payments","A","All users","E","End of period","0","373","Pure Number","0","Units","","4","",14817168,A,15091684,A,16043347,A,16863842,A,17406327,A,17244127,A,17275128,A
CPMI_DEVICES:A:ID:A:H:A:A:A,"A","Annual","ID","Indonesia","A","Card","H","Cards with e-money function","A","All","A","All","A","All issuers and cashless payments","A","All users","E","End of period","0","373","Pure Number","0","Units","","4","",21869946,A,36225373,A,35738233,A,34314795,A,51204580,A,90003848,A,167205578,A
CPMI_DEVICES:A:ID:E:A:A:A:A,"A","Annual","ID","Indonesia","E","POS, all","A","Cards, all","A","All","A","All","A","All issuers and cashless payments","A","All users","E","End of period","0","373","Pure Number","0","Units","","4","",,L,634729,A,842651,A,1005193,A,1050248,A,1237309,A,1045903,A
CPMI_DEVICES:A:ID:F:A:A:A:A,"A","Annual","ID","Indonesia","F","ETPOS","A","Cards, all","A","All","A","All","A","All issuers and cashless payments","A","All users","E","End of period","0","373","Pure Number","0","Units","","4","",,L,634729,A,842651,A,1005193,A,1050248,A,1237309,A,1045903,A
CPMI_DEVICES:A:ID:F:A:A:C:A,"A","Annual","ID","Indonesia","F","ETPOS","A","Cards, all","A","All","C","Contactless","A","All issuers and cashless payments","A","All users","E","End of period","0","373","Pure Number","0","Units","","4","",,L,,L,,L,,L,,L,,L,,L
CPMI_DEVICES:A:ID:P:A:A:A:A,"A","Annual","ID","Indonesia","P","ATM","A","Cards, all","A","All","A","All","A","All issuers and cashless payments","A","All users","E","End of period","0","373","Pure Number","0","Units","","4","",,L,,L,90678,A,99286,A,103419,A,106653,A,106901,A
CPMI_DEVICES:A:ID:P:A:A:C:A,"A","Annual","ID","Indonesia","P","ATM","A","Cards, all","A","All","C","Contactless","A","All issuers and cashless payments","A","All users","E","End of period","0","373","Pure Number","0","Units","","4","",,L,,L,,L,,L,,L,,L,,L
CPMI_DEVICES:A:ID:P:O:A:A:A,"A","Annual","ID","Indonesia","P","ATM","O","Cash withdrawal","A","All","A","All","A","All issuers and cashless payments","A","All users","E","End of period","0","373","Pure Number","0","Units","","4","",,L,,L,90678,A,99286,A,103419,A,106653,A,106901,A
CPMI_DEVICES:A:ID:P:P:A:A:A,"A","Annual","ID","Indonesia","P","ATM","P","Cash deposit","A","All","A","All","A","All issuers and cashless payments","A","All users","E","End of period","0","373","Pure Number","0","Units","","4","",,L,,L,,L,,L,,L,,L,,L
CPMI_DEVICES:A:ID:P:Q:A:A:A,"A","Annual","ID","Indonesia","P","ATM","Q","Credit transfer","A","All","A","All","A","All issuers and cashless payments","A","All users","E","End of period","0","373","Pure Number","0","Units","","4","",,L,,L,90678,A,99286,A,103419,A,106653,A,106901,A
CPMI_DEVICES:A:IN:A:A:A:A:A,"A","Annual","IN","India","A","Card","A","Cards, all","A","All","A","All","A","All issuers and cashless payments","A","All users","E","End of period","0","373","Pure Number","0","Units","","4","",714827421,A,837710594,A,1167522316,A,1434492576,A,1676893535,A,1856122477,A,2059659524,A
CPMI_DEVICES:A:IN:A:A:A:A:N,"A","Annual","IN","India","A","Card","A","Cards, all","A","All","A","All","N","Non-banks issuers and all cashless payments","A","All users","E","End of period","0","373","Pure Number","0","Units","","4","",,L,,L,,L,,L,,L,39935350,A,74948774,A
CPMI_DEVICES:A:IN:A:A:A:C:A,"A","Annual","IN","India","A","Card","A","Cards, all","A","All","C","Contactless","A","All issuers and cashless payments","A","All users","E","End of period","0","373","Pure Number","0","Units","","4","",,L,,L,,L,,L,,L,,L,,L
CPMI_DEVICES:A:IN:A:A:A:M:A,"A","Annual","IN","India","A","Card","A","Cards, all","A","All","M","Magstripe","A","All issuers and cashless payments","A","All users","E","End of period","0","373","Pure Number","0","Units","","4","",,L,,L,,L,,L,,L,,L,,L
CPMI_DEVICES:A:IN:A:A:N:A:A,"A","Annual","IN","India","A","Card","A","Cards, all","N","Able to initiate device-not-present payments","A","All","A","All issuers and cashless payments","A","All users","E","End of period","0","373","Pure Number","0","Units","","4","",,L,,L,,L,,L,,L,,L,,L
CPMI_DEVICES:A:IN:A:B:A:A:A,"A","Annual","IN","India","A","Card","B","Cards with cash function","A","All","A","All","A","All issuers and cashless payments","A","All users","E","End of period","0","373","Pure Number","0","Units","","4","",351191477,A,414038059,A,575026868,A,686566588,A,802069554,A,899155179,A,972303055,A
CPMI_DEVICES:A:IN:A:D:A:A:A,"A","Annual","IN","India","A","Card","D","Cards with debit function","A","All","A","All","A","All issuers and cashless payments","A","All users","E","End of period","0","373","Pure Number","0","Units","","4","",331196720,A,394421738,A,553451553,A,661536018,A,771649172,A,861076000,A,924630000,A
CPMI_DEVICES:A:IN:A:E:A:A:A,"A","Annual","IN","India","A","Card","E","Cards with delayed debit function","A","All","A","All","A","All issuers and cashless payments","A","All users","E","End of period","0","373","Pure Number","0","Units","","4","",440460,A,434754,A,464662,A,525351,A,578147,A,594224,A,584455,A
CPMI_DEVICES:A:IN:A:F:A:A:A,"A","Annual","IN","India","A","Card","F","Cards with credit function","A","All","A","All","A","All issuers and cashless payments","A","All users","E","End of period","0","373","Pure Number","0","Units","","4","",19554297,A,19181567,A,21110653,A,24505219,A,29842235,A,37484955,A,47088600,A
CPMI_DEVICES:A:IN:A:H:A:A:A,"A","Annual","IN","India","A","Card","H","Cards with e-money function","A","All","A","All","A","All issuers and cashless payments","A","All users","E","End of period","0","373","Pure Number","0","Units","","4","",12444467,A,9634476,A,17468580,A,61359400,A,72754427,A,57812119,A,115053414,A
CPMI_DEVICES:A:IN:E:A:A:A:A,"A","Annual","IN","India","E","POS, all","A","Cards, all","A","All","A","All","A","All issuers and cashless payments","A","All users","E","End of period","0","373","Pure Number","0","Units","","4","",854290,A,1065984,A,1126735,A,1385668,A,2529141,A,3083067,A,3722229,A
CPMI_DEVICES:A:IN:F:A:A:A:A,"A","Annual","IN","India","F","ETPOS","A","Cards, all","A","All","A","All","A","All issuers and cashless payments","A","All users","E","End of period","0","373","Pure Number","0","Units","","4","",854290,A,1065984,A,1126735,A,1385668,A,2529141,A,3083067,A,3722229,A
CPMI_DEVICES:A:IN:F:A:A:C:A,"A","Annual","IN","India","F","ETPOS","A","Cards, all","A","All","C","Contactless","A","All issuers and cashless payments","A","All users","E","End of period","0","373","Pure Number","0","Units","","4","",,,,,,,,L,,L,,L,,L
CPMI_DEVICES:A:IN:P:A:A:A:A,"A","Annual","IN","India","P","ATM","A","Cards, all","A","All","A","All","A","All issuers and cashless payments","A","All users","E","End of period","0","373","Pure Number","0","Units","","4","",114014,A,160055,A,189279,A,212061,A,222475,A,222247,A,221703,A
CPMI_DEVICES:A:IN:P:O:A:A:A,"A","Annual","IN","India","P","ATM","O","Cash withdrawal","A","All","A","All","A","All issuers and cashless payments","A","All users","E","End of period","0","373","Pure Number","0","Units","","4","",114014,A,160055,A,189279,A,212061,A,222475,A,222247,A,221703,A
CPMI_DEVICES:A:IN:P:P:A:A:A,"A","Annual","IN","India","P","ATM","P","Cash deposit","A","All","A","All","A","All issuers and cashless payments","A","All users","E","End of period","0","373","Pure Number","0","Units","","4","",,L,,L,,L,,L,,L,,L,,L
CPMI_DEVICES:A:IN:P:Q:A:A:A,"A","Annual","IN","India","P","ATM","Q","Credit transfer","A","All","A","All","A","All issuers and cashless payments","A","All users","E","End of period","0","373","Pure Number","0","Units","","4","",,L,,L,,L,,L,,L,,L,,L
CPMI_DEVICES:A:IT:A:A:A:A:A,"A","Annual","IT","Italy","A","Card","A","Cards, all","A","All","A","All","A","All issuers and cashless payments","A","All users","E","End of period","0","373","Pure Number","0","Units","Only plastic cards are included.","4","",86983875,A,93392272,A,96238087,A,102329375,A,102513032,A,105887160,A,112106278,A
CPMI_DEVICES:A:IT:A:A:A:A:N,"A","Annual","IT","Italy","A","Card","A","Cards, all","A","All","A","All","N","Non-banks issuers and all cashless payments","A","All users","E","End of period","0","373","Pure Number","0","Units","","4","",,L,,L,,L,,L,,L,37257851,A,47572035,A
CPMI_DEVICES:A:IT:A:A:A:C:A,"A","Annual","IT","Italy","A","Card","A","Cards, all","A","All","C","Contactless","A","All issuers and cashless payments","A","All users","E","End of period","0","373","Pure Number","0","Units","","4","",,L,,L,,L,,L,,L,,L,,L
CPMI_DEVICES:A:IT:A:A:A:M:A,"A","Annual","IT","Italy","A","Card","A","Cards, all","A","All","M","Magstripe","A","All issuers and cashless payments","A","All users","E","End of period","0","373","Pure Number","0","Units","","4","",,L,,L,,L,,L,,L,,L,,L
CPMI_DEVICES:A:IT:A:A:N:A:A,"A","Annual","IT","Italy","A","Card","A","Cards, all","N","Able to initiate device-not-present payments","A","All","A","All issuers and cashless payments","A","All users","E","End of period","0","373","Pure Number","0","Units","","4","",,L,,L,,L,,L,,L,,L,,L
CPMI_DEVICES:A:IT:A:B:A:A:A,"A","Annual","IT","Italy","A","Card","B","Cards with cash function","A","All","A","All","A","All issuers and cashless payments","A","All users","E","End of period","0","373","Pure Number","0","Units","","4","",60041933,A,65821583,A,70642326,A,76737328,A,79701664,A,82493581,A,83809088,A
CPMI_DEVICES:A:IT:A:D:A:A:A,"A","Annual","IT","Italy","A","Card","D","Cards with debit function","A","All","A","All","A","All issuers and cashless payments","A","All users","E","End of period","0","373","Pure Number","0","Units","","4","",39707206,A,44215633,A,47036190,A,50316741,A,52373032,A,54141617,A,56298423,A
CPMI_DEVICES:A:IT:A:E:A:A:A,"A","Annual","IT","Italy","A","Card","E","Cards with delayed debit function","A","All","A","All","A","All issuers and cashless payments","A","All users","E","End of period","0","373","Pure Number","0","Units","","4","",,M,,M,,M,,M,,M,,M,,M
CPMI_DEVICES:A:IT:A:F:A:A:A,"A","Annual","IT","Italy","A","Card","F","Cards with credit function","A","All","A","All","A","All issuers and cashless payments","A","All users","E","End of period","0","373","Pure Number","0","Units","","4","",28472893,A,27570689,A,26605931,A,26837289,A,24044000,A,23393579,A,28297190,A
CPMI_DEVICES:A:IT:A:H:A:A:A,"A","Annual","IT","Italy","A","Card","H","Cards with e-money function","A","All","A","All","A","All issuers and cashless payments","A","All users","E","End of period","0","373","Pure Number","0","Units","","4","",18803776,A,21605950,A,22595966,A,25175345,A,26096000,A,28351964,A,27510665,A
CPMI_DEVICES:A:IT:E:A:A:A:A,"A","Annual","IT","Italy","E","POS, all","A","Cards, all","A","All","A","All","A","All issuers and cashless payments","A","All users","E","End of period","0","373","Pure Number","0","Units","","4","",1510609,A,1584189,A,1847461,A,1979424,A,2226131,A,2462978,A,3171174,A
CPMI_DEVICES:A:IT:F:A:A:A:A,"A","Annual","IT","Italy","F","ETPOS","A","Cards, all","A","All","A","All","A","All issuers and cashless payments","A","All users","E","End of period","0","373","Pure Number","0","Units","","4","",1510609,A,1584189,A,1847461,A,1979424,A,2226131,A,2462978,A,3171174,A
CPMI_DEVICES:A:IT:F:A:A:C:A,"A","Annual","IT","Italy","F","ETPOS","A","Cards, all","A","All","C","Contactless","A","All issuers and cashless payments","A","All users","E","End of period","0","373","Pure Number","0","Units","","4","",,L,,L,,L,,L,,L,,L,,L
CPMI_DEVICES:A:IT:P:A:A:A:A,"A","Annual","IT","Italy","P","ATM","A","Cards, all","A","All","A","All","A","All issuers and cashless payments","A","All users","E","End of period","0","373","Pure Number","0","Units","","4","",50746,A,50042,A,49653,A,50532,A,49286,A,48564,A,47678,A
CPMI_DEVICES:A:IT:P:A:A:C:A,"A","Annual","IT","Italy","P","ATM","A","Cards, all","A","All","C","Contactless","A","All issuers and cashless payments","A","All users","E","End of period","0","373","Pure Number","0","Units","","4","",,L,,L,,L,,L,,L,,L,,L
CPMI_DEVICES:A:IT:P:O:A:A:A,"A","Annual","IT","Italy","P","ATM","O","Cash withdrawal","A","All","A","All","A","All issuers and cashless payments","A","All users","E","End of period","0","373","Pure Number","0","Units","","4","",50746,A,50042,A,49653,A,50532,A,49286,A,48564,A,47678,A
CPMI_DEVICES:A:IT:P:P:A:A:A,"A","Annual","IT","Italy","P","ATM","P","Cash deposit","A","All","A","All","A","All issuers and cashless payments","A","All users","E","End of period","0","373","Pure Number","0","Units","","4","",,L,,L,,L,,L,,L,,L,,L
CPMI_DEVICES:A:IT:P:Q:A:A:A,"A","Annual","IT","Italy","P","ATM","Q","Credit transfer","A","All","A","All","A","All issuers and cashless payments","A","All users","E","End of period","0","373","Pure Number","0","Units","","4","",48265,A,47708,A,49653,A,50532,A,45565,A,44838,A,44340,A
CPMI_DEVICES:A:JP:A:A:A:A:A,"A","Annual","JP","Japan","A","Card","A","Cards, all","A","All","A","All","A","All issuers and cashless payments","A","All users","E","End of period","0","373","Pure Number","0","Units","Cards with multiple functions are counted multiple times.  Sum of available data.","4","",1239294504,A,1273072647,A,1281724000,A,1331068000,A,1373730000,A,1421945000,A,,L
CPMI_DEVICES:A:JP:A:A:A:A:N,"A","Annual","JP","Japan","A","Card","A","Cards, all","A","All","A","All","N","Non-banks issuers and all cashless payments","A","All users","E","End of period","0","373","Pure Number","0","Units","","4","",,L,,L,,L,,L,,L,,L,,L
CPMI_DEVICES:A:JP:A:A:A:C:A,"A","Annual","JP","Japan","A","Card","A","Cards, all","A","All","C","Contactless","A","All issuers and cashless payments","A","All users","E","End of period","0","373","Pure Number","0","Units","","4","",,L,,L,,L,,L,,L,,L,,L
CPMI_DEVICES:A:JP:A:A:A:M:A,"A","Annual","JP","Japan","A","Card","A","Cards, all","A","All","M","Magstripe","A","All issuers and cashless payments","A","All users","E","End of period","0","373","Pure Number","0","Units","","4","",,L,,L,,L,,L,,L,,L,,L
CPMI_DEVICES:A:JP:A:A:N:A:A,"A","Annual","JP","Japan","A","Card","A","Cards, all","N","Able to initiate device-not-present payments","A","All","A","All issuers and cashless payments","A","All users","E","End of period","0","373","Pure Number","0","Units","","4","",,L,,L,,L,,L,,L,,L,,L
CPMI_DEVICES:A:JP:A:B:A:A:A,"A","Annual","JP","Japan","A","Card","B","Cards with cash function","A","All","A","All","A","All issuers and cashless payments","A","All users","E","End of period","0","373","Pure Number","0","Units","As of end-September.  Cash cards issued by Japan Post Bank are not included.","4","",361450000,A,356880000,A,337200000,A,337280000,A,336790000,A,337400000,A,337550000,A
CPMI_DEVICES:A:JP:A:D:A:A:A,"A","Annual","JP","Japan","A","Card","D","Cards with debit function","A","All","A","All","A","All issuers and cashless payments","A","All users","E","End of period","0","373","Pure Number","0","Units","Figures are calculated by submitted data from four debit card networks, i.e., J-Debit, JCB, VISA, and UnionPay. Prior to FY 2013, figures are calculated by submitted data from J-Debit and financial institutions issuing debit cards.   Sum of available data: some data are as of end-September and others are as of end-March (following year) data.   Inactive cards are partly included.","4","",417890504,A,419306647,A,421661000,A,425274000,A,428931000,A,439026000,A,445126000,A
CPMI_DEVICES:A:JP:A:E:A:A:A,"A","Annual","JP","Japan","A","Card","E","Cards with delayed debit function","A","All","A","All","A","All issuers and cashless payments","A","All users","E","End of period","0","373","Pure Number","0","Units","","4","",,L,,L,,L,,L,,L,,L,,L
CPMI_DEVICES:A:JP:A:F:A:A:A,"A","Annual","JP","Japan","A","Card","F","Cards with credit function","A","All","A","All","A","All issuers and cashless payments","A","All users","E","End of period","0","373","Pure Number","0","Units","As of end-March of the following year.","4","",259790000,A,267220000,A,258900000,A,266000000,A,272010000,A,278270000,A,,L
CPMI_DEVICES:A:JP:A:H:A:A:A,"A","Annual","JP","Japan","A","Card","H","Cards with e-money function","A","All","A","All","A","All issuers and cashless payments","A","All users","E","End of period","0","373","Pure Number","0","Units","As of end-March of the following year.  Based on the survey by the Bank of Japan.","4","",200164000,A,229666000,A,263963000,A,302514000,A,335999000,A,367249000,A,398574000,A
CPMI_DEVICES:A:JP:E:A:A:A:A,"A","Annual","JP","Japan","E","POS, all","A","Cards, all","A","All","A","All","A","All issuers and cashless payments","A","All users","E","End of period","0","373","Pure Number","0","Units","For figures up to 2013, terminals with debit and credit functions are counted twice; as of September for credit and January of the following year for debit.","4","",1877703,A,1951162,A,,L,,L,,L,,L,,L
CPMI_DEVICES:A:JP:F:A:A:A:A,"A","Annual","JP","Japan","F","ETPOS","A","Cards, all","A","All","A","All","A","All issuers and cashless payments","A","All users","E","End of period","0","373","Pure Number","0","Units","","4","",,L,,L,,L,,L,,L,,L,,L
CPMI_DEVICES:A:JP:F:A:A:C:A,"A","Annual","JP","Japan","F","ETPOS","A","Cards, all","A","All","C","Contactless","A","All issuers and cashless payments","A","All users","E","End of period","0","373","Pure Number","0","Units","","4","",,L,,L,,L,,L,,L,,L,,L
CPMI_DEVICES:A:JP:P:A:A:A:A,"A","Annual","JP","Japan","P","ATM","A","Cards, all","A","All","A","All","A","All issuers and cashless payments","A","All users","E","End of period","0","373","Pure Number","0","Units","As of end-September.","4","",137287,A,137887,A,136752,A,136749,A,136811,A,136994,A,136086,A
CPMI_DEVICES:A:JP:P:A:A:C:A,"A","Annual","JP","Japan","P","ATM","A","Cards, all","A","All","C","Contactless","A","All issuers and cashless payments","A","All users","E","End of period","0","373","Pure Number","0","Units","","4","",,L,,L,,L,,L,,L,,L,,L
CPMI_DEVICES:A:JP:P:O:A:A:A,"A","Annual","JP","Japan","P","ATM","O","Cash withdrawal","A","All","A","All","A","All issuers and cashless payments","A","All users","E","End of period","0","373","Pure Number","0","Units","As of end-September.","4","",137287,A,137887,A,136752,A,136749,A,136811,A,136994,A,136086,A
CPMI_DEVICES:A:JP:P:P:A:A:A,"A","Annual","JP","Japan","P","ATM","P","Cash deposit","A","All","A","All","A","All issuers and cashless payments","A","All users","E","End of period","0","373","Pure Number","0","Units","","4","",,L,,L,,L,,L,,L,,L,,L
CPMI_DEVICES:A:JP:P:Q:A:A:A,"A","Annual","JP","Japan","P","ATM","Q","Credit transfer","A","All","A","All","A","All issuers and cashless payments","A","All users","E","End of period","0","373","Pure Number","0","Units","Figures up to 2013 are as of end-September.","4","",137015,A,137650,A,,L,,L,,L,,L,,L
CPMI_DEVICES:A:KR:A:A:A:A:A,"A","Annual","KR","Korea","A","Card","A","Cards, all","A","All","A","All","A","All issuers and cashless payments","A","All users","E","End of period","0","373","Pure Number","0","Units","","4","",286043864,A,275068054,A,272617438,A,279771251,A,287988597,A,287882350,A,295954736,A
CPMI_DEVICES:A:KR:A:A:A:A:N,"A","Annual","KR","Korea","A","Card","A","Cards, all","A","All","A","All","N","Non-banks issuers and all cashless payments","A","All users","E","End of period","0","373","Pure Number","0","Units","","4","",,L,,L,,L,,L,,L,,L,,L
CPMI_DEVICES:A:KR:A:A:A:C:A,"A","Annual","KR","Korea","A","Card","A","Cards, all","A","All","C","Contactless","A","All issuers and cashless payments","A","All users","E","End of period","0","373","Pure Number","0","Units","","4","",,L,,L,,L,,L,,L,,L,,L
CPMI_DEVICES:A:KR:A:A:A:M:A,"A","Annual","KR","Korea","A","Card","A","Cards, all","A","All","M","Magstripe","A","All issuers and cashless payments","A","All users","E","End of period","0","373","Pure Number","0","Units","","4","",,L,,L,,L,,L,,L,,L,,L
CPMI_DEVICES:A:KR:A:A:N:A:A,"A","Annual","KR","Korea","A","Card","A","Cards, all","N","Able to initiate device-not-present payments","A","All","A","All issuers and cashless payments","A","All users","E","End of period","0","373","Pure Number","0","Units","","4","",,L,,L,,L,,L,,L,,L,,L
CPMI_DEVICES:A:KR:A:B:A:A:A,"A","Annual","KR","Korea","A","Card","B","Cards with cash function","A","All","A","All","A","All issuers and cashless payments","A","All users","E","End of period","0","373","Pure Number","0","Units","","4","",,L,,L,,L,,L,,L,,L,,L
CPMI_DEVICES:A:KR:A:D:A:A:A,"A","Annual","KR","Korea","A","Card","D","Cards with debit function","A","All","A","All","A","All issuers and cashless payments","A","All users","E","End of period","0","373","Pure Number","0","Units","","4","",148376506,A,149282462,A,154050630,A,159277566,A,164217790,A,161087209,A,164176300,A
CPMI_DEVICES:A:KR:A:E:A:A:A,"A","Annual","KR","Korea","A","Card","E","Cards with delayed debit function","A","All","A","All","A","All issuers and cashless payments","A","All users","E","End of period","0","373","Pure Number","0","Units","","4","",,M,,M,,M,,M,,M,,M,,M
CPMI_DEVICES:A:KR:A:F:A:A:A,"A","Annual","KR","Korea","A","Card","F","Cards with credit function","A","All","A","All","A","All issuers and cashless payments","A","All users","E","End of period","0","373","Pure Number","0","Units","","4","",116231225,A,102021760,A,92321025,A,93095357,A,95638653,A,99461584,A,105062919,A
CPMI_DEVICES:A:KR:A:H:A:A:A,"A","Annual","KR","Korea","A","Card","H","Cards with e-money function","A","All","A","All","A","All issuers and cashless payments","A","All users","E","End of period","0","373","Pure Number","0","Units","","4","",21436133,A,23763832,A,26245783,A,27398328,A,28132154,A,27333557,A,26715517,A
CPMI_DEVICES:A:KR:E:A:A:A:A,"A","Annual","KR","Korea","E","POS, all","A","Cards, all","A","All","A","All","A","All issuers and cashless payments","A","All users","E","End of period","0","373","Pure Number","0","Units","","4","",,L,,L,,L,,L,,L,,L,,L
CPMI_DEVICES:A:KR:F:A:A:A:A,"A","Annual","KR","Korea","F","ETPOS","A","Cards, all","A","All","A","All","A","All issuers and cashless payments","A","All users","E","End of period","0","373","Pure Number","0","Units","","4","",,L,,L,,L,,L,,L,,L,,L
CPMI_DEVICES:A:KR:F:A:A:C:A,"A","Annual","KR","Korea","F","ETPOS","A","Cards, all","A","All","C","Contactless","A","All issuers and cashless payments","A","All users","E","End of period","0","373","Pure Number","0","Units","","4","",,L,,L,,L,,L,,L,,L,,L
CPMI_DEVICES:A:KR:P:A:A:A:A,"A","Annual","KR","Korea","P","ATM","A","Cards, all","A","All","A","All","A","All issuers and cashless payments","A","All users","E","End of period","0","373","Pure Number","0","Units","","4","",122908,A,124236,A,121317,A,121344,A,120314,A,121492,A,119899,A
CPMI_DEVICES:A:KR:P:A:A:C:A,"A","Annual","KR","Korea","P","ATM","A","Cards, all","A","All","C","Contactless","A","All issuers and cashless payments","A","All users","E","End of period","0","373","Pure Number","0","Units","","4","",,L,,L,,L,,L,,L,,L,,L
CPMI_DEVICES:A:KR:P:O:A:A:A,"A","Annual","KR","Korea","P","ATM","O","Cash withdrawal","A","All","A","All","A","All issuers and cashless payments","A","All users","E","End of period","0","373","Pure Number","0","Units","","4","",122908,A,124236,A,121317,A,121344,A,120314,A,121492,A,119899,A
CPMI_DEVICES:A:KR:P:P:A:A:A,"A","Annual","KR","Korea","P","ATM","P","Cash deposit","A","All","A","All","A","All issuers and cashless payments","A","All users","E","End of period","0","373","Pure Number","0","Units","","4","",122908,A,124236,A,121317,A,121344,A,120314,A,121492,A,119899,A
CPMI_DEVICES:A:KR:P:Q:A:A:A,"A","Annual","KR","Korea","P","ATM","Q","Credit transfer","A","All","A","All","A","All issuers and cashless payments","A","All users","E","End of period","0","373","Pure Number","0","Units","","4","",122908,A,124236,A,121317,A,121344,A,120314,A,121492,A,119899,A
CPMI_DEVICES:A:MX:A:A:A:A:A,"A","Annual","MX","Mexico","A","Card","A","Cards, all","A","All","A","All","A","All issuers and cashless payments","A","All users","E","End of period","0","373","Pure Number","0","Units","","4","",138054475.0000,A,151893925.0000,A,163189722.0000,A,171463973.0000,A,168351989.0000,A,177055731.0000,A,181147428.0000,A
CPMI_DEVICES:A:MX:A:A:A:A:N,"A","Annual","MX","Mexico","A","Card","A","Cards, all","A","All","A","All","N","Non-banks issuers and all cashless payments","A","All users","E","End of period","0","373","Pure Number","0","Units","","4","",,M,,M,,M,,M,,M,,M,,M
CPMI_DEVICES:A:MX:A:A:A:C:A,"A","Annual","MX","Mexico","A","Card","A","Cards, all","A","All","C","Contactless","A","All issuers and cashless payments","A","All users","E","End of period","0","373","Pure Number","0","Units","","4","",,L,,L,,L,,L,,L,,L,,L
CPMI_DEVICES:A:MX:A:A:A:M:A,"A","Annual","MX","Mexico","A","Card","A","Cards, all","A","All","M","Magstripe","A","All issuers and cashless payments","A","All users","E","End of period","0","373","Pure Number","0","Units","","4","",,L,,L,,L,,L,,L,,L,,L
CPMI_DEVICES:A:MX:A:A:N:A:A,"A","Annual","MX","Mexico","A","Card","A","Cards, all","N","Able to initiate device-not-present payments","A","All","A","All issuers and cashless payments","A","All users","E","End of period","0","373","Pure Number","0","Units","","4","",,M,,M,,M,,M,,M,,M,,M
CPMI_DEVICES:A:MX:A:B:A:A:A,"A","Annual","MX","Mexico","A","Card","B","Cards with cash function","A","All","A","All","A","All issuers and cashless payments","A","All users","E","End of period","0","373","Pure Number","0","Units","","4","",138054475.0000,A,151893925.0000,A,163189722.0000,A,171463973.0000,A,168351989.0000,A,177055731.0000,A,181147428.0000,A
CPMI_DEVICES:A:MX:A:D:A:A:A,"A","Annual","MX","Mexico","A","Card","D","Cards with debit function","A","All","A","All","A","All issuers and cashless payments","A","All users","E","End of period","0","373","Pure Number","0","Units","","4","",112685380.0000,A,126006604.0000,A,134640482.0000,A,141827066.0000,A,137125281.0000,A,144315329.0000,A,153686618.0000,A
CPMI_DEVICES:A:MX:A:E:A:A:A,"A","Annual","MX","Mexico","A","Card","E","Cards with delayed debit function","A","All","A","All","A","All issuers and cashless payments","A","All users","E","End of period","0","373","Pure Number","0","Units","","4","",,M,,M,,M,,M,,M,,M,,M
CPMI_DEVICES:A:MX:A:F:A:A:A,"A","Annual","MX","Mexico","A","Card","F","Cards with credit function","A","All","A","All","A","All issuers and cashless payments","A","All users","E","End of period","0","373","Pure Number","0","Units","","4","",25369095.0000,A,25887321.0000,A,28549240.0000,A,29636907.0000,A,31226708.0000,A,32740402.0000,A,27460810.0000,A
CPMI_DEVICES:A:MX:A:H:A:A:A,"A","Annual","MX","Mexico","A","Card","H","Cards with e-money function","A","All","A","All","A","All issuers and cashless payments","A","All users","E","End of period","0","373","Pure Number","0","Units","","4","",,L,,L,,L,,L,,L,,L,,L
CPMI_DEVICES:A:MX:E:A:A:A:A,"A","Annual","MX","Mexico","E","POS, all","A","Cards, all","A","All","A","All","A","All issuers and cashless payments","A","All users","E","End of period","0","373","Pure Number","0","Units","","4","",621628.0000,A,682078.0000,A,765200.0000,A,864744.0000,A,895400.0000,A,961949.0000,A,1020985.0000,A
CPMI_DEVICES:A:MX:F:A:A:A:A,"A","Annual","MX","Mexico","F","ETPOS","A","Cards, all","A","All","A","All","A","All issuers and cashless payments","A","All users","E","End of period","0","373","Pure Number","0","Units","","4","",,M,,M,,M,,M,,M,,M,,M
CPMI_DEVICES:A:MX:F:A:A:C:A,"A","Annual","MX","Mexico","F","ETPOS","A","Cards, all","A","All","C","Contactless","A","All issuers and cashless payments","A","All users","E","End of period","0","373","Pure Number","0","Units","","4","",,L,,L,,L,,L,,L,,L,,L
CPMI_DEVICES:A:MX:P:A:A:A:A,"A","Annual","MX","Mexico","P","ATM","A","Cards, all","A","All","A","All","A","All issuers and cashless payments","A","All users","E","End of period","0","373","Pure Number","0","Units","","4","",40540.0000,A,40192.0000,A,43012.0000,A,45895.0000,A,48118.0000,A,51437.0000,A,52819.0000,A
CPMI_DEVICES:A:MX:P:A:A:C:A,"A","Annual","MX","Mexico","P","ATM","A","Cards, all","A","All","C","Contactless","A","All issuers and cashless payments","A","All users","E","End of period","0","373","Pure Number","0","Units","","4","",,M,,M,,M,,M,,M,,M,,M
CPMI_DEVICES:A:MX:P:O:A:A:A,"A","Annual","MX","Mexico","P","ATM","O","Cash withdrawal","A","All","A","All","A","All issuers and cashless payments","A","All users","E","End of period","0","373","Pure Number","0","Units","","4","",40540.0000,A,40192.0000,A,43012.0000,A,45895.0000,A,48118.0000,A,51437.0000,A,52819.0000,A
CPMI_DEVICES:A:MX:P:P:A:A:A,"A","Annual","MX","Mexico","P","ATM","P","Cash deposit","A","All","A","All","A","All issuers and cashless payments","A","All users","E","End of period","0","373","Pure Number","0","Units","","4","",,L,,L,,L,,L,,L,,L,,L
CPMI_DEVICES:A:MX:P:Q:A:A:A,"A","Annual","MX","Mexico","P","ATM","Q","Credit transfer","A","All","A","All","A","All issuers and cashless payments","A","All users","E","End of period","0","373","Pure Number","0","Units","","4","",,L,,L,,L,,L,,L,,L,,L
CPMI_DEVICES:A:NL:A:A:A:A:A,"A","Annual","NL","Netherlands","A","Card","A","Cards, all","A","All","A","All","A","All issuers and cashless payments","A","All users","E","End of period","0","373","Pure Number","0","Units","","4","",,M,,M,33254913,A,32468509,A,32037339,A,32357353,A,33018849,A
CPMI_DEVICES:A:NL:A:A:A:A:N,"A","Annual","NL","Netherlands","A","Card","A","Cards, all","A","All","A","All","N","Non-banks issuers and all cashless payments","A","All users","E","End of period","0","373","Pure Number","0","Units","","4","",,M,,M,274638,A,381068,A,445510,A,552296,A,728452,A
CPMI_DEVICES:A:NL:A:A:A:C:A,"A","Annual","NL","Netherlands","A","Card","A","Cards, all","A","All","C","Contactless","A","All issuers and cashless payments","A","All users","E","End of period","0","373","Pure Number","0","Units","","4","",,M,,M,7498349,A,15583248,A,18769510,A,21859056,A,23987352,A
CPMI_DEVICES:A:NL:A:A:A:M:A,"A","Annual","NL","Netherlands","A","Card","A","Cards, all","A","All","M","Magstripe","A","All issuers and cashless payments","A","All users","E","End of period","0","373","Pure Number","0","Units","","4","",,M,,M,,M,,M,,M,,M,,M
CPMI_DEVICES:A:NL:A:A:N:A:A,"A","Annual","NL","Netherlands","A","Card","A","Cards, all","N","Able to initiate device-not-present payments","A","All","A","All issuers and cashless payments","A","All users","E","End of period","0","373","Pure Number","0","Units","","4","",,M,,M,,M,,M,,M,,M,,M
CPMI_DEVICES:A:NL:A:B:A:A:A,"A","Annual","NL","Netherlands","A","Card","B","Cards with cash function","A","All","A","All","A","All issuers and cashless payments","A","All users","E","End of period","0","373","Pure Number","0","Units","","4","",30510466,A,30453657,A,31966493,A,31734471,A,31112278,A,31211364,A,31672709,A
CPMI_DEVICES:A:NL:A:D:A:A:A,"A","Annual","NL","Netherlands","A","Card","D","Cards with debit function","A","All","A","All","A","All issuers and cashless payments","A","All users","E","End of period","0","373","Pure Number","0","Units","","4","",24662621,A,24493949,A,25577626,A,17854717,A,17935635,A,18281126,A,18553929,A
CPMI_DEVICES:A:NL:A:E:A:A:A,"A","Annual","NL","Netherlands","A","Card","E","Cards with delayed debit function","A","All","A","All","A","All issuers and cashless payments","A","All users","E","End of period","0","373","Pure Number","0","Units","","4","",,M,,M,2651254,A,2501485,A,2614327,A,2749550,A,2882977,A
CPMI_DEVICES:A:NL:A:F:A:A:A,"A","Annual","NL","Netherlands","A","Card","F","Cards with credit function","A","All","A","All","A","All issuers and cashless payments","A","All users","E","End of period","0","373","Pure Number","0","Units","","4","",,M,,M,448677,A,419104,A,396832,A,378831,A,347571,A
CPMI_DEVICES:A:NL:A:H:A:A:A,"A","Annual","NL","Netherlands","A","Card","H","Cards with e-money function","A","All","A","All","A","All issuers and cashless payments","A","All users","E","End of period","0","373","Pure Number","0","Units","","4","",24305881,A,24472857,A,25775511,A,105471,A,25061,A,24356,A,18064,A
CPMI_DEVICES:A:NL:E:A:A:A:A,"A","Annual","NL","Netherlands","E","POS, all","A","Cards, all","A","All","A","All","A","All issuers and cashless payments","A","All users","E","End of period","0","373","Pure Number","0","Units","","4","",267569,A,249194,A,398530,A,444814,A,462045,A,481445,A,496527,A
CPMI_DEVICES:A:NL:F:A:A:A:A,"A","Annual","NL","Netherlands","F","ETPOS","A","Cards, all","A","All","A","All","A","All issuers and cashless payments","A","All users","E","End of period","0","373","Pure Number","0","Units","","4","",267569,A,249194,A,398530,A,444814,A,462045,A,481445,A,496527,A
CPMI_DEVICES:A:NL:F:A:A:C:A,"A","Annual","NL","Netherlands","F","ETPOS","A","Cards, all","A","All","C","Contactless","A","All issuers and cashless payments","A","All users","E","End of period","0","373","Pure Number","0","Units","","4","",,M,,M,,M,,M,,M,,M,,M
CPMI_DEVICES:A:NL:P:A:A:A:A,"A","Annual","NL","Netherlands","P","ATM","A","Cards, all","A","All","A","All","A","All issuers and cashless payments","A","All users","E","End of period","0","373","Pure Number","0","Units","","4","",7569,A,7383,A,7165,A,7004,A,6750,A,6389,A,5939,A
CPMI_DEVICES:A:NL:P:A:A:C:A,"A","Annual","NL","Netherlands","P","ATM","A","Cards, all","A","All","C","Contactless","A","All issuers and cashless payments","A","All users","E","End of period","0","373","Pure Number","0","Units","","4","",,M,,M,,M,,M,,M,,M,,M
CPMI_DEVICES:A:NL:P:O:A:A:A,"A","Annual","NL","Netherlands","P","ATM","O","Cash withdrawal","A","All","A","All","A","All issuers and cashless payments","A","All users","E","End of period","0","373","Pure Number","0","Units","","4","",7569,A,7383,A,7165,A,7004,A,6750,A,6389,A,5939,A
CPMI_DEVICES:A:NL:P:P:A:A:A,"A","Annual","NL","Netherlands","P","ATM","P","Cash deposit","A","All","A","All","A","All issuers and cashless payments","A","All users","E","End of period","0","373","Pure Number","0","Units","","4","",2172,A,2294,A,1790,A,1776,A,1795,A,1795,A,1730,A
CPMI_DEVICES:A:NL:P:Q:A:A:A,"A","Annual","NL","Netherlands","P","ATM","Q","Credit transfer","A","All","A","All","A","All issuers and cashless payments","A","All users","E","End of period","0","373","Pure Number","0","Units","","4","",,M,,M,,M,,M,,M,,M,,M
CPMI_DEVICES:A:RU:A:A:A:A:A,"A","Annual","RU","Russia","A","Card","A","Cards, all","A","All","A","All","A","All issuers and cashless payments","A","All users","E","End of period","0","373","Pure Number","0","Units","","4","",239547528,A,277870206,A,322466412,A,351502103,A,411330733,A,446041770,A,459346757,A
CPMI_DEVICES:A:RU:A:A:A:A:N,"A","Annual","RU","Russia","A","Card","A","Cards, all","A","All","A","All","N","Non-banks issuers and all cashless payments","A","All users","E","End of period","0","373","Pure Number","0","Units","","4","",,M,,M,,M,,M,,M,,M,,M
CPMI_DEVICES:A:RU:A:A:A:C:A,"A","Annual","RU","Russia","A","Card","A","Cards, all","A","All","C","Contactless","A","All issuers and cashless payments","A","All users","E","End of period","0","373","Pure Number","0","Units","Does not include cards with an e-money function.","4","",,L,,L,,L,,L,,L,56273220,A,108867965,A
CPMI_DEVICES:A:RU:A:A:A:M:A,"A","Annual","RU","Russia","A","Card","A","Cards, all","A","All","M","Magstripe","A","All issuers and cashless payments","A","All users","E","End of period","0","373","Pure Number","0","Units","","4","",,L,,L,,L,,L,,L,,L,,L
CPMI_DEVICES:A:RU:A:A:N:A:A,"A","Annual","RU","Russia","A","Card","A","Cards, all","N","Able to initiate device-not-present payments","A","All","A","All issuers and cashless payments","A","All users","E","End of period","0","373","Pure Number","0","Units","","4","",,M,,M,,M,,M,,M,,M,,M
CPMI_DEVICES:A:RU:A:B:A:A:A,"A","Annual","RU","Russia","A","Card","B","Cards with cash function","A","All","A","All","A","All issuers and cashless payments","A","All users","E","End of period","0","373","Pure Number","0","Units","Excluding cards with an e-money function.","4","",191495350,A,217463429,A,227665881,A,243924590,A,254762935,A,271676821,A,272662802,A
CPMI_DEVICES:A:RU:A:D:A:A:A,"A","Annual","RU","Russia","A","Card","D","Cards with debit function","A","All","A","All","A","All issuers and cashless payments","A","All users","E","End of period","0","373","Pure Number","0","Units","Including cards with a delayed debit function.","4","",169012725,A,188274563,A,195904423,A,214460802,A,224618630,A,239521710,A,237580215,A
CPMI_DEVICES:A:RU:A:E:A:A:A,"A","Annual","RU","Russia","A","Card","E","Cards with delayed debit function","A","All","A","All","A","All issuers and cashless payments","A","All users","E","End of period","0","373","Pure Number","0","Units","","4","",,L,,L,,L,,L,,L,,L,,L
CPMI_DEVICES:A:RU:A:F:A:A:A,"A","Annual","RU","Russia","A","Card","F","Cards with credit function","A","All","A","All","A","All issuers and cashless payments","A","All users","E","End of period","0","373","Pure Number","0","Units","","4","",22482625,A,29188866,A,31761458,A,29463788,A,30144305,A,32155111,A,35082587,A
CPMI_DEVICES:A:RU:A:H:A:A:A,"A","Annual","RU","Russia","A","Card","H","Cards with e-money function","A","All","A","All","A","All issuers and cashless payments","A","All users","E","End of period","0","373","Pure Number","0","Units","Includes all kinds of virtual e-money (virtual cards, e-wallets etc).","4","",48052178,A,60406777,A,94800531,A,107577513,A,156567798,A,174364949,A,186683955,A
CPMI_DEVICES:A:RU:E:A:A:A:A,"A","Annual","RU","Russia","E","POS, all","A","Cards, all","A","All","A","All","A","All issuers and cashless payments","A","All users","E","End of period","0","373","Pure Number","0","Units","","4","",718011,A,965539,A,1288658,A,1489833,A,1777996,A,2205798,A,2605075,A
CPMI_DEVICES:A:RU:F:A:A:A:A,"A","Annual","RU","Russia","F","ETPOS","A","Cards, all","A","All","A","All","A","All issuers and cashless payments","A","All users","E","End of period","0","373","Pure Number","0","Units","","4","",695023,A,953749,A,1280205,A,1481469,A,1761340,A,2189060,A,2588782,A
CPMI_DEVICES:A:RU:F:A:A:C:A,"A","Annual","RU","Russia","F","ETPOS","A","Cards, all","A","All","C","Contactless","A","All issuers and cashless payments","A","All users","E","End of period","0","373","Pure Number","0","Units","","4","",,L,,L,,L,,L,,L,1874473,A,2288476,A
CPMI_DEVICES:A:RU:P:A:A:A:A,"A","Annual","RU","Russia","P","ATM","A","Cards, all","A","All","A","All","A","All issuers and cashless payments","A","All users","E","End of period","0","373","Pure Number","0","Units","","4","",193281,A,209509,A,242707,A,212180,A,218992,A,199215,A,196218,A
CPMI_DEVICES:A:RU:P:A:A:C:A,"A","Annual","RU","Russia","P","ATM","A","Cards, all","A","All","C","Contactless","A","All issuers and cashless payments","A","All users","E","End of period","0","373","Pure Number","0","Units","","4","",,L,,L,,L,,L,,L,7881,A,42682,A
CPMI_DEVICES:A:RU:P:O:A:A:A,"A","Annual","RU","Russia","P","ATM","O","Cash withdrawal","A","All","A","All","A","All issuers and cashless payments","A","All users","E","End of period","0","373","Pure Number","0","Units","","4","",131640,A,139951,A,139042,A,130986,A,126772,A,125664,A,129353,A
CPMI_DEVICES:A:RU:P:P:A:A:A,"A","Annual","RU","Russia","P","ATM","P","Cash deposit","A","All","A","All","A","All issuers and cashless payments","A","All users","E","End of period","0","373","Pure Number","0","Units","","4","",80802,A,93162,A,131096,A,123018,A,124074,A,123371,A,125158,A
CPMI_DEVICES:A:RU:P:Q:A:A:A,"A","Annual","RU","Russia","P","ATM","Q","Credit transfer","A","All","A","All","A","All issuers and cashless payments","A","All users","E","End of period","0","373","Pure Number","0","Units","","4","",186335,A,204279,A,238000,A,209057,A,216080,A,197255,A,194241,A
CPMI_DEVICES:A:SA:A:A:A:A:A,"A","Annual","SA","Saudi Arabia","A","Card","A","Cards, all","A","All","A","All","A","All issuers and cashless payments","A","All users","E","End of period","0","373","Pure Number","0","Units","","4","",18685342,A,19951343,A,22616010,A,25019269,A,29160270,A,31147363,A,31510205,A
CPMI_DEVICES:A:SA:A:A:A:A:N,"A","Annual","SA","Saudi Arabia","A","Card","A","Cards, all","A","All","A","All","N","Non-banks issuers and all cashless payments","A","All users","E","End of period","0","373","Pure Number","0","Units","","4","",,M,,M,,M,,M,,M,,M,,M
CPMI_DEVICES:A:SA:A:A:A:C:A,"A","Annual","SA","Saudi Arabia","A","Card","A","Cards, all","A","All","C","Contactless","A","All issuers and cashless payments","A","All users","E","End of period","0","373","Pure Number","0","Units","","4","",,M,,M,,M,,M,,M,,M,,M
CPMI_DEVICES:A:SA:A:A:A:M:A,"A","Annual","SA","Saudi Arabia","A","Card","A","Cards, all","A","All","M","Magstripe","A","All issuers and cashless payments","A","All users","E","End of period","0","373","Pure Number","0","Units","","4","",,M,,M,,M,,M,,M,,M,,M
CPMI_DEVICES:A:SA:A:A:N:A:A,"A","Annual","SA","Saudi Arabia","A","Card","A","Cards, all","N","Able to initiate device-not-present payments","A","All","A","All issuers and cashless payments","A","All users","E","End of period","0","373","Pure Number","0","Units","","4","",,M,,M,,M,,M,,M,,M,,M
CPMI_DEVICES:A:SA:A:B:A:A:A,"A","Annual","SA","Saudi Arabia","A","Card","B","Cards with cash function","A","All","A","All","A","All issuers and cashless payments","A","All users","E","End of period","0","373","Pure Number","0","Units","","4","",16440258,A,17810653,A,20550274,A,22459275,A,26537349,A,28402914,A,28559828,A
CPMI_DEVICES:A:SA:A:D:A:A:A,"A","Annual","SA","Saudi Arabia","A","Card","D","Cards with debit function","A","All","A","All","A","All issuers and cashless payments","A","All users","E","End of period","0","373","Pure Number","0","Units","","4","",16440258,A,17810653,A,20550274,A,22459275,A,26537349,A,28402914,A,28559828,A
CPMI_DEVICES:A:SA:A:E:A:A:A,"A","Annual","SA","Saudi Arabia","A","Card","E","Cards with delayed debit function","A","All","A","All","A","All issuers and cashless payments","A","All users","E","End of period","0","373","Pure Number","0","Units","","4","",,M,,M,,M,,M,,M,,M,,M
CPMI_DEVICES:A:SA:A:F:A:A:A,"A","Annual","SA","Saudi Arabia","A","Card","F","Cards with credit function","A","All","A","All","A","All issuers and cashless payments","A","All users","E","End of period","0","373","Pure Number","0","Units","","4","",2245084,A,2140690,A,2065736,A,2559994,A,2622921,A,2744449,A,2950377,A
CPMI_DEVICES:A:SA:A:H:A:A:A,"A","Annual","SA","Saudi Arabia","A","Card","H","Cards with e-money function","A","All","A","All","A","All issuers and cashless payments","A","All users","E","End of period","0","373","Pure Number","0","Units","","4","",,M,,M,,M,,M,,M,,M,,M
CPMI_DEVICES:A:SA:E:A:A:A:A,"A","Annual","SA","Saudi Arabia","E","POS, all","A","Cards, all","A","All","A","All","A","All issuers and cashless payments","A","All users","E","End of period","0","373","Pure Number","0","Units","","4","",92538,A,107763,A,138779,A,225372,A,267827,A,299942,A,351645,A
CPMI_DEVICES:A:SA:F:A:A:A:A,"A","Annual","SA","Saudi Arabia","F","ETPOS","A","Cards, all","A","All","A","All","A","All issuers and cashless payments","A","All users","E","End of period","0","373","Pure Number","0","Units","","4","",,M,,M,,M,,M,,M,,M,,M
CPMI_DEVICES:A:SA:F:A:A:C:A,"A","Annual","SA","Saudi Arabia","F","ETPOS","A","Cards, all","A","All","C","Contactless","A","All issuers and cashless payments","A","All users","E","End of period","0","373","Pure Number","0","Units","","4","",,M,,M,,M,,M,,M,,M,,M
CPMI_DEVICES:A:SA:P:A:A:A:A,"A","Annual","SA","Saudi Arabia","P","ATM","A","Cards, all","A","All","A","All","A","All issuers and cashless payments","A","All users","E","End of period","0","373","Pure Number","0","Units","","4","",12712,A,13883,A,15516,A,17223,A,17887,A,18333,A,18685,A
CPMI_DEVICES:A:SA:P:A:A:C:A,"A","Annual","SA","Saudi Arabia","P","ATM","A","Cards, all","A","All","C","Contactless","A","All issuers and cashless payments","A","All users","E","End of period","0","373","Pure Number","0","Units","","4","",,M,,M,,M,,M,,M,,M,,M
CPMI_DEVICES:A:SA:P:O:A:A:A,"A","Annual","SA","Saudi Arabia","P","ATM","O","Cash withdrawal","A","All","A","All","A","All issuers and cashless payments","A","All users","E","End of period","0","373","Pure Number","0","Units","","4","",12712,A,13883,A,15516,A,17223,A,17887,A,18333,A,18685,A
CPMI_DEVICES:A:SA:P:P:A:A:A,"A","Annual","SA","Saudi Arabia","P","ATM","P","Cash deposit","A","All","A","All","A","All issuers and cashless payments","A","All users","E","End of period","0","373","Pure Number","0","Units","","4","",,M,,M,,M,,M,,M,,M,,M
CPMI_DEVICES:A:SA:P:Q:A:A:A,"A","Annual","SA","Saudi Arabia","P","ATM","Q","Credit transfer","A","All","A","All","A","All issuers and cashless payments","A","All users","E","End of period","0","373","Pure Number","0","Units","","4","",,M,,M,,M,,M,,M,,M,,M
CPMI_DEVICES:A:SE:A:A:A:A:A,"A","Annual","SE","Sweden","A","Card","A","Cards, all","A","All","A","All","A","All issuers and cashless payments","A","All users","E","End of period","0","373","Pure Number","0","Units","The reported data only include plastic cards.","4","",22096000,A,21968000,A,22100000,A,24932000,A,21329000,A,20904922,A,19401771,A
CPMI_DEVICES:A:SE:A:A:A:A:N,"A","Annual","SE","Sweden","A","Card","A","Cards, all","A","All","A","All","N","Non-banks issuers and all cashless payments","A","All users","E","End of period","0","373","Pure Number","0","Units","","4","",,M,,M,,M,,M,,M,,M,,M
CPMI_DEVICES:A:SE:A:A:A:C:A,"A","Annual","SE","Sweden","A","Card","A","Cards, all","A","All","C","Contactless","A","All issuers and cashless payments","A","All users","E","End of period","0","373","Pure Number","0","Units","","4","",,M,,M,,M,,L,1850015,A,4815795,A,10335751,A
CPMI_DEVICES:A:SE:A:A:A:M:A,"A","Annual","SE","Sweden","A","Card","A","Cards, all","A","All","M","Magstripe","A","All issuers and cashless payments","A","All users","E","End of period","0","373","Pure Number","0","Units","","4","",,L,,L,,L,,L,,L,,L,,L
CPMI_DEVICES:A:SE:A:A:N:A:A,"A","Annual","SE","Sweden","A","Card","A","Cards, all","N","Able to initiate device-not-present payments","A","All","A","All issuers and cashless payments","A","All users","E","End of period","0","373","Pure Number","0","Units","","4","",,M,,M,,M,,M,,M,,M,,M
CPMI_DEVICES:A:SE:A:B:A:A:A,"A","Annual","SE","Sweden","A","Card","B","Cards with cash function","A","All","A","All","A","All issuers and cashless payments","A","All users","E","End of period","0","373","Pure Number","0","Units","","4","",12034000,A,12600000,A,13262000,A,15914000,A,17399373,A,15950609,A,16841289,A
CPMI_DEVICES:A:SE:A:D:A:A:A,"A","Annual","SE","Sweden","A","Card","D","Cards with debit function","A","All","A","All","A","All issuers and cashless payments","A","All users","E","End of period","0","373","Pure Number","0","Units","","4","",10594000,A,10741000,A,11320000,A,10429719,A,10568672,A,9965080,A,11071299,A
CPMI_DEVICES:A:SE:A:E:A:A:A,"A","Annual","SE","Sweden","A","Card","E","Cards with delayed debit function","A","All","A","All","A","All issuers and cashless payments","A","All users","E","End of period","0","373","Pure Number","0","Units","","4","",709000,A,688000,A,702000,A,858630,A,767496,A,734524,A,739302,A
CPMI_DEVICES:A:SE:A:F:A:A:A,"A","Annual","SE","Sweden","A","Card","F","Cards with credit function","A","All","A","All","A","All issuers and cashless payments","A","All users","E","End of period","0","373","Pure Number","0","Units","","4","",10793000,A,10539000,A,10078000,A,9746553,A,9583027,A,8151877,A,7589769,A
CPMI_DEVICES:A:SE:A:H:A:A:A,"A","Annual","SE","Sweden","A","Card","H","Cards with e-money function","A","All","A","All","A","All issuers and cashless payments","A","All users","E","End of period","0","373","Pure Number","0","Units","","4","",,M,,M,,M,122248,A,131414,A,77532,A,58892,A
CPMI_DEVICES:A:SE:E:A:A:A:A,"A","Annual","SE","Sweden","E","POS, all","A","Cards, all","A","All","A","All","A","All issuers and cashless payments","A","All users","E","End of period","0","373","Pure Number","0","Units","","4","",198388,A,195709,A,196985,A,183818,A,257874,A,252801,A,275411,A
CPMI_DEVICES:A:SE:F:A:A:A:A,"A","Annual","SE","Sweden","F","ETPOS","A","Cards, all","A","All","A","All","A","All issuers and cashless payments","A","All users","E","End of period","0","373","Pure Number","0","Units","","4","",,L,,L,,L,,L,,L,,L,,L
CPMI_DEVICES:A:SE:F:A:A:C:A,"A","Annual","SE","Sweden","F","ETPOS","A","Cards, all","A","All","C","Contactless","A","All issuers and cashless payments","A","All users","E","End of period","0","373","Pure Number","0","Units","","4","",,L,,L,,L,,L,,L,,L,,L
CPMI_DEVICES:A:SE:P:A:A:A:A,"A","Annual","SE","Sweden","P","ATM","A","Cards, all","A","All","A","All","A","All issuers and cashless payments","A","All users","E","End of period","0","373","Pure Number","0","Units","","4","",3416,A,3237,A,3231,A,3285,A,2850,A,2655,A,2672,A
CPMI_DEVICES:A:SE:P:A:A:C:A,"A","Annual","SE","Sweden","P","ATM","A","Cards, all","A","All","C","Contactless","A","All issuers and cashless payments","A","All users","E","End of period","0","373","Pure Number","0","Units","","4","",,M,,M,,M,,M,,M,,M,,M
CPMI_DEVICES:A:SE:P:O:A:A:A,"A","Annual","SE","Sweden","P","ATM","O","Cash withdrawal","A","All","A","All","A","All issuers and cashless payments","A","All users","E","End of period","0","373","Pure Number","0","Units","","4","",3416,A,3237,A,3231,A,3285,A,2850,A,2655,A,2507,A
CPMI_DEVICES:A:SE:P:P:A:A:A,"A","Annual","SE","Sweden","P","ATM","P","Cash deposit","A","All","A","All","A","All issuers and cashless payments","A","All users","E","End of period","0","373","Pure Number","0","Units","","4","",,L,,L,,L,,L,,L,280,A,260,A
CPMI_DEVICES:A:SE:P:Q:A:A:A,"A","Annual","SE","Sweden","P","ATM","Q","Credit transfer","A","All","A","All","A","All issuers and cashless payments","A","All users","E","End of period","0","373","Pure Number","0","Units","","4","",,L,,L,,L,,L,,L,,L,1736,A
CPMI_DEVICES:A:SG:A:A:A:A:A,"A","Annual","SG","Singapore","A","Card","A","Cards, all","A","All","A","All","A","All issuers and cashless payments","A","All users","E","End of period","0","373","Pure Number","0","Units","","4","",39752303.0,A,43557200.0,A,49834100.0,A,54544797.0,A,59730642.0,A,64838337.0,A,65652054.0,A
CPMI_DEVICES:A:SG:A:A:A:A:N,"A","Annual","SG","Singapore","A","Card","A","Cards, all","A","All","A","All","N","Non-banks issuers and all cashless payments","A","All users","E","End of period","0","373","Pure Number","0","Units","","4","",,L,,L,,L,,L,,L,,L,,L
CPMI_DEVICES:A:SG:A:A:A:C:A,"A","Annual","SG","Singapore","A","Card","A","Cards, all","A","All","C","Contactless","A","All issuers and cashless payments","A","All users","E","End of period","0","373","Pure Number","0","Units","","4","",,L,,L,,L,,L,,L,,L,,L
CPMI_DEVICES:A:SG:A:A:A:M:A,"A","Annual","SG","Singapore","A","Card","A","Cards, all","A","All","M","Magstripe","A","All issuers and cashless payments","A","All users","E","End of period","0","373","Pure Number","0","Units","","4","",,L,,L,,L,,L,,L,,L,,L
CPMI_DEVICES:A:SG:A:A:N:A:A,"A","Annual","SG","Singapore","A","Card","A","Cards, all","N","Able to initiate device-not-present payments","A","All","A","All issuers and cashless payments","A","All users","E","End of period","0","373","Pure Number","0","Units","","4","",,L,,L,,L,,L,,L,,L,,L
CPMI_DEVICES:A:SG:A:B:A:A:A,"A","Annual","SG","Singapore","A","Card","B","Cards with cash function","A","All","A","All","A","All issuers and cashless payments","A","All users","E","End of period","0","373","Pure Number","0","Units","","4","",10585599.0,A,10907054.0,A,10741177.0,A,10298380.0,A,10656559.0,A,10992163.0,A,9479221.0,A
CPMI_DEVICES:A:SG:A:D:A:A:A,"A","Annual","SG","Singapore","A","Card","D","Cards with debit function","A","All","A","All","A","All issuers and cashless payments","A","All users","E","End of period","0","373","Pure Number","0","Units","","4","",10585599.0,A,10907054.0,A,10741177.0,A,10298380.0,A,10656559.0,A,10992163.0,A,9479221.0,A
CPMI_DEVICES:A:SG:A:E:A:A:A,"A","Annual","SG","Singapore","A","Card","E","Cards with delayed debit function","A","All","A","All","A","All issuers and cashless payments","A","All users","E","End of period","0","373","Pure Number","0","Units","","4","",,M,,M,,M,,M,,M,,M,,M
CPMI_DEVICES:A:SG:A:F:A:A:A,"A","Annual","SG","Singapore","A","Card","F","Cards with credit function","A","All","A","All","A","All issuers and cashless payments","A","All users","E","End of period","0","373","Pure Number","0","Units","","4","",9346356.0,A,9558544.0,A,9711306.0,A,9535154.0,A,9256743.0,A,8632300.0,A,9027309.0,A
CPMI_DEVICES:A:SG:A:H:A:A:A,"A","Annual","SG","Singapore","A","Card","H","Cards with e-money function","A","All","A","All","A","All issuers and cashless payments","A","All users","E","End of period","0","373","Pure Number","0","Units","","4","",19820348.0,A,23091602.0,A,29381617.0,A,34711263.0,A,39817340.0,A,45213874.0,A,47145524.0,A
CPMI_DEVICES:A:SG:E:A:A:A:A,"A","Annual","SG","Singapore","E","POS, all","A","Cards, all","A","All","A","All","A","All issuers and cashless payments","A","All users","E","End of period","0","373","Pure Number","0","Units","","4","",135577.0,A,146365.0,A,143744.0,A,172119.0,A,186259.0,A,255645.0,A,201454.0,A
CPMI_DEVICES:A:SG:F:A:A:A:A,"A","Annual","SG","Singapore","F","ETPOS","A","Cards, all","A","All","A","All","A","All issuers and cashless payments","A","All users","E","End of period","0","373","Pure Number","0","Units","","4","",135577.0,A,146365.0,A,143744.0,A,172119.0,A,186259.0,A,255645.0,A,201454.0,A
CPMI_DEVICES:A:SG:F:A:A:C:A,"A","Annual","SG","Singapore","F","ETPOS","A","Cards, all","A","All","C","Contactless","A","All issuers and cashless payments","A","All users","E","End of period","0","373","Pure Number","0","Units","","4","",,L,,L,,L,,L,,L,,L,,L
CPMI_DEVICES:A:SG:P:A:A:A:A,"A","Annual","SG","Singapore","P","ATM","A","Cards, all","A","All","A","All","A","All issuers and cashless payments","A","All users","E","End of period","0","373","Pure Number","0","Units","","4","",2721.0,A,2727.0,A,2739.0,A,2807.0,A,2744.0,A,3117.0,A,3195.0,A
CPMI_DEVICES:A:SG:P:A:A:C:A,"A","Annual","SG","Singapore","P","ATM","A","Cards, all","A","All","C","Contactless","A","All issuers and cashless payments","A","All users","E","End of period","0","373","Pure Number","0","Units","","4","",,L,,L,,L,,L,,L,,L,,L
CPMI_DEVICES:A:SG:P:O:A:A:A,"A","Annual","SG","Singapore","P","ATM","O","Cash withdrawal","A","All","A","All","A","All issuers and cashless payments","A","All users","E","End of period","0","373","Pure Number","0","Units","","4","",2721.0,A,2727.0,A,2739.0,A,2807.0,A,2744.0,A,3117.0,A,3195.0,A
CPMI_DEVICES:A:SG:P:P:A:A:A,"A","Annual","SG","Singapore","P","ATM","P","Cash deposit","A","All","A","All","A","All issuers and cashless payments","A","All users","E","End of period","0","373","Pure Number","0","Units","","4","",,L,,L,,L,,L,,L,,L,,L
CPMI_DEVICES:A:SG:P:Q:A:A:A,"A","Annual","SG","Singapore","P","ATM","Q","Credit transfer","A","All","A","All","A","All issuers and cashless payments","A","All users","E","End of period","0","373","Pure Number","0","Units","","4","",2721.0,A,2727.0,A,2739.0,A,2807.0,A,2744.0,A,3117.0,A,3195.0,A
CPMI_DEVICES:A:TR:A:A:A:A:A,"A","Annual","TR","Turkey","A","Card","A","Cards, all","A","All","A","All","A","All issuers and cashless payments","A","All users","E","End of period","0","373","Pure Number","0","Units","Total number of cards includes cards issued only by banks and a limited number of e-money institutions.","4","",145605190,A,157000175,A,162519326,A,170599172,A,175807161,A,194047053,A,212679940,A
CPMI_DEVICES:A:TR:A:A:A:A:N,"A","Annual","TR","Turkey","A","Card","A","Cards, all","A","All","A","All","N","Non-banks issuers and all cashless payments","A","All users","E","End of period","0","373","Pure Number","0","Units","","4","",,L,,L,,L,,L,,L,816677,A,4545642,A
CPMI_DEVICES:A:TR:A:A:A:C:A,"A","Annual","TR","Turkey","A","Card","A","Cards, all","A","All","C","Contactless","A","All issuers and cashless payments","A","All users","E","End of period","0","373","Pure Number","0","Units","","4","",10238917,A,14196868,A,17521712,A,23196268,A,30588159,A,41524367,A,58063403,A
CPMI_DEVICES:A:TR:A:A:A:M:A,"A","Annual","TR","Turkey","A","Card","A","Cards, all","A","All","M","Magstripe","A","All issuers and cashless payments","A","All users","E","End of period","0","373","Pure Number","0","Units","","4","",145605190,A,157000175,A,162519326,A,170599172,A,175807161,A,194047053,A,212679940,A
CPMI_DEVICES:A:TR:A:A:N:A:A,"A","Annual","TR","Turkey","A","Card","A","Cards, all","N","Able to initiate device-not-present payments","A","All","A","All issuers and cashless payments","A","All users","E","End of period","0","373","Pure Number","0","Units","","4","",,L,,L,,L,,L,,L,,L,,L
CPMI_DEVICES:A:TR:A:B:A:A:A,"A","Annual","TR","Turkey","A","Card","B","Cards with cash function","A","All","A","All","A","All issuers and cashless payments","A","All users","E","End of period","0","373","Pure Number","0","Units","","4","",138936182,A,150245057,A,156026670,A,164302206,A,170670677,A,188314782,A,206162915,A
CPMI_DEVICES:A:TR:A:D:A:A:A,"A","Annual","TR","Turkey","A","Card","D","Cards with debit function","A","All","A","All","A","All issuers and cashless payments","A","All users","E","End of period","0","373","Pure Number","0","Units","","4","",91263042,A,95447366,A,96329365,A,98977422,A,100654261,A,112134456,A,120486669,A
CPMI_DEVICES:A:TR:A:E:A:A:A,"A","Annual","TR","Turkey","A","Card","E","Cards with delayed debit function","A","All","A","All","A","All issuers and cashless payments","A","All users","E","End of period","0","373","Pure Number","0","Units","","4","",,M,,M,,M,,M,,M,,M,,M
CPMI_DEVICES:A:TR:A:F:A:A:A,"A","Annual","TR","Turkey","A","Card","F","Cards with credit function","A","All","A","All","A","All issuers and cashless payments","A","All users","E","End of period","0","373","Pure Number","0","Units","","4","",54342148,A,56835221,A,57005902,A,58215318,A,58795476,A,62453610,A,66304603,A
CPMI_DEVICES:A:TR:A:H:A:A:A,"A","Annual","TR","Turkey","A","Card","H","Cards with e-money function","A","All","A","All","A","All issuers and cashless payments","A","All users","E","End of period","0","373","Pure Number","0","Units","","4","",,M,4717588,A,9184059,A,13406432,A,16357424,A,19458987,A,25888668,A
CPMI_DEVICES:A:TR:E:A:A:A:A,"A","Annual","TR","Turkey","E","POS, all","A","Cards, all","A","All","A","All","A","All issuers and cashless payments","A","All users","E","End of period","0","373","Pure Number","0","Units","As of 2015, POS terminals have been started to be replaced by POS functioned cash registers. But, the total number of POS terminals are estimated numbers since 2015, because the number of cash registers are calculated approximately. These devices serve as both cash registers and POS terminals. A single device can run the POS applications of up to eight banks.","4","",2134444,A,2293695,A,2365047,A,2493117,A,2349541,A,2348026,A,2361369,A
CPMI_DEVICES:A:TR:F:A:A:A:A,"A","Annual","TR","Turkey","F","ETPOS","A","Cards, all","A","All","A","All","A","All issuers and cashless payments","A","All users","E","End of period","0","373","Pure Number","0","Units","","4","",2131745,A,2292659,A,2365047,A,2493117,A,2349541,A,2348026,A,2361369,A
CPMI_DEVICES:A:TR:F:A:A:C:A,"A","Annual","TR","Turkey","F","ETPOS","A","Cards, all","A","All","C","Contactless","A","All issuers and cashless payments","A","All users","E","End of period","0","373","Pure Number","0","Units","","4","",60948,A,81428,A,99176,A,303816,A,607852,A,872160,A,1226206,A
CPMI_DEVICES:A:TR:P:A:A:A:A,"A","Annual","TR","Turkey","P","ATM","A","Cards, all","A","All","A","All","A","All issuers and cashless payments","A","All users","E","End of period","0","373","Pure Number","0","Units","","4","",36334,A,42011,A,45576,A,48277,A,48421,A,49847,A,51941,A
CPMI_DEVICES:A:TR:P:A:A:C:A,"A","Annual","TR","Turkey","P","ATM","A","Cards, all","A","All","C","Contactless","A","All issuers and cashless payments","A","All users","E","End of period","0","373","Pure Number","0","Units","","4","",,L,,L,6010,A,7170,A,7172,A,7901,A,8951,A
CPMI_DEVICES:A:TR:P:O:A:A:A,"A","Annual","TR","Turkey","P","ATM","O","Cash withdrawal","A","All","A","All","A","All issuers and cashless payments","A","All users","E","End of period","0","373","Pure Number","0","Units","","4","",36334,A,42011,A,45576,A,48277,A,48421,A,49847,A,51941,A
CPMI_DEVICES:A:TR:P:P:A:A:A,"A","Annual","TR","Turkey","P","ATM","P","Cash deposit","A","All","A","All","A","All issuers and cashless payments","A","All users","E","End of period","0","373","Pure Number","0","Units","","4","",36334,A,42011,A,45576,A,48277,A,48421,A,49847,A,51941,A
CPMI_DEVICES:A:TR:P:Q:A:A:A,"A","Annual","TR","Turkey","P","ATM","Q","Credit transfer","A","All","A","All","A","All issuers and cashless payments","A","All users","E","End of period","0","373","Pure Number","0","Units","","4","",36334,A,42011,A,45576,A,48277,A,48421,A,49847,A,51941,A
CPMI_DEVICES:A:US:A:A:A:A:A,"A","Annual","US","United States","A","Card","A","Cards, all","A","All","A","All","A","All issuers and cashless payments","A","All users","E","End of period","0","373","Pure Number","0","Units"," A card with multiple functions may appear in several categories; therefore, it is not meaningful to add the figures.","4","",,L,,L,,L,,L,,L,,L,,L
CPMI_DEVICES:A:US:A:A:A:A:N,"A","Annual","US","United States","A","Card","A","Cards, all","A","All","A","All","N","Non-banks issuers and all cashless payments","A","All users","E","End of period","0","373","Pure Number","0","Units","","4","",,L,,L,,L,,L,,L,,L,,L
CPMI_DEVICES:A:US:A:A:A:C:A,"A","Annual","US","United States","A","Card","A","Cards, all","A","All","C","Contactless","A","All issuers and cashless payments","A","All users","E","End of period","0","373","Pure Number","0","Units","","4","",,L,,L,,L,,L,,L,,L,,L
CPMI_DEVICES:A:US:A:A:A:M:A,"A","Annual","US","United States","A","Card","A","Cards, all","A","All","M","Magstripe","A","All issuers and cashless payments","A","All users","E","End of period","0","373","Pure Number","0","Units","","4","",,L,,L,,L,,L,,L,,L,,L
CPMI_DEVICES:A:US:A:A:N:A:A,"A","Annual","US","United States","A","Card","A","Cards, all","N","Able to initiate device-not-present payments","A","All","A","All issuers and cashless payments","A","All users","E","End of period","0","373","Pure Number","0","Units","","4","",,L,,L,,L,,L,,L,,L,,L
CPMI_DEVICES:A:US:A:B:A:A:A,"A","Annual","US","United States","A","Card","B","Cards with cash function","A","All","A","All","A","All issuers and cashless payments","A","All users","E","End of period","0","373","Pure Number","0","Units","Includes credit and debit cards with a cash function.","4","",827400000,A,845100000,A,869900000,A,913300000,A,920900000,A,947000000,A,,L
CPMI_DEVICES:A:US:A:D:A:A:A,"A","Annual","US","United States","A","Card","D","Cards with debit function","A","All","A","All","A","All issuers and cashless payments","A","All users","E","End of period","0","373","Pure Number","0","Units","","4","",290800000,A,296000000,A,301600000,A,307300000,A,311500000,A,316500000,A,,L
CPMI_DEVICES:A:US:A:E:A:A:A,"A","Annual","US","United States","A","Card","E","Cards with delayed debit function","A","All","A","All","A","All issuers and cashless payments","A","All users","E","End of period","0","373","Pure Number","0","Units","","4","",,L,,L,,L,,L,,L,,L,,L
CPMI_DEVICES:A:US:A:F:A:A:A,"A","Annual","US","United States","A","Card","F","Cards with credit function","A","All","A","All","A","All issuers and cashless payments","A","All users","E","End of period","0","373","Pure Number","0","Units","","4","",905600000,A,917400000,A,945100000,A,998100000,A,1022600000,A,1044100000,A,,L
CPMI_DEVICES:A:US:A:H:A:A:A,"A","Annual","US","United States","A","Card","H","Cards with e-money function","A","All","A","All","A","All issuers and cashless payments","A","All users","E","End of period","0","373","Pure Number","0","Units","","4","",,L,,L,,L,,L,,L,,L,,L
CPMI_DEVICES:A:US:E:A:A:A:A,"A","Annual","US","United States","E","POS, all","A","Cards, all","A","All","A","All","A","All issuers and cashless payments","A","All users","E","End of period","0","373","Pure Number","0","Units","","4","",,L,,L,,L,,L,,L,,L,,L
CPMI_DEVICES:A:US:F:A:A:A:A,"A","Annual","US","United States","F","ETPOS","A","Cards, all","A","All","A","All","A","All issuers and cashless payments","A","All users","E","End of period","0","373","Pure Number","0","Units","","4","",,L,,L,,L,,L,,L,,L,,L
CPMI_DEVICES:A:US:F:A:A:C:A,"A","Annual","US","United States","F","ETPOS","A","Cards, all","A","All","C","Contactless","A","All issuers and cashless payments","A","All users","E","End of period","0","373","Pure Number","0","Units","","4","",,L,,L,,L,,L,,L,,L,,L
CPMI_DEVICES:A:US:P:A:A:A:A,"A","Annual","US","United States","P","ATM","A","Cards, all","A","All","A","All","A","All issuers and cashless payments","A","All users","E","End of period","0","373","Pure Number","0","Units","","4","",,L,,L,,L,,L,,L,,L,,L
CPMI_DEVICES:A:US:P:A:A:C:A,"A","Annual","US","United States","P","ATM","A","Cards, all","A","All","C","Contactless","A","All issuers and cashless payments","A","All users","E","End of period","0","373","Pure Number","0","Units","","4","",,L,,L,,L,,L,,L,,L,,L
CPMI_DEVICES:A:US:P:O:A:A:A,"A","Annual","US","United States","P","ATM","O","Cash withdrawal","A","All","A","All","A","All issuers and cashless payments","A","All users","E","End of period","0","373","Pure Number","0","Units","","4","",,L,,L,,L,,L,,L,,L,,L
CPMI_DEVICES:A:US:P:P:A:A:A,"A","Annual","US","United States","P","ATM","P","Cash deposit","A","All","A","All","A","All issuers and cashless payments","A","All users","E","End of period","0","373","Pure Number","0","Units","","4","",,L,,L,,L,,L,,L,,L,,L
CPMI_DEVICES:A:US:P:Q:A:A:A,"A","Annual","US","United States","P","ATM","Q","Credit transfer","A","All","A","All","A","All issuers and cashless payments","A","All users","E","End of period","0","373","Pure Number","0","Units","","4","",,L,,L,,L,,L,,L,,L,,L
CPMI_DEVICES:A:ZA:A:A:A:A:A,"A","Annual","ZA","South Africa","A","Card","A","Cards, all","A","All","A","All","A","All issuers and cashless payments","A","All users","E","End of period","0","373","Pure Number","0","Units","","4","",71529779,A,86917652,A,87063689,A,77461961,A,50935160,A,53223837,A,50928962,A
CPMI_DEVICES:A:ZA:A:A:A:A:N,"A","Annual","ZA","South Africa","A","Card","A","Cards, all","A","All","A","All","N","Non-banks issuers and all cashless payments","A","All users","E","End of period","0","373","Pure Number","0","Units","","4","",,L,,L,,L,,L,,L,,L,,L
CPMI_DEVICES:A:ZA:A:A:A:C:A,"A","Annual","ZA","South Africa","A","Card","A","Cards, all","A","All","C","Contactless","A","All issuers and cashless payments","A","All users","E","End of period","0","373","Pure Number","0","Units","","4","",,L,,L,,L,,L,,L,,L,,L
CPMI_DEVICES:A:ZA:A:A:A:M:A,"A","Annual","ZA","South Africa","A","Card","A","Cards, all","A","All","M","Magstripe","A","All issuers and cashless payments","A","All users","E","End of period","0","373","Pure Number","0","Units","","4","",,L,,L,,L,,L,,L,,L,,L
CPMI_DEVICES:A:ZA:A:A:N:A:A,"A","Annual","ZA","South Africa","A","Card","A","Cards, all","N","Able to initiate device-not-present payments","A","All","A","All issuers and cashless payments","A","All users","E","End of period","0","373","Pure Number","0","Units","","4","",,L,,L,,L,,L,,L,,L,,L
CPMI_DEVICES:A:ZA:A:B:A:A:A,"A","Annual","ZA","South Africa","A","Card","B","Cards with cash function","A","All","A","All","A","All issuers and cashless payments","A","All users","E","End of period","0","373","Pure Number","0","Units","","4","",,L,,L,,L,,L,,L,,L,,L
CPMI_DEVICES:A:ZA:A:D:A:A:A,"A","Annual","ZA","South Africa","A","Card","D","Cards with debit function","A","All","A","All","A","All issuers and cashless payments","A","All users","E","End of period","0","373","Pure Number","0","Units","","4","",,L,,L,,L,,L,,L,,L,,L
CPMI_DEVICES:A:ZA:A:E:A:A:A,"A","Annual","ZA","South Africa","A","Card","E","Cards with delayed debit function","A","All","A","All","A","All issuers and cashless payments","A","All users","E","End of period","0","373","Pure Number","0","Units","","4","",,L,,L,,L,,L,,L,,L,,L
CPMI_DEVICES:A:ZA:A:F:A:A:A,"A","Annual","ZA","South Africa","A","Card","F","Cards with credit function","A","All","A","All","A","All issuers and cashless payments","A","All users","E","End of period","0","373","Pure Number","0","Units","","4","",,L,,L,,L,,L,,L,,L,,L
CPMI_DEVICES:A:ZA:A:H:A:A:A,"A","Annual","ZA","South Africa","A","Card","H","Cards with e-money function","A","All","A","All","A","All issuers and cashless payments","A","All users","E","End of period","0","373","Pure Number","0","Units","","4","",,L,,L,,L,,L,,L,,L,,L
CPMI_DEVICES:A:ZA:E:A:A:A:A,"A","Annual","ZA","South Africa","E","POS, all","A","Cards, all","A","All","A","All","A","All issuers and cashless payments","A","All users","E","End of period","0","373","Pure Number","0","Units","","4","",254368,A,308824,A,393883,A,394309,A,402670,A,381817,A,417701,A
CPMI_DEVICES:A:ZA:F:A:A:A:A,"A","Annual","ZA","South Africa","F","ETPOS","A","Cards, all","A","All","A","All","A","All issuers and cashless payments","A","All users","E","End of period","0","373","Pure Number","0","Units","","4","",254368,A,308824,A,393883,A,394309,A,402670,A,381817,A,417701,A
CPMI_DEVICES:A:ZA:F:A:A:C:A,"A","Annual","ZA","South Africa","F","ETPOS","A","Cards, all","A","All","C","Contactless","A","All issuers and cashless payments","A","All users","E","End of period","0","373","Pure Number","0","Units","","4","",,L,,L,,L,,L,,L,,L,,L
CPMI_DEVICES:A:ZA:P:A:A:A:A,"A","Annual","ZA","South Africa","P","ATM","A","Cards, all","A","All","A","All","A","All issuers and cashless payments","A","All users","E","End of period","0","373","Pure Number","0","Units","","4","",22901,A,26133,A,27774,A,28906,A,29643,A,30671,A,30706,A
CPMI_DEVICES:A:ZA:P:A:A:C:A,"A","Annual","ZA","South Africa","P","ATM","A","Cards, all","A","All","C","Contactless","A","All issuers and cashless payments","A","All users","E","End of period","0","373","Pure Number","0","Units","","4","",,L,,L,,L,,L,,L,,L,,L
CPMI_DEVICES:A:ZA:P:O:A:A:A,"A","Annual","ZA","South Africa","P","ATM","O","Cash withdrawal","A","All","A","All","A","All issuers and cashless payments","A","All users","E","End of period","0","373","Pure Number","0","Units","","4","",22901,A,26133,A,27774,A,28906,A,29643,A,30671,A,30706,A
CPMI_DEVICES:A:ZA:P:P:A:A:A,"A","Annual","ZA","South Africa","P","ATM","P","Cash deposit","A","All","A","All","A","All issuers and cashless payments","A","All users","E","End of period","0","373","Pure Number","0","Units","","4","",,L,,L,,L,,L,,L,,L,,L
CPMI_DEVICES:A:ZA:P:Q:A:A:A,"A","Annual","ZA","South Africa","P","ATM","Q","Credit transfer","A","All","A","All","A","All issuers and cashless payments","A","All users","E","End of period","0","373","Pure Number","0","Units","","4","",,L,,L,,L,,L,,L,,L,,L
